// Copyright 2025 QMK -- generated source code only, image retains original copyright
// SPDX-License-Identifier: GPL-2.0-or-later

// This file was auto-generated by `painter_convert_graphics` with arguments:
//    format | rgb565
//    output | zzt_gif
//    input  | boot2.gif

// Image's metadata
// ----------------
// Width: 128
// Height: 128
//        Frame:    0|   1|   2|   3|   4|   5|   6|   7|   8|   9|  10|  11|  12|  13|  14|  15|  16|  17|  18|  19|  20|  21|  22|  23|  24|  25|  26|  27|  28|  29|  30|  31
// Duration(ms):   40|  40|  50|  40|  40|  40|  40|  40|  40|  90|  40|  40|  40|  40|  50|  40|  40|  40|  40|  40|  50|  40|  40|  40|  80|  50|  80|  40|  80|  90|  40|  40
//  Compression:    1|   1|   1|   1|   1|   1|   1|   1|   1|   1|   1|   1|   1|   1|   1|   0|   1|   1|   1|   1|   1|   1|   1|   1|   1|   1|   1|   1|   1|   1|   1|   1 >> See qp.h, painter_compression_t
//        Delta:    0|   1|   0|   1|   0|   0|   0|   1|   1|   1|   1|   1|   1|   1|   1|   1|   0|   0|   0|   1|   0|   1|   1|   1|   0|   0|   0|   0|   0|   0|   0|   0
// Areas on delta frames
// Frame   1: ( 17,  24) - (112, 103) >> 7505/16384 pixels (45.81%)
// Frame   3: ( 17,  24) - (112,  98) >> 7030/16384 pixels (42.91%)
// Frame   7: (  0,   7) - (117, 119) >> 13104/16384 pixels (79.98%)
// Frame   8: ( 32,  55) - ( 37, 104) >>  245/16384 pixels (1.50%)
// Frame   9: (  0,   0) - (116, 112) >> 12992/16384 pixels (79.30%)
// Frame  10: ( 18,   0) - (109,  98) >> 8918/16384 pixels (54.43%)
// Frame  11: ( 18,   7) - (109,  98) >> 8281/16384 pixels (50.54%)
// Frame  12: (102,  24) - (107,  29) >>   25/16384 pixels (0.15%)
// Frame  13: ( 18,  15) - (109,  98) >> 7553/16384 pixels (46.10%)
// Frame  14: ( 18,  24) - (109,  98) >> 6734/16384 pixels (41.10%)
// Frame  15: ( 44,  49) - ( 44,  49) >>    0/16384 pixels (0.00%)
// Frame  19: ( 22,  29) - (105,  98) >> 5727/16384 pixels (34.95%)
// Frame  21: ( 22,  29) - (105,  98) >> 5727/16384 pixels (34.95%)
// Frame  22: ( 22,  29) - (105,  98) >> 5727/16384 pixels (34.95%)
// Frame  23: ( 26,  39) - (104,  90) >> 3978/16384 pixels (24.28%)

#include <qp.h>

const uint32_t gfx_boot2_length = 48131;

// clang-format off
const uint8_t gfx_boot2[48131] = {
    0x00, 0xFF, 0x12, 0x00, 0x00, 0x51, 0x47, 0x46, 0x01, 0x03, 0xBC, 0x00, 0x00, 0xFC, 0x43, 0xFF,
    0xFF, 0x80, 0x00, 0x80, 0x00, 0x20, 0x00, 0x01, 0xFE, 0x80, 0x00, 0x00, 0x9C, 0x00, 0x00, 0x00,
    0xEB, 0x0B, 0x00, 0x00, 0xC6, 0x0F, 0x00, 0x00, 0x60, 0x14, 0x00, 0x00, 0x11, 0x18, 0x00, 0x00,
    0x13, 0x1E, 0x00, 0x00, 0x15, 0x24, 0x00, 0x00, 0x71, 0x29, 0x00, 0x00, 0x70, 0x2E, 0x00, 0x00,
    0xF7, 0x2E, 0x00, 0x00, 0xFE, 0x32, 0x00, 0x00, 0xDD, 0x36, 0x00, 0x00, 0xAE, 0x3A, 0x00, 0x00,
    0xDF, 0x3A, 0x00, 0x00, 0xE0, 0x3E, 0x00, 0x00, 0x9B, 0x42, 0x00, 0x00, 0xBA, 0x42, 0x00, 0x00,
    0x38, 0x47, 0x00, 0x00, 0xB6, 0x4B, 0x00, 0x00, 0x38, 0x50, 0x00, 0x00, 0xD1, 0x53, 0x00, 0x00,
    0x4D, 0x58, 0x00, 0x00, 0xEA, 0x5B, 0x00, 0x00, 0x8B, 0x5F, 0x00, 0x00, 0x8A, 0x61, 0x00, 0x00,
    0xDA, 0x6C, 0x00, 0x00, 0x29, 0x78, 0x00, 0x00, 0x78, 0x83, 0x00, 0x00, 0xC7, 0x8E, 0x00, 0x00,
    0x16, 0x9A, 0x00, 0x00, 0x65, 0xA5, 0x00, 0x00, 0xB4, 0xB0, 0x00, 0x00, 0x02, 0xFD, 0x06, 0x00,
    0x00, 0x08, 0x00, 0x01, 0xFF, 0x28, 0x00, 0x05, 0xFA, 0x3F, 0x0B, 0x00, 0x7F, 0x00, 0x7F, 0x00,
    0x7F, 0x00, 0x7F, 0x00, 0x7F, 0x00, 0x7F, 0x00, 0x7F, 0x00, 0x7F, 0x00, 0x7F, 0x00, 0x7F, 0x00,
    0x7F, 0x00, 0x7F, 0x00, 0x7F, 0x00, 0x7F, 0x00, 0x7F, 0x00, 0x7F, 0x00, 0x7F, 0x00, 0x7F, 0x00,
    0x7F, 0x00, 0x7F, 0x00, 0x7F, 0x00, 0x7F, 0x00, 0x7F, 0x00, 0x7F, 0x00, 0x7F, 0x00, 0x7F, 0x00,
    0x7F, 0x00, 0x7F, 0x00, 0x7F, 0x00, 0x7F, 0x00, 0x7F, 0x00, 0x7F, 0x00, 0x7F, 0x00, 0x7F, 0x00,
    0x7F, 0x00, 0x7F, 0x00, 0x7F, 0x00, 0x7F, 0x00, 0x7F, 0x00, 0x7F, 0x00, 0x7F, 0x00, 0x7F, 0x00,
    0x7F, 0x00, 0x7F, 0x00, 0x7F, 0x00, 0x7F, 0x00, 0x7F, 0x00, 0x7F, 0x00, 0x7F, 0x00, 0x7F, 0x00,
    0x7F, 0x00, 0x7F, 0x00, 0x7F, 0x00, 0x7F, 0x00, 0x7F, 0x00, 0x7F, 0x00, 0x7F, 0x00, 0x7F, 0x00,
    0x6C, 0x00, 0x83, 0x42, 0x08, 0xEF, 0x5D, 0x7F, 0xFF, 0x17, 0xFF, 0x81, 0x8C, 0x51, 0x62, 0x00,
    0x83, 0x21, 0x24, 0xFF, 0xDF, 0x7F, 0xFF, 0x1B, 0xFF, 0x81, 0x7B, 0xEF, 0x60, 0x00, 0x81, 0xAD,
    0x55, 0x7F, 0xFF, 0x1D, 0xFF, 0x81, 0xDE, 0xFB, 0x60, 0x00, 0x81, 0xF7, 0xBE, 0x7F, 0xFF, 0x1F,
    0xFF, 0x60, 0x00, 0x81, 0xF7, 0xBE, 0x7F, 0xFF, 0x1F, 0xFF, 0x60, 0x00, 0x81, 0xF7, 0xBE, 0x7F,
    0xFF, 0x1F, 0xFF, 0x60, 0x00, 0x81, 0xF7, 0xBE, 0x7F, 0xFF, 0x1F, 0xFF, 0x60, 0x00, 0x81, 0xF7,
    0xBE, 0x7F, 0xFF, 0x1F, 0xFF, 0x60, 0x00, 0x81, 0xF7, 0xBE, 0x12, 0xFF, 0x87, 0xEF, 0x7D, 0x94,
    0x92, 0x7B, 0xEF, 0xE7, 0x1C, 0x68, 0xFF, 0x85, 0xC6, 0x38, 0x7B, 0xCF, 0x9C, 0xF3, 0x16, 0xFF,
    0x60, 0x00, 0x81, 0xF7, 0xBE, 0x10, 0xFF, 0x83, 0xDE, 0xFB, 0x18, 0xE3, 0x04, 0x00, 0x83, 0x08,
    0x41, 0xAD, 0x55, 0x64, 0xFF, 0x83, 0x7B, 0xEF, 0x00, 0x20, 0x04, 0x00, 0x83, 0x31, 0xA6, 0xF7,
    0xBE, 0x12, 0xFF, 0x60, 0x00, 0x81, 0xF7, 0xBE, 0x10, 0xFF, 0x81, 0x39, 0xC7, 0x08, 0x00, 0x83,
    0x10, 0xA2, 0xEF, 0x5D, 0x60, 0xFF, 0x81, 0xCE, 0x79, 0x0A, 0x00, 0x81, 0x6B, 0x4D, 0x12, 0xFF,
    0x60, 0x00, 0x81, 0xF7, 0xBE, 0x10, 0xFF, 0x81, 0x08, 0x61, 0x08, 0x00, 0x83, 0x08, 0x61, 0xC6,
    0x38, 0x60, 0xFF, 0x81, 0x18, 0xE3, 0x0A, 0x00, 0x83, 0x42, 0x28, 0xFF, 0xDF, 0x10, 0xFF, 0x60,
    0x00, 0x81, 0xF7, 0xBE, 0x10, 0xFF, 0x81, 0x08, 0x61, 0x08, 0x00, 0x83, 0x08, 0x41, 0xC6, 0x38,
    0x5E, 0xFF, 0x81, 0x84, 0x10, 0x0C, 0x00, 0x81, 0x5A, 0xCB, 0x12, 0xFF, 0x60, 0x00, 0x81, 0xF7,
    0xBE, 0x10, 0xFF, 0x81, 0x08, 0x41, 0x08, 0x00, 0x83, 0x08, 0x41, 0xC6, 0x38, 0x5C, 0xFF, 0x83,
    0xEF, 0x7D, 0x08, 0x41, 0x0C, 0x00, 0x81, 0xDE, 0xFB, 0x12, 0xFF, 0x60, 0x00, 0x81, 0xF7, 0xBE,
    0x10, 0xFF, 0x81, 0x08, 0x41, 0x08, 0x00, 0x83, 0x08, 0x41, 0xC6, 0x38, 0x5C, 0xFF, 0x81, 0x29,
    0x65, 0x0C, 0x00, 0x81, 0x73, 0x8E, 0x14, 0xFF, 0x60, 0x00, 0x81, 0xF7, 0xBE, 0x10, 0xFF, 0x81,
    0x08, 0x41, 0x08, 0x00, 0x83, 0x08, 0x41, 0xC6, 0x38, 0x5A, 0xFF, 0x81, 0x6B, 0x6D, 0x0C, 0x00,
    0x81, 0x21, 0x24, 0x16, 0xFF, 0x60, 0x00, 0x81, 0xF7, 0xBE, 0x10, 0xFF, 0x81, 0x08, 0x41, 0x08,
    0x00, 0x83, 0x08, 0x41, 0xC6, 0x38, 0x58, 0xFF, 0x83, 0xC6, 0x18, 0x00, 0x20, 0x0A, 0x00, 0x83,
    0x08, 0x41, 0xBD, 0xF7, 0x16, 0xFF, 0x60, 0x00, 0x81, 0xF7, 0xBE, 0x10, 0xFF, 0x81, 0x08, 0x41,
    0x08, 0x00, 0x83, 0x08, 0x41, 0xC6, 0x38, 0x56, 0xFF, 0x83, 0xF7, 0x9E, 0x08, 0x61, 0x0C, 0x00,
    0x81, 0x6B, 0x6D, 0x18, 0xFF, 0x60, 0x00, 0x81, 0xF7, 0xBE, 0x10, 0xFF, 0x81, 0x08, 0x41, 0x08,
    0x00, 0x83, 0x08, 0x41, 0xC6, 0x38, 0x54, 0xFF, 0x83, 0xF7, 0xBE, 0x31, 0x86, 0x0C, 0x00, 0x81,
    0x18, 0xE3, 0x1A, 0xFF, 0x60, 0x00, 0x81, 0xF7, 0xBE, 0x10, 0xFF, 0x81, 0x08, 0x41, 0x08, 0x00,
    0x83, 0x08, 0x41, 0xC6, 0x38, 0x54, 0xFF, 0x81, 0x4A, 0x69, 0x0C, 0x00, 0x83, 0x08, 0x61, 0xCE,
    0x79, 0x1A, 0xFF, 0x60, 0x00, 0x81, 0xF7, 0xBE, 0x10, 0xFF, 0x81, 0x08, 0x41, 0x08, 0x00, 0x83,
    0x08, 0x41, 0xC6, 0x38, 0x52, 0xFF, 0x81, 0x6B, 0x4D, 0x0E, 0x00, 0x81, 0x9C, 0xD3, 0x1C, 0xFF,
    0x60, 0x00, 0x81, 0xF7, 0xBE, 0x10, 0xFF, 0x81, 0x08, 0x41, 0x08, 0x00, 0x83, 0x08, 0x41, 0xC6,
    0x38, 0x50, 0xFF, 0x83, 0x84, 0x10, 0x00, 0x20, 0x0C, 0x00, 0x81, 0x6B, 0x6D, 0x1E, 0xFF, 0x60,
    0x00, 0x81, 0xF7, 0xBE, 0x10, 0xFF, 0x81, 0x08, 0x41, 0x08, 0x00, 0x83, 0x08, 0x41, 0xC6, 0x38,
    0x4E, 0xFF, 0x81, 0x7B, 0xEF, 0x0E, 0x00, 0x83, 0x39, 0xE7, 0xF7, 0xBE, 0x1E, 0xFF, 0x60, 0x00,
    0x81, 0xF7, 0xBE, 0x10, 0xFF, 0x81, 0x08, 0x41, 0x08, 0x00, 0x83, 0x08, 0x41, 0xC6, 0x38, 0x4C,
    0xFF, 0x81, 0x94, 0xB2, 0x0E, 0x00, 0x83, 0x18, 0xC3, 0xEF, 0x7D, 0x20, 0xFF, 0x60, 0x00, 0x81,
    0xF7, 0xBE, 0x10, 0xFF, 0x81, 0x08, 0x41, 0x08, 0x00, 0x83, 0x08, 0x41, 0xC6, 0x38, 0x4A, 0xFF,
    0x81, 0x7B, 0xEF, 0x0E, 0x00, 0x83, 0x10, 0xA2, 0xE7, 0x3C, 0x22, 0xFF, 0x60, 0x00, 0x81, 0xF7,
    0xBE, 0x10, 0xFF, 0x81, 0x08, 0x41, 0x08, 0x00, 0x83, 0x08, 0x41, 0xC6, 0x38, 0x46, 0xFF, 0x83,
    0xF7, 0xBE, 0x63, 0x0C, 0x0E, 0x00, 0x83, 0x08, 0x61, 0xCE, 0x79, 0x24, 0xFF, 0x60, 0x00, 0x81,
    0xF7, 0xBE, 0x10, 0xFF, 0x81, 0x08, 0x41, 0x08, 0x00, 0x83, 0x08, 0x41, 0xC6, 0x38, 0x45, 0xFF,
    0x82, 0xDF, 0x39, 0xE7, 0x0E, 0x00, 0x83, 0x08, 0x41, 0xC6, 0x38, 0x26, 0xFF, 0x60, 0x00, 0x81,
    0xF7, 0xBE, 0x10, 0xFF, 0x81, 0x08, 0x41, 0x08, 0x00, 0x83, 0x08, 0x41, 0xC6, 0x38, 0x42, 0xFF,
    0x83, 0xD6, 0xBA, 0x21, 0x24, 0x0E, 0x00, 0x83, 0x10, 0x82, 0xCE, 0x79, 0x28, 0xFF, 0x60, 0x00,
    0x81, 0xF7, 0xBE, 0x10, 0xFF, 0x81, 0x08, 0x41, 0x08, 0x00, 0x83, 0x08, 0x41, 0xC6, 0x38, 0x40,
    0xFF, 0x83, 0xA5, 0x14, 0x08, 0x61, 0x0E, 0x00, 0x83, 0x08, 0x61, 0xC6, 0x38, 0x2A, 0xFF, 0x60,
    0x00, 0x81, 0xF7, 0xBE, 0x10, 0xFF, 0x81, 0x08, 0x41, 0x08, 0x00, 0x83, 0x08, 0x41, 0xC6, 0x38,
    0x3C, 0xFF, 0x83, 0xF7, 0x9E, 0x5A, 0xEB, 0x10, 0x00, 0x83, 0x18, 0xE3, 0xD6, 0x9A, 0x2C, 0xFF,
    0x60, 0x00, 0x81, 0xF7, 0xBE, 0x10, 0xFF, 0x81, 0x08, 0x41, 0x08, 0x00, 0x83, 0x08, 0x41, 0xC6,
    0x38, 0x3A, 0xFF, 0x83, 0xB5, 0x96, 0x18, 0xE3, 0x10, 0x00, 0x83, 0x31, 0x86, 0xEF, 0x7D, 0x2E,
    0xFF, 0x60, 0x00, 0x81, 0xF7, 0xBE, 0x10, 0xFF, 0x81, 0x08, 0x41, 0x08, 0x00, 0x83, 0x08, 0x41,
    0xC6, 0x38, 0x36, 0xFF, 0x85, 0xEF, 0x5D, 0x52, 0x8A, 0x00, 0x20, 0x10, 0x00, 0x83, 0x52, 0x8A,
    0xFF, 0xDF, 0x08, 0xFF, 0x85, 0xEF, 0x5D, 0x52, 0xAA, 0x42, 0x08, 0x22, 0xFF, 0x60, 0x00, 0x81,
    0xF7, 0xBE, 0x10, 0xFF, 0x81, 0x08, 0x41, 0x08, 0x00, 0x83, 0x08, 0x41, 0xC6, 0x38, 0x34, 0xFF,
    0x83, 0x8C, 0x71, 0x10, 0x82, 0x12, 0x00, 0x81, 0x7B, 0xCF, 0x0A, 0xFF, 0x83, 0xA5, 0x14, 0x10,
    0xA2, 0x04, 0x00, 0x81, 0x63, 0x2C, 0x20, 0xFF, 0x60, 0x00, 0x81, 0xF7, 0xBE, 0x10, 0xFF, 0x81,
    0x08, 0x41, 0x08, 0x00, 0x83, 0x08, 0x41, 0xC6, 0x38, 0x30, 0xFF, 0x83, 0xAD, 0x75, 0x29, 0x65,
    0x12, 0x00, 0x83, 0x18, 0xE3, 0xBD, 0xD7, 0x08, 0xFF, 0x83, 0x9C, 0xF3, 0x31, 0xA6, 0x0A, 0x00,
    0x81, 0xAD, 0x55, 0x1E, 0xFF, 0x60, 0x00, 0x81, 0xF7, 0xBE, 0x10, 0xFF, 0x81, 0x08, 0x41, 0x08,
    0x00, 0x83, 0x08, 0x41, 0xC6, 0x38, 0x2B, 0xFF, 0x84, 0xDF, 0xAD, 0x75, 0x31, 0xA6, 0x14, 0x00,
    0x83, 0x4A, 0x49, 0xEF, 0x7D, 0x0A, 0xFF, 0x81, 0x31, 0xA6, 0x0E, 0x00, 0x81, 0xD6, 0xBA, 0x1C,
    0xFF, 0x60, 0x00, 0x81, 0xF7, 0xBE, 0x10, 0xFF, 0x81, 0x08, 0x41, 0x08, 0x00, 0x83, 0x08, 0x41,
    0xC6, 0x38, 0x26, 0xFF, 0x85, 0xEF, 0x7D, 0x8C, 0x51, 0x21, 0x24, 0x14, 0x00, 0x83, 0x10, 0xA2,
    0x9C, 0xF3, 0x10, 0xFF, 0x81, 0x21, 0x04, 0x0C, 0x00, 0x83, 0x18, 0xE3, 0xE7, 0x3C, 0x1A, 0xFF,
    0x60, 0x00, 0x81, 0xF7, 0xBE, 0x10, 0xFF, 0x81, 0x08, 0x41, 0x08, 0x00, 0x83, 0x08, 0x41, 0xC6,
    0x38, 0x22, 0xFF, 0x85, 0xC6, 0x18, 0x5A, 0xEB, 0x10, 0x82, 0x16, 0x00, 0x83, 0x5A, 0xCB, 0xEF,
    0x7D, 0x12, 0xFF, 0x83, 0xE7, 0x1C, 0x10, 0xA2, 0x0C, 0x00, 0x81, 0x42, 0x28, 0x1A, 0xFF, 0x60,
    0x00, 0x81, 0xF7, 0xBE, 0x10, 0xFF, 0x81, 0x08, 0x41, 0x08, 0x00, 0x83, 0x08, 0x41, 0xC6, 0x38,
    0x1C, 0xFF, 0x85, 0xCE, 0x79, 0x84, 0x30, 0x29, 0x65, 0x18, 0x00, 0x83, 0x29, 0x45, 0xAD, 0x55,
    0x18, 0xFF, 0x81, 0xC6, 0x38, 0x0E, 0x00, 0x81, 0xA5, 0x34, 0x18, 0xFF, 0x60, 0x00, 0x81, 0xF7,
    0xBE, 0x10, 0xFF, 0x81, 0x08, 0x61, 0x08, 0x00, 0x83, 0x08, 0x41, 0xC6, 0x38, 0x14, 0xFF, 0x87,
    0xE7, 0x3C, 0xAD, 0x75, 0x63, 0x2C, 0x29, 0x65, 0x1A, 0x00, 0x85, 0x10, 0xA2, 0x8C, 0x71, 0xF7,
    0xBE, 0x1C, 0xFF, 0x81, 0x94, 0xB2, 0x0C, 0x00, 0x83, 0x10, 0x82, 0xE7, 0x1C, 0x16, 0xFF, 0x60,
    0x00, 0x81, 0xF7, 0xBE, 0x10, 0xFF, 0x81, 0x08, 0x41, 0x08, 0x00, 0x83, 0x08, 0x41, 0xCE, 0x59,
    0x0A, 0xFF, 0x8B, 0xDE, 0xFB, 0xB5, 0xB6, 0x84, 0x30, 0x5A, 0xEB, 0x31, 0x86, 0x08, 0x41, 0x1C,
    0x00, 0x85, 0x18, 0xE3, 0x8C, 0x71, 0xF7, 0x9E, 0x21, 0xFF, 0x82, 0xDF, 0x4A, 0x49, 0x0C, 0x00,
    0x81, 0x4A, 0x49, 0x16, 0xFF, 0x60, 0x00, 0x81, 0xF7, 0xBE, 0x10, 0xFF, 0x81, 0x08, 0x41, 0x09,
    0x00, 0x8E, 0x20, 0x5A, 0xCB, 0x73, 0x8E, 0x52, 0xAA, 0x4A, 0x49, 0x29, 0x65, 0x18, 0xC3, 0x00,
    0x20, 0x22, 0x00, 0x85, 0x29, 0x45, 0x8C, 0x51, 0xF7, 0xBE, 0x27, 0xFF, 0x82, 0xDF, 0x10, 0xA2,
    0x0C, 0x00, 0x81, 0xAD, 0x75, 0x14, 0xFF, 0x60, 0x00, 0x81, 0xF7, 0xBE, 0x10, 0xFF, 0x81, 0x08,
    0x41, 0x36, 0x00, 0x83, 0x42, 0x08, 0xAD, 0x55, 0x2E, 0xFF, 0x81, 0xCE, 0x79, 0x0C, 0x00, 0x83,
    0x08, 0x41, 0xFF, 0xDF, 0x12, 0xFF, 0x60, 0x00, 0x81, 0xF7, 0xBE, 0x10, 0xFF, 0x81, 0x08, 0x41,
    0x30, 0x00, 0x85, 0x18, 0xE3, 0x6B, 0x6D, 0xCE, 0x59, 0x34, 0xFF, 0x81, 0x5A, 0xEB, 0x0C, 0x00,
    0x81, 0x6B, 0x6D, 0x12, 0xFF, 0x60, 0x00, 0x81, 0xF7, 0xBE, 0x10, 0xFF, 0x81, 0x08, 0x41, 0x2A,
    0x00, 0x87, 0x21, 0x24, 0x73, 0x8E, 0xBD, 0xF7, 0xFF, 0xDF, 0x38, 0xFF, 0x83, 0xEF, 0x5D, 0x08,
    0x61, 0x0A, 0x00, 0x83, 0x4A, 0x49, 0xFF, 0xDF, 0x10, 0xFF, 0x60, 0x00, 0x81, 0xF7, 0xBE, 0x10,
    0xFF, 0x81, 0x08, 0x61, 0x22, 0x00, 0x87, 0x21, 0x04, 0x4A, 0x69, 0x8C, 0x71, 0xD6, 0xBA, 0x42,
    0xFF, 0x81, 0x9C, 0xF3, 0x0A, 0x00, 0x81, 0x52, 0xAA, 0x12, 0xFF, 0x60, 0x00, 0x81, 0xF7, 0xBE,
    0x10, 0xFF, 0x81, 0x08, 0x41, 0x16, 0x00, 0x8B, 0x10, 0x82, 0x29, 0x45, 0x4A, 0x69, 0x73, 0x8E,
    0xA5, 0x14, 0xDE, 0xFB, 0x4C, 0xFF, 0x81, 0x4A, 0x49, 0x06, 0x00, 0x83, 0x08, 0x61, 0xD6, 0x9A,
    0x12, 0xFF, 0x60, 0x00, 0x81, 0xF7, 0xBE, 0x10, 0xFF, 0x99, 0x5A, 0xEB, 0x52, 0xAA, 0x52, 0xAA,
    0x52, 0xAA, 0x52, 0x8A, 0x4A, 0x49, 0x5A, 0xEB, 0x63, 0x2C, 0x7B, 0xCF, 0x8C, 0x51, 0xAD, 0x75,
    0xD6, 0xBA, 0xF7, 0xBE, 0x57, 0xFF, 0x88, 0xDF, 0x84, 0x30, 0x4A, 0x69, 0x5A, 0xEB, 0xE7, 0x3C,
    0x14, 0xFF, 0x60, 0x00, 0x81, 0xF7, 0xBE, 0x7F, 0xFF, 0x1F, 0xFF, 0x60, 0x00, 0x81, 0xF7, 0xBE,
    0x7F, 0xFF, 0x1F, 0xFF, 0x60, 0x00, 0x81, 0xF7, 0xBE, 0x7F, 0xFF, 0x1F, 0xFF, 0x60, 0x00, 0x81,
    0xF7, 0xBE, 0x7F, 0xFF, 0x1F, 0xFF, 0x60, 0x00, 0x81, 0xF7, 0xBE, 0x7F, 0xFF, 0x1F, 0xFF, 0x60,
    0x00, 0x81, 0xC6, 0x38, 0x7F, 0xFF, 0x1D, 0xFF, 0x81, 0xEF, 0x5D, 0x60, 0x00, 0x81, 0x39, 0xE7,
    0x7F, 0xFF, 0x1D, 0xFF, 0x81, 0xA5, 0x14, 0x62, 0x00, 0x81, 0x73, 0x8E, 0x7F, 0xFF, 0x19, 0xFF,
    0x83, 0xC6, 0x38, 0x08, 0x61, 0x64, 0x00, 0xFF, 0x31, 0x86, 0x7B, 0xEF, 0x94, 0xB2, 0x9C, 0xD3,
    0x9C, 0xD3, 0x9C, 0xD3, 0x9C, 0xD3, 0x9C, 0xD3, 0x9C, 0xD3, 0x9C, 0xD3, 0x9C, 0xD3, 0x9C, 0xD3,
    0x9C, 0xD3, 0x9C, 0xD3, 0x9C, 0xD3, 0x9C, 0xD3, 0x9C, 0xD3, 0x9C, 0xD3, 0x9C, 0xD3, 0x9C, 0xD3,
    0x9C, 0xD3, 0x9C, 0xD3, 0x9C, 0xD3, 0x9C, 0xD3, 0x9C, 0xD3, 0x9C, 0xD3, 0x9C, 0xD3, 0x9C, 0xD3,
    0x9C, 0xD3, 0x9C, 0xD3, 0x9C, 0xD3, 0x9C, 0xD3, 0x9C, 0xD3, 0x9C, 0xD3, 0x9C, 0xD3, 0x9C, 0xD3,
    0x9C, 0xD3, 0x9C, 0xD3, 0x9C, 0xD3, 0x9C, 0xD3, 0x9C, 0xD3, 0x9C, 0xD3, 0x9C, 0xD3, 0x9C, 0xD3,
    0x9C, 0xD3, 0x9C, 0xD3, 0x9C, 0xD3, 0x9C, 0xD3, 0x9C, 0xD3, 0x9C, 0xD3, 0x9C, 0xD3, 0x9C, 0xD3,
    0x9C, 0xD3, 0x9C, 0xD3, 0x9C, 0xD3, 0x9C, 0xD3, 0x9C, 0xD3, 0x9C, 0xD3, 0x9C, 0xD3, 0x9C, 0xD3,
    0x9C, 0xD3, 0x9C, 0xD3, 0x9C, 0xD3, 0x9C, 0xD3, 0x99, 0x9C, 0xD3, 0x9C, 0xD3, 0x9C, 0xD3, 0x9C,
    0xD3, 0x9C, 0xD3, 0x9C, 0xD3, 0x9C, 0xD3, 0x9C, 0xD3, 0x94, 0xB2, 0x9C, 0xD3, 0x8C, 0x71, 0x4A,
    0x69, 0x00, 0x20, 0x7F, 0x00, 0x7F, 0x00, 0x7F, 0x00, 0x7F, 0x00, 0x7F, 0x00, 0x7F, 0x00, 0x7F,
    0x00, 0x7F, 0x00, 0x7F, 0x00, 0x7F, 0x00, 0x6C, 0x00, 0x83, 0x18, 0xE3, 0x18, 0xC3, 0x04, 0x00,
    0x85, 0x18, 0xC3, 0x31, 0x86, 0x08, 0x41, 0x0B, 0x00, 0x88, 0x20, 0x21, 0x04, 0x21, 0x04, 0x21,
    0x04, 0x00, 0x20, 0x0E, 0x00, 0x89, 0x08, 0x61, 0x21, 0x04, 0x21, 0x04, 0x21, 0x04, 0x08, 0x41,
    0x12, 0x00, 0x89, 0x18, 0xE3, 0x21, 0x04, 0x21, 0x04, 0x21, 0x04, 0x10, 0xA2, 0x11, 0x00, 0x82,
    0x20, 0x08, 0x41, 0x12, 0x00, 0x81, 0x29, 0x45, 0x08, 0x00, 0x83, 0x21, 0x24, 0x10, 0x82, 0x0E,
    0x00, 0x85, 0x10, 0x82, 0x39, 0xE7, 0x21, 0x04, 0x62, 0x00, 0x83, 0xF7, 0x9E, 0xEF, 0x5D, 0x02,
    0x00, 0x87, 0x18, 0xE3, 0xF7, 0x9E, 0xCE, 0x79, 0x08, 0x61, 0x0A, 0x00, 0x83, 0x29, 0x65, 0xF7,
    0x9E, 0x04, 0xFF, 0x83, 0xD6, 0xBA, 0x29, 0x65, 0x0C, 0x00, 0x81, 0x6B, 0x6D, 0x06, 0xFF, 0x83,
    0xF7, 0x9E, 0x63, 0x2C, 0x0E, 0x00, 0x83, 0x10, 0xA2, 0xF7, 0xBE, 0x06, 0xFF, 0x83, 0xC6, 0x18,
    0x00, 0x20, 0x0E, 0x00, 0x83, 0x73, 0x8E, 0x63, 0x0C, 0x12, 0x00, 0x02, 0xFF, 0x81, 0x4A, 0x49,
    0x06, 0x00, 0x02, 0xFF, 0x81, 0x94, 0xB2, 0x0C, 0x00, 0x83, 0x39, 0xC7, 0xEF, 0x7D, 0x04, 0xFF,
    0x81, 0xB5, 0xB6, 0x60, 0x00, 0x83, 0xF7, 0xBE, 0xEF, 0x5D, 0x02, 0x00, 0x81, 0xC6, 0x18, 0x02,
    0xFF, 0x81, 0x21, 0x24, 0x0C, 0x00, 0x87, 0x29, 0x65, 0xFF, 0xDF, 0xB5, 0xB6, 0x5A, 0xCB, 0x02,
    0xFF, 0x81, 0xC6, 0x18, 0x0C, 0x00, 0x81, 0x73, 0x8E, 0x02, 0xFF, 0x85, 0x8C, 0x51, 0x6B, 0x6D,
    0xDE, 0xDB, 0x02, 0xFF, 0x81, 0x6B, 0x4D, 0x0C, 0x00, 0x8B, 0x18, 0xC3, 0xFF, 0xDF, 0xBD, 0xF7,
    0x52, 0x8A, 0x5A, 0xCB, 0x4A, 0x49, 0x10, 0x00, 0x04, 0xFF, 0x12, 0x00, 0x04, 0xFF, 0x81, 0x52,
    0xAA, 0x04, 0x00, 0x02, 0xFF, 0x81, 0x9C, 0xD3, 0x0A, 0x00, 0x8B, 0x08, 0x41, 0xBD, 0xF7, 0xFF,
    0xDF, 0x29, 0x65, 0x73, 0x8E, 0xB5, 0xB6, 0x60, 0x00, 0x85, 0xF7, 0xBE, 0xE7, 0x3C, 0x94, 0xB2,
    0x02, 0xFF, 0x81, 0x31, 0xA6, 0x0E, 0x00, 0x85, 0x29, 0x65, 0xFF, 0xDF, 0x7B, 0xEF, 0x02, 0x00,
    0x02, 0xFF, 0x81, 0x9C, 0xF3, 0x0C, 0x00, 0x81, 0x6B, 0x6D, 0x02, 0xFF, 0x81, 0x31, 0xA6, 0x02,
    0x00, 0x87, 0x10, 0x82, 0xD6, 0xBA, 0xE7, 0x1C, 0x10, 0xA2, 0x0A, 0x00, 0x81, 0x10, 0xA2, 0x02,
    0xFF, 0x81, 0x8C, 0x51, 0x14, 0x00, 0x81, 0x6B, 0x6D, 0x04, 0xFF, 0x81, 0x63, 0x2C, 0x10, 0x00,
    0x06, 0xFF, 0x81, 0x52, 0xAA, 0x02, 0x00, 0x02, 0xFF, 0x81, 0x9C, 0xD3, 0x0B, 0x00, 0x86, 0x20,
    0xB5, 0xB6, 0xFF, 0xDF, 0x39, 0xE7, 0x64, 0x00, 0x83, 0xF7, 0xBE, 0xFF, 0xDF, 0x02, 0xFF, 0x81,
    0xA5, 0x34, 0x10, 0x00, 0x8B, 0x29, 0x65, 0xF7, 0xBE, 0xF7, 0xBE, 0xFF, 0xDF, 0xEF, 0x5D, 0x18,
    0xC3, 0x0C, 0x00, 0x81, 0x6B, 0x6D, 0x02, 0xFF, 0x81, 0x39, 0xC7, 0x04, 0x00, 0x85, 0xB5, 0xB6,
    0xF7, 0xBE, 0x31, 0x86, 0x0A, 0x00, 0x87, 0x10, 0xA2, 0xF7, 0xBE, 0xFF, 0xDF, 0xFF, 0xDF, 0x02,
    0xFF, 0x81, 0x39, 0xC7, 0x0C, 0x00, 0x8B, 0x08, 0x41, 0xDE, 0xFB, 0xBD, 0xD7, 0xBD, 0xD7, 0xE7,
    0x1C, 0x08, 0x41, 0x0E, 0x00, 0x02, 0xFF, 0x87, 0xD6, 0x9A, 0xDE, 0xDB, 0xFF, 0xDF, 0x6B, 0x4D,
    0x02, 0xFF, 0x81, 0x9C, 0xD3, 0x0C, 0x00, 0x83, 0x29, 0x45, 0xEF, 0x5D, 0x02, 0xFF, 0x83, 0xD6,
    0xBA, 0x29, 0x65, 0x60, 0x00, 0x85, 0xF7, 0xBE, 0xE7, 0x1C, 0x9C, 0xF3, 0x02, 0xFF, 0x81, 0x39,
    0xC7, 0x0E, 0x00, 0x8B, 0x29, 0x65, 0xF7, 0xBE, 0xB5, 0x96, 0x4A, 0x49, 0xF7, 0x9E, 0x94, 0x92,
    0x0C, 0x00, 0x81, 0x6B, 0x6D, 0x02, 0xFF, 0x81, 0x39, 0xC7, 0x04, 0x00, 0x85, 0xC6, 0x38, 0xEF,
    0x7D, 0x21, 0x24, 0x0A, 0x00, 0x8B, 0x10, 0xA2, 0xFF, 0xDF, 0xE7, 0x3C, 0xB5, 0xB6, 0xC6, 0x38,
    0x21, 0x24, 0x0C, 0x00, 0x81, 0x4A, 0x49, 0x02, 0xFF, 0x83, 0x5A, 0xEB, 0x6B, 0x4D, 0x02, 0xFF,
    0x81, 0x4A, 0x69, 0x0E, 0x00, 0x02, 0xFF, 0x85, 0xBD, 0xD7, 0x10, 0xA2, 0xD6, 0x9A, 0x04, 0xFF,
    0x81, 0x9C, 0xD3, 0x0F, 0x00, 0x86, 0x20, 0x63, 0x0C, 0xF7, 0xBE, 0xE7, 0x1C, 0x60, 0x00, 0x87,
    0xF7, 0xBE, 0xEF, 0x5D, 0x00, 0x20, 0xD6, 0xBA, 0x02, 0xFF, 0x81, 0x18, 0xE3, 0x0C, 0x00, 0x85,
    0x29, 0x65, 0xFF, 0xDF, 0x7B, 0xEF, 0x02, 0x00, 0x81, 0xFF, 0xDF, 0x02, 0xFF, 0x0C, 0x00, 0x81,
    0x6B, 0x6D, 0x02, 0xFF, 0x85, 0x5A, 0xCB, 0x21, 0x04, 0x73, 0xAE, 0x02, 0xFF, 0x81, 0xB5, 0x96,
    0x0C, 0x00, 0x85, 0x10, 0xA2, 0xFF, 0xDF, 0x94, 0x92, 0x12, 0x00, 0x81, 0xD6, 0xBA, 0x03, 0xFF,
    0x82, 0xDF, 0xFF, 0xDF, 0x02, 0xFF, 0x81, 0xBD, 0xF7, 0x0E, 0x00, 0x02, 0xFF, 0x87, 0xC6, 0x18,
    0x08, 0x41, 0x08, 0x61, 0xC6, 0x38, 0x02, 0xFF, 0x81, 0x9C, 0xD3, 0x0C, 0x00, 0x83, 0x39, 0xE7,
    0x29, 0x45, 0x02, 0x00, 0x81, 0xCE, 0x59, 0x02, 0xFF, 0x60, 0x00, 0x83, 0xF7, 0xBE, 0xEF, 0x5D,
    0x02, 0x00, 0x87, 0x31, 0xA6, 0xFF, 0xDF, 0xE7, 0x1C, 0x10, 0xA2, 0x0A, 0x00, 0x83, 0x29, 0x65,
    0xF7, 0xBE, 0x06, 0xFF, 0x81, 0x94, 0x92, 0x0C, 0x00, 0x81, 0x73, 0x8E, 0x08, 0xFF, 0x83, 0xC6,
    0x18, 0x08, 0x41, 0x0C, 0x00, 0x81, 0x10, 0xA2, 0x02, 0xFF, 0x81, 0x94, 0x92, 0x10, 0x00, 0x81,
    0x63, 0x0C, 0x02, 0xFF, 0x87, 0x84, 0x10, 0x63, 0x2C, 0x63, 0x2C, 0x7B, 0xEF, 0x02, 0xFF, 0x81,
    0x42, 0x08, 0x0C, 0x00, 0x02, 0xFF, 0x83, 0xC6, 0x18, 0x08, 0x41, 0x03, 0x00, 0x84, 0x20, 0xD6,
    0x9A, 0xA5, 0x14, 0x0B, 0x00, 0x82, 0x20, 0xA5, 0x14, 0x03, 0xFF, 0x80, 0xDF, 0x02, 0xFF, 0x81,
    0xBD, 0xF7, 0x60, 0x00, 0x83, 0x63, 0x2C, 0x5A, 0xEB, 0x04, 0x00, 0x85, 0x4A, 0x69, 0x8C, 0x51,
    0x18, 0xE3, 0x0A, 0x00, 0x8B, 0x10, 0xA2, 0x63, 0x2C, 0x6B, 0x6D, 0x7B, 0xCF, 0x4A, 0x69, 0x00,
    0x20, 0x0C, 0x00, 0x8B, 0x29, 0x65, 0x6B, 0x4D, 0x6B, 0x6D, 0x73, 0xAE, 0x42, 0x28, 0x00, 0x20,
    0x0E, 0x00, 0x85, 0x08, 0x41, 0x6B, 0x4D, 0x31, 0xA6, 0x10, 0x00, 0x85, 0x63, 0x0C, 0x63, 0x2C,
    0x00, 0x20, 0x05, 0x00, 0x84, 0x20, 0x73, 0x8E, 0x4A, 0x49, 0x0C, 0x00, 0x83, 0x6B, 0x4D, 0x4A,
    0x69, 0x06, 0x00, 0x83, 0x08, 0x61, 0x4A, 0x69, 0x0C, 0x00, 0x89, 0x10, 0xA2, 0x63, 0x2C, 0xAD,
    0x75, 0x73, 0xAE, 0x10, 0x82, 0x7F, 0x00, 0x7F, 0x00, 0x7F, 0x00, 0x7F, 0x00, 0x7F, 0x00, 0x7F,
    0x00, 0x7F, 0x00, 0x7F, 0x00, 0x7F, 0x00, 0x7F, 0x00, 0x7F, 0x00, 0x7F, 0x00, 0x7F, 0x00, 0x7F,
    0x00, 0x7F, 0x00, 0x7F, 0x00, 0x7F, 0x00, 0x7F, 0x00, 0x7F, 0x00, 0x7F, 0x00, 0x7F, 0x00, 0x7F,
    0x00, 0x7F, 0x00, 0x7F, 0x00, 0x7F, 0x00, 0x7F, 0x00, 0x7F, 0x00, 0x7F, 0x00, 0x7F, 0x00, 0x7F,
    0x00, 0x7F, 0x00, 0x7F, 0x00, 0x7F, 0x00, 0x7F, 0x00, 0x7F, 0x00, 0x7F, 0x00, 0x7F, 0x00, 0x7F,
    0x00, 0x7F, 0x00, 0x7F, 0x00, 0x7F, 0x00, 0x7F, 0x00, 0x7F, 0x00, 0x7F, 0x00, 0x7F, 0x00, 0x7F,
    0x00, 0x7F, 0x00, 0x7F, 0x00, 0x7F, 0x00, 0x7F, 0x00, 0x7F, 0x00, 0x7F, 0x00, 0x7F, 0x00, 0x7F,
    0x00, 0x7F, 0x00, 0x7F, 0x00, 0x7F, 0x00, 0x7F, 0x00, 0x6A, 0x00, 0x02, 0xFD, 0x06, 0x00, 0x00,
    0x08, 0x02, 0x01, 0xFF, 0x28, 0x00, 0x04, 0xFB, 0x08, 0x00, 0x00, 0x11, 0x00, 0x18, 0x00, 0x70,
    0x00, 0x67, 0x00, 0x05, 0xFA, 0xBE, 0x03, 0x00, 0x04, 0x00, 0x7F, 0xFF, 0x33, 0xFF, 0x0C, 0x00,
    0x7F, 0xFF, 0x39, 0xFF, 0x06, 0x00, 0x7F, 0xFF, 0x3D, 0xFF, 0x04, 0x00, 0x7F, 0xFF, 0x3F, 0xFF,
    0x02, 0x00, 0x7F, 0xFF, 0x3F, 0xFF, 0x02, 0x00, 0x7F, 0xFF, 0x3F, 0xFF, 0x02, 0x00, 0x7F, 0xFF,
    0x3F, 0xFF, 0x04, 0x00, 0x7F, 0xFF, 0x3F, 0xFF, 0x02, 0x00, 0x7F, 0xFF, 0x3F, 0xFF, 0x04, 0x00,
    0x7F, 0xFF, 0x3D, 0xFF, 0x04, 0x00, 0x7F, 0xFF, 0x3D, 0xFF, 0x04, 0x00, 0x7F, 0xFF, 0x3D, 0xFF,
    0x04, 0x00, 0x1C, 0xFF, 0x04, 0x00, 0x7C, 0xFF, 0x04, 0x00, 0x1C, 0xFF, 0x04, 0x00, 0x18, 0xFF,
    0x0A, 0x00, 0x78, 0xFF, 0x0A, 0x00, 0x18, 0xFF, 0x06, 0x00, 0x16, 0xFF, 0x0C, 0x00, 0x74, 0xFF,
    0x0C, 0x00, 0x18, 0xFF, 0x06, 0x00, 0x16, 0xFF, 0x0C, 0x00, 0x72, 0xFF, 0x0E, 0x00, 0x18, 0xFF,
    0x06, 0x00, 0x16, 0xFF, 0x0C, 0x00, 0x70, 0xFF, 0x0E, 0x00, 0x1A, 0xFF, 0x04, 0x00, 0x18, 0xFF,
    0x0C, 0x00, 0x70, 0xFF, 0x0C, 0x00, 0x1A, 0xFF, 0x06, 0x00, 0x18, 0xFF, 0x0A, 0x00, 0x70, 0xFF,
    0x0C, 0x00, 0x1C, 0xFF, 0x06, 0x00, 0x16, 0xFF, 0x0C, 0x00, 0x6E, 0xFF, 0x0C, 0x00, 0x1C, 0xFF,
    0x08, 0x00, 0x16, 0xFF, 0x0C, 0x00, 0x6A, 0xFF, 0x0E, 0x00, 0x1E, 0xFF, 0x08, 0x00, 0x16, 0xFF,
    0x0C, 0x00, 0x68, 0xFF, 0x0E, 0x00, 0x20, 0xFF, 0x08, 0x00, 0x16, 0xFF, 0x0A, 0x00, 0x68, 0xFF,
    0x0E, 0x00, 0x20, 0xFF, 0x08, 0x00, 0x16, 0xFF, 0x0C, 0x00, 0x66, 0xFF, 0x0E, 0x00, 0x22, 0xFF,
    0x08, 0x00, 0x16, 0xFF, 0x0C, 0x00, 0x62, 0xFF, 0x0E, 0x00, 0x24, 0xFF, 0x0A, 0x00, 0x16, 0xFF,
    0x0A, 0x00, 0x62, 0xFF, 0x0E, 0x00, 0x26, 0xFF, 0x08, 0x00, 0x16, 0xFF, 0x0C, 0x00, 0x60, 0xFF,
    0x0E, 0x00, 0x26, 0xFF, 0x0A, 0x00, 0x16, 0xFF, 0x0C, 0x00, 0x5C, 0xFF, 0x10, 0x00, 0x28, 0xFF,
    0x0A, 0x00, 0x16, 0xFF, 0x0C, 0x00, 0x5A, 0xFF, 0x10, 0x00, 0x2A, 0xFF, 0x0A, 0x00, 0x16, 0xFF,
    0x0C, 0x00, 0x58, 0xFF, 0x0E, 0x00, 0x2C, 0xFF, 0x0C, 0x00, 0x16, 0xFF, 0x0C, 0x00, 0x54, 0xFF,
    0x10, 0x00, 0x2E, 0xFF, 0x0C, 0x00, 0x16, 0xFF, 0x0A, 0x00, 0x54, 0xFF, 0x10, 0x00, 0x30, 0xFF,
    0x0C, 0x00, 0x16, 0xFF, 0x0A, 0x00, 0x52, 0xFF, 0x10, 0x00, 0x32, 0xFF, 0x0C, 0x00, 0x16, 0xFF,
    0x0C, 0x00, 0x4C, 0xFF, 0x12, 0x00, 0x34, 0xFF, 0x0C, 0x00, 0x16, 0xFF, 0x0C, 0x00, 0x4A, 0xFF,
    0x12, 0x00, 0x36, 0xFF, 0x0C, 0x00, 0x18, 0xFF, 0x0A, 0x00, 0x48, 0xFF, 0x12, 0x00, 0x38, 0xFF,
    0x0E, 0x00, 0x16, 0xFF, 0x0A, 0x00, 0x44, 0xFF, 0x14, 0x00, 0x3A, 0xFF, 0x0E, 0x00, 0x16, 0xFF,
    0x0A, 0x00, 0x42, 0xFF, 0x14, 0x00, 0x3C, 0xFF, 0x10, 0x00, 0x16, 0xFF, 0x0A, 0x00, 0x3E, 0xFF,
    0x14, 0x00, 0x12, 0xFF, 0x06, 0x00, 0x26, 0xFF, 0x10, 0x00, 0x16, 0xFF, 0x0A, 0x00, 0x3A, 0xFF,
    0x16, 0x00, 0x10, 0xFF, 0x0C, 0x00, 0x24, 0xFF, 0x10, 0x00, 0x16, 0xFF, 0x0C, 0x00, 0x34, 0xFF,
    0x18, 0x00, 0x14, 0xFF, 0x0E, 0x00, 0x22, 0xFF, 0x10, 0x00, 0x16, 0xFF, 0x0A, 0x00, 0x30, 0xFF,
    0x18, 0x00, 0x1A, 0xFF, 0x0E, 0x00, 0x20, 0xFF, 0x12, 0x00, 0x14, 0xFF, 0x0C, 0x00, 0x2A, 0xFF,
    0x1A, 0x00, 0x1E, 0xFF, 0x0E, 0x00, 0x1E, 0xFF, 0x12, 0x00, 0x16, 0xFF, 0x0A, 0x00, 0x26, 0xFF,
    0x1C, 0x00, 0x22, 0xFF, 0x0E, 0x00, 0x1E, 0xFF, 0x10, 0x00, 0x16, 0xFF, 0x0C, 0x00, 0x1E, 0xFF,
    0x1E, 0x00, 0x28, 0xFF, 0x0E, 0x00, 0x1C, 0xFF, 0x12, 0x00, 0x16, 0xFF, 0x0A, 0x00, 0x16, 0xFF,
    0x22, 0x00, 0x2E, 0xFF, 0x0E, 0x00, 0x1A, 0xFF, 0x12, 0x00, 0x16, 0xFF, 0x0E, 0x00, 0x02, 0xFF,
    0x2E, 0x00, 0x34, 0xFF, 0x0E, 0x00, 0x18, 0xFF, 0x14, 0x00, 0x14, 0xFF, 0x38, 0x00, 0x3C, 0xFF,
    0x0C, 0x00, 0x18, 0xFF, 0x14, 0x00, 0x16, 0xFF, 0x32, 0x00, 0x42, 0xFF, 0x0C, 0x00, 0x16, 0xFF,
    0x14, 0x00, 0x16, 0xFF, 0x2A, 0x00, 0x4C, 0xFF, 0x0A, 0x00, 0x16, 0xFF, 0x14, 0x00, 0x16, 0xFF,
    0x20, 0x00, 0x56, 0xFF, 0x0A, 0x00, 0x16, 0xFF, 0x14, 0x00, 0x1C, 0xFF, 0x04, 0x00, 0x7F, 0xFF,
    0x0D, 0xFF, 0x14, 0x00, 0x7F, 0xFF, 0x2D, 0xFF, 0x14, 0x00, 0x7F, 0xFF, 0x2D, 0xFF, 0x14, 0x00,
    0x7F, 0xFF, 0x2D, 0xFF, 0x14, 0x00, 0x7F, 0xFF, 0x2B, 0xFF, 0x16, 0x00, 0x7F, 0xFF, 0x2B, 0xFF,
    0x16, 0x00, 0x7F, 0xFF, 0x29, 0xFF, 0x18, 0x00, 0x7F, 0xFF, 0x29, 0xFF, 0x18, 0x00, 0x7F, 0xFF,
    0x27, 0xFF, 0x1C, 0x00, 0x7F, 0xFF, 0x21, 0xFF, 0x7F, 0x00, 0x7F, 0x00, 0x7F, 0x00, 0x7F, 0x00,
    0x7F, 0x00, 0x7F, 0x00, 0x7F, 0x00, 0x61, 0x00, 0x04, 0xFF, 0x04, 0x00, 0x04, 0xFF, 0x0E, 0x00,
    0x08, 0xFF, 0x10, 0x00, 0x0A, 0xFF, 0x12, 0x00, 0x0A, 0xFF, 0x12, 0x00, 0x02, 0xFF, 0x14, 0x00,
    0x02, 0xFF, 0x08, 0x00, 0x02, 0xFF, 0x10, 0x00, 0x06, 0xFF, 0x1E, 0x00, 0x06, 0xFF, 0x02, 0x00,
    0x04, 0xFF, 0x0E, 0x00, 0x0C, 0xFF, 0x0C, 0x00, 0x0C, 0xFF, 0x10, 0x00, 0x0A, 0xFF, 0x10, 0x00,
    0x06, 0xFF, 0x10, 0x00, 0x06, 0xFF, 0x04, 0x00, 0x06, 0xFF, 0x0C, 0x00, 0x0A, 0xFF, 0x1C, 0x00,
    0x0C, 0xFF, 0x0E, 0x00, 0x0C, 0xFF, 0x0C, 0x00, 0x06, 0xFF, 0x02, 0x00, 0x06, 0xFF, 0x0E, 0x00,
    0x04, 0xFF, 0x16, 0x00, 0x06, 0xFF, 0x10, 0x00, 0x08, 0xFF, 0x02, 0x00, 0x06, 0xFF, 0x0C, 0x00,
    0x08, 0xFF, 0x1E, 0x00, 0x0A, 0xFF, 0x10, 0x00, 0x0C, 0xFF, 0x0C, 0x00, 0x06, 0xFF, 0x04, 0x00,
    0x06, 0xFF, 0x0C, 0x00, 0x0A, 0xFF, 0x0E, 0x00, 0x0A, 0xFF, 0x0E, 0x00, 0x10, 0xFF, 0x0C, 0x00,
    0x08, 0xFF, 0x20, 0x00, 0x0A, 0xFF, 0x0E, 0x00, 0x0C, 0xFF, 0x0C, 0x00, 0x06, 0xFF, 0x04, 0x00,
    0x06, 0xFF, 0x0C, 0x00, 0x0A, 0xFF, 0x0E, 0x00, 0x0A, 0xFF, 0x0E, 0x00, 0x10, 0xFF, 0x0E, 0x00,
    0x08, 0xFF, 0x1E, 0x00, 0x0C, 0xFF, 0x0E, 0x00, 0x0C, 0xFF, 0x0C, 0x00, 0x0E, 0xFF, 0x0C, 0x00,
    0x06, 0xFF, 0x10, 0x00, 0x0E, 0xFF, 0x0E, 0x00, 0x04, 0xFF, 0x02, 0x00, 0x08, 0xFF, 0x0E, 0x00,
    0x02, 0xFF, 0x02, 0x00, 0x06, 0xFF, 0x1C, 0x00, 0x06, 0xFF, 0x02, 0x00, 0x06, 0xFF, 0x0C, 0x00,
    0x0C, 0xFF, 0x0C, 0x00, 0x0C, 0xFF, 0x0E, 0x00, 0x06, 0xFF, 0x10, 0x00, 0x10, 0xFF, 0x0C, 0x00,
    0x04, 0xFF, 0x06, 0x00, 0x04, 0xFF, 0x0C, 0x00, 0x0A, 0xFF, 0x20, 0x00, 0x04, 0xFF, 0x04, 0x00,
    0x04, 0xFF, 0x0E, 0x00, 0x08, 0xFF, 0x10, 0x00, 0x08, 0xFF, 0x12, 0x00, 0x04, 0xFF, 0x12, 0x00,
    0x02, 0xFF, 0x08, 0x00, 0x04, 0xFF, 0x0C, 0x00, 0x04, 0xFF, 0x08, 0x00, 0x02, 0xFF, 0x0E, 0x00,
    0x06, 0xFF, 0x7F, 0x00, 0x7F, 0x00, 0x7F, 0x00, 0x7F, 0x00, 0x7F, 0x00, 0x7F, 0x00, 0x7F, 0x00,
    0x7F, 0x00, 0x7F, 0x00, 0x1F, 0x00, 0x02, 0xFD, 0x06, 0x00, 0x00, 0x08, 0x00, 0x01, 0xFF, 0x32,
    0x00, 0x05, 0xFA, 0x8A, 0x04, 0x00, 0x7F, 0x00, 0x7F, 0x00, 0x7F, 0x00, 0x7F, 0x00, 0x7F, 0x00,
    0x7F, 0x00, 0x7F, 0x00, 0x7F, 0x00, 0x7F, 0x00, 0x7F, 0x00, 0x7F, 0x00, 0x7F, 0x00, 0x7F, 0x00,
    0x7F, 0x00, 0x7F, 0x00, 0x7F, 0x00, 0x7F, 0x00, 0x7F, 0x00, 0x7F, 0x00, 0x7F, 0x00, 0x7F, 0x00,
    0x7F, 0x00, 0x7F, 0x00, 0x7F, 0x00, 0x7F, 0x00, 0x7F, 0x00, 0x7F, 0x00, 0x7F, 0x00, 0x7F, 0x00,
    0x7F, 0x00, 0x7F, 0x00, 0x7F, 0x00, 0x7F, 0x00, 0x7F, 0x00, 0x7F, 0x00, 0x7F, 0x00, 0x7F, 0x00,
    0x7F, 0x00, 0x7F, 0x00, 0x7F, 0x00, 0x7F, 0x00, 0x7F, 0x00, 0x7F, 0x00, 0x7F, 0x00, 0x7F, 0x00,
    0x7F, 0x00, 0x7F, 0x00, 0x7F, 0x00, 0x56, 0x00, 0x7F, 0xFF, 0x33, 0xFF, 0x4C, 0x00, 0x7F, 0xFF,
    0x39, 0xFF, 0x46, 0x00, 0x7F, 0xFF, 0x3D, 0xFF, 0x44, 0x00, 0x7F, 0xFF, 0x3F, 0xFF, 0x42, 0x00,
    0x7F, 0xFF, 0x3F, 0xFF, 0x42, 0x00, 0x7F, 0xFF, 0x3F, 0xFF, 0x42, 0x00, 0x7F, 0xFF, 0x3F, 0xFF,
    0x44, 0x00, 0x7F, 0xFF, 0x3F, 0xFF, 0x42, 0x00, 0x7F, 0xFF, 0x3F, 0xFF, 0x44, 0x00, 0x7F, 0xFF,
    0x3D, 0xFF, 0x44, 0x00, 0x7F, 0xFF, 0x3D, 0xFF, 0x44, 0x00, 0x7F, 0xFF, 0x3D, 0xFF, 0x44, 0x00,
    0x1C, 0xFF, 0x04, 0x00, 0x7C, 0xFF, 0x04, 0x00, 0x1C, 0xFF, 0x44, 0x00, 0x18, 0xFF, 0x0A, 0x00,
    0x78, 0xFF, 0x0A, 0x00, 0x18, 0xFF, 0x46, 0x00, 0x16, 0xFF, 0x0C, 0x00, 0x74, 0xFF, 0x0C, 0x00,
    0x18, 0xFF, 0x46, 0x00, 0x16, 0xFF, 0x0C, 0x00, 0x72, 0xFF, 0x0E, 0x00, 0x18, 0xFF, 0x46, 0x00,
    0x16, 0xFF, 0x0C, 0x00, 0x70, 0xFF, 0x0E, 0x00, 0x1A, 0xFF, 0x44, 0x00, 0x18, 0xFF, 0x0C, 0x00,
    0x70, 0xFF, 0x0C, 0x00, 0x1A, 0xFF, 0x46, 0x00, 0x18, 0xFF, 0x0A, 0x00, 0x70, 0xFF, 0x0C, 0x00,
    0x1C, 0xFF, 0x46, 0x00, 0x16, 0xFF, 0x0C, 0x00, 0x6E, 0xFF, 0x0C, 0x00, 0x1C, 0xFF, 0x48, 0x00,
    0x16, 0xFF, 0x0C, 0x00, 0x6A, 0xFF, 0x0E, 0x00, 0x1E, 0xFF, 0x48, 0x00, 0x16, 0xFF, 0x0C, 0x00,
    0x68, 0xFF, 0x0E, 0x00, 0x20, 0xFF, 0x48, 0x00, 0x16, 0xFF, 0x0A, 0x00, 0x68, 0xFF, 0x0E, 0x00,
    0x20, 0xFF, 0x48, 0x00, 0x16, 0xFF, 0x0C, 0x00, 0x66, 0xFF, 0x0E, 0x00, 0x22, 0xFF, 0x48, 0x00,
    0x16, 0xFF, 0x0C, 0x00, 0x62, 0xFF, 0x0E, 0x00, 0x24, 0xFF, 0x4A, 0x00, 0x16, 0xFF, 0x0A, 0x00,
    0x62, 0xFF, 0x0E, 0x00, 0x26, 0xFF, 0x48, 0x00, 0x16, 0xFF, 0x0C, 0x00, 0x60, 0xFF, 0x0E, 0x00,
    0x26, 0xFF, 0x4A, 0x00, 0x16, 0xFF, 0x0C, 0x00, 0x5C, 0xFF, 0x10, 0x00, 0x28, 0xFF, 0x4A, 0x00,
    0x16, 0xFF, 0x0C, 0x00, 0x5A, 0xFF, 0x10, 0x00, 0x2A, 0xFF, 0x4A, 0x00, 0x16, 0xFF, 0x0C, 0x00,
    0x58, 0xFF, 0x0E, 0x00, 0x2C, 0xFF, 0x4C, 0x00, 0x16, 0xFF, 0x0C, 0x00, 0x54, 0xFF, 0x10, 0x00,
    0x2E, 0xFF, 0x4C, 0x00, 0x16, 0xFF, 0x0A, 0x00, 0x54, 0xFF, 0x10, 0x00, 0x30, 0xFF, 0x4C, 0x00,
    0x16, 0xFF, 0x0A, 0x00, 0x52, 0xFF, 0x10, 0x00, 0x32, 0xFF, 0x4C, 0x00, 0x16, 0xFF, 0x0C, 0x00,
    0x4C, 0xFF, 0x12, 0x00, 0x34, 0xFF, 0x4C, 0x00, 0x16, 0xFF, 0x0C, 0x00, 0x4A, 0xFF, 0x12, 0x00,
    0x36, 0xFF, 0x4C, 0x00, 0x18, 0xFF, 0x0A, 0x00, 0x48, 0xFF, 0x12, 0x00, 0x38, 0xFF, 0x4E, 0x00,
    0x16, 0xFF, 0x0A, 0x00, 0x44, 0xFF, 0x14, 0x00, 0x3A, 0xFF, 0x4E, 0x00, 0x16, 0xFF, 0x0A, 0x00,
    0x42, 0xFF, 0x14, 0x00, 0x3C, 0xFF, 0x50, 0x00, 0x16, 0xFF, 0x0A, 0x00, 0x3E, 0xFF, 0x14, 0x00,
    0x12, 0xFF, 0x06, 0x00, 0x26, 0xFF, 0x50, 0x00, 0x16, 0xFF, 0x0A, 0x00, 0x3A, 0xFF, 0x16, 0x00,
    0x10, 0xFF, 0x0C, 0x00, 0x24, 0xFF, 0x50, 0x00, 0x16, 0xFF, 0x0C, 0x00, 0x34, 0xFF, 0x18, 0x00,
    0x14, 0xFF, 0x0E, 0x00, 0x22, 0xFF, 0x50, 0x00, 0x16, 0xFF, 0x0A, 0x00, 0x30, 0xFF, 0x18, 0x00,
    0x1A, 0xFF, 0x0E, 0x00, 0x20, 0xFF, 0x52, 0x00, 0x14, 0xFF, 0x0C, 0x00, 0x2A, 0xFF, 0x1A, 0x00,
    0x1E, 0xFF, 0x0E, 0x00, 0x1E, 0xFF, 0x52, 0x00, 0x16, 0xFF, 0x0A, 0x00, 0x26, 0xFF, 0x1C, 0x00,
    0x22, 0xFF, 0x0E, 0x00, 0x1E, 0xFF, 0x50, 0x00, 0x16, 0xFF, 0x0C, 0x00, 0x1E, 0xFF, 0x1E, 0x00,
    0x28, 0xFF, 0x0E, 0x00, 0x1C, 0xFF, 0x52, 0x00, 0x16, 0xFF, 0x0A, 0x00, 0x16, 0xFF, 0x22, 0x00,
    0x2E, 0xFF, 0x0E, 0x00, 0x1A, 0xFF, 0x52, 0x00, 0x16, 0xFF, 0x0E, 0x00, 0x02, 0xFF, 0x2E, 0x00,
    0x34, 0xFF, 0x0E, 0x00, 0x18, 0xFF, 0x54, 0x00, 0x14, 0xFF, 0x38, 0x00, 0x3C, 0xFF, 0x0C, 0x00,
    0x18, 0xFF, 0x54, 0x00, 0x16, 0xFF, 0x32, 0x00, 0x42, 0xFF, 0x0C, 0x00, 0x16, 0xFF, 0x54, 0x00,
    0x16, 0xFF, 0x2A, 0x00, 0x4C, 0xFF, 0x0A, 0x00, 0x16, 0xFF, 0x54, 0x00, 0x16, 0xFF, 0x20, 0x00,
    0x56, 0xFF, 0x0A, 0x00, 0x16, 0xFF, 0x54, 0x00, 0x1C, 0xFF, 0x04, 0x00, 0x7F, 0xFF, 0x0D, 0xFF,
    0x54, 0x00, 0x7F, 0xFF, 0x2D, 0xFF, 0x54, 0x00, 0x7F, 0xFF, 0x2D, 0xFF, 0x54, 0x00, 0x7F, 0xFF,
    0x2D, 0xFF, 0x54, 0x00, 0x7F, 0xFF, 0x2B, 0xFF, 0x56, 0x00, 0x7F, 0xFF, 0x2B, 0xFF, 0x56, 0x00,
    0x7F, 0xFF, 0x29, 0xFF, 0x58, 0x00, 0x7F, 0xFF, 0x29, 0xFF, 0x58, 0x00, 0x7F, 0xFF, 0x27, 0xFF,
    0x5C, 0x00, 0x7F, 0xFF, 0x21, 0xFF, 0x7F, 0x00, 0x7F, 0x00, 0x7F, 0x00, 0x7F, 0x00, 0x7F, 0x00,
    0x7F, 0x00, 0x7F, 0x00, 0x7F, 0x00, 0x7F, 0x00, 0x7F, 0x00, 0x64, 0x00, 0x04, 0xFF, 0x04, 0x00,
    0x04, 0xFF, 0x0E, 0x00, 0x08, 0xFF, 0x10, 0x00, 0x0A, 0xFF, 0x12, 0x00, 0x0A, 0xFF, 0x12, 0x00,
    0x02, 0xFF, 0x14, 0x00, 0x02, 0xFF, 0x08, 0x00, 0x02, 0xFF, 0x10, 0x00, 0x06, 0xFF, 0x5E, 0x00,
    0x06, 0xFF, 0x02, 0x00, 0x04, 0xFF, 0x0E, 0x00, 0x0C, 0xFF, 0x0C, 0x00, 0x0C, 0xFF, 0x10, 0x00,
    0x0A, 0xFF, 0x10, 0x00, 0x06, 0xFF, 0x10, 0x00, 0x06, 0xFF, 0x04, 0x00, 0x06, 0xFF, 0x0C, 0x00,
    0x0A, 0xFF, 0x5C, 0x00, 0x0C, 0xFF, 0x0E, 0x00, 0x0C, 0xFF, 0x0C, 0x00, 0x06, 0xFF, 0x02, 0x00,
    0x06, 0xFF, 0x0E, 0x00, 0x04, 0xFF, 0x16, 0x00, 0x06, 0xFF, 0x10, 0x00, 0x08, 0xFF, 0x02, 0x00,
    0x06, 0xFF, 0x0C, 0x00, 0x08, 0xFF, 0x5E, 0x00, 0x0A, 0xFF, 0x10, 0x00, 0x0C, 0xFF, 0x0C, 0x00,
    0x06, 0xFF, 0x04, 0x00, 0x06, 0xFF, 0x0C, 0x00, 0x0A, 0xFF, 0x0E, 0x00, 0x0A, 0xFF, 0x0E, 0x00,
    0x10, 0xFF, 0x0C, 0x00, 0x08, 0xFF, 0x60, 0x00, 0x0A, 0xFF, 0x0E, 0x00, 0x0C, 0xFF, 0x0C, 0x00,
    0x06, 0xFF, 0x04, 0x00, 0x06, 0xFF, 0x0C, 0x00, 0x0A, 0xFF, 0x0E, 0x00, 0x0A, 0xFF, 0x0E, 0x00,
    0x10, 0xFF, 0x0E, 0x00, 0x08, 0xFF, 0x5E, 0x00, 0x0C, 0xFF, 0x0E, 0x00, 0x0C, 0xFF, 0x0C, 0x00,
    0x0E, 0xFF, 0x0C, 0x00, 0x06, 0xFF, 0x10, 0x00, 0x0E, 0xFF, 0x0E, 0x00, 0x04, 0xFF, 0x02, 0x00,
    0x08, 0xFF, 0x0E, 0x00, 0x02, 0xFF, 0x02, 0x00, 0x06, 0xFF, 0x5C, 0x00, 0x06, 0xFF, 0x02, 0x00,
    0x06, 0xFF, 0x0C, 0x00, 0x0C, 0xFF, 0x0C, 0x00, 0x0C, 0xFF, 0x0E, 0x00, 0x06, 0xFF, 0x10, 0x00,
    0x10, 0xFF, 0x0C, 0x00, 0x04, 0xFF, 0x06, 0x00, 0x04, 0xFF, 0x0C, 0x00, 0x0A, 0xFF, 0x60, 0x00,
    0x04, 0xFF, 0x04, 0x00, 0x04, 0xFF, 0x0E, 0x00, 0x08, 0xFF, 0x10, 0x00, 0x08, 0xFF, 0x12, 0x00,
    0x04, 0xFF, 0x12, 0x00, 0x02, 0xFF, 0x08, 0x00, 0x04, 0xFF, 0x0C, 0x00, 0x04, 0xFF, 0x08, 0x00,
    0x02, 0xFF, 0x0E, 0x00, 0x06, 0xFF, 0x7F, 0x00, 0x7F, 0x00, 0x7F, 0x00, 0x7F, 0x00, 0x7F, 0x00,
    0x7F, 0x00, 0x7F, 0x00, 0x7F, 0x00, 0x7F, 0x00, 0x7F, 0x00, 0x7F, 0x00, 0x7F, 0x00, 0x7F, 0x00,
    0x7F, 0x00, 0x7F, 0x00, 0x7F, 0x00, 0x7F, 0x00, 0x7F, 0x00, 0x7F, 0x00, 0x7F, 0x00, 0x7F, 0x00,
    0x7F, 0x00, 0x7F, 0x00, 0x7F, 0x00, 0x7F, 0x00, 0x7F, 0x00, 0x7F, 0x00, 0x7F, 0x00, 0x7F, 0x00,
    0x7F, 0x00, 0x7F, 0x00, 0x7F, 0x00, 0x7F, 0x00, 0x7F, 0x00, 0x7F, 0x00, 0x7F, 0x00, 0x7F, 0x00,
    0x7F, 0x00, 0x7F, 0x00, 0x7F, 0x00, 0x7F, 0x00, 0x7F, 0x00, 0x7F, 0x00, 0x7F, 0x00, 0x7F, 0x00,
    0x7F, 0x00, 0x7F, 0x00, 0x7F, 0x00, 0x7F, 0x00, 0x7F, 0x00, 0x7F, 0x00, 0x7F, 0x00, 0x7F, 0x00,
    0x7F, 0x00, 0x7F, 0x00, 0x7F, 0x00, 0x7F, 0x00, 0x7F, 0x00, 0x7F, 0x00, 0x7F, 0x00, 0x70, 0x00,
    0x02, 0xFD, 0x06, 0x00, 0x00, 0x08, 0x02, 0x01, 0xFF, 0x28, 0x00, 0x04, 0xFB, 0x08, 0x00, 0x00,
    0x11, 0x00, 0x18, 0x00, 0x70, 0x00, 0x62, 0x00, 0x05, 0xFA, 0x94, 0x03, 0x00, 0x7F, 0x00, 0x4D,
    0x00, 0x7F, 0xFF, 0x27, 0xFF, 0x16, 0x00, 0x7F, 0xFF, 0x2F, 0xFF, 0x12, 0x00, 0x7F, 0xFF, 0x31,
    0xFF, 0x0E, 0x00, 0x7F, 0xFF, 0x35, 0xFF, 0x0C, 0x00, 0x7F, 0xFF, 0x35, 0xFF, 0x0E, 0x00, 0x7F,
    0xFF, 0x35, 0xFF, 0x0C, 0x00, 0x7F, 0xFF, 0x35, 0xFF, 0x0C, 0x00, 0x7F, 0xFF, 0x35, 0xFF, 0x0C,
    0x00, 0x7F, 0xFF, 0x35, 0xFF, 0x0E, 0x00, 0x7F, 0xFF, 0x33, 0xFF, 0x0E, 0x00, 0x7F, 0xFF, 0x33,
    0xFF, 0x0E, 0x00, 0x7F, 0xFF, 0x33, 0xFF, 0x0E, 0x00, 0x18, 0xFF, 0x06, 0x00, 0x74, 0xFF, 0x06,
    0x00, 0x1A, 0xFF, 0x0E, 0x00, 0x16, 0xFF, 0x0A, 0x00, 0x70, 0xFF, 0x08, 0x00, 0x1A, 0xFF, 0x0C,
    0x00, 0x18, 0xFF, 0x0A, 0x00, 0x6E, 0xFF, 0x0A, 0x00, 0x18, 0xFF, 0x0E, 0x00, 0x16, 0xFF, 0x0A,
    0x00, 0x6E, 0xFF, 0x0C, 0x00, 0x18, 0xFF, 0x0E, 0x00, 0x16, 0xFF, 0x0A, 0x00, 0x6C, 0xFF, 0x0C,
    0x00, 0x18, 0xFF, 0x10, 0x00, 0x16, 0xFF, 0x0A, 0x00, 0x6A, 0xFF, 0x0C, 0x00, 0x1A, 0xFF, 0x0E,
    0x00, 0x16, 0xFF, 0x0C, 0x00, 0x68, 0xFF, 0x0C, 0x00, 0x1C, 0xFF, 0x0E, 0x00, 0x16, 0xFF, 0x0A,
    0x00, 0x68, 0xFF, 0x0C, 0x00, 0x1C, 0xFF, 0x10, 0x00, 0x16, 0xFF, 0x0A, 0x00, 0x64, 0xFF, 0x0E,
    0x00, 0x1E, 0xFF, 0x10, 0x00, 0x14, 0xFF, 0x0C, 0x00, 0x62, 0xFF, 0x0E, 0x00, 0x20, 0xFF, 0x0E,
    0x00, 0x16, 0xFF, 0x0A, 0x00, 0x62, 0xFF, 0x0E, 0x00, 0x20, 0xFF, 0x10, 0x00, 0x16, 0xFF, 0x0A,
    0x00, 0x60, 0xFF, 0x0E, 0x00, 0x22, 0xFF, 0x10, 0x00, 0x14, 0xFF, 0x0C, 0x00, 0x5E, 0xFF, 0x0E,
    0x00, 0x22, 0xFF, 0x12, 0x00, 0x14, 0xFF, 0x0C, 0x00, 0x5A, 0xFF, 0x10, 0x00, 0x24, 0xFF, 0x10,
    0x00, 0x16, 0xFF, 0x0C, 0x00, 0x58, 0xFF, 0x0E, 0x00, 0x28, 0xFF, 0x10, 0x00, 0x16, 0xFF, 0x0C,
    0x00, 0x56, 0xFF, 0x0E, 0x00, 0x28, 0xFF, 0x12, 0x00, 0x16, 0xFF, 0x0A, 0x00, 0x56, 0xFF, 0x0E,
    0x00, 0x2A, 0xFF, 0x12, 0x00, 0x16, 0xFF, 0x0A, 0x00, 0x54, 0xFF, 0x0E, 0x00, 0x2C, 0xFF, 0x12,
    0x00, 0x16, 0xFF, 0x0C, 0x00, 0x4E, 0xFF, 0x12, 0x00, 0x2C, 0xFF, 0x14, 0x00, 0x14, 0xFF, 0x0C,
    0x00, 0x4C, 0xFF, 0x12, 0x00, 0x2E, 0xFF, 0x14, 0x00, 0x16, 0xFF, 0x0A, 0x00, 0x4A, 0xFF, 0x12,
    0x00, 0x30, 0xFF, 0x14, 0x00, 0x16, 0xFF, 0x0A, 0x00, 0x48, 0xFF, 0x12, 0x00, 0x34, 0xFF, 0x14,
    0x00, 0x14, 0xFF, 0x0A, 0x00, 0x46, 0xFF, 0x12, 0x00, 0x36, 0xFF, 0x14, 0x00, 0x16, 0xFF, 0x0A,
    0x00, 0x42, 0xFF, 0x12, 0x00, 0x38, 0xFF, 0x14, 0x00, 0x16, 0xFF, 0x0A, 0x00, 0x40, 0xFF, 0x12,
    0x00, 0x3A, 0xFF, 0x16, 0x00, 0x14, 0xFF, 0x0C, 0x00, 0x3A, 0xFF, 0x14, 0x00, 0x10, 0xFF, 0x08,
    0x00, 0x24, 0xFF, 0x16, 0x00, 0x16, 0xFF, 0x0A, 0x00, 0x38, 0xFF, 0x14, 0x00, 0x12, 0xFF, 0x0A,
    0x00, 0x24, 0xFF, 0x16, 0x00, 0x14, 0xFF, 0x0C, 0x00, 0x32, 0xFF, 0x16, 0x00, 0x14, 0xFF, 0x0E,
    0x00, 0x20, 0xFF, 0x16, 0x00, 0x16, 0xFF, 0x0A, 0x00, 0x2E, 0xFF, 0x18, 0x00, 0x18, 0xFF, 0x0E,
    0x00, 0x20, 0xFF, 0x16, 0x00, 0x14, 0xFF, 0x0C, 0x00, 0x28, 0xFF, 0x1A, 0x00, 0x1C, 0xFF, 0x0E,
    0x00, 0x1E, 0xFF, 0x16, 0x00, 0x14, 0xFF, 0x0C, 0x00, 0x24, 0xFF, 0x1A, 0x00, 0x22, 0xFF, 0x0E,
    0x00, 0x1C, 0xFF, 0x16, 0x00, 0x16, 0xFF, 0x0A, 0x00, 0x1E, 0xFF, 0x1C, 0x00, 0x28, 0xFF, 0x0E,
    0x00, 0x1A, 0xFF, 0x18, 0x00, 0x14, 0xFF, 0x0C, 0x00, 0x14, 0xFF, 0x22, 0x00, 0x2C, 0xFF, 0x0C,
    0x00, 0x1A, 0xFF, 0x18, 0x00, 0x14, 0xFF, 0x0E, 0x00, 0x04, 0xFF, 0x2A, 0x00, 0x34, 0xFF, 0x0C,
    0x00, 0x1A, 0xFF, 0x16, 0x00, 0x14, 0xFF, 0x38, 0x00, 0x3A, 0xFF, 0x0C, 0x00, 0x18, 0xFF, 0x16,
    0x00, 0x16, 0xFF, 0x30, 0x00, 0x40, 0xFF, 0x0C, 0x00, 0x18, 0xFF, 0x16, 0x00, 0x16, 0xFF, 0x28,
    0x00, 0x4A, 0xFF, 0x0A, 0x00, 0x16, 0xFF, 0x18, 0x00, 0x16, 0xFF, 0x1E, 0x00, 0x56, 0xFF, 0x06,
    0x00, 0x18, 0xFF, 0x18, 0x00, 0x1A, 0xFF, 0x08, 0x00, 0x7F, 0xFF, 0x07, 0xFF, 0x18, 0x00, 0x7F,
    0xFF, 0x29, 0xFF, 0x18, 0x00, 0x7F, 0xFF, 0x27, 0xFF, 0x1A, 0x00, 0x7F, 0xFF, 0x27, 0xFF, 0x18,
    0x00, 0x7F, 0xFF, 0x29, 0xFF, 0x18, 0x00, 0x7F, 0xFF, 0x27, 0xFF, 0x1A, 0x00, 0x7F, 0xFF, 0x27,
    0xFF, 0x1A, 0x00, 0x7F, 0xFF, 0x25, 0xFF, 0x1C, 0x00, 0x7F, 0xFF, 0x23, 0xFF, 0x20, 0x00, 0x7F,
    0xFF, 0x1F, 0xFF, 0x26, 0x00, 0x7F, 0xFF, 0x13, 0xFF, 0x7F, 0x00, 0x7F, 0x00, 0x7F, 0x00, 0x7F,
    0x00, 0x7F, 0x00, 0x7F, 0x00, 0x46, 0x00, 0x04, 0xFF, 0x14, 0x00, 0x04, 0xFF, 0x18, 0x00, 0x06,
    0xFF, 0x34, 0x00, 0x02, 0xFF, 0x10, 0x00, 0x02, 0xFF, 0x24, 0x00, 0x04, 0xFF, 0x02, 0x00, 0x06,
    0xFF, 0x0C, 0x00, 0x0C, 0xFF, 0x0C, 0x00, 0x0C, 0xFF, 0x10, 0x00, 0x0A, 0xFF, 0x10, 0x00, 0x04,
    0xFF, 0x12, 0x00, 0x04, 0xFF, 0x06, 0x00, 0x04, 0xFF, 0x0E, 0x00, 0x0A, 0xFF, 0x1E, 0x00, 0x0A,
    0xFF, 0x0E, 0x00, 0x0C, 0xFF, 0x0C, 0x00, 0x0E, 0xFF, 0x0E, 0x00, 0x0A, 0xFF, 0x10, 0x00, 0x06,
    0xFF, 0x10, 0x00, 0x06, 0xFF, 0x04, 0x00, 0x04, 0xFF, 0x0C, 0x00, 0x0A, 0xFF, 0x20, 0x00, 0x0A,
    0xFF, 0x10, 0x00, 0x0A, 0xFF, 0x0C, 0x00, 0x06, 0xFF, 0x04, 0x00, 0x06, 0xFF, 0x0C, 0x00, 0x08,
    0xFF, 0x12, 0x00, 0x08, 0xFF, 0x0E, 0x00, 0x10, 0xFF, 0x0A, 0x00, 0x08, 0xFF, 0x22, 0x00, 0x0A,
    0xFF, 0x10, 0x00, 0x0A, 0xFF, 0x0E, 0x00, 0x04, 0xFF, 0x06, 0x00, 0x04, 0xFF, 0x0C, 0x00, 0x0A,
    0xFF, 0x0E, 0x00, 0x0A, 0xFF, 0x10, 0x00, 0x0E, 0xFF, 0x0C, 0x00, 0x0A, 0xFF, 0x20, 0x00, 0x0A,
    0xFF, 0x0E, 0x00, 0x0C, 0xFF, 0x0C, 0x00, 0x04, 0xFF, 0x06, 0x00, 0x04, 0xFF, 0x0E, 0x00, 0x08,
    0xFF, 0x0E, 0x00, 0x0C, 0xFF, 0x0E, 0x00, 0x0E, 0xFF, 0x10, 0x00, 0x08, 0xFF, 0x1E, 0x00, 0x04,
    0xFF, 0x02, 0x00, 0x06, 0xFF, 0x0E, 0x00, 0x0A, 0xFF, 0x0C, 0x00, 0x0E, 0xFF, 0x0E, 0x00, 0x04,
    0xFF, 0x12, 0x00, 0x0C, 0xFF, 0x0E, 0x00, 0x04, 0xFF, 0x04, 0x00, 0x06, 0xFF, 0x0C, 0x00, 0x0C,
    0xFF, 0x1E, 0x00, 0x06, 0xFF, 0x02, 0x00, 0x06, 0xFF, 0x0C, 0x00, 0x0A, 0xFF, 0x0E, 0x00, 0x0A,
    0xFF, 0x10, 0x00, 0x04, 0xFF, 0x12, 0x00, 0x04, 0xFF, 0x04, 0x00, 0x06, 0xFF, 0x0C, 0x00, 0x04,
    0xFF, 0x06, 0x00, 0x04, 0xFF, 0x0C, 0x00, 0x0A, 0xFF, 0x7F, 0x00, 0x3B, 0x00, 0x02, 0xFF, 0x18,
    0x00, 0x02, 0xFD, 0x06, 0x00, 0x00, 0x08, 0x00, 0x01, 0xFF, 0x28, 0x00, 0x05, 0xFA, 0xF2, 0x05,
    0x00, 0x16, 0xFF, 0x7F, 0x00, 0x59, 0x00, 0x28, 0xFF, 0x7F, 0x00, 0x57, 0x00, 0x2A, 0xFF, 0x7F,
    0x00, 0x57, 0x00, 0x2A, 0xFF, 0x7F, 0x00, 0x55, 0x00, 0x2C, 0xFF, 0x7F, 0x00, 0x55, 0x00, 0x2C,
    0xFF, 0x7F, 0x00, 0x53, 0x00, 0x2E, 0xFF, 0x7F, 0x00, 0x51, 0x00, 0x30, 0xFF, 0x7F, 0x00, 0x51,
    0x00, 0x32, 0xFF, 0x7F, 0x00, 0x4D, 0x00, 0x34, 0xFF, 0x7F, 0x00, 0x4B, 0x00, 0x38, 0xFF, 0x7F,
    0x00, 0x47, 0x00, 0x3C, 0xFF, 0x7F, 0x00, 0x43, 0x00, 0x40, 0xFF, 0x7F, 0x00, 0x3F, 0x00, 0x44,
    0xFF, 0x7F, 0x00, 0x3B, 0x00, 0x16, 0xFF, 0x0C, 0x00, 0x26, 0xFF, 0x7F, 0x00, 0x37, 0x00, 0x14,
    0xFF, 0x14, 0x00, 0x26, 0xFF, 0x7F, 0x00, 0x2F, 0x00, 0x16, 0xFF, 0x16, 0x00, 0x2A, 0xFF, 0x7F,
    0x00, 0x29, 0x00, 0x16, 0xFF, 0x18, 0x00, 0x2E, 0xFF, 0x7F, 0x00, 0x21, 0x00, 0x18, 0xFF, 0x1A,
    0x00, 0x32, 0xFF, 0x7F, 0x00, 0x1B, 0x00, 0x18, 0xFF, 0x1C, 0x00, 0x38, 0xFF, 0x7F, 0x00, 0x0F,
    0x00, 0x1E, 0xFF, 0x1C, 0x00, 0x3E, 0xFF, 0x7F, 0x00, 0x05, 0x00, 0x20, 0xFF, 0x1E, 0x00, 0x46,
    0xFF, 0x76, 0x00, 0x26, 0xFF, 0x1E, 0x00, 0x50, 0xFF, 0x64, 0x00, 0x2E, 0xFF, 0x1E, 0x00, 0x5C,
    0xFF, 0x4C, 0x00, 0x3A, 0xFF, 0x1E, 0x00, 0x6E, 0xFF, 0x28, 0x00, 0x4E, 0xFF, 0x1C, 0x00, 0x7F,
    0xFF, 0x65, 0xFF, 0x1C, 0x00, 0x7F, 0xFF, 0x67, 0xFF, 0x1A, 0x00, 0x7F, 0xFF, 0x69, 0xFF, 0x18,
    0x00, 0x7F, 0xFF, 0x6B, 0xFF, 0x18, 0x00, 0x7F, 0xFF, 0x6B, 0xFF, 0x1A, 0x00, 0x7F, 0xFF, 0x67,
    0xFF, 0x1E, 0x00, 0x7F, 0xFF, 0x65, 0xFF, 0x1E, 0x00, 0x7F, 0xFF, 0x65, 0xFF, 0x20, 0x00, 0x7F,
    0xFF, 0x65, 0xFF, 0x1E, 0x00, 0x7F, 0xFF, 0x67, 0xFF, 0x1E, 0x00, 0x7F, 0xFF, 0x6B, 0xFF, 0x18,
    0x00, 0x7F, 0xFF, 0x69, 0xFF, 0x1A, 0x00, 0x7F, 0xFF, 0x67, 0xFF, 0x1C, 0x00, 0x7F, 0xFF, 0x65,
    0xFF, 0x1E, 0x00, 0x7F, 0xFF, 0x63, 0xFF, 0x20, 0x00, 0x7F, 0xFF, 0x61, 0xFF, 0x22, 0x00, 0x7F,
    0xFF, 0x5F, 0xFF, 0x24, 0x00, 0x7F, 0xFF, 0x5D, 0xFF, 0x26, 0x00, 0x7F, 0xFF, 0x5B, 0xFF, 0x28,
    0x00, 0x7F, 0xFF, 0x59, 0xFF, 0x28, 0x00, 0x7F, 0xFF, 0x59, 0xFF, 0x2A, 0x00, 0x7F, 0xFF, 0x57,
    0xFF, 0x2C, 0x00, 0x20, 0xFF, 0x02, 0x00, 0x7F, 0xFF, 0x33, 0xFF, 0x2C, 0x00, 0x22, 0xFF, 0x02,
    0x00, 0x7F, 0xFF, 0x31, 0xFF, 0x2E, 0x00, 0x20, 0xFF, 0x04, 0x00, 0x7F, 0xFF, 0x2F, 0xFF, 0x2E,
    0x00, 0x20, 0xFF, 0x04, 0x00, 0x7F, 0xFF, 0x2F, 0xFF, 0x2E, 0x00, 0x22, 0xFF, 0x02, 0x00, 0x7F,
    0xFF, 0x2F, 0xFF, 0x2E, 0x00, 0x22, 0xFF, 0x04, 0x00, 0x7F, 0xFF, 0x2D, 0xFF, 0x2E, 0x00, 0x22,
    0xFF, 0x04, 0x00, 0x7F, 0xFF, 0x2D, 0xFF, 0x2E, 0x00, 0x20, 0xFF, 0x04, 0x00, 0x7F, 0xFF, 0x2B,
    0xFF, 0x30, 0x00, 0x22, 0xFF, 0x04, 0x00, 0x7F, 0xFF, 0x27, 0xFF, 0x34, 0x00, 0x22, 0xFF, 0x02,
    0x00, 0x7F, 0xFF, 0x27, 0xFF, 0x34, 0x00, 0x22, 0xFF, 0x04, 0x00, 0x7F, 0xFF, 0x23, 0xFF, 0x36,
    0x00, 0x24, 0xFF, 0x04, 0x00, 0x7F, 0xFF, 0x21, 0xFF, 0x36, 0x00, 0x24, 0xFF, 0x04, 0x00, 0x7F,
    0xFF, 0x21, 0xFF, 0x36, 0x00, 0x26, 0xFF, 0x02, 0x00, 0x7F, 0xFF, 0x1F, 0xFF, 0x38, 0x00, 0x26,
    0xFF, 0x04, 0x00, 0x7F, 0xFF, 0x1D, 0xFF, 0x38, 0x00, 0x26, 0xFF, 0x02, 0x00, 0x7F, 0xFF, 0x1F,
    0xFF, 0x38, 0x00, 0x26, 0xFF, 0x04, 0x00, 0x7F, 0xFF, 0x1D, 0xFF, 0x38, 0x00, 0x28, 0xFF, 0x02,
    0x00, 0x7F, 0xFF, 0x1D, 0xFF, 0x36, 0x00, 0x2A, 0xFF, 0x04, 0x00, 0x7F, 0xFF, 0x1B, 0xFF, 0x36,
    0x00, 0x2A, 0xFF, 0x04, 0x00, 0x7F, 0xFF, 0x1B, 0xFF, 0x38, 0x00, 0x2A, 0xFF, 0x04, 0x00, 0x68,
    0xFF, 0x02, 0x00, 0x2E, 0xFF, 0x38, 0x00, 0x2A, 0xFF, 0x04, 0x00, 0x64, 0xFF, 0x0A, 0x00, 0x2C,
    0xFF, 0x36, 0x00, 0x2C, 0xFF, 0x04, 0x00, 0x64, 0xFF, 0x0A, 0x00, 0x2A, 0xFF, 0x38, 0x00, 0x2A,
    0xFF, 0x06, 0x00, 0x66, 0xFF, 0x0A, 0x00, 0x28, 0xFF, 0x36, 0x00, 0x2C, 0xFF, 0x08, 0x00, 0x64,
    0xFF, 0x0C, 0x00, 0x26, 0xFF, 0x36, 0x00, 0x2E, 0xFF, 0x06, 0x00, 0x66, 0xFF, 0x0C, 0x00, 0x24,
    0xFF, 0x38, 0x00, 0x2C, 0xFF, 0x08, 0x00, 0x66, 0xFF, 0x0C, 0x00, 0x22, 0xFF, 0x38, 0x00, 0x2C,
    0xFF, 0x0A, 0x00, 0x66, 0xFF, 0x0A, 0x00, 0x24, 0xFF, 0x36, 0x00, 0x2E, 0xFF, 0x06, 0x00, 0x6E,
    0xFF, 0x04, 0x00, 0x24, 0xFF, 0x38, 0x00, 0x7F, 0xFF, 0x4B, 0xFF, 0x38, 0x00, 0x7F, 0xFF, 0x4B,
    0xFF, 0x38, 0x00, 0x7F, 0xFF, 0x4B, 0xFF, 0x38, 0x00, 0x7F, 0xFF, 0x4B, 0xFF, 0x38, 0x00, 0x7F,
    0xFF, 0x4B, 0xFF, 0x38, 0x00, 0x7F, 0xFF, 0x4B, 0xFF, 0x38, 0x00, 0x7F, 0xFF, 0x4D, 0xFF, 0x36,
    0x00, 0x7F, 0xFF, 0x4D, 0xFF, 0x38, 0x00, 0x7F, 0xFF, 0x4D, 0xFF, 0x36, 0x00, 0x7F, 0xFF, 0x4F,
    0xFF, 0x34, 0x00, 0x7F, 0xFF, 0x51, 0xFF, 0x34, 0x00, 0x7F, 0xFF, 0x51, 0xFF, 0x32, 0x00, 0x7F,
    0xFF, 0x51, 0xFF, 0x32, 0x00, 0x7F, 0xFF, 0x4F, 0xFF, 0x34, 0x00, 0x7F, 0xFF, 0x4D, 0xFF, 0x36,
    0x00, 0x7F, 0xFF, 0x4B, 0xFF, 0x36, 0x00, 0x3A, 0xFF, 0x02, 0x00, 0x02, 0xFF, 0x0C, 0x00, 0x0E,
    0xFF, 0x02, 0x00, 0x02, 0xFF, 0x04, 0x00, 0x6A, 0xFF, 0x38, 0x00, 0x1E, 0xFF, 0x0E, 0x00, 0x0E,
    0xFF, 0x0E, 0x00, 0x0E, 0xFF, 0x10, 0x00, 0x04, 0xFF, 0x10, 0x00, 0x4E, 0xFF, 0x3E, 0x00, 0x02,
    0xFF, 0x0A, 0x00, 0x0E, 0xFF, 0x0C, 0x00, 0x0E, 0xFF, 0x0E, 0x00, 0x0E, 0xFF, 0x0E, 0x00, 0x06,
    0xFF, 0x16, 0x00, 0x48, 0xFF, 0x36, 0x00, 0x06, 0xFF, 0x0E, 0x00, 0x0E, 0xFF, 0x0A, 0x00, 0x10,
    0xFF, 0x0C, 0x00, 0x10, 0xFF, 0x0C, 0x00, 0x08, 0xFF, 0x16, 0x00, 0x06, 0xFF, 0x08, 0x00, 0x3A,
    0xFF, 0x2C, 0x00, 0x02, 0xFF, 0x06, 0x00, 0x08, 0xFF, 0x0C, 0x00, 0x10, 0xFF, 0x0A, 0x00, 0x10,
    0xFF, 0x0C, 0x00, 0x10, 0xFF, 0x0A, 0x00, 0x0C, 0xFF, 0x12, 0x00, 0x0A, 0xFF, 0x06, 0x00, 0x08,
    0xFF, 0x06, 0x00, 0x2C, 0xFF, 0x28, 0x00, 0x14, 0xFF, 0x0C, 0x00, 0x10, 0xFF, 0x08, 0x00, 0x12,
    0xFF, 0x0A, 0x00, 0x12, 0xFF, 0x08, 0x00, 0x0E, 0xFF, 0x12, 0x00, 0x0A, 0xFF, 0x04, 0x00, 0x0A,
    0xFF, 0x10, 0x00, 0x22, 0xFF, 0x26, 0x00, 0x16, 0xFF, 0x0A, 0x00, 0x10, 0xFF, 0x0A, 0x00, 0x12,
    0xFF, 0x0A, 0x00, 0x12, 0xFF, 0x06, 0x00, 0x10, 0xFF, 0x10, 0x00, 0x1C, 0xFF, 0x14, 0x00, 0x1C,
    0xFF, 0x24, 0x00, 0x18, 0xFF, 0x0A, 0x00, 0x10, 0xFF, 0x08, 0x00, 0x14, 0xFF, 0x08, 0x00, 0x14,
    0xFF, 0x04, 0x00, 0x12, 0xFF, 0x10, 0x00, 0x1C, 0xFF, 0x1A, 0x00, 0x16, 0xFF, 0x24, 0x00, 0x16,
    0xFF, 0x0A, 0x00, 0x12, 0xFF, 0x08, 0x00, 0x14, 0xFF, 0x08, 0x00, 0x14, 0xFF, 0x02, 0x00, 0x14,
    0xFF, 0x0E, 0x00, 0x1E, 0xFF, 0x1E, 0x00, 0x12, 0xFF, 0x20, 0x00, 0x1A, 0xFF, 0x08, 0x00, 0x14,
    0xFF, 0x06, 0x00, 0x16, 0xFF, 0x06, 0x00, 0x14, 0xFF, 0x02, 0x00, 0x16, 0xFF, 0x0C, 0x00, 0x20,
    0xFF, 0x18, 0x00, 0x18, 0xFF, 0x20, 0x00, 0x1A, 0xFF, 0x06, 0x00, 0x16, 0xFF, 0x04, 0x00, 0x18,
    0xFF, 0x06, 0x00, 0x12, 0xFF, 0x04, 0x00, 0x14, 0xFF, 0x0E, 0x00, 0x20, 0xFF, 0x16, 0x00, 0x1A,
    0xFF, 0x1E, 0x00, 0x1A, 0xFF, 0x06, 0x00, 0x16, 0xFF, 0x06, 0x00, 0x16, 0xFF, 0x08, 0x00, 0x10,
    0xFF, 0x06, 0x00, 0x14, 0xFF, 0x0E, 0x00, 0x20, 0xFF, 0x14, 0x00, 0x1C, 0xFF, 0x1A, 0x00, 0x1E,
    0xFF, 0x06, 0x00, 0x16, 0xFF, 0x06, 0x00, 0x16, 0xFF, 0x08, 0x00, 0x10, 0xFF, 0x06, 0x00, 0x14,
    0xFF, 0x0E, 0x00, 0x20, 0xFF, 0x14, 0x00, 0x1C, 0xFF, 0x18, 0x00, 0x1E, 0xFF, 0x06, 0x00, 0x16,
    0xFF, 0x08, 0x00, 0x14, 0xFF, 0x0A, 0x00, 0x0E, 0xFF, 0x08, 0x00, 0x14, 0xFF, 0x0E, 0x00, 0x1E,
    0xFF, 0x16, 0x00, 0x1C, 0xFF, 0x16, 0x00, 0x1E, 0xFF, 0x06, 0x00, 0x16, 0xFF, 0x08, 0x00, 0x16,
    0xFF, 0x0A, 0x00, 0x08, 0xFF, 0x10, 0x00, 0x12, 0xFF, 0x0E, 0x00, 0x1E, 0xFF, 0x18, 0x00, 0x1A,
    0xFF, 0x14, 0x00, 0x1E, 0xFF, 0x06, 0x00, 0x16, 0xFF, 0x0A, 0x00, 0x14, 0xFF, 0x0C, 0x00, 0x06,
    0xFF, 0x12, 0x00, 0x12, 0xFF, 0x0E, 0x00, 0x1C, 0xFF, 0x1A, 0x00, 0x1A, 0xFF, 0x10, 0x00, 0x1E,
    0xFF, 0x0A, 0x00, 0x14, 0xFF, 0x0C, 0x00, 0x12, 0xFF, 0x0E, 0x00, 0x06, 0xFF, 0x12, 0x00, 0x12,
    0xFF, 0x0E, 0x00, 0x1A, 0xFF, 0x10, 0x00, 0x0A, 0xFF, 0x02, 0x00, 0x1A, 0xFF, 0x0E, 0x00, 0x1E,
    0xFF, 0x0A, 0x00, 0x16, 0xFF, 0x0A, 0x00, 0x12, 0xFF, 0x10, 0x00, 0x06, 0xFF, 0x12, 0x00, 0x06,
    0xFF, 0x06, 0x00, 0x06, 0xFF, 0x0E, 0x00, 0x0A, 0xFF, 0x02, 0x00, 0x0E, 0xFF, 0x10, 0x00, 0x26,
    0xFF, 0x0C, 0x00, 0x1E, 0xFF, 0x0A, 0x00, 0x16, 0xFF, 0x0E, 0x00, 0x0E, 0xFF, 0x2A, 0x00, 0x04,
    0xFF, 0x08, 0x00, 0x06, 0xFF, 0x0E, 0x00, 0x08, 0xFF, 0x04, 0x00, 0x0E, 0xFF, 0x10, 0x00, 0x0C,
    0xFF, 0x02, 0x00, 0x18, 0xFF, 0x08, 0x00, 0x1E, 0xFF, 0x0C, 0x00, 0x16, 0xFF, 0x0E, 0x00, 0x0C,
    0xFF, 0x4E, 0x00, 0x08, 0xFF, 0x04, 0x00, 0x0C, 0xFF, 0x12, 0x00, 0x26, 0xFF, 0x04, 0x00, 0x1E,
    0xFF, 0x0E, 0x00, 0x16, 0xFF, 0x10, 0x00, 0x04, 0xFF, 0x56, 0x00, 0x08, 0xFF, 0x06, 0x00, 0x0A,
    0xFF, 0x12, 0x00, 0x46, 0xFF, 0x10, 0x00, 0x14, 0xFF, 0x6C, 0x00, 0x06, 0xFF, 0x08, 0x00, 0x08,
    0xFF, 0x14, 0x00, 0x44, 0xFF, 0x10, 0x00, 0x14, 0xFF, 0x7E, 0x00, 0x06, 0xFF, 0x16, 0x00, 0x22,
    0xFF, 0x02, 0x00, 0x1A, 0xFF, 0x12, 0x00, 0x14, 0xFF, 0x7F, 0x00, 0x80, 0x00, 0x06, 0xFF, 0x16,
    0x00, 0x1A, 0xFF, 0x0A, 0x00, 0x18, 0xFF, 0x12, 0x00, 0x14, 0xFF, 0x7F, 0x00, 0x03, 0x00, 0x06,
    0xFF, 0x18, 0x00, 0x12, 0xFF, 0x10, 0x00, 0x16, 0xFF, 0x12, 0x00, 0x14, 0xFF, 0x7F, 0x00, 0x07,
    0x00, 0x04, 0xFF, 0x18, 0x00, 0x14, 0xFF, 0x0E, 0x00, 0x14, 0xFF, 0x14, 0x00, 0x10, 0xFF, 0x7F,
    0x00, 0x0B, 0x00, 0x04, 0xFF, 0x1A, 0x00, 0x12, 0xFF, 0x0E, 0x00, 0x12, 0xFF, 0x14, 0x00, 0x10,
    0xFF, 0x7F, 0x00, 0x2D, 0x00, 0x10, 0xFF, 0x0E, 0x00, 0x10, 0xFF, 0x14, 0x00, 0x10, 0xFF, 0x7F,
    0x00, 0x31, 0x00, 0x0C, 0xFF, 0x10, 0x00, 0x0E, 0xFF, 0x14, 0x00, 0x10, 0xFF, 0x7F, 0x00, 0x37,
    0x00, 0x06, 0xFF, 0x12, 0x00, 0x0C, 0xFF, 0x14, 0x00, 0x10, 0xFF, 0x7F, 0x00, 0x51, 0x00, 0x0A,
    0xFF, 0x14, 0x00, 0x10, 0xFF, 0x7F, 0x00, 0x53, 0x00, 0x0A, 0xFF, 0x12, 0x00, 0x10, 0xFF, 0x7F,
    0x00, 0x55, 0x00, 0x08, 0xFF, 0x12, 0x00, 0x12, 0xFF, 0x7F, 0x00, 0x55, 0x00, 0x06, 0xFF, 0x10,
    0x00, 0x14, 0xFF, 0x7F, 0x00, 0x51, 0x00, 0x08, 0xFF, 0x12, 0x00, 0x16, 0xFF, 0x7F, 0x00, 0x4B,
    0x00, 0x0C, 0xFF, 0x02, 0xFD, 0x06, 0x00, 0x00, 0x08, 0x00, 0x01, 0xFF, 0x28, 0x00, 0x05, 0xFA,
    0xF2, 0x05, 0x00, 0x16, 0xFF, 0x7F, 0x00, 0x59, 0x00, 0x28, 0xFF, 0x7F, 0x00, 0x57, 0x00, 0x2A,
    0xFF, 0x7F, 0x00, 0x57, 0x00, 0x2A, 0xFF, 0x7F, 0x00, 0x55, 0x00, 0x2C, 0xFF, 0x7F, 0x00, 0x55,
    0x00, 0x2C, 0xFF, 0x7F, 0x00, 0x53, 0x00, 0x2E, 0xFF, 0x7F, 0x00, 0x51, 0x00, 0x30, 0xFF, 0x7F,
    0x00, 0x51, 0x00, 0x32, 0xFF, 0x7F, 0x00, 0x4D, 0x00, 0x34, 0xFF, 0x7F, 0x00, 0x4B, 0x00, 0x38,
    0xFF, 0x7F, 0x00, 0x47, 0x00, 0x3C, 0xFF, 0x7F, 0x00, 0x43, 0x00, 0x40, 0xFF, 0x7F, 0x00, 0x3F,
    0x00, 0x44, 0xFF, 0x7F, 0x00, 0x3B, 0x00, 0x16, 0xFF, 0x0C, 0x00, 0x26, 0xFF, 0x7F, 0x00, 0x37,
    0x00, 0x14, 0xFF, 0x14, 0x00, 0x26, 0xFF, 0x7F, 0x00, 0x2F, 0x00, 0x16, 0xFF, 0x16, 0x00, 0x2A,
    0xFF, 0x7F, 0x00, 0x29, 0x00, 0x16, 0xFF, 0x18, 0x00, 0x2E, 0xFF, 0x7F, 0x00, 0x21, 0x00, 0x18,
    0xFF, 0x1A, 0x00, 0x32, 0xFF, 0x7F, 0x00, 0x1B, 0x00, 0x18, 0xFF, 0x1C, 0x00, 0x38, 0xFF, 0x7F,
    0x00, 0x0F, 0x00, 0x1E, 0xFF, 0x1C, 0x00, 0x3E, 0xFF, 0x7F, 0x00, 0x05, 0x00, 0x20, 0xFF, 0x1E,
    0x00, 0x46, 0xFF, 0x76, 0x00, 0x26, 0xFF, 0x1E, 0x00, 0x50, 0xFF, 0x64, 0x00, 0x2E, 0xFF, 0x1E,
    0x00, 0x5C, 0xFF, 0x4C, 0x00, 0x3A, 0xFF, 0x1E, 0x00, 0x6E, 0xFF, 0x28, 0x00, 0x4E, 0xFF, 0x1C,
    0x00, 0x7F, 0xFF, 0x65, 0xFF, 0x1C, 0x00, 0x7F, 0xFF, 0x67, 0xFF, 0x1A, 0x00, 0x7F, 0xFF, 0x69,
    0xFF, 0x18, 0x00, 0x7F, 0xFF, 0x6B, 0xFF, 0x18, 0x00, 0x7F, 0xFF, 0x6B, 0xFF, 0x1A, 0x00, 0x7F,
    0xFF, 0x67, 0xFF, 0x1E, 0x00, 0x7F, 0xFF, 0x65, 0xFF, 0x1E, 0x00, 0x7F, 0xFF, 0x65, 0xFF, 0x20,
    0x00, 0x7F, 0xFF, 0x65, 0xFF, 0x1E, 0x00, 0x7F, 0xFF, 0x67, 0xFF, 0x1E, 0x00, 0x7F, 0xFF, 0x6B,
    0xFF, 0x18, 0x00, 0x7F, 0xFF, 0x69, 0xFF, 0x1A, 0x00, 0x7F, 0xFF, 0x67, 0xFF, 0x1C, 0x00, 0x7F,
    0xFF, 0x65, 0xFF, 0x1E, 0x00, 0x7F, 0xFF, 0x63, 0xFF, 0x20, 0x00, 0x7F, 0xFF, 0x61, 0xFF, 0x22,
    0x00, 0x7F, 0xFF, 0x5F, 0xFF, 0x24, 0x00, 0x7F, 0xFF, 0x5D, 0xFF, 0x26, 0x00, 0x7F, 0xFF, 0x5B,
    0xFF, 0x28, 0x00, 0x7F, 0xFF, 0x59, 0xFF, 0x28, 0x00, 0x7F, 0xFF, 0x59, 0xFF, 0x2A, 0x00, 0x7F,
    0xFF, 0x57, 0xFF, 0x2C, 0x00, 0x20, 0xFF, 0x02, 0x00, 0x7F, 0xFF, 0x33, 0xFF, 0x2C, 0x00, 0x22,
    0xFF, 0x02, 0x00, 0x7F, 0xFF, 0x31, 0xFF, 0x2E, 0x00, 0x20, 0xFF, 0x04, 0x00, 0x7F, 0xFF, 0x2F,
    0xFF, 0x2E, 0x00, 0x20, 0xFF, 0x04, 0x00, 0x7F, 0xFF, 0x2F, 0xFF, 0x2E, 0x00, 0x22, 0xFF, 0x02,
    0x00, 0x7F, 0xFF, 0x2F, 0xFF, 0x2E, 0x00, 0x22, 0xFF, 0x04, 0x00, 0x7F, 0xFF, 0x2D, 0xFF, 0x2E,
    0x00, 0x22, 0xFF, 0x04, 0x00, 0x7F, 0xFF, 0x2D, 0xFF, 0x2E, 0x00, 0x20, 0xFF, 0x04, 0x00, 0x7F,
    0xFF, 0x2B, 0xFF, 0x30, 0x00, 0x22, 0xFF, 0x04, 0x00, 0x7F, 0xFF, 0x27, 0xFF, 0x34, 0x00, 0x22,
    0xFF, 0x02, 0x00, 0x7F, 0xFF, 0x27, 0xFF, 0x34, 0x00, 0x22, 0xFF, 0x04, 0x00, 0x7F, 0xFF, 0x23,
    0xFF, 0x36, 0x00, 0x24, 0xFF, 0x04, 0x00, 0x7F, 0xFF, 0x21, 0xFF, 0x36, 0x00, 0x24, 0xFF, 0x04,
    0x00, 0x7F, 0xFF, 0x21, 0xFF, 0x36, 0x00, 0x26, 0xFF, 0x02, 0x00, 0x7F, 0xFF, 0x1F, 0xFF, 0x38,
    0x00, 0x26, 0xFF, 0x04, 0x00, 0x7F, 0xFF, 0x1D, 0xFF, 0x38, 0x00, 0x26, 0xFF, 0x02, 0x00, 0x7F,
    0xFF, 0x1F, 0xFF, 0x38, 0x00, 0x26, 0xFF, 0x04, 0x00, 0x7F, 0xFF, 0x1D, 0xFF, 0x38, 0x00, 0x28,
    0xFF, 0x02, 0x00, 0x7F, 0xFF, 0x1D, 0xFF, 0x36, 0x00, 0x2A, 0xFF, 0x04, 0x00, 0x7F, 0xFF, 0x1B,
    0xFF, 0x36, 0x00, 0x2A, 0xFF, 0x04, 0x00, 0x7F, 0xFF, 0x1B, 0xFF, 0x38, 0x00, 0x2A, 0xFF, 0x04,
    0x00, 0x68, 0xFF, 0x02, 0x00, 0x2E, 0xFF, 0x38, 0x00, 0x2A, 0xFF, 0x04, 0x00, 0x64, 0xFF, 0x0A,
    0x00, 0x2C, 0xFF, 0x36, 0x00, 0x2C, 0xFF, 0x04, 0x00, 0x64, 0xFF, 0x0A, 0x00, 0x2A, 0xFF, 0x38,
    0x00, 0x2A, 0xFF, 0x06, 0x00, 0x66, 0xFF, 0x0A, 0x00, 0x28, 0xFF, 0x36, 0x00, 0x2C, 0xFF, 0x08,
    0x00, 0x64, 0xFF, 0x0C, 0x00, 0x26, 0xFF, 0x36, 0x00, 0x2E, 0xFF, 0x06, 0x00, 0x66, 0xFF, 0x0C,
    0x00, 0x24, 0xFF, 0x38, 0x00, 0x2C, 0xFF, 0x08, 0x00, 0x66, 0xFF, 0x0C, 0x00, 0x22, 0xFF, 0x38,
    0x00, 0x2C, 0xFF, 0x0A, 0x00, 0x66, 0xFF, 0x0A, 0x00, 0x24, 0xFF, 0x36, 0x00, 0x2E, 0xFF, 0x06,
    0x00, 0x6E, 0xFF, 0x04, 0x00, 0x24, 0xFF, 0x38, 0x00, 0x7F, 0xFF, 0x4B, 0xFF, 0x38, 0x00, 0x7F,
    0xFF, 0x4B, 0xFF, 0x38, 0x00, 0x7F, 0xFF, 0x4B, 0xFF, 0x38, 0x00, 0x7F, 0xFF, 0x4B, 0xFF, 0x38,
    0x00, 0x7F, 0xFF, 0x4B, 0xFF, 0x38, 0x00, 0x7F, 0xFF, 0x4B, 0xFF, 0x38, 0x00, 0x7F, 0xFF, 0x4D,
    0xFF, 0x36, 0x00, 0x7F, 0xFF, 0x4D, 0xFF, 0x38, 0x00, 0x7F, 0xFF, 0x4D, 0xFF, 0x36, 0x00, 0x7F,
    0xFF, 0x4F, 0xFF, 0x34, 0x00, 0x7F, 0xFF, 0x51, 0xFF, 0x34, 0x00, 0x7F, 0xFF, 0x51, 0xFF, 0x32,
    0x00, 0x7F, 0xFF, 0x51, 0xFF, 0x32, 0x00, 0x7F, 0xFF, 0x4F, 0xFF, 0x34, 0x00, 0x7F, 0xFF, 0x4D,
    0xFF, 0x36, 0x00, 0x7F, 0xFF, 0x4B, 0xFF, 0x36, 0x00, 0x3A, 0xFF, 0x02, 0x00, 0x02, 0xFF, 0x0C,
    0x00, 0x0E, 0xFF, 0x02, 0x00, 0x02, 0xFF, 0x04, 0x00, 0x6A, 0xFF, 0x38, 0x00, 0x1E, 0xFF, 0x0E,
    0x00, 0x0E, 0xFF, 0x0E, 0x00, 0x0E, 0xFF, 0x10, 0x00, 0x04, 0xFF, 0x10, 0x00, 0x4E, 0xFF, 0x3E,
    0x00, 0x02, 0xFF, 0x0A, 0x00, 0x0E, 0xFF, 0x0C, 0x00, 0x0E, 0xFF, 0x0E, 0x00, 0x0E, 0xFF, 0x0E,
    0x00, 0x06, 0xFF, 0x16, 0x00, 0x48, 0xFF, 0x36, 0x00, 0x06, 0xFF, 0x0E, 0x00, 0x0E, 0xFF, 0x0A,
    0x00, 0x10, 0xFF, 0x0C, 0x00, 0x10, 0xFF, 0x0C, 0x00, 0x08, 0xFF, 0x16, 0x00, 0x06, 0xFF, 0x08,
    0x00, 0x3A, 0xFF, 0x2C, 0x00, 0x02, 0xFF, 0x06, 0x00, 0x08, 0xFF, 0x0C, 0x00, 0x10, 0xFF, 0x0A,
    0x00, 0x10, 0xFF, 0x0C, 0x00, 0x10, 0xFF, 0x0A, 0x00, 0x0C, 0xFF, 0x12, 0x00, 0x0A, 0xFF, 0x06,
    0x00, 0x08, 0xFF, 0x06, 0x00, 0x2C, 0xFF, 0x28, 0x00, 0x14, 0xFF, 0x0C, 0x00, 0x10, 0xFF, 0x08,
    0x00, 0x12, 0xFF, 0x0A, 0x00, 0x12, 0xFF, 0x08, 0x00, 0x0E, 0xFF, 0x12, 0x00, 0x0A, 0xFF, 0x04,
    0x00, 0x0A, 0xFF, 0x10, 0x00, 0x22, 0xFF, 0x26, 0x00, 0x16, 0xFF, 0x0A, 0x00, 0x10, 0xFF, 0x0A,
    0x00, 0x12, 0xFF, 0x0A, 0x00, 0x12, 0xFF, 0x06, 0x00, 0x10, 0xFF, 0x10, 0x00, 0x1C, 0xFF, 0x14,
    0x00, 0x1C, 0xFF, 0x24, 0x00, 0x18, 0xFF, 0x0A, 0x00, 0x10, 0xFF, 0x08, 0x00, 0x14, 0xFF, 0x08,
    0x00, 0x14, 0xFF, 0x04, 0x00, 0x12, 0xFF, 0x10, 0x00, 0x1C, 0xFF, 0x1A, 0x00, 0x16, 0xFF, 0x24,
    0x00, 0x16, 0xFF, 0x0A, 0x00, 0x12, 0xFF, 0x08, 0x00, 0x14, 0xFF, 0x08, 0x00, 0x14, 0xFF, 0x02,
    0x00, 0x14, 0xFF, 0x0E, 0x00, 0x1E, 0xFF, 0x1E, 0x00, 0x12, 0xFF, 0x20, 0x00, 0x1A, 0xFF, 0x08,
    0x00, 0x14, 0xFF, 0x06, 0x00, 0x16, 0xFF, 0x06, 0x00, 0x14, 0xFF, 0x02, 0x00, 0x16, 0xFF, 0x0C,
    0x00, 0x20, 0xFF, 0x18, 0x00, 0x18, 0xFF, 0x20, 0x00, 0x1A, 0xFF, 0x06, 0x00, 0x16, 0xFF, 0x04,
    0x00, 0x18, 0xFF, 0x06, 0x00, 0x12, 0xFF, 0x04, 0x00, 0x14, 0xFF, 0x0E, 0x00, 0x20, 0xFF, 0x16,
    0x00, 0x1A, 0xFF, 0x1E, 0x00, 0x1A, 0xFF, 0x06, 0x00, 0x16, 0xFF, 0x06, 0x00, 0x16, 0xFF, 0x08,
    0x00, 0x10, 0xFF, 0x06, 0x00, 0x14, 0xFF, 0x0E, 0x00, 0x20, 0xFF, 0x14, 0x00, 0x1C, 0xFF, 0x1A,
    0x00, 0x1E, 0xFF, 0x06, 0x00, 0x16, 0xFF, 0x06, 0x00, 0x16, 0xFF, 0x08, 0x00, 0x10, 0xFF, 0x06,
    0x00, 0x14, 0xFF, 0x0E, 0x00, 0x20, 0xFF, 0x14, 0x00, 0x1C, 0xFF, 0x18, 0x00, 0x1E, 0xFF, 0x06,
    0x00, 0x16, 0xFF, 0x08, 0x00, 0x14, 0xFF, 0x0A, 0x00, 0x0E, 0xFF, 0x08, 0x00, 0x14, 0xFF, 0x0E,
    0x00, 0x1E, 0xFF, 0x16, 0x00, 0x1C, 0xFF, 0x16, 0x00, 0x1E, 0xFF, 0x06, 0x00, 0x16, 0xFF, 0x08,
    0x00, 0x16, 0xFF, 0x0A, 0x00, 0x08, 0xFF, 0x10, 0x00, 0x12, 0xFF, 0x0E, 0x00, 0x1E, 0xFF, 0x18,
    0x00, 0x1A, 0xFF, 0x14, 0x00, 0x1E, 0xFF, 0x06, 0x00, 0x16, 0xFF, 0x0A, 0x00, 0x14, 0xFF, 0x0C,
    0x00, 0x06, 0xFF, 0x12, 0x00, 0x12, 0xFF, 0x0E, 0x00, 0x1C, 0xFF, 0x1A, 0x00, 0x1A, 0xFF, 0x10,
    0x00, 0x1E, 0xFF, 0x0A, 0x00, 0x14, 0xFF, 0x0C, 0x00, 0x12, 0xFF, 0x0E, 0x00, 0x06, 0xFF, 0x12,
    0x00, 0x12, 0xFF, 0x0E, 0x00, 0x1A, 0xFF, 0x10, 0x00, 0x0A, 0xFF, 0x02, 0x00, 0x1A, 0xFF, 0x0E,
    0x00, 0x1E, 0xFF, 0x0A, 0x00, 0x16, 0xFF, 0x0A, 0x00, 0x12, 0xFF, 0x10, 0x00, 0x06, 0xFF, 0x12,
    0x00, 0x06, 0xFF, 0x06, 0x00, 0x06, 0xFF, 0x0E, 0x00, 0x0A, 0xFF, 0x02, 0x00, 0x0E, 0xFF, 0x10,
    0x00, 0x26, 0xFF, 0x0C, 0x00, 0x1E, 0xFF, 0x0A, 0x00, 0x16, 0xFF, 0x0E, 0x00, 0x0E, 0xFF, 0x2A,
    0x00, 0x04, 0xFF, 0x08, 0x00, 0x06, 0xFF, 0x0E, 0x00, 0x08, 0xFF, 0x04, 0x00, 0x0E, 0xFF, 0x10,
    0x00, 0x0C, 0xFF, 0x02, 0x00, 0x18, 0xFF, 0x08, 0x00, 0x1E, 0xFF, 0x0C, 0x00, 0x16, 0xFF, 0x0E,
    0x00, 0x0C, 0xFF, 0x4E, 0x00, 0x08, 0xFF, 0x04, 0x00, 0x0C, 0xFF, 0x12, 0x00, 0x26, 0xFF, 0x04,
    0x00, 0x1E, 0xFF, 0x0E, 0x00, 0x16, 0xFF, 0x10, 0x00, 0x04, 0xFF, 0x56, 0x00, 0x08, 0xFF, 0x06,
    0x00, 0x0A, 0xFF, 0x12, 0x00, 0x46, 0xFF, 0x10, 0x00, 0x14, 0xFF, 0x6C, 0x00, 0x06, 0xFF, 0x08,
    0x00, 0x08, 0xFF, 0x14, 0x00, 0x44, 0xFF, 0x10, 0x00, 0x14, 0xFF, 0x7E, 0x00, 0x06, 0xFF, 0x16,
    0x00, 0x22, 0xFF, 0x02, 0x00, 0x1A, 0xFF, 0x12, 0x00, 0x14, 0xFF, 0x7F, 0x00, 0x80, 0x00, 0x06,
    0xFF, 0x16, 0x00, 0x1A, 0xFF, 0x0A, 0x00, 0x18, 0xFF, 0x12, 0x00, 0x14, 0xFF, 0x7F, 0x00, 0x03,
    0x00, 0x06, 0xFF, 0x18, 0x00, 0x12, 0xFF, 0x10, 0x00, 0x16, 0xFF, 0x12, 0x00, 0x14, 0xFF, 0x7F,
    0x00, 0x07, 0x00, 0x04, 0xFF, 0x18, 0x00, 0x14, 0xFF, 0x0E, 0x00, 0x14, 0xFF, 0x14, 0x00, 0x10,
    0xFF, 0x7F, 0x00, 0x0B, 0x00, 0x04, 0xFF, 0x1A, 0x00, 0x12, 0xFF, 0x0E, 0x00, 0x12, 0xFF, 0x14,
    0x00, 0x10, 0xFF, 0x7F, 0x00, 0x2D, 0x00, 0x10, 0xFF, 0x0E, 0x00, 0x10, 0xFF, 0x14, 0x00, 0x10,
    0xFF, 0x7F, 0x00, 0x31, 0x00, 0x0C, 0xFF, 0x10, 0x00, 0x0E, 0xFF, 0x14, 0x00, 0x10, 0xFF, 0x7F,
    0x00, 0x37, 0x00, 0x06, 0xFF, 0x12, 0x00, 0x0C, 0xFF, 0x14, 0x00, 0x10, 0xFF, 0x7F, 0x00, 0x51,
    0x00, 0x0A, 0xFF, 0x14, 0x00, 0x10, 0xFF, 0x7F, 0x00, 0x53, 0x00, 0x0A, 0xFF, 0x12, 0x00, 0x10,
    0xFF, 0x7F, 0x00, 0x55, 0x00, 0x08, 0xFF, 0x12, 0x00, 0x12, 0xFF, 0x7F, 0x00, 0x55, 0x00, 0x06,
    0xFF, 0x10, 0x00, 0x14, 0xFF, 0x7F, 0x00, 0x51, 0x00, 0x08, 0xFF, 0x12, 0x00, 0x16, 0xFF, 0x7F,
    0x00, 0x4B, 0x00, 0x0C, 0xFF, 0x02, 0xFD, 0x06, 0x00, 0x00, 0x08, 0x00, 0x01, 0xFF, 0x28, 0x00,
    0x05, 0xFA, 0x4C, 0x05, 0x00, 0x7F, 0x00, 0x7F, 0x00, 0x7F, 0x00, 0x7F, 0x00, 0x7F, 0x00, 0x7F,
    0x00, 0x7F, 0x00, 0x7F, 0x00, 0x7F, 0x00, 0x7F, 0x00, 0x7F, 0x00, 0x7F, 0x00, 0x7F, 0x00, 0x7F,
    0x00, 0x0E, 0x00, 0x02, 0xFF, 0x7F, 0x00, 0x7F, 0x00, 0x04, 0xFF, 0x7F, 0x00, 0x7D, 0x00, 0x06,
    0xFF, 0x7F, 0x00, 0x7B, 0x00, 0x08, 0xFF, 0x7F, 0x00, 0x79, 0x00, 0x0A, 0xFF, 0x7F, 0x00, 0x77,
    0x00, 0x0C, 0xFF, 0x7F, 0x00, 0x75, 0x00, 0x10, 0xFF, 0x7F, 0x00, 0x71, 0x00, 0x12, 0xFF, 0x7F,
    0x00, 0x6F, 0x00, 0x16, 0xFF, 0x7F, 0x00, 0x6B, 0x00, 0x1A, 0xFF, 0x7F, 0x00, 0x67, 0x00, 0x1E,
    0xFF, 0x7F, 0x00, 0x63, 0x00, 0x24, 0xFF, 0x7F, 0x00, 0x5D, 0x00, 0x28, 0xFF, 0x7F, 0x00, 0x59,
    0x00, 0x2E, 0xFF, 0x7F, 0x00, 0x53, 0x00, 0x36, 0xFF, 0x7F, 0x00, 0x19, 0x00, 0x06, 0xFF, 0x2C,
    0x00, 0x3E, 0xFF, 0x7F, 0x00, 0x09, 0x00, 0x10, 0xFF, 0x2A, 0x00, 0x4A, 0xFF, 0x72, 0x00, 0x1A,
    0xFF, 0x2E, 0x00, 0x52, 0xFF, 0x5A, 0x00, 0x28, 0xFF, 0x2E, 0x00, 0x62, 0xFF, 0x36, 0x00, 0x3A,
    0xFF, 0x32, 0x00, 0x7F, 0xFF, 0x4F, 0xFF, 0x34, 0x00, 0x7F, 0xFF, 0x4D, 0xFF, 0x36, 0x00, 0x7F,
    0xFF, 0x4B, 0xFF, 0x38, 0x00, 0x7F, 0xFF, 0x49, 0xFF, 0x3C, 0x00, 0x7F, 0xFF, 0x45, 0xFF, 0x3E,
    0x00, 0x7F, 0xFF, 0x45, 0xFF, 0x3E, 0x00, 0x7F, 0xFF, 0x43, 0xFF, 0x40, 0x00, 0x7F, 0xFF, 0x41,
    0xFF, 0x42, 0x00, 0x7F, 0xFF, 0x41, 0xFF, 0x42, 0x00, 0x7F, 0xFF, 0x41, 0xFF, 0x42, 0x00, 0x7F,
    0xFF, 0x41, 0xFF, 0x42, 0x00, 0x1A, 0xFF, 0x08, 0x00, 0x70, 0xFF, 0x08, 0x00, 0x26, 0xFF, 0x42,
    0x00, 0x18, 0xFF, 0x0A, 0x00, 0x6E, 0xFF, 0x0A, 0x00, 0x26, 0xFF, 0x40, 0x00, 0x1A, 0xFF, 0x0A,
    0x00, 0x6C, 0xFF, 0x0C, 0x00, 0x26, 0xFF, 0x40, 0x00, 0x1A, 0xFF, 0x0A, 0x00, 0x6A, 0xFF, 0x0E,
    0x00, 0x24, 0xFF, 0x42, 0x00, 0x18, 0xFF, 0x0A, 0x00, 0x68, 0xFF, 0x10, 0x00, 0x26, 0xFF, 0x42,
    0x00, 0x18, 0xFF, 0x0A, 0x00, 0x66, 0xFF, 0x10, 0x00, 0x28, 0xFF, 0x40, 0x00, 0x1A, 0xFF, 0x0A,
    0x00, 0x64, 0xFF, 0x0E, 0x00, 0x2A, 0xFF, 0x42, 0x00, 0x18, 0xFF, 0x0A, 0x00, 0x64, 0xFF, 0x0E,
    0x00, 0x2A, 0xFF, 0x44, 0x00, 0x18, 0xFF, 0x0A, 0x00, 0x62, 0xFF, 0x0E, 0x00, 0x2A, 0xFF, 0x44,
    0x00, 0x1A, 0xFF, 0x08, 0x00, 0x60, 0xFF, 0x10, 0x00, 0x2A, 0xFF, 0x44, 0x00, 0x1A, 0xFF, 0x0A,
    0x00, 0x5E, 0xFF, 0x0E, 0x00, 0x2C, 0xFF, 0x46, 0x00, 0x18, 0xFF, 0x0A, 0x00, 0x5C, 0xFF, 0x0E,
    0x00, 0x2E, 0xFF, 0x46, 0x00, 0x18, 0xFF, 0x0C, 0x00, 0x5A, 0xFF, 0x0E, 0x00, 0x2E, 0xFF, 0x46,
    0x00, 0x18, 0xFF, 0x0C, 0x00, 0x58, 0xFF, 0x0E, 0x00, 0x2E, 0xFF, 0x48, 0x00, 0x18, 0xFF, 0x0C,
    0x00, 0x56, 0xFF, 0x0E, 0x00, 0x2E, 0xFF, 0x48, 0x00, 0x1A, 0xFF, 0x0C, 0x00, 0x54, 0xFF, 0x0C,
    0x00, 0x30, 0xFF, 0x4A, 0x00, 0x1A, 0xFF, 0x0A, 0x00, 0x52, 0xFF, 0x0E, 0x00, 0x32, 0xFF, 0x48,
    0x00, 0x1A, 0xFF, 0x0C, 0x00, 0x50, 0xFF, 0x0E, 0x00, 0x32, 0xFF, 0x4A, 0x00, 0x1A, 0xFF, 0x0A,
    0x00, 0x50, 0xFF, 0x0C, 0x00, 0x34, 0xFF, 0x4A, 0x00, 0x1A, 0xFF, 0x0C, 0x00, 0x4C, 0xFF, 0x0E,
    0x00, 0x34, 0xFF, 0x4A, 0x00, 0x1C, 0xFF, 0x0A, 0x00, 0x4A, 0xFF, 0x0E, 0x00, 0x36, 0xFF, 0x4A,
    0x00, 0x1C, 0xFF, 0x0A, 0x00, 0x48, 0xFF, 0x0E, 0x00, 0x38, 0xFF, 0x4A, 0x00, 0x1C, 0xFF, 0x0C,
    0x00, 0x44, 0xFF, 0x0E, 0x00, 0x3C, 0xFF, 0x48, 0x00, 0x1C, 0xFF, 0x0C, 0x00, 0x42, 0xFF, 0x0E,
    0x00, 0x3E, 0xFF, 0x48, 0x00, 0x1E, 0xFF, 0x0A, 0x00, 0x40, 0xFF, 0x0E, 0x00, 0x40, 0xFF, 0x48,
    0x00, 0x1E, 0xFF, 0x0A, 0x00, 0x3E, 0xFF, 0x0E, 0x00, 0x14, 0xFF, 0x06, 0x00, 0x28, 0xFF, 0x48,
    0x00, 0x1E, 0xFF, 0x0C, 0x00, 0x3A, 0xFF, 0x0E, 0x00, 0x12, 0xFF, 0x0C, 0x00, 0x26, 0xFF, 0x4A,
    0x00, 0x1E, 0xFF, 0x0A, 0x00, 0x36, 0xFF, 0x10, 0x00, 0x16, 0xFF, 0x0C, 0x00, 0x26, 0xFF, 0x48,
    0x00, 0x1E, 0xFF, 0x0C, 0x00, 0x32, 0xFF, 0x10, 0x00, 0x1A, 0xFF, 0x0C, 0x00, 0x24, 0xFF, 0x4A,
    0x00, 0x1E, 0xFF, 0x0C, 0x00, 0x2A, 0xFF, 0x16, 0x00, 0x1E, 0xFF, 0x0C, 0x00, 0x22, 0xFF, 0x48,
    0x00, 0x1E, 0xFF, 0x0E, 0x00, 0x24, 0xFF, 0x18, 0x00, 0x22, 0xFF, 0x0E, 0x00, 0x20, 0xFF, 0x48,
    0x00, 0x1E, 0xFF, 0x0E, 0x00, 0x1E, 0xFF, 0x1A, 0x00, 0x28, 0xFF, 0x0C, 0x00, 0x1E, 0xFF, 0x4A,
    0x00, 0x1E, 0xFF, 0x0E, 0x00, 0x14, 0xFF, 0x20, 0x00, 0x2E, 0xFF, 0x0C, 0x00, 0x1E, 0xFF, 0x4A,
    0x00, 0x1E, 0xFF, 0x0C, 0x00, 0x08, 0xFF, 0x28, 0x00, 0x34, 0xFF, 0x0C, 0x00, 0x1C, 0xFF, 0x4A,
    0x00, 0x1E, 0xFF, 0x38, 0x00, 0x3A, 0xFF, 0x0C, 0x00, 0x1A, 0xFF, 0x4A, 0x00, 0x1E, 0xFF, 0x32,
    0x00, 0x42, 0xFF, 0x0C, 0x00, 0x1A, 0xFF, 0x4A, 0x00, 0x1E, 0xFF, 0x2A, 0x00, 0x4A, 0xFF, 0x0A,
    0x00, 0x1A, 0xFF, 0x4C, 0x00, 0x1E, 0xFF, 0x20, 0x00, 0x56, 0xFF, 0x08, 0x00, 0x1A, 0xFF, 0x4A,
    0x00, 0x1E, 0xFF, 0x14, 0x00, 0x7F, 0xFF, 0x07, 0xFF, 0x4A, 0x00, 0x7F, 0xFF, 0x39, 0xFF, 0x4A,
    0x00, 0x7F, 0xFF, 0x39, 0xFF, 0x4A, 0x00, 0x7F, 0xFF, 0x37, 0xFF, 0x4C, 0x00, 0x7F, 0xFF, 0x39,
    0xFF, 0x4A, 0x00, 0x7F, 0xFF, 0x39, 0xFF, 0x4A, 0x00, 0x7F, 0xFF, 0x39, 0xFF, 0x4A, 0x00, 0x7F,
    0xFF, 0x39, 0xFF, 0x48, 0x00, 0x7F, 0xFF, 0x3B, 0xFF, 0x48, 0x00, 0x7F, 0xFF, 0x3B, 0xFF, 0x48,
    0x00, 0x7F, 0xFF, 0x39, 0xFF, 0x4C, 0x00, 0x24, 0xFF, 0x4E, 0x00, 0x44, 0xFF, 0x7F, 0x00, 0x59,
    0x00, 0x28, 0xFF, 0x7F, 0x00, 0x6B, 0x00, 0x14, 0xFF, 0x7F, 0x00, 0x7F, 0x00, 0x7F, 0x00, 0x7F,
    0x00, 0x7F, 0x00, 0x7F, 0x00, 0x7F, 0x00, 0x03, 0x00, 0x0A, 0xFF, 0x10, 0x00, 0x0C, 0xFF, 0x12,
    0x00, 0x02, 0xFF, 0x7F, 0x00, 0x2D, 0x00, 0x0A, 0xFF, 0x0E, 0x00, 0x0E, 0xFF, 0x0E, 0x00, 0x0C,
    0xFF, 0x10, 0x00, 0x04, 0xFF, 0x16, 0x00, 0x04, 0xFF, 0x7E, 0x00, 0x04, 0xFF, 0x0E, 0x00, 0x0C,
    0xFF, 0x0C, 0x00, 0x10, 0xFF, 0x0C, 0x00, 0x06, 0xFF, 0x16, 0x00, 0x06, 0xFF, 0x14, 0x00, 0x06,
    0xFF, 0x06, 0x00, 0x08, 0xFF, 0x66, 0x00, 0x02, 0xFF, 0x04, 0x00, 0x08, 0xFF, 0x0C, 0x00, 0x0E,
    0xFF, 0x0C, 0x00, 0x06, 0xFF, 0x02, 0x00, 0x08, 0xFF, 0x0A, 0x00, 0x0A, 0xFF, 0x12, 0x00, 0x08,
    0xFF, 0x12, 0x00, 0x0A, 0xFF, 0x04, 0x00, 0x08, 0xFF, 0x62, 0x00, 0x06, 0xFF, 0x02, 0x00, 0x08,
    0xFF, 0x0E, 0x00, 0x0C, 0xFF, 0x0C, 0x00, 0x06, 0xFF, 0x04, 0x00, 0x06, 0xFF, 0x0C, 0x00, 0x0A,
    0xFF, 0x10, 0x00, 0x0A, 0xFF, 0x12, 0x00, 0x0A, 0xFF, 0x02, 0x00, 0x08, 0xFF, 0x16, 0x00, 0x0A,
    0xFF, 0x42, 0x00, 0x0E, 0xFF, 0x10, 0x00, 0x0C, 0xFF, 0x0E, 0x00, 0x06, 0xFF, 0x02, 0x00, 0x08,
    0xFF, 0x0A, 0x00, 0x0C, 0xFF, 0x0E, 0x00, 0x0C, 0xFF, 0x10, 0x00, 0x14, 0xFF, 0x14, 0x00, 0x12,
    0xFF, 0x3C, 0x00, 0x0E, 0xFF, 0x10, 0x00, 0x0C, 0xFF, 0x0E, 0x00, 0x06, 0xFF, 0x02, 0x00, 0x08,
    0xFF, 0x0C, 0x00, 0x06, 0xFF, 0x12, 0x00, 0x0E, 0xFF, 0x10, 0x00, 0x14, 0xFF, 0x12, 0x00, 0x18,
    0xFF, 0x36, 0x00, 0x0E, 0xFF, 0x10, 0x00, 0x0E, 0xFF, 0x0C, 0x00, 0x10, 0xFF, 0x0C, 0x00, 0x06,
    0xFF, 0x12, 0x00, 0x10, 0xFF, 0x0E, 0x00, 0x14, 0xFF, 0x14, 0x00, 0x0A, 0xFF, 0x02, 0x00, 0x0C,
    0xFF, 0x34, 0x00, 0x0C, 0xFF, 0x14, 0x00, 0x0E, 0xFF, 0x0C, 0x00, 0x0E, 0xFF, 0x0E, 0x00, 0x06,
    0xFF, 0x10, 0x00, 0x06, 0xFF, 0x02, 0x00, 0x0A, 0xFF, 0x0C, 0x00, 0x08, 0xFF, 0x04, 0x00, 0x08,
    0xFF, 0x16, 0x00, 0x0C, 0xFF, 0x04, 0x00, 0x04, 0xFF, 0x36, 0x00, 0x0C, 0xFF, 0x14, 0x00, 0x0E,
    0xFF, 0x0C, 0x00, 0x0C, 0xFF, 0x12, 0x00, 0x04, 0xFF, 0x12, 0x00, 0x04, 0xFF, 0x08, 0x00, 0x04,
    0xFF, 0x0E, 0x00, 0x06, 0xFF, 0x06, 0x00, 0x08, 0xFF, 0x18, 0x00, 0x0C, 0xFF, 0x38, 0x00, 0x0E,
    0xFF, 0x14, 0x00, 0x0E, 0xFF, 0x0E, 0x00, 0x06, 0xFF, 0x4C, 0x00, 0x06, 0xFF, 0x08, 0x00, 0x04,
    0xFF, 0x14, 0x00, 0x02, 0xFF, 0x06, 0x00, 0x0C, 0xFF, 0x34, 0x00, 0x10, 0xFF, 0x12, 0x00, 0x0E,
    0xFF, 0x70, 0x00, 0x04, 0xFF, 0x12, 0x00, 0x08, 0xFF, 0x02, 0x00, 0x0C, 0xFF, 0x32, 0x00, 0x10,
    0xFF, 0x14, 0x00, 0x0A, 0xFF, 0x7F, 0x00, 0x09, 0x00, 0x18, 0xFF, 0x30, 0x00, 0x12, 0xFF, 0x12,
    0x00, 0x02, 0xFF, 0x7F, 0x00, 0x15, 0x00, 0x14, 0xFF, 0x30, 0x00, 0x12, 0xFF, 0x7F, 0x00, 0x2F,
    0x00, 0x0E, 0xFF, 0x2E, 0x00, 0x16, 0xFF, 0x7F, 0x00, 0x69, 0x00, 0x08, 0xFF, 0x02, 0x00, 0x0C,
    0xFF, 0x7F, 0x00, 0x67, 0x00, 0x0A, 0xFF, 0x02, 0x00, 0x0C, 0xFF, 0x7F, 0x00, 0x65, 0x00, 0x0C,
    0xFF, 0x02, 0x00, 0x0C, 0xFF, 0x7F, 0x00, 0x65, 0x00, 0x0A, 0xFF, 0x04, 0x00, 0x0A, 0xFF, 0x7F,
    0x00, 0x67, 0x00, 0x0A, 0xFF, 0x04, 0x00, 0x08, 0xFF, 0x7F, 0x00, 0x6B, 0x00, 0x06, 0xFF, 0x04,
    0x00, 0x08, 0xFF, 0x7F, 0x00, 0x6F, 0x00, 0x02, 0xFF, 0x06, 0x00, 0x06, 0xFF, 0x7F, 0x00, 0x79,
    0x00, 0x04, 0xFF, 0x7F, 0x00, 0x79, 0x00, 0x06, 0xFF, 0x7F, 0x00, 0x79, 0x00, 0x06, 0xFF, 0x7F,
    0x00, 0x7B, 0x00, 0x04, 0xFF, 0x7F, 0x00, 0x7D, 0x00, 0x02, 0xFF, 0x7F, 0x00, 0x7F, 0x00, 0x7F,
    0x00, 0x7F, 0x00, 0x7F, 0x00, 0x7F, 0x00, 0x7F, 0x00, 0x7F, 0x00, 0x7F, 0x00, 0x7F, 0x00, 0x7F,
    0x00, 0x7F, 0x00, 0x7F, 0x00, 0x7F, 0x00, 0x7F, 0x00, 0x7F, 0x00, 0x7F, 0x00, 0x7F, 0x00, 0x10,
    0x00, 0x02, 0xFD, 0x06, 0x00, 0x00, 0x08, 0x02, 0x01, 0xFF, 0x28, 0x00, 0x04, 0xFB, 0x08, 0x00,
    0x00, 0x00, 0x00, 0x07, 0x00, 0x75, 0x00, 0x77, 0x00, 0x05, 0xFA, 0xE2, 0x04, 0x00, 0x7F, 0x00,
    0x7F, 0x00, 0x7F, 0x00, 0x7F, 0x00, 0x7F, 0x00, 0x49, 0x00, 0x02, 0xFF, 0x7F, 0x00, 0x6B, 0x00,
    0x04, 0xFF, 0x7F, 0x00, 0x69, 0x00, 0x06, 0xFF, 0x7F, 0x00, 0x67, 0x00, 0x0A, 0xFF, 0x7F, 0x00,
    0x63, 0x00, 0x0E, 0xFF, 0x7F, 0x00, 0x5F, 0x00, 0x12, 0xFF, 0x7F, 0x00, 0x5B, 0x00, 0x16, 0xFF,
    0x7F, 0x00, 0x57, 0x00, 0x1A, 0xFF, 0x7F, 0x00, 0x53, 0x00, 0x20, 0xFF, 0x7F, 0x00, 0x4D, 0x00,
    0x24, 0xFF, 0x7F, 0x00, 0x4B, 0x00, 0x2A, 0xFF, 0x7F, 0x00, 0x45, 0x00, 0x2E, 0xFF, 0x7F, 0x00,
    0x43, 0x00, 0x32, 0xFF, 0x7F, 0x00, 0x13, 0x00, 0x02, 0xFF, 0x28, 0x00, 0x3A, 0xFF, 0x7E, 0x00,
    0x12, 0xFF, 0x24, 0x00, 0x44, 0xFF, 0x66, 0x00, 0x20, 0xFF, 0x26, 0x00, 0x52, 0xFF, 0x44, 0x00,
    0x30, 0xFF, 0x28, 0x00, 0x7F, 0xFF, 0x47, 0xFF, 0x28, 0x00, 0x7F, 0xFF, 0x45, 0xFF, 0x2A, 0x00,
    0x7F, 0xFF, 0x43, 0xFF, 0x2C, 0x00, 0x7F, 0xFF, 0x43, 0xFF, 0x2C, 0x00, 0x7F, 0xFF, 0x41, 0xFF,
    0x2E, 0x00, 0x7F, 0xFF, 0x41, 0xFF, 0x2E, 0x00, 0x7F, 0xFF, 0x41, 0xFF, 0x2E, 0x00, 0x7F, 0xFF,
    0x3F, 0xFF, 0x30, 0x00, 0x7F, 0xFF, 0x3F, 0xFF, 0x2E, 0x00, 0x7F, 0xFF, 0x41, 0xFF, 0x2E, 0x00,
    0x7F, 0xFF, 0x41, 0xFF, 0x2E, 0x00, 0x1C, 0xFF, 0x02, 0x00, 0x72, 0xFF, 0x08, 0x00, 0x28, 0xFF,
    0x2E, 0x00, 0x18, 0xFF, 0x08, 0x00, 0x6E, 0xFF, 0x0C, 0x00, 0x24, 0xFF, 0x30, 0x00, 0x18, 0xFF,
    0x08, 0x00, 0x6C, 0xFF, 0x0E, 0x00, 0x24, 0xFF, 0x2E, 0x00, 0x1A, 0xFF, 0x08, 0x00, 0x6A, 0xFF,
    0x0E, 0x00, 0x24, 0xFF, 0x30, 0x00, 0x18, 0xFF, 0x0A, 0x00, 0x68, 0xFF, 0x0E, 0x00, 0x26, 0xFF,
    0x2E, 0x00, 0x1A, 0xFF, 0x08, 0x00, 0x68, 0xFF, 0x0E, 0x00, 0x26, 0xFF, 0x30, 0x00, 0x18, 0xFF,
    0x0A, 0x00, 0x66, 0xFF, 0x0C, 0x00, 0x28, 0xFF, 0x30, 0x00, 0x1A, 0xFF, 0x0A, 0x00, 0x62, 0xFF,
    0x0E, 0x00, 0x28, 0xFF, 0x32, 0x00, 0x18, 0xFF, 0x0A, 0x00, 0x62, 0xFF, 0x0E, 0x00, 0x28, 0xFF,
    0x32, 0x00, 0x18, 0xFF, 0x0A, 0x00, 0x60, 0xFF, 0x0E, 0x00, 0x28, 0xFF, 0x34, 0x00, 0x18, 0xFF,
    0x0C, 0x00, 0x5C, 0xFF, 0x0E, 0x00, 0x2A, 0xFF, 0x34, 0x00, 0x18, 0xFF, 0x0C, 0x00, 0x5C, 0xFF,
    0x0C, 0x00, 0x2A, 0xFF, 0x36, 0x00, 0x18, 0xFF, 0x0C, 0x00, 0x5A, 0xFF, 0x0C, 0x00, 0x2A, 0xFF,
    0x38, 0x00, 0x18, 0xFF, 0x0C, 0x00, 0x58, 0xFF, 0x0C, 0x00, 0x2A, 0xFF, 0x38, 0x00, 0x1A, 0xFF,
    0x0A, 0x00, 0x56, 0xFF, 0x0E, 0x00, 0x2C, 0xFF, 0x36, 0x00, 0x1A, 0xFF, 0x0C, 0x00, 0x54, 0xFF,
    0x0C, 0x00, 0x2E, 0xFF, 0x38, 0x00, 0x1A, 0xFF, 0x0A, 0x00, 0x54, 0xFF, 0x0C, 0x00, 0x2E, 0xFF,
    0x38, 0x00, 0x1A, 0xFF, 0x0C, 0x00, 0x50, 0xFF, 0x0C, 0x00, 0x30, 0xFF, 0x38, 0x00, 0x1C, 0xFF,
    0x0A, 0x00, 0x50, 0xFF, 0x0C, 0x00, 0x30, 0xFF, 0x38, 0x00, 0x1C, 0xFF, 0x0A, 0x00, 0x4E, 0xFF,
    0x0C, 0x00, 0x34, 0xFF, 0x36, 0x00, 0x1C, 0xFF, 0x0C, 0x00, 0x4A, 0xFF, 0x0C, 0x00, 0x36, 0xFF,
    0x36, 0x00, 0x1C, 0xFF, 0x0C, 0x00, 0x48, 0xFF, 0x0E, 0x00, 0x36, 0xFF, 0x36, 0x00, 0x1E, 0xFF,
    0x0A, 0x00, 0x46, 0xFF, 0x0E, 0x00, 0x38, 0xFF, 0x36, 0x00, 0x1E, 0xFF, 0x0A, 0x00, 0x44, 0xFF,
    0x0E, 0x00, 0x3C, 0xFF, 0x36, 0x00, 0x1C, 0xFF, 0x0C, 0x00, 0x40, 0xFF, 0x0E, 0x00, 0x3E, 0xFF,
    0x36, 0x00, 0x1E, 0xFF, 0x0A, 0x00, 0x3E, 0xFF, 0x0E, 0x00, 0x14, 0xFF, 0x04, 0x00, 0x28, 0xFF,
    0x38, 0x00, 0x1C, 0xFF, 0x0C, 0x00, 0x38, 0xFF, 0x10, 0x00, 0x14, 0xFF, 0x0A, 0x00, 0x26, 0xFF,
    0x36, 0x00, 0x1E, 0xFF, 0x0C, 0x00, 0x34, 0xFF, 0x12, 0x00, 0x14, 0xFF, 0x0E, 0x00, 0x24, 0xFF,
    0x36, 0x00, 0x1E, 0xFF, 0x0C, 0x00, 0x2E, 0xFF, 0x14, 0x00, 0x1A, 0xFF, 0x0C, 0x00, 0x22, 0xFF,
    0x38, 0x00, 0x1E, 0xFF, 0x0C, 0x00, 0x2A, 0xFF, 0x16, 0x00, 0x1E, 0xFF, 0x0C, 0x00, 0x20, 0xFF,
    0x3A, 0x00, 0x1C, 0xFF, 0x0C, 0x00, 0x24, 0xFF, 0x18, 0x00, 0x24, 0xFF, 0x0C, 0x00, 0x1E, 0xFF,
    0x3A, 0x00, 0x1C, 0xFF, 0x0C, 0x00, 0x1E, 0xFF, 0x1C, 0x00, 0x28, 0xFF, 0x0A, 0x00, 0x20, 0xFF,
    0x38, 0x00, 0x1C, 0xFF, 0x0C, 0x00, 0x16, 0xFF, 0x20, 0x00, 0x2E, 0xFF, 0x0A, 0x00, 0x1E, 0xFF,
    0x3A, 0x00, 0x1C, 0xFF, 0x0C, 0x00, 0x06, 0xFF, 0x2A, 0x00, 0x34, 0xFF, 0x0A, 0x00, 0x1E, 0xFF,
    0x38, 0x00, 0x1E, 0xFF, 0x36, 0x00, 0x3A, 0xFF, 0x0C, 0x00, 0x1A, 0xFF, 0x3A, 0x00, 0x1C, 0xFF,
    0x30, 0x00, 0x42, 0xFF, 0x0C, 0x00, 0x1A, 0xFF, 0x3A, 0x00, 0x1C, 0xFF, 0x28, 0x00, 0x4C, 0xFF,
    0x0A, 0x00, 0x1A, 0xFF, 0x3A, 0x00, 0x1C, 0xFF, 0x1E, 0x00, 0x56, 0xFF, 0x06, 0x00, 0x1E, 0xFF,
    0x3A, 0x00, 0x1C, 0xFF, 0x0E, 0x00, 0x7F, 0xFF, 0x0B, 0xFF, 0x3A, 0x00, 0x7F, 0xFF, 0x35, 0xFF,
    0x38, 0x00, 0x7F, 0xFF, 0x37, 0xFF, 0x38, 0x00, 0x7F, 0xFF, 0x37, 0xFF, 0x38, 0x00, 0x7F, 0xFF,
    0x37, 0xFF, 0x38, 0x00, 0x7F, 0xFF, 0x37, 0xFF, 0x36, 0x00, 0x7F, 0xFF, 0x39, 0xFF, 0x36, 0x00,
    0x7F, 0xFF, 0x37, 0xFF, 0x36, 0x00, 0x7F, 0xFF, 0x39, 0xFF, 0x36, 0x00, 0x7F, 0xFF, 0x39, 0xFF,
    0x34, 0x00, 0x7F, 0xFF, 0x39, 0xFF, 0x38, 0x00, 0x1E, 0xFF, 0x52, 0x00, 0x02, 0xFF, 0x02, 0x00,
    0x40, 0xFF, 0x7F, 0x00, 0x47, 0x00, 0x24, 0xFF, 0x7F, 0x00, 0x5D, 0x00, 0x0E, 0xFF, 0x7F, 0x00,
    0x7F, 0x00, 0x7F, 0x00, 0x7F, 0x00, 0x7F, 0x00, 0x7F, 0x00, 0x30, 0x00, 0x0C, 0xFF, 0x10, 0x00,
    0x0A, 0xFF, 0x12, 0x00, 0x04, 0xFF, 0x14, 0x00, 0x02, 0xFF, 0x7F, 0x00, 0x80, 0x00, 0x0A, 0xFF,
    0x0E, 0x00, 0x0E, 0xFF, 0x0E, 0x00, 0x0C, 0xFF, 0x10, 0x00, 0x06, 0xFF, 0x12, 0x00, 0x06, 0xFF,
    0x08, 0x00, 0x04, 0xFF, 0x60, 0x00, 0x02, 0xFF, 0x0E, 0x00, 0x0E, 0xFF, 0x0C, 0x00, 0x0E, 0xFF,
    0x0C, 0x00, 0x06, 0xFF, 0x16, 0x00, 0x08, 0xFF, 0x12, 0x00, 0x06, 0xFF, 0x06, 0x00, 0x06, 0xFF,
    0x5C, 0x00, 0x06, 0xFF, 0x0E, 0x00, 0x0C, 0xFF, 0x0C, 0x00, 0x06, 0xFF, 0x04, 0x00, 0x06, 0xFF,
    0x0C, 0x00, 0x0A, 0xFF, 0x10, 0x00, 0x08, 0xFF, 0x12, 0x00, 0x0A, 0xFF, 0x02, 0x00, 0x08, 0xFF,
    0x12, 0x00, 0x0C, 0xFF, 0x30, 0x00, 0x08, 0xFF, 0x02, 0x00, 0x08, 0xFF, 0x0E, 0x00, 0x0E, 0xFF,
    0x0A, 0x00, 0x08, 0xFF, 0x02, 0x00, 0x08, 0xFF, 0x0A, 0x00, 0x0C, 0xFF, 0x0E, 0x00, 0x0A, 0xFF,
    0x10, 0x00, 0x14, 0xFF, 0x10, 0x00, 0x12, 0xFF, 0x2C, 0x00, 0x10, 0xFF, 0x10, 0x00, 0x0C, 0xFF,
    0x0E, 0x00, 0x06, 0xFF, 0x04, 0x00, 0x06, 0xFF, 0x0C, 0x00, 0x0A, 0xFF, 0x0E, 0x00, 0x0C, 0xFF,
    0x10, 0x00, 0x12, 0xFF, 0x10, 0x00, 0x16, 0xFF, 0x28, 0x00, 0x10, 0xFF, 0x10, 0x00, 0x0E, 0xFF,
    0x0C, 0x00, 0x06, 0xFF, 0x04, 0x00, 0x06, 0xFF, 0x0C, 0x00, 0x06, 0xFF, 0x12, 0x00, 0x0E, 0xFF,
    0x10, 0x00, 0x12, 0xFF, 0x10, 0x00, 0x0A, 0xFF, 0x04, 0x00, 0x04, 0xFF, 0x2A, 0x00, 0x0E, 0xFF,
    0x14, 0x00, 0x0E, 0xFF, 0x0C, 0x00, 0x0E, 0xFF, 0x0E, 0x00, 0x06, 0xFF, 0x12, 0x00, 0x0E, 0xFF,
    0x0E, 0x00, 0x08, 0xFF, 0x02, 0x00, 0x08, 0xFF, 0x14, 0x00, 0x0A, 0xFF, 0x2E, 0x00, 0x0E, 0xFF,
    0x14, 0x00, 0x06, 0xFF, 0x02, 0x00, 0x06, 0xFF, 0x0C, 0x00, 0x0E, 0xFF, 0x10, 0x00, 0x04, 0xFF,
    0x12, 0x00, 0x06, 0xFF, 0x06, 0x00, 0x04, 0xFF, 0x0E, 0x00, 0x06, 0xFF, 0x04, 0x00, 0x08, 0xFF,
    0x16, 0x00, 0x0A, 0xFF, 0x2A, 0x00, 0x0E, 0xFF, 0x14, 0x00, 0x10, 0xFF, 0x0C, 0x00, 0x0C, 0xFF,
    0x12, 0x00, 0x04, 0xFF, 0x12, 0x00, 0x02, 0xFF, 0x0A, 0x00, 0x04, 0xFF, 0x0E, 0x00, 0x06, 0xFF,
    0x06, 0x00, 0x06, 0xFF, 0x10, 0x00, 0x04, 0xFF, 0x04, 0x00, 0x08, 0xFF, 0x28, 0x00, 0x0E, 0xFF,
    0x14, 0x00, 0x10, 0xFF, 0x0E, 0x00, 0x04, 0xFF, 0x02, 0x00, 0x02, 0xFF, 0x56, 0x00, 0x04, 0xFF,
    0x10, 0x00, 0x08, 0xFF, 0x02, 0x00, 0x08, 0xFF, 0x24, 0x00, 0x10, 0xFF, 0x16, 0x00, 0x0C, 0xFF,
    0x7F, 0x00, 0x05, 0x00, 0x12, 0xFF, 0x22, 0x00, 0x12, 0xFF, 0x14, 0x00, 0x0C, 0xFF, 0x7F, 0x00,
    0x09, 0x00, 0x0E, 0xFF, 0x22, 0x00, 0x14, 0xFF, 0x7F, 0x00, 0x2B, 0x00, 0x0A, 0xFF, 0x20, 0x00,
    0x16, 0xFF, 0x7F, 0x00, 0x55, 0x00, 0x18, 0xFF, 0x7F, 0x00, 0x51, 0x00, 0x1A, 0xFF, 0x7F, 0x00,
    0x51, 0x00, 0x0A, 0xFF, 0x04, 0x00, 0x0C, 0xFF, 0x7F, 0x00, 0x51, 0x00, 0x0A, 0xFF, 0x04, 0x00,
    0x0A, 0xFF, 0x7F, 0x00, 0x55, 0x00, 0x06, 0xFF, 0x08, 0x00, 0x04, 0xFF, 0x7F, 0x00, 0x5B, 0x00,
    0x04, 0xFF, 0x7F, 0x00, 0x7F, 0x00, 0x7F, 0x00, 0x7F, 0x00, 0x7F, 0x00, 0x7F, 0x00, 0x7F, 0x00,
    0x7F, 0x00, 0x7F, 0x00, 0x7F, 0x00, 0x7F, 0x00, 0x7F, 0x00, 0x7F, 0x00, 0x7F, 0x00, 0x6A, 0x00,
    0x02, 0xFD, 0x06, 0x00, 0x00, 0x08, 0x02, 0x01, 0xFF, 0x28, 0x00, 0x04, 0xFB, 0x08, 0x00, 0x00,
    0x20, 0x00, 0x37, 0x00, 0x25, 0x00, 0x68, 0x00, 0x05, 0xFA, 0x6A, 0x00, 0x00, 0x02, 0xFF, 0x0A,
    0x00, 0x02, 0xFF, 0x20, 0x00, 0x02, 0xFF, 0x08, 0x00, 0x04, 0xFF, 0x06, 0x00, 0x06, 0xFF, 0x06,
    0x00, 0x06, 0xFF, 0x04, 0x00, 0x08, 0xFF, 0x04, 0x00, 0x08, 0xFF, 0x04, 0x00, 0x08, 0xFF, 0x04,
    0x00, 0x08, 0xFF, 0x04, 0x00, 0x08, 0xFF, 0x04, 0x00, 0x08, 0xFF, 0x04, 0x00, 0x08, 0xFF, 0x04,
    0x00, 0x08, 0xFF, 0x06, 0x00, 0x06, 0xFF, 0x30, 0x00, 0x02, 0xFF, 0x0A, 0x00, 0x7F, 0xFF, 0x05,
    0xFF, 0x4E, 0x00, 0x06, 0xFF, 0x04, 0x00, 0x08, 0xFF, 0x04, 0x00, 0x08, 0xFF, 0x02, 0x00, 0x2C,
    0xFF, 0x02, 0x00, 0x02, 0xFF, 0x02, 0x00, 0x06, 0xFF, 0x02, 0x00, 0x0A, 0xFF, 0x02, 0x00, 0x08,
    0xFF, 0x04, 0x00, 0x04, 0xFF, 0x14, 0x00, 0x02, 0xFD, 0x06, 0x00, 0x00, 0x08, 0x02, 0x01, 0xFF,
    0x5A, 0x00, 0x04, 0xFB, 0x08, 0x00, 0x00, 0x00, 0x00, 0x00, 0x00, 0x74, 0x00, 0x70, 0x00, 0x05,
    0xFA, 0xEA, 0x03, 0x00, 0x2A, 0x00, 0x7F, 0xFF, 0x1F, 0xFF, 0x4A, 0x00, 0x7F, 0xFF, 0x21, 0xFF,
    0x48, 0x00, 0x7F, 0xFF, 0x21, 0xFF, 0x4A, 0x00, 0x7F, 0xFF, 0x21, 0xFF, 0x48, 0x00, 0x7F, 0xFF,
    0x21, 0xFF, 0x4A, 0x00, 0x7F, 0xFF, 0x21, 0xFF, 0x4A, 0x00, 0x7F, 0xFF, 0x21, 0xFF, 0x4A, 0x00,
    0x7F, 0xFF, 0x21, 0xFF, 0x4C, 0x00, 0x7F, 0xFF, 0x21, 0xFF, 0x4A, 0x00, 0x7F, 0xFF, 0x21, 0xFF,
    0x4C, 0x00, 0x7F, 0xFF, 0x21, 0xFF, 0x4C, 0x00, 0x7F, 0xFF, 0x21, 0xFF, 0x4C, 0x00, 0x7F, 0xFF,
    0x21, 0xFF, 0x4C, 0x00, 0x7F, 0xFF, 0x21, 0xFF, 0x4C, 0x00, 0x7F, 0xFF, 0x21, 0xFF, 0x4C, 0x00,
    0x7F, 0xFF, 0x21, 0xFF, 0x4C, 0x00, 0x7F, 0xFF, 0x21, 0xFF, 0x4C, 0x00, 0x7F, 0xFF, 0x21, 0xFF,
    0x4C, 0x00, 0x7F, 0xFF, 0x21, 0xFF, 0x4A, 0x00, 0x7F, 0xFF, 0x23, 0xFF, 0x4A, 0x00, 0x7F, 0xFF,
    0x21, 0xFF, 0x4C, 0x00, 0x7F, 0xFF, 0x21, 0xFF, 0x4A, 0x00, 0x7F, 0xFF, 0x21, 0xFF, 0x4A, 0x00,
    0x7F, 0xFF, 0x21, 0xFF, 0x4A, 0x00, 0x7F, 0xFF, 0x21, 0xFF, 0x4A, 0x00, 0x7F, 0xFF, 0x21, 0xFF,
    0x48, 0x00, 0x7F, 0xFF, 0x21, 0xFF, 0x4A, 0x00, 0x7F, 0xFF, 0x21, 0xFF, 0x48, 0x00, 0x7F, 0xFF,
    0x21, 0xFF, 0x48, 0x00, 0x7F, 0xFF, 0x21, 0xFF, 0x48, 0x00, 0x7F, 0xFF, 0x21, 0xFF, 0x48, 0x00,
    0x7F, 0xFF, 0x21, 0xFF, 0x48, 0x00, 0x7F, 0xFF, 0x21, 0xFF, 0x48, 0x00, 0x7F, 0xFF, 0x21, 0xFF,
    0x48, 0x00, 0x7F, 0xFF, 0x21, 0xFF, 0x48, 0x00, 0x7F, 0xFF, 0x21, 0xFF, 0x48, 0x00, 0x7F, 0xFF,
    0x21, 0xFF, 0x48, 0x00, 0x7F, 0xFF, 0x23, 0xFF, 0x48, 0x00, 0x7F, 0xFF, 0x21, 0xFF, 0x48, 0x00,
    0x7F, 0xFF, 0x21, 0xFF, 0x4A, 0x00, 0x16, 0xFF, 0x02, 0x00, 0x7F, 0xFF, 0x09, 0xFF, 0x4A, 0x00,
    0x16, 0xFF, 0x04, 0x00, 0x7F, 0xFF, 0x07, 0xFF, 0x4A, 0x00, 0x16, 0xFF, 0x04, 0x00, 0x02, 0xFF,
    0x02, 0x00, 0x7F, 0xFF, 0x03, 0xFF, 0x4C, 0x00, 0x16, 0xFF, 0x04, 0x00, 0x7F, 0xFF, 0x07, 0xFF,
    0x4A, 0x00, 0x7F, 0xFF, 0x21, 0xFF, 0x4C, 0x00, 0x7F, 0xFF, 0x21, 0xFF, 0x4A, 0x00, 0x7F, 0xFF,
    0x21, 0xFF, 0x4C, 0x00, 0x7F, 0xFF, 0x21, 0xFF, 0x4C, 0x00, 0x7F, 0xFF, 0x21, 0xFF, 0x4C, 0x00,
    0x7F, 0xFF, 0x21, 0xFF, 0x4C, 0x00, 0x7F, 0xFF, 0x21, 0xFF, 0x4C, 0x00, 0x7F, 0xFF, 0x21, 0xFF,
    0x4C, 0x00, 0x7F, 0xFF, 0x21, 0xFF, 0x4C, 0x00, 0x7F, 0xFF, 0x21, 0xFF, 0x4C, 0x00, 0x7F, 0xFF,
    0x21, 0xFF, 0x4C, 0x00, 0x7F, 0xFF, 0x21, 0xFF, 0x4A, 0x00, 0x7F, 0xFF, 0x21, 0xFF, 0x4C, 0x00,
    0x7F, 0xFF, 0x21, 0xFF, 0x4A, 0x00, 0x7F, 0xFF, 0x21, 0xFF, 0x4A, 0x00, 0x7F, 0xFF, 0x21, 0xFF,
    0x4A, 0x00, 0x7F, 0xFF, 0x21, 0xFF, 0x48, 0x00, 0x7F, 0xFF, 0x23, 0xFF, 0x48, 0x00, 0x7F, 0xFF,
    0x21, 0xFF, 0x48, 0x00, 0x7F, 0xFF, 0x21, 0xFF, 0x48, 0x00, 0x7F, 0xFF, 0x21, 0xFF, 0x4A, 0x00,
    0x7F, 0xFF, 0x21, 0xFF, 0x46, 0x00, 0x7F, 0xFF, 0x23, 0xFF, 0x46, 0x00, 0x7F, 0xFF, 0x23, 0xFF,
    0x46, 0x00, 0x7F, 0xFF, 0x23, 0xFF, 0x46, 0x00, 0x7F, 0xFF, 0x23, 0xFF, 0x48, 0x00, 0x7F, 0xFF,
    0x21, 0xFF, 0x48, 0x00, 0x7F, 0xFF, 0x21, 0xFF, 0x48, 0x00, 0x7F, 0xFF, 0x21, 0xFF, 0x48, 0x00,
    0x7F, 0xFF, 0x21, 0xFF, 0x4A, 0x00, 0x7F, 0xFF, 0x21, 0xFF, 0x4A, 0x00, 0x7F, 0xFF, 0x1F, 0xFF,
    0x4A, 0x00, 0x7F, 0xFF, 0x21, 0xFF, 0x4C, 0x00, 0x7F, 0xFF, 0x21, 0xFF, 0x4A, 0x00, 0x7F, 0xFF,
    0x1F, 0xFF, 0x4C, 0x00, 0x7F, 0xFF, 0x21, 0xFF, 0x4C, 0x00, 0x7F, 0xFF, 0x1F, 0xFF, 0x4C, 0x00,
    0x7F, 0xFF, 0x21, 0xFF, 0x4C, 0x00, 0x7F, 0xFF, 0x21, 0xFF, 0x4C, 0x00, 0x7F, 0xFF, 0x21, 0xFF,
    0x4C, 0x00, 0x7F, 0xFF, 0x21, 0xFF, 0x4C, 0x00, 0x10, 0xFF, 0x02, 0x00, 0x14, 0xFF, 0x02, 0x00,
    0x18, 0xFF, 0x02, 0x00, 0x14, 0xFF, 0x02, 0x00, 0x18, 0xFF, 0x02, 0x00, 0x18, 0xFF, 0x02, 0x00,
    0x06, 0xFF, 0x02, 0x00, 0x0C, 0xFF, 0x4C, 0x00, 0x0E, 0xFF, 0x0A, 0x00, 0x0E, 0xFF, 0x0A, 0x00,
    0x10, 0xFF, 0x0A, 0x00, 0x0C, 0xFF, 0x08, 0x00, 0x12, 0xFF, 0x0A, 0x00, 0x10, 0xFF, 0x0A, 0x00,
    0x0C, 0xFF, 0x4C, 0x00, 0x0E, 0xFF, 0x0A, 0x00, 0x0E, 0xFF, 0x0A, 0x00, 0x10, 0xFF, 0x0A, 0x00,
    0x0C, 0xFF, 0x08, 0x00, 0x12, 0xFF, 0x0A, 0x00, 0x10, 0xFF, 0x0A, 0x00, 0x0C, 0xFF, 0x4C, 0x00,
    0x0E, 0xFF, 0x0A, 0x00, 0x0E, 0xFF, 0x0A, 0x00, 0x10, 0xFF, 0x0A, 0x00, 0x0C, 0xFF, 0x08, 0x00,
    0x12, 0xFF, 0x0A, 0x00, 0x10, 0xFF, 0x0A, 0x00, 0x0C, 0xFF, 0x4C, 0x00, 0x0E, 0xFF, 0x0A, 0x00,
    0x0C, 0xFF, 0x0C, 0x00, 0x0E, 0xFF, 0x0C, 0x00, 0x0C, 0xFF, 0x08, 0x00, 0x10, 0xFF, 0x0C, 0x00,
    0x0E, 0xFF, 0x0A, 0x00, 0x0C, 0xFF, 0x4C, 0x00, 0x10, 0xFF, 0x0A, 0x00, 0x0C, 0xFF, 0x0A, 0x00,
    0x10, 0xFF, 0x0A, 0x00, 0x0C, 0xFF, 0x0A, 0x00, 0x10, 0xFF, 0x0A, 0x00, 0x10, 0xFF, 0x0A, 0x00,
    0x0C, 0xFF, 0x4C, 0x00, 0x0E, 0xFF, 0x0A, 0x00, 0x0E, 0xFF, 0x0A, 0x00, 0x10, 0xFF, 0x0A, 0x00,
    0x0C, 0xFF, 0x0A, 0x00, 0x10, 0xFF, 0x0A, 0x00, 0x10, 0xFF, 0x0A, 0x00, 0x0C, 0xFF, 0x4A, 0x00,
    0x0E, 0xFF, 0x0C, 0x00, 0x0C, 0xFF, 0x0A, 0x00, 0x10, 0xFF, 0x0C, 0x00, 0x0A, 0xFF, 0x0A, 0x00,
    0x10, 0xFF, 0x0A, 0x00, 0x10, 0xFF, 0x0A, 0x00, 0x0C, 0xFF, 0x4C, 0x00, 0x0E, 0xFF, 0x0A, 0x00,
    0x0C, 0xFF, 0x0C, 0x00, 0x0E, 0xFF, 0x0C, 0x00, 0x0A, 0xFF, 0x0A, 0x00, 0x10, 0xFF, 0x0C, 0x00,
    0x0E, 0xFF, 0x0C, 0x00, 0x0A, 0xFF, 0x4C, 0x00, 0x0E, 0xFF, 0x0A, 0x00, 0x0C, 0xFF, 0x0C, 0x00,
    0x0E, 0xFF, 0x0C, 0x00, 0x0A, 0xFF, 0x0A, 0x00, 0x10, 0xFF, 0x0C, 0x00, 0x0E, 0xFF, 0x0C, 0x00,
    0x0C, 0xFF, 0x4A, 0x00, 0x0E, 0xFF, 0x0A, 0x00, 0x0C, 0xFF, 0x0C, 0x00, 0x0E, 0xFF, 0x0C, 0x00,
    0x0A, 0xFF, 0x0A, 0x00, 0x10, 0xFF, 0x0C, 0x00, 0x0E, 0xFF, 0x0C, 0x00, 0x0A, 0xFF, 0x4C, 0x00,
    0x04, 0xFF, 0x02, 0x00, 0x06, 0xFF, 0x0C, 0x00, 0x0C, 0xFF, 0x0C, 0x00, 0x0C, 0xFF, 0x0E, 0x00,
    0x04, 0xFF, 0x10, 0x00, 0x10, 0xFF, 0x0C, 0x00, 0x04, 0xFF, 0x04, 0x00, 0x06, 0xFF, 0x0A, 0x00,
    0x0C, 0xFF, 0x4A, 0x00, 0x06, 0xFF, 0x02, 0x00, 0x06, 0xFF, 0x0C, 0x00, 0x0A, 0xFF, 0x0C, 0x00,
    0x0E, 0xFF, 0x0C, 0x00, 0x06, 0xFF, 0x10, 0x00, 0x0E, 0xFF, 0x0C, 0x00, 0x06, 0xFF, 0x04, 0x00,
    0x04, 0xFF, 0x0C, 0x00, 0x0A, 0xFF, 0x4C, 0x00, 0x04, 0xFF, 0x04, 0x00, 0x06, 0xFF, 0x0A, 0x00,
    0x08, 0xFF, 0x10, 0x00, 0x08, 0xFF, 0x12, 0x00, 0x04, 0xFF, 0x10, 0x00, 0x06, 0xFF, 0x06, 0x00,
    0x04, 0xFF, 0x0C, 0x00, 0x04, 0xFF, 0x18, 0x00, 0x06, 0xFF, 0x7F, 0x00, 0x7F, 0x00, 0x7F, 0x00,
    0x7F, 0x00, 0x7F, 0x00, 0x7F, 0x00, 0x7F, 0x00, 0x7F, 0x00, 0x7F, 0x00, 0x7F, 0x00, 0x7F, 0x00,
    0x7F, 0x00, 0x7F, 0x00, 0x7F, 0x00, 0x7F, 0x00, 0x7F, 0x00, 0x7F, 0x00, 0x7F, 0x00, 0x7F, 0x00,
    0x7F, 0x00, 0x7F, 0x00, 0x7F, 0x00, 0x7F, 0x00, 0x7F, 0x00, 0x7F, 0x00, 0x79, 0x00, 0x02, 0xFD,
    0x06, 0x00, 0x00, 0x08, 0x02, 0x01, 0xFF, 0x28, 0x00, 0x04, 0xFB, 0x08, 0x00, 0x00, 0x12, 0x00,
    0x00, 0x00, 0x6D, 0x00, 0x62, 0x00, 0x05, 0xFA, 0xC2, 0x03, 0x00, 0x7F, 0x00, 0x7F, 0x00, 0x7F,
    0x00, 0x7F, 0x00, 0x7F, 0x00, 0x7F, 0x00, 0x7F, 0x00, 0x7F, 0x00, 0x7F, 0x00, 0x7F, 0x00, 0x1A,
    0x00, 0x7F, 0xFF, 0x17, 0xFF, 0x22, 0x00, 0x7F, 0xFF, 0x1B, 0xFF, 0x1E, 0x00, 0x7F, 0xFF, 0x1F,
    0xFF, 0x1A, 0x00, 0x7F, 0xFF, 0x21, 0xFF, 0x1A, 0x00, 0x7F, 0xFF, 0x21, 0xFF, 0x1A, 0x00, 0x7F,
    0xFF, 0x21, 0xFF, 0x1A, 0x00, 0x7F, 0xFF, 0x21, 0xFF, 0x1A, 0x00, 0x7F, 0xFF, 0x21, 0xFF, 0x1A,
    0x00, 0x7F, 0xFF, 0x21, 0xFF, 0x1A, 0x00, 0x7F, 0xFF, 0x21, 0xFF, 0x1A, 0x00, 0x7F, 0xFF, 0x21,
    0xFF, 0x18, 0x00, 0x7F, 0xFF, 0x21, 0xFF, 0x1A, 0x00, 0x7F, 0xFF, 0x21, 0xFF, 0x18, 0x00, 0x7F,
    0xFF, 0x21, 0xFF, 0x18, 0x00, 0x7F, 0xFF, 0x21, 0xFF, 0x18, 0x00, 0x7F, 0xFF, 0x21, 0xFF, 0x18,
    0x00, 0x7F, 0xFF, 0x21, 0xFF, 0x16, 0x00, 0x7F, 0xFF, 0x21, 0xFF, 0x16, 0x00, 0x7F, 0xFF, 0x23,
    0xFF, 0x16, 0x00, 0x7F, 0xFF, 0x21, 0xFF, 0x16, 0x00, 0x7F, 0xFF, 0x21, 0xFF, 0x16, 0x00, 0x7F,
    0xFF, 0x21, 0xFF, 0x16, 0x00, 0x7F, 0xFF, 0x21, 0xFF, 0x16, 0x00, 0x7F, 0xFF, 0x21, 0xFF, 0x16,
    0x00, 0x7F, 0xFF, 0x21, 0xFF, 0x16, 0x00, 0x7F, 0xFF, 0x21, 0xFF, 0x16, 0x00, 0x7F, 0xFF, 0x21,
    0xFF, 0x16, 0x00, 0x7F, 0xFF, 0x21, 0xFF, 0x16, 0x00, 0x7F, 0xFF, 0x21, 0xFF, 0x18, 0x00, 0x7F,
    0xFF, 0x21, 0xFF, 0x16, 0x00, 0x7F, 0xFF, 0x21, 0xFF, 0x18, 0x00, 0x7F, 0xFF, 0x21, 0xFF, 0x18,
    0x00, 0x7F, 0xFF, 0x21, 0xFF, 0x18, 0x00, 0x1A, 0xFF, 0x04, 0x00, 0x7F, 0xFF, 0x03, 0xFF, 0x1A,
    0x00, 0x14, 0xFF, 0x08, 0x00, 0x7F, 0xFF, 0x05, 0xFF, 0x18, 0x00, 0x16, 0xFF, 0x08, 0x00, 0x7F,
    0xFF, 0x03, 0xFF, 0x1A, 0x00, 0x14, 0xFF, 0x08, 0x00, 0x7F, 0xFF, 0x05, 0xFF, 0x1A, 0x00, 0x14,
    0xFF, 0x08, 0x00, 0x7F, 0xFF, 0x05, 0xFF, 0x18, 0x00, 0x16, 0xFF, 0x08, 0x00, 0x7F, 0xFF, 0x05,
    0xFF, 0x18, 0x00, 0x16, 0xFF, 0x08, 0x00, 0x7F, 0xFF, 0x05, 0xFF, 0x18, 0x00, 0x16, 0xFF, 0x08,
    0x00, 0x7F, 0xFF, 0x05, 0xFF, 0x1A, 0x00, 0x14, 0xFF, 0x08, 0x00, 0x7F, 0xFF, 0x05, 0xFF, 0x1A,
    0x00, 0x14, 0xFF, 0x08, 0x00, 0x7F, 0xFF, 0x05, 0xFF, 0x1A, 0x00, 0x14, 0xFF, 0x08, 0x00, 0x7F,
    0xFF, 0x05, 0xFF, 0x1A, 0x00, 0x14, 0xFF, 0x08, 0x00, 0x7F, 0xFF, 0x05, 0xFF, 0x18, 0x00, 0x16,
    0xFF, 0x04, 0x00, 0x02, 0xFF, 0x02, 0x00, 0x7F, 0xFF, 0x03, 0xFF, 0x1A, 0x00, 0x7F, 0xFF, 0x21,
    0xFF, 0x1A, 0x00, 0x7F, 0xFF, 0x21, 0xFF, 0x18, 0x00, 0x7F, 0xFF, 0x21, 0xFF, 0x18, 0x00, 0x7F,
    0xFF, 0x21, 0xFF, 0x18, 0x00, 0x7F, 0xFF, 0x21, 0xFF, 0x18, 0x00, 0x7F, 0xFF, 0x21, 0xFF, 0x16,
    0x00, 0x7F, 0xFF, 0x21, 0xFF, 0x18, 0x00, 0x7F, 0xFF, 0x21, 0xFF, 0x16, 0x00, 0x7F, 0xFF, 0x21,
    0xFF, 0x16, 0x00, 0x7F, 0xFF, 0x21, 0xFF, 0x16, 0x00, 0x7F, 0xFF, 0x21, 0xFF, 0x16, 0x00, 0x7F,
    0xFF, 0x21, 0xFF, 0x16, 0x00, 0x7F, 0xFF, 0x21, 0xFF, 0x16, 0x00, 0x7F, 0xFF, 0x21, 0xFF, 0x16,
    0x00, 0x7F, 0xFF, 0x21, 0xFF, 0x16, 0x00, 0x7F, 0xFF, 0x21, 0xFF, 0x16, 0x00, 0x7F, 0xFF, 0x21,
    0xFF, 0x18, 0x00, 0x7F, 0xFF, 0x21, 0xFF, 0x16, 0x00, 0x7F, 0xFF, 0x21, 0xFF, 0x18, 0x00, 0x7F,
    0xFF, 0x21, 0xFF, 0x16, 0x00, 0x7F, 0xFF, 0x21, 0xFF, 0x18, 0x00, 0x7F, 0xFF, 0x23, 0xFF, 0x18,
    0x00, 0x7F, 0xFF, 0x21, 0xFF, 0x18, 0x00, 0x7F, 0xFF, 0x21, 0xFF, 0x18, 0x00, 0x7F, 0xFF, 0x21,
    0xFF, 0x1A, 0x00, 0x7F, 0xFF, 0x21, 0xFF, 0x18, 0x00, 0x7F, 0xFF, 0x23, 0xFF, 0x18, 0x00, 0x7F,
    0xFF, 0x21, 0xFF, 0x1A, 0x00, 0x7F, 0xFF, 0x21, 0xFF, 0x1A, 0x00, 0x7F, 0xFF, 0x21, 0xFF, 0x1A,
    0x00, 0x7F, 0xFF, 0x21, 0xFF, 0x1A, 0x00, 0x7F, 0xFF, 0x21, 0xFF, 0x1A, 0x00, 0x10, 0xFF, 0x02,
    0x00, 0x16, 0xFF, 0x02, 0x00, 0x2E, 0xFF, 0x02, 0x00, 0x16, 0xFF, 0x02, 0x00, 0x18, 0xFF, 0x04,
    0x00, 0x04, 0xFF, 0x02, 0x00, 0x0C, 0xFF, 0x1A, 0x00, 0x0E, 0xFF, 0x0A, 0x00, 0x0E, 0xFF, 0x0A,
    0x00, 0x10, 0xFF, 0x0A, 0x00, 0x0C, 0xFF, 0x08, 0x00, 0x12, 0xFF, 0x0A, 0x00, 0x10, 0xFF, 0x0A,
    0x00, 0x0C, 0xFF, 0x1A, 0x00, 0x0E, 0xFF, 0x0A, 0x00, 0x0E, 0xFF, 0x0A, 0x00, 0x10, 0xFF, 0x0A,
    0x00, 0x0C, 0xFF, 0x08, 0x00, 0x12, 0xFF, 0x0A, 0x00, 0x10, 0xFF, 0x0A, 0x00, 0x0C, 0xFF, 0x1A,
    0x00, 0x0E, 0xFF, 0x0A, 0x00, 0x0C, 0xFF, 0x0C, 0x00, 0x0E, 0xFF, 0x0C, 0x00, 0x0C, 0xFF, 0x08,
    0x00, 0x10, 0xFF, 0x0C, 0x00, 0x0E, 0xFF, 0x0A, 0x00, 0x0C, 0xFF, 0x1A, 0x00, 0x0E, 0xFF, 0x0C,
    0x00, 0x0C, 0xFF, 0x0A, 0x00, 0x10, 0xFF, 0x0A, 0x00, 0x0C, 0xFF, 0x0A, 0x00, 0x10, 0xFF, 0x0A,
    0x00, 0x10, 0xFF, 0x0A, 0x00, 0x0C, 0xFF, 0x1A, 0x00, 0x0E, 0xFF, 0x0A, 0x00, 0x0C, 0xFF, 0x0A,
    0x00, 0x10, 0xFF, 0x0C, 0x00, 0x0C, 0xFF, 0x08, 0x00, 0x10, 0xFF, 0x0A, 0x00, 0x10, 0xFF, 0x0A,
    0x00, 0x0C, 0xFF, 0x1A, 0x00, 0x0E, 0xFF, 0x0A, 0x00, 0x0C, 0xFF, 0x0C, 0x00, 0x0E, 0xFF, 0x0C,
    0x00, 0x0C, 0xFF, 0x08, 0x00, 0x10, 0xFF, 0x0C, 0x00, 0x0E, 0xFF, 0x0C, 0x00, 0x0C, 0xFF, 0x18,
    0x00, 0x0E, 0xFF, 0x0A, 0x00, 0x0C, 0xFF, 0x0C, 0x00, 0x0E, 0xFF, 0x0C, 0x00, 0x0C, 0xFF, 0x08,
    0x00, 0x10, 0xFF, 0x0C, 0x00, 0x0E, 0xFF, 0x0A, 0x00, 0x0E, 0xFF, 0x18, 0x00, 0x0E, 0xFF, 0x0A,
    0x00, 0x0C, 0xFF, 0x0C, 0x00, 0x0E, 0xFF, 0x0C, 0x00, 0x0A, 0xFF, 0x0A, 0x00, 0x10, 0xFF, 0x0C,
    0x00, 0x0E, 0xFF, 0x0A, 0x00, 0x0C, 0xFF, 0x18, 0x00, 0x0E, 0xFF, 0x0C, 0x00, 0x0C, 0xFF, 0x0A,
    0x00, 0x10, 0xFF, 0x0C, 0x00, 0x0A, 0xFF, 0x0A, 0x00, 0x10, 0xFF, 0x0A, 0x00, 0x10, 0xFF, 0x0A,
    0x00, 0x0C, 0xFF, 0x18, 0x00, 0x0E, 0xFF, 0x0A, 0x00, 0x0E, 0xFF, 0x0A, 0x00, 0x0E, 0xFF, 0x0C,
    0x00, 0x0A, 0xFF, 0x0C, 0x00, 0x0E, 0xFF, 0x0C, 0x00, 0x0E, 0xFF, 0x0C, 0x00, 0x0C, 0xFF, 0x16,
    0x00, 0x0E, 0xFF, 0x0C, 0x00, 0x0C, 0xFF, 0x0A, 0x00, 0x10, 0xFF, 0x0C, 0x00, 0x04, 0xFF, 0x10,
    0x00, 0x10, 0xFF, 0x0A, 0x00, 0x06, 0xFF, 0x02, 0x00, 0x08, 0xFF, 0x0A, 0x00, 0x0C, 0xFF, 0x18,
    0x00, 0x04, 0xFF, 0x02, 0x00, 0x06, 0xFF, 0x0C, 0x00, 0x0C, 0xFF, 0x0C, 0x00, 0x0C, 0xFF, 0x0E,
    0x00, 0x04, 0xFF, 0x10, 0x00, 0x10, 0xFF, 0x0A, 0x00, 0x06, 0xFF, 0x04, 0x00, 0x06, 0xFF, 0x0C,
    0x00, 0x0A, 0xFF, 0x18, 0x00, 0x04, 0xFF, 0x04, 0x00, 0x04, 0xFF, 0x0E, 0x00, 0x08, 0xFF, 0x0E,
    0x00, 0x08, 0xFF, 0x14, 0x00, 0x02, 0xFF, 0x12, 0x00, 0x02, 0xFF, 0x08, 0x00, 0x04, 0xFF, 0x0C,
    0x00, 0x04, 0xFF, 0x08, 0x00, 0x02, 0xFF, 0x0E, 0x00, 0x06, 0xFF, 0x0A, 0x00, 0x02, 0xFD, 0x06,
    0x00, 0x00, 0x08, 0x02, 0x01, 0xFF, 0x28, 0x00, 0x04, 0xFB, 0x08, 0x00, 0x00, 0x12, 0x00, 0x07,
    0x00, 0x6D, 0x00, 0x62, 0x00, 0x05, 0xFA, 0xB4, 0x03, 0x00, 0x7F, 0x00, 0x7F, 0x00, 0x7F, 0x00,
    0x7F, 0x00, 0x7F, 0x00, 0x7F, 0x00, 0x7F, 0x00, 0x7F, 0x00, 0x7F, 0x00, 0x7F, 0x00, 0x7F, 0x00,
    0x7F, 0x00, 0x0C, 0x00, 0x04, 0xFF, 0x2E, 0x00, 0x04, 0xFF, 0x5E, 0x00, 0x7F, 0xFF, 0x19, 0xFF,
    0x1E, 0x00, 0x7F, 0xFF, 0x1D, 0xFF, 0x1A, 0x00, 0x7F, 0xFF, 0x21, 0xFF, 0x18, 0x00, 0x7F, 0xFF,
    0x21, 0xFF, 0x18, 0x00, 0x7F, 0xFF, 0x21, 0xFF, 0x16, 0x00, 0x7F, 0xFF, 0x21, 0xFF, 0x18, 0x00,
    0x7F, 0xFF, 0x21, 0xFF, 0x16, 0x00, 0x7F, 0xFF, 0x21, 0xFF, 0x16, 0x00, 0x7F, 0xFF, 0x21, 0xFF,
    0x16, 0x00, 0x7F, 0xFF, 0x23, 0xFF, 0x14, 0x00, 0x7F, 0xFF, 0x23, 0xFF, 0x14, 0x00, 0x7F, 0xFF,
    0x23, 0xFF, 0x14, 0x00, 0x7F, 0xFF, 0x23, 0xFF, 0x14, 0x00, 0x7F, 0xFF, 0x21, 0xFF, 0x16, 0x00,
    0x7F, 0xFF, 0x23, 0xFF, 0x14, 0x00, 0x7F, 0xFF, 0x23, 0xFF, 0x16, 0x00, 0x7F, 0xFF, 0x21, 0xFF,
    0x16, 0x00, 0x7F, 0xFF, 0x21, 0xFF, 0x16, 0x00, 0x7F, 0xFF, 0x23, 0xFF, 0x16, 0x00, 0x7F, 0xFF,
    0x21, 0xFF, 0x18, 0x00, 0x7F, 0xFF, 0x21, 0xFF, 0x18, 0x00, 0x7F, 0xFF, 0x21, 0xFF, 0x18, 0x00,
    0x7F, 0xFF, 0x23, 0xFF, 0x18, 0x00, 0x7F, 0xFF, 0x21, 0xFF, 0x18, 0x00, 0x1A, 0xFF, 0x04, 0x00,
    0x7F, 0xFF, 0x03, 0xFF, 0x1A, 0x00, 0x16, 0xFF, 0x08, 0x00, 0x7F, 0xFF, 0x03, 0xFF, 0x1A, 0x00,
    0x14, 0xFF, 0x08, 0x00, 0x7F, 0xFF, 0x05, 0xFF, 0x1A, 0x00, 0x14, 0xFF, 0x08, 0x00, 0x7F, 0xFF,
    0x05, 0xFF, 0x1A, 0x00, 0x14, 0xFF, 0x08, 0x00, 0x7F, 0xFF, 0x05, 0xFF, 0x1A, 0x00, 0x14, 0xFF,
    0x08, 0x00, 0x7F, 0xFF, 0x05, 0xFF, 0x1A, 0x00, 0x14, 0xFF, 0x0A, 0x00, 0x7F, 0xFF, 0x03, 0xFF,
    0x1A, 0x00, 0x14, 0xFF, 0x0A, 0x00, 0x7F, 0xFF, 0x03, 0xFF, 0x1A, 0x00, 0x14, 0xFF, 0x0A, 0x00,
    0x7F, 0xFF, 0x03, 0xFF, 0x1A, 0x00, 0x14, 0xFF, 0x0A, 0x00, 0x7F, 0xFF, 0x03, 0xFF, 0x1A, 0x00,
    0x14, 0xFF, 0x08, 0x00, 0x7F, 0xFF, 0x05, 0xFF, 0x18, 0x00, 0x14, 0xFF, 0x0A, 0x00, 0x7F, 0xFF,
    0x03, 0xFF, 0x1A, 0x00, 0x14, 0xFF, 0x08, 0x00, 0x7F, 0xFF, 0x05, 0xFF, 0x18, 0x00, 0x14, 0xFF,
    0x0A, 0x00, 0x7F, 0xFF, 0x03, 0xFF, 0x18, 0x00, 0x14, 0xFF, 0x08, 0x00, 0x7F, 0xFF, 0x05, 0xFF,
    0x18, 0x00, 0x14, 0xFF, 0x08, 0x00, 0x7F, 0xFF, 0x05, 0xFF, 0x18, 0x00, 0x14, 0xFF, 0x08, 0x00,
    0x7F, 0xFF, 0x03, 0xFF, 0x18, 0x00, 0x14, 0xFF, 0x0A, 0x00, 0x7F, 0xFF, 0x03, 0xFF, 0x16, 0x00,
    0x16, 0xFF, 0x08, 0x00, 0x7F, 0xFF, 0x03, 0xFF, 0x18, 0x00, 0x14, 0xFF, 0x08, 0x00, 0x7F, 0xFF,
    0x05, 0xFF, 0x16, 0x00, 0x14, 0xFF, 0x08, 0x00, 0x7F, 0xFF, 0x05, 0xFF, 0x16, 0x00, 0x1A, 0xFF,
    0x02, 0x00, 0x7F, 0xFF, 0x05, 0xFF, 0x16, 0x00, 0x7F, 0xFF, 0x21, 0xFF, 0x16, 0x00, 0x7F, 0xFF,
    0x21, 0xFF, 0x16, 0x00, 0x7F, 0xFF, 0x21, 0xFF, 0x16, 0x00, 0x7F, 0xFF, 0x21, 0xFF, 0x16, 0x00,
    0x7F, 0xFF, 0x21, 0xFF, 0x16, 0x00, 0x7F, 0xFF, 0x21, 0xFF, 0x16, 0x00, 0x7F, 0xFF, 0x21, 0xFF,
    0x18, 0x00, 0x7F, 0xFF, 0x21, 0xFF, 0x16, 0x00, 0x7F, 0xFF, 0x21, 0xFF, 0x18, 0x00, 0x7F, 0xFF,
    0x21, 0xFF, 0x18, 0x00, 0x7F, 0xFF, 0x21, 0xFF, 0x1A, 0x00, 0x7F, 0xFF, 0x21, 0xFF, 0x18, 0x00,
    0x7F, 0xFF, 0x21, 0xFF, 0x18, 0x00, 0x7F, 0xFF, 0x21, 0xFF, 0x1A, 0x00, 0x7F, 0xFF, 0x21, 0xFF,
    0x1A, 0x00, 0x7F, 0xFF, 0x21, 0xFF, 0x1A, 0x00, 0x7F, 0xFF, 0x21, 0xFF, 0x1A, 0x00, 0x7F, 0xFF,
    0x21, 0xFF, 0x1A, 0x00, 0x7F, 0xFF, 0x21, 0xFF, 0x1A, 0x00, 0x7F, 0xFF, 0x21, 0xFF, 0x1A, 0x00,
    0x7F, 0xFF, 0x21, 0xFF, 0x18, 0x00, 0x7F, 0xFF, 0x23, 0xFF, 0x18, 0x00, 0x7F, 0xFF, 0x21, 0xFF,
    0x1A, 0x00, 0x26, 0xFF, 0x02, 0x00, 0x18, 0xFF, 0x02, 0x00, 0x2E, 0xFF, 0x02, 0x00, 0x18, 0xFF,
    0x02, 0x00, 0x04, 0xFF, 0x04, 0x00, 0x0C, 0xFF, 0x1A, 0x00, 0x0E, 0xFF, 0x0A, 0x00, 0x0E, 0xFF,
    0x0A, 0x00, 0x10, 0xFF, 0x0A, 0x00, 0x0C, 0xFF, 0x08, 0x00, 0x12, 0xFF, 0x0A, 0x00, 0x10, 0xFF,
    0x0A, 0x00, 0x0C, 0xFF, 0x18, 0x00, 0x10, 0xFF, 0x0A, 0x00, 0x0C, 0xFF, 0x0A, 0x00, 0x10, 0xFF,
    0x0A, 0x00, 0x0E, 0xFF, 0x08, 0x00, 0x10, 0xFF, 0x0A, 0x00, 0x10, 0xFF, 0x0A, 0x00, 0x0C, 0xFF,
    0x1A, 0x00, 0x0E, 0xFF, 0x0A, 0x00, 0x0C, 0xFF, 0x0C, 0x00, 0x0E, 0xFF, 0x0C, 0x00, 0x0C, 0xFF,
    0x08, 0x00, 0x10, 0xFF, 0x0C, 0x00, 0x0E, 0xFF, 0x0A, 0x00, 0x0E, 0xFF, 0x18, 0x00, 0x0E, 0xFF,
    0x0A, 0x00, 0x0E, 0xFF, 0x0A, 0x00, 0x10, 0xFF, 0x0A, 0x00, 0x0C, 0xFF, 0x08, 0x00, 0x10, 0xFF,
    0x0C, 0x00, 0x0E, 0xFF, 0x0C, 0x00, 0x0C, 0xFF, 0x18, 0x00, 0x0E, 0xFF, 0x0A, 0x00, 0x0E, 0xFF,
    0x0A, 0x00, 0x0E, 0xFF, 0x0C, 0x00, 0x0C, 0xFF, 0x08, 0x00, 0x10, 0xFF, 0x0C, 0x00, 0x0E, 0xFF,
    0x0A, 0x00, 0x0C, 0xFF, 0x1A, 0x00, 0x0E, 0xFF, 0x0A, 0x00, 0x0C, 0xFF, 0x0C, 0x00, 0x0E, 0xFF,
    0x0C, 0x00, 0x0C, 0xFF, 0x08, 0x00, 0x10, 0xFF, 0x0C, 0x00, 0x0E, 0xFF, 0x0A, 0x00, 0x0C, 0xFF,
    0x18, 0x00, 0x10, 0xFF, 0x0A, 0x00, 0x0C, 0xFF, 0x0A, 0x00, 0x10, 0xFF, 0x0A, 0x00, 0x0C, 0xFF,
    0x0A, 0x00, 0x10, 0xFF, 0x0A, 0x00, 0x10, 0xFF, 0x0A, 0x00, 0x0C, 0xFF, 0x18, 0x00, 0x0E, 0xFF,
    0x0A, 0x00, 0x0E, 0xFF, 0x0A, 0x00, 0x0E, 0xFF, 0x0C, 0x00, 0x0A, 0xFF, 0x0A, 0x00, 0x10, 0xFF,
    0x0C, 0x00, 0x0E, 0xFF, 0x0C, 0x00, 0x0C, 0xFF, 0x16, 0x00, 0x0E, 0xFF, 0x0A, 0x00, 0x0E, 0xFF,
    0x0A, 0x00, 0x10, 0xFF, 0x0A, 0x00, 0x0A, 0xFF, 0x0A, 0x00, 0x12, 0xFF, 0x0A, 0x00, 0x0E, 0xFF,
    0x0C, 0x00, 0x0C, 0xFF, 0x16, 0x00, 0x0E, 0xFF, 0x0C, 0x00, 0x0C, 0xFF, 0x0A, 0x00, 0x10, 0xFF,
    0x0A, 0x00, 0x0C, 0xFF, 0x0A, 0x00, 0x10, 0xFF, 0x0A, 0x00, 0x10, 0xFF, 0x0A, 0x00, 0x0C, 0xFF,
    0x16, 0x00, 0x0E, 0xFF, 0x0C, 0x00, 0x0C, 0xFF, 0x0A, 0x00, 0x0E, 0xFF, 0x0C, 0x00, 0x06, 0xFF,
    0x10, 0x00, 0x10, 0xFF, 0x0A, 0x00, 0x06, 0xFF, 0x02, 0x00, 0x08, 0xFF, 0x0A, 0x00, 0x0C, 0xFF,
    0x16, 0x00, 0x06, 0xFF, 0x02, 0x00, 0x06, 0xFF, 0x0C, 0x00, 0x0C, 0xFF, 0x0A, 0x00, 0x0E, 0xFF,
    0x0C, 0x00, 0x06, 0xFF, 0x10, 0x00, 0x10, 0xFF, 0x0A, 0x00, 0x06, 0xFF, 0x04, 0x00, 0x06, 0xFF,
    0x0A, 0x00, 0x0C, 0xFF, 0x1A, 0x00, 0x02, 0xFF, 0x06, 0x00, 0x02, 0xFF, 0x0E, 0x00, 0x08, 0xFF,
    0x0E, 0x00, 0x08, 0xFF, 0x14, 0x00, 0x02, 0xFF, 0x12, 0x00, 0x02, 0xFF, 0x08, 0x00, 0x04, 0xFF,
    0x0C, 0x00, 0x04, 0xFF, 0x08, 0x00, 0x02, 0xFF, 0x0E, 0x00, 0x06, 0xFF, 0x0E, 0x00, 0x02, 0xFD,
    0x06, 0x00, 0x00, 0x08, 0x02, 0x01, 0xFF, 0x28, 0x00, 0x04, 0xFB, 0x08, 0x00, 0x00, 0x66, 0x00,
    0x18, 0x00, 0x6B, 0x00, 0x1D, 0x00, 0x05, 0xFA, 0x14, 0x00, 0x00, 0x16, 0xFF, 0x02, 0x00, 0x08,
    0xFF, 0x04, 0x00, 0x06, 0xFF, 0x06, 0x00, 0x04, 0xFF, 0x08, 0x00, 0x02, 0xFF, 0x0A, 0x00, 0x02,
    0xFD, 0x06, 0x00, 0x00, 0x08, 0x02, 0x01, 0xFF, 0x28, 0x00, 0x04, 0xFB, 0x08, 0x00, 0x00, 0x12,
    0x00, 0x0F, 0x00, 0x6D, 0x00, 0x62, 0x00, 0x05, 0xFA, 0xE4, 0x03, 0x00, 0x7F, 0x00, 0x7F, 0x00,
    0x7F, 0x00, 0x7F, 0x00, 0x7F, 0x00, 0x7F, 0x00, 0x7F, 0x00, 0x7F, 0x00, 0x7F, 0x00, 0x7F, 0x00,
    0x7F, 0x00, 0x7F, 0x00, 0x7F, 0x00, 0x19, 0x00, 0x7F, 0xFF, 0x13, 0xFF, 0x20, 0x00, 0x7F, 0xFF,
    0x1B, 0xFF, 0x1C, 0x00, 0x7F, 0xFF, 0x1D, 0xFF, 0x18, 0x00, 0x7F, 0xFF, 0x21, 0xFF, 0x16, 0x00,
    0x7F, 0xFF, 0x21, 0xFF, 0x16, 0x00, 0x7F, 0xFF, 0x21, 0xFF, 0x16, 0x00, 0x7F, 0xFF, 0x21, 0xFF,
    0x18, 0x00, 0x7F, 0xFF, 0x21, 0xFF, 0x16, 0x00, 0x7F, 0xFF, 0x21, 0xFF, 0x18, 0x00, 0x7F, 0xFF,
    0x21, 0xFF, 0x18, 0x00, 0x7F, 0xFF, 0x21, 0xFF, 0x18, 0x00, 0x7F, 0xFF, 0x21, 0xFF, 0x1A, 0x00,
    0x7F, 0xFF, 0x21, 0xFF, 0x18, 0x00, 0x7F, 0xFF, 0x21, 0xFF, 0x1A, 0x00, 0x7F, 0xFF, 0x21, 0xFF,
    0x18, 0x00, 0x1A, 0xFF, 0x02, 0x00, 0x7F, 0xFF, 0x07, 0xFF, 0x18, 0x00, 0x1A, 0xFF, 0x02, 0x00,
    0x66, 0xFF, 0x02, 0x00, 0x02, 0xFF, 0x02, 0x00, 0x18, 0xFF, 0x1A, 0x00, 0x16, 0xFF, 0x08, 0x00,
    0x64, 0xFF, 0x04, 0x00, 0x1A, 0xFF, 0x1A, 0x00, 0x16, 0xFF, 0x08, 0x00, 0x62, 0xFF, 0x06, 0x00,
    0x1A, 0xFF, 0x1A, 0x00, 0x16, 0xFF, 0x08, 0x00, 0x60, 0xFF, 0x06, 0x00, 0x1E, 0xFF, 0x18, 0x00,
    0x16, 0xFF, 0x08, 0x00, 0x60, 0xFF, 0x04, 0x00, 0x20, 0xFF, 0x18, 0x00, 0x16, 0xFF, 0x08, 0x00,
    0x5E, 0xFF, 0x04, 0x00, 0x22, 0xFF, 0x18, 0x00, 0x16, 0xFF, 0x08, 0x00, 0x5C, 0xFF, 0x06, 0x00,
    0x20, 0xFF, 0x1A, 0x00, 0x14, 0xFF, 0x0A, 0x00, 0x5A, 0xFF, 0x06, 0x00, 0x22, 0xFF, 0x1A, 0x00,
    0x14, 0xFF, 0x0A, 0x00, 0x58, 0xFF, 0x04, 0x00, 0x26, 0xFF, 0x18, 0x00, 0x16, 0xFF, 0x08, 0x00,
    0x58, 0xFF, 0x04, 0x00, 0x26, 0xFF, 0x1A, 0x00, 0x14, 0xFF, 0x08, 0x00, 0x7F, 0xFF, 0x05, 0xFF,
    0x18, 0x00, 0x14, 0xFF, 0x0A, 0x00, 0x54, 0xFF, 0x02, 0x00, 0x2C, 0xFF, 0x18, 0x00, 0x14, 0xFF,
    0x08, 0x00, 0x7F, 0xFF, 0x05, 0xFF, 0x18, 0x00, 0x14, 0xFF, 0x08, 0x00, 0x7F, 0xFF, 0x05, 0xFF,
    0x16, 0x00, 0x16, 0xFF, 0x08, 0x00, 0x7F, 0xFF, 0x03, 0xFF, 0x18, 0x00, 0x14, 0xFF, 0x0A, 0x00,
    0x7F, 0xFF, 0x03, 0xFF, 0x16, 0x00, 0x16, 0xFF, 0x08, 0x00, 0x7F, 0xFF, 0x03, 0xFF, 0x16, 0x00,
    0x16, 0xFF, 0x08, 0x00, 0x7F, 0xFF, 0x03, 0xFF, 0x16, 0x00, 0x16, 0xFF, 0x08, 0x00, 0x7F, 0xFF,
    0x05, 0xFF, 0x14, 0x00, 0x16, 0xFF, 0x08, 0x00, 0x7F, 0xFF, 0x05, 0xFF, 0x14, 0x00, 0x16, 0xFF,
    0x08, 0x00, 0x7F, 0xFF, 0x05, 0xFF, 0x14, 0x00, 0x16, 0xFF, 0x08, 0x00, 0x7F, 0xFF, 0x05, 0xFF,
    0x14, 0x00, 0x16, 0xFF, 0x08, 0x00, 0x5E, 0xFF, 0x02, 0x00, 0x24, 0xFF, 0x14, 0x00, 0x16, 0xFF,
    0x08, 0x00, 0x60, 0xFF, 0x02, 0x00, 0x22, 0xFF, 0x16, 0x00, 0x14, 0xFF, 0x08, 0x00, 0x5E, 0xFF,
    0x06, 0x00, 0x20, 0xFF, 0x16, 0x00, 0x14, 0xFF, 0x08, 0x00, 0x60, 0xFF, 0x06, 0x00, 0x1E, 0xFF,
    0x16, 0x00, 0x14, 0xFF, 0x0A, 0x00, 0x60, 0xFF, 0x06, 0x00, 0x1C, 0xFF, 0x18, 0x00, 0x14, 0xFF,
    0x08, 0x00, 0x64, 0xFF, 0x04, 0x00, 0x1C, 0xFF, 0x16, 0x00, 0x16, 0xFF, 0x08, 0x00, 0x7F, 0xFF,
    0x03, 0xFF, 0x18, 0x00, 0x16, 0xFF, 0x08, 0x00, 0x7F, 0xFF, 0x03, 0xFF, 0x18, 0x00, 0x7F, 0xFF,
    0x21, 0xFF, 0x1A, 0x00, 0x7F, 0xFF, 0x1F, 0xFF, 0x1A, 0x00, 0x7F, 0xFF, 0x21, 0xFF, 0x1A, 0x00,
    0x7F, 0xFF, 0x21, 0xFF, 0x18, 0x00, 0x7F, 0xFF, 0x21, 0xFF, 0x1A, 0x00, 0x7F, 0xFF, 0x21, 0xFF,
    0x1A, 0x00, 0x7F, 0xFF, 0x21, 0xFF, 0x1A, 0x00, 0x7F, 0xFF, 0x21, 0xFF, 0x1A, 0x00, 0x7F, 0xFF,
    0x21, 0xFF, 0x1A, 0x00, 0x7F, 0xFF, 0x21, 0xFF, 0x1A, 0x00, 0x7F, 0xFF, 0x21, 0xFF, 0x1A, 0x00,
    0x7F, 0xFF, 0x21, 0xFF, 0x1A, 0x00, 0x7F, 0xFF, 0x1F, 0xFF, 0x1C, 0x00, 0x7F, 0xFF, 0x1D, 0xFF,
    0x20, 0x00, 0x7F, 0xFF, 0x19, 0xFF, 0x20, 0x00, 0x02, 0xFF, 0x06, 0x00, 0x04, 0xFF, 0x02, 0x00,
    0x16, 0xFF, 0x04, 0x00, 0x12, 0xFF, 0x02, 0x00, 0x04, 0xFF, 0x04, 0x00, 0x02, 0xFF, 0x02, 0x00,
    0x0E, 0xFF, 0x0E, 0x00, 0x02, 0xFF, 0x12, 0x00, 0x08, 0xFF, 0x02, 0x00, 0x06, 0xFF, 0x0E, 0x00,
    0x02, 0xFF, 0x1E, 0x00, 0x0E, 0xFF, 0x0A, 0x00, 0x0C, 0xFF, 0x0C, 0x00, 0x0C, 0xFF, 0x0E, 0x00,
    0x0C, 0xFF, 0x0E, 0x00, 0x04, 0xFF, 0x12, 0x00, 0x04, 0xFF, 0x06, 0x00, 0x04, 0xFF, 0x0C, 0x00,
    0x0A, 0xFF, 0x1A, 0x00, 0x0E, 0xFF, 0x0A, 0x00, 0x0C, 0xFF, 0x0C, 0x00, 0x0E, 0xFF, 0x0C, 0x00,
    0x0C, 0xFF, 0x0E, 0x00, 0x06, 0xFF, 0x10, 0x00, 0x06, 0xFF, 0x02, 0x00, 0x06, 0xFF, 0x0C, 0x00,
    0x0A, 0xFF, 0x1A, 0x00, 0x0E, 0xFF, 0x0A, 0x00, 0x0C, 0xFF, 0x0C, 0x00, 0x0E, 0xFF, 0x0C, 0x00,
    0x0C, 0xFF, 0x0C, 0x00, 0x08, 0xFF, 0x10, 0x00, 0x0E, 0xFF, 0x0A, 0x00, 0x0C, 0xFF, 0x1A, 0x00,
    0x0C, 0xFF, 0x0C, 0x00, 0x0C, 0xFF, 0x0C, 0x00, 0x0E, 0xFF, 0x0C, 0x00, 0x0C, 0xFF, 0x0C, 0x00,
    0x08, 0xFF, 0x0E, 0x00, 0x10, 0xFF, 0x0A, 0x00, 0x0C, 0xFF, 0x18, 0x00, 0x0E, 0xFF, 0x0C, 0x00,
    0x0C, 0xFF, 0x0A, 0x00, 0x10, 0xFF, 0x0A, 0x00, 0x0C, 0xFF, 0x0C, 0x00, 0x0A, 0xFF, 0x0E, 0x00,
    0x10, 0xFF, 0x0A, 0x00, 0x0C, 0xFF, 0x18, 0x00, 0x0E, 0xFF, 0x0A, 0x00, 0x0C, 0xFF, 0x0A, 0x00,
    0x10, 0xFF, 0x0A, 0x00, 0x0C, 0xFF, 0x0A, 0x00, 0x0E, 0xFF, 0x0E, 0x00, 0x0E, 0xFF, 0x0A, 0x00,
    0x0C, 0xFF, 0x18, 0x00, 0x0C, 0xFF, 0x0C, 0x00, 0x0C, 0xFF, 0x0C, 0x00, 0x0E, 0xFF, 0x0C, 0x00,
    0x0C, 0xFF, 0x08, 0x00, 0x10, 0xFF, 0x0C, 0x00, 0x0E, 0xFF, 0x0A, 0x00, 0x0E, 0xFF, 0x16, 0x00,
    0x0E, 0xFF, 0x0A, 0x00, 0x0E, 0xFF, 0x0A, 0x00, 0x10, 0xFF, 0x0A, 0x00, 0x0A, 0xFF, 0x0A, 0x00,
    0x10, 0xFF, 0x0C, 0x00, 0x0E, 0xFF, 0x0C, 0x00, 0x0C, 0xFF, 0x16, 0x00, 0x0E, 0xFF, 0x0A, 0x00,
    0x0E, 0xFF, 0x0A, 0x00, 0x10, 0xFF, 0x0A, 0x00, 0x0A, 0xFF, 0x0A, 0x00, 0x12, 0xFF, 0x0A, 0x00,
    0x10, 0xFF, 0x0A, 0x00, 0x0C, 0xFF, 0x16, 0x00, 0x0E, 0xFF, 0x0A, 0x00, 0x0E, 0xFF, 0x0A, 0x00,
    0x10, 0xFF, 0x0A, 0x00, 0x0A, 0xFF, 0x0A, 0x00, 0x12, 0xFF, 0x0A, 0x00, 0x10, 0xFF, 0x0A, 0x00,
    0x0C, 0xFF, 0x16, 0x00, 0x0E, 0xFF, 0x0A, 0x00, 0x0E, 0xFF, 0x0A, 0x00, 0x0E, 0xFF, 0x0C, 0x00,
    0x06, 0xFF, 0x0E, 0x00, 0x12, 0xFF, 0x0A, 0x00, 0x06, 0xFF, 0x02, 0x00, 0x08, 0xFF, 0x0A, 0x00,
    0x0C, 0xFF, 0x16, 0x00, 0x06, 0xFF, 0x02, 0x00, 0x06, 0xFF, 0x0C, 0x00, 0x0A, 0xFF, 0x0C, 0x00,
    0x0E, 0xFF, 0x0C, 0x00, 0x06, 0xFF, 0x0E, 0x00, 0x12, 0xFF, 0x0A, 0x00, 0x06, 0xFF, 0x04, 0x00,
    0x04, 0xFF, 0x0C, 0x00, 0x0C, 0xFF, 0x18, 0x00, 0x04, 0xFF, 0x04, 0x00, 0x04, 0xFF, 0x0C, 0x00,
    0x08, 0xFF, 0x10, 0x00, 0x08, 0xFF, 0x12, 0x00, 0x04, 0xFF, 0x10, 0x00, 0x04, 0xFF, 0x08, 0x00,
    0x04, 0xFF, 0x0C, 0x00, 0x02, 0xFF, 0x0A, 0x00, 0x02, 0xFF, 0x0C, 0x00, 0x08, 0xFF, 0x12, 0x00,
    0x02, 0xFD, 0x06, 0x00, 0x00, 0x08, 0x02, 0x01, 0xFF, 0x32, 0x00, 0x04, 0xFB, 0x08, 0x00, 0x00,
    0x12, 0x00, 0x18, 0x00, 0x6D, 0x00, 0x62, 0x00, 0x05, 0xFA, 0x9E, 0x03, 0x00, 0x7F, 0x00, 0x7F,
    0x00, 0x7F, 0x00, 0x7F, 0x00, 0x7F, 0x00, 0x7F, 0x00, 0x7F, 0x00, 0x25, 0x00, 0x7F, 0xFF, 0x17,
    0xFF, 0x1E, 0x00, 0x7F, 0xFF, 0x1D, 0xFF, 0x1C, 0x00, 0x7F, 0xFF, 0x1F, 0xFF, 0x18, 0x00, 0x7F,
    0xFF, 0x21, 0xFF, 0x18, 0x00, 0x7F, 0xFF, 0x21, 0xFF, 0x1A, 0x00, 0x7F, 0xFF, 0x21, 0xFF, 0x18,
    0x00, 0x7F, 0xFF, 0x21, 0xFF, 0x1A, 0x00, 0x7F, 0xFF, 0x21, 0xFF, 0x1A, 0x00, 0x7F, 0xFF, 0x21,
    0xFF, 0x1A, 0x00, 0x7F, 0xFF, 0x21, 0xFF, 0x1A, 0x00, 0x7F, 0xFF, 0x21, 0xFF, 0x1A, 0x00, 0x18,
    0xFF, 0x04, 0x00, 0x66, 0xFF, 0x08, 0x00, 0x16, 0xFF, 0x1A, 0x00, 0x14, 0xFF, 0x08, 0x00, 0x64,
    0xFF, 0x0A, 0x00, 0x16, 0xFF, 0x1A, 0x00, 0x14, 0xFF, 0x08, 0x00, 0x62, 0xFF, 0x0C, 0x00, 0x16,
    0xFF, 0x1A, 0x00, 0x14, 0xFF, 0x08, 0x00, 0x62, 0xFF, 0x0A, 0x00, 0x18, 0xFF, 0x1A, 0x00, 0x14,
    0xFF, 0x08, 0x00, 0x60, 0xFF, 0x0C, 0x00, 0x18, 0xFF, 0x18, 0x00, 0x16, 0xFF, 0x08, 0x00, 0x5E,
    0xFF, 0x0C, 0x00, 0x18, 0xFF, 0x1A, 0x00, 0x14, 0xFF, 0x0A, 0x00, 0x5C, 0xFF, 0x0C, 0x00, 0x1A,
    0xFF, 0x1A, 0x00, 0x14, 0xFF, 0x08, 0x00, 0x5C, 0xFF, 0x0C, 0x00, 0x1C, 0xFF, 0x18, 0x00, 0x14,
    0xFF, 0x0A, 0x00, 0x58, 0xFF, 0x0C, 0x00, 0x1E, 0xFF, 0x18, 0x00, 0x14, 0xFF, 0x0A, 0x00, 0x58,
    0xFF, 0x0A, 0x00, 0x20, 0xFF, 0x18, 0x00, 0x14, 0xFF, 0x0A, 0x00, 0x56, 0xFF, 0x0A, 0x00, 0x22,
    0xFF, 0x18, 0x00, 0x14, 0xFF, 0x08, 0x00, 0x56, 0xFF, 0x0A, 0x00, 0x24, 0xFF, 0x16, 0x00, 0x14,
    0xFF, 0x0A, 0x00, 0x52, 0xFF, 0x0C, 0x00, 0x24, 0xFF, 0x18, 0x00, 0x14, 0xFF, 0x08, 0x00, 0x52,
    0xFF, 0x0C, 0x00, 0x26, 0xFF, 0x16, 0x00, 0x14, 0xFF, 0x0A, 0x00, 0x4E, 0xFF, 0x0C, 0x00, 0x28,
    0xFF, 0x16, 0x00, 0x14, 0xFF, 0x0A, 0x00, 0x4C, 0xFF, 0x0C, 0x00, 0x2A, 0xFF, 0x16, 0x00, 0x16,
    0xFF, 0x08, 0x00, 0x4A, 0xFF, 0x0A, 0x00, 0x2E, 0xFF, 0x16, 0x00, 0x16, 0xFF, 0x08, 0x00, 0x48,
    0xFF, 0x0C, 0x00, 0x2E, 0xFF, 0x16, 0x00, 0x14, 0xFF, 0x0A, 0x00, 0x44, 0xFF, 0x0E, 0x00, 0x30,
    0xFF, 0x16, 0x00, 0x14, 0xFF, 0x0A, 0x00, 0x42, 0xFF, 0x0E, 0x00, 0x32, 0xFF, 0x16, 0x00, 0x14,
    0xFF, 0x0A, 0x00, 0x40, 0xFF, 0x0C, 0x00, 0x36, 0xFF, 0x16, 0x00, 0x14, 0xFF, 0x0A, 0x00, 0x3C,
    0xFF, 0x0E, 0x00, 0x12, 0xFF, 0x02, 0x00, 0x24, 0xFF, 0x16, 0x00, 0x16, 0xFF, 0x08, 0x00, 0x38,
    0xFF, 0x10, 0x00, 0x12, 0xFF, 0x06, 0x00, 0x22, 0xFF, 0x18, 0x00, 0x14, 0xFF, 0x08, 0x00, 0x36,
    0xFF, 0x10, 0x00, 0x12, 0xFF, 0x0A, 0x00, 0x22, 0xFF, 0x16, 0x00, 0x14, 0xFF, 0x0A, 0x00, 0x30,
    0xFF, 0x12, 0x00, 0x14, 0xFF, 0x0C, 0x00, 0x20, 0xFF, 0x18, 0x00, 0x14, 0xFF, 0x08, 0x00, 0x2C,
    0xFF, 0x14, 0x00, 0x1A, 0xFF, 0x0C, 0x00, 0x1E, 0xFF, 0x16, 0x00, 0x16, 0xFF, 0x08, 0x00, 0x28,
    0xFF, 0x14, 0x00, 0x1E, 0xFF, 0x0C, 0x00, 0x1C, 0xFF, 0x18, 0x00, 0x16, 0xFF, 0x08, 0x00, 0x22,
    0xFF, 0x16, 0x00, 0x24, 0xFF, 0x0A, 0x00, 0x1C, 0xFF, 0x18, 0x00, 0x16, 0xFF, 0x08, 0x00, 0x1C,
    0xFF, 0x1A, 0x00, 0x28, 0xFF, 0x0A, 0x00, 0x1C, 0xFF, 0x18, 0x00, 0x14, 0xFF, 0x0A, 0x00, 0x12,
    0xFF, 0x1E, 0x00, 0x2E, 0xFF, 0x0A, 0x00, 0x18, 0xFF, 0x1A, 0x00, 0x14, 0xFF, 0x0A, 0x00, 0x04,
    0xFF, 0x2A, 0x00, 0x32, 0xFF, 0x0A, 0x00, 0x18, 0xFF, 0x1A, 0x00, 0x14, 0xFF, 0x32, 0x00, 0x3A,
    0xFF, 0x08, 0x00, 0x18, 0xFF, 0x18, 0x00, 0x16, 0xFF, 0x2C, 0x00, 0x40, 0xFF, 0x08, 0x00, 0x18,
    0xFF, 0x18, 0x00, 0x16, 0xFF, 0x24, 0x00, 0x4A, 0xFF, 0x06, 0x00, 0x1C, 0xFF, 0x14, 0x00, 0x16,
    0xFF, 0x18, 0x00, 0x72, 0xFF, 0x1A, 0x00, 0x7F, 0xFF, 0x21, 0xFF, 0x1A, 0x00, 0x7F, 0xFF, 0x21,
    0xFF, 0x1A, 0x00, 0x7F, 0xFF, 0x21, 0xFF, 0x1A, 0x00, 0x7F, 0xFF, 0x21, 0xFF, 0x1A, 0x00, 0x7F,
    0xFF, 0x21, 0xFF, 0x1A, 0x00, 0x7F, 0xFF, 0x21, 0xFF, 0x1A, 0x00, 0x7F, 0xFF, 0x1F, 0xFF, 0x1C,
    0x00, 0x7F, 0xFF, 0x1F, 0xFF, 0x1C, 0x00, 0x7F, 0xFF, 0x1B, 0xFF, 0x20, 0x00, 0x7F, 0xFF, 0x19,
    0xFF, 0x28, 0x00, 0x02, 0xFF, 0x3E, 0x00, 0x06, 0xFF, 0x3E, 0x00, 0x02, 0xFF, 0x7F, 0x00, 0x7F,
    0x00, 0x7F, 0x00, 0x7F, 0x00, 0x7F, 0x00, 0x7F, 0x00, 0x20, 0x00, 0x04, 0xFF, 0x14, 0x00, 0x04,
    0xFF, 0x16, 0x00, 0x04, 0xFF, 0x16, 0x00, 0x02, 0xFF, 0x12, 0x00, 0x02, 0xFF, 0x08, 0x00, 0x02,
    0xFF, 0x12, 0x00, 0x04, 0xFF, 0x1A, 0x00, 0x06, 0xFF, 0x02, 0x00, 0x06, 0xFF, 0x0C, 0x00, 0x0A,
    0xFF, 0x0C, 0x00, 0x0C, 0xFF, 0x10, 0x00, 0x0A, 0xFF, 0x10, 0x00, 0x04, 0xFF, 0x10, 0x00, 0x06,
    0xFF, 0x04, 0x00, 0x06, 0xFF, 0x0C, 0x00, 0x0A, 0xFF, 0x16, 0x00, 0x0E, 0xFF, 0x0C, 0x00, 0x0C,
    0xFF, 0x0A, 0x00, 0x0E, 0xFF, 0x0E, 0x00, 0x0C, 0xFF, 0x0C, 0x00, 0x08, 0xFF, 0x0E, 0x00, 0x08,
    0xFF, 0x02, 0x00, 0x06, 0xFF, 0x0A, 0x00, 0x0C, 0xFF, 0x18, 0x00, 0x0A, 0xFF, 0x0E, 0x00, 0x0C,
    0xFF, 0x0A, 0x00, 0x06, 0xFF, 0x04, 0x00, 0x06, 0xFF, 0x0C, 0x00, 0x06, 0xFF, 0x12, 0x00, 0x08,
    0xFF, 0x0E, 0x00, 0x10, 0xFF, 0x0A, 0x00, 0x08, 0xFF, 0x1C, 0x00, 0x08, 0xFF, 0x10, 0x00, 0x0C,
    0xFF, 0x0A, 0x00, 0x08, 0xFF, 0x02, 0x00, 0x06, 0xFF, 0x0C, 0x00, 0x0A, 0xFF, 0x0E, 0x00, 0x0A,
    0xFF, 0x0C, 0x00, 0x10, 0xFF, 0x0C, 0x00, 0x0A, 0xFF, 0x18, 0x00, 0x0A, 0xFF, 0x0E, 0x00, 0x0C,
    0xFF, 0x0C, 0x00, 0x06, 0xFF, 0x02, 0x00, 0x06, 0xFF, 0x0C, 0x00, 0x0A, 0xFF, 0x0C, 0x00, 0x0C,
    0xFF, 0x0C, 0x00, 0x10, 0xFF, 0x10, 0x00, 0x06, 0xFF, 0x18, 0x00, 0x0C, 0xFF, 0x0C, 0x00, 0x0C,
    0xFF, 0x0C, 0x00, 0x0E, 0xFF, 0x0C, 0x00, 0x06, 0xFF, 0x10, 0x00, 0x0E, 0xFF, 0x0C, 0x00, 0x06,
    0xFF, 0x02, 0x00, 0x06, 0xFF, 0x0C, 0x00, 0x04, 0xFF, 0x02, 0x00, 0x06, 0xFF, 0x16, 0x00, 0x06,
    0xFF, 0x02, 0x00, 0x06, 0xFF, 0x0A, 0x00, 0x0C, 0xFF, 0x0C, 0x00, 0x0C, 0xFF, 0x0E, 0x00, 0x06,
    0xFF, 0x0E, 0x00, 0x10, 0xFF, 0x0C, 0x00, 0x06, 0xFF, 0x04, 0x00, 0x04, 0xFF, 0x0C, 0x00, 0x0C,
    0xFF, 0x18, 0x00, 0x04, 0xFF, 0x04, 0x00, 0x04, 0xFF, 0x0C, 0x00, 0x08, 0xFF, 0x10, 0x00, 0x08,
    0xFF, 0x12, 0x00, 0x04, 0xFF, 0x10, 0x00, 0x04, 0xFF, 0x08, 0x00, 0x02, 0xFF, 0x0E, 0x00, 0x04,
    0xFF, 0x06, 0x00, 0x04, 0xFF, 0x0C, 0x00, 0x08, 0xFF, 0x16, 0x00, 0x02, 0xFD, 0x06, 0x00, 0x00,
    0x08, 0x02, 0x00, 0xFF, 0x28, 0x00, 0x04, 0xFB, 0x08, 0x00, 0x00, 0x2C, 0x00, 0x31, 0x00, 0x2C,
    0x00, 0x31, 0x00, 0x05, 0xFA, 0x02, 0x00, 0x00, 0xFF, 0xFF, 0x02, 0xFD, 0x06, 0x00, 0x00, 0x08,
    0x00, 0x01, 0xFF, 0x28, 0x00, 0x05, 0xFA, 0x6E, 0x04, 0x00, 0x7F, 0xFF, 0x7F, 0xFF, 0x7F, 0xFF,
    0x7F, 0xFF, 0x7F, 0xFF, 0x7F, 0xFF, 0x7F, 0xFF, 0x7F, 0xFF, 0x7F, 0xFF, 0x7F, 0xFF, 0x7F, 0xFF,
    0x7F, 0xFF, 0x7F, 0xFF, 0x7F, 0xFF, 0x7F, 0xFF, 0x7F, 0xFF, 0x7F, 0xFF, 0x7F, 0xFF, 0x12, 0xFF,
    0x02, 0x00, 0x7F, 0xFF, 0x7F, 0xFF, 0x02, 0x00, 0x06, 0xFF, 0x0C, 0x00, 0x7F, 0xFF, 0x61, 0xFF,
    0x0E, 0x00, 0x04, 0xFF, 0x10, 0x00, 0x7F, 0xFF, 0x5D, 0xFF, 0x10, 0x00, 0x02, 0xFF, 0x14, 0x00,
    0x7F, 0xFF, 0x59, 0xFF, 0x28, 0x00, 0x7F, 0xFF, 0x57, 0xFF, 0x2C, 0x00, 0x7F, 0xFF, 0x53, 0xFF,
    0x2C, 0x00, 0x7F, 0xFF, 0x53, 0xFF, 0x2E, 0x00, 0x7F, 0xFF, 0x51, 0xFF, 0x30, 0x00, 0x7F, 0xFF,
    0x4F, 0xFF, 0x32, 0x00, 0x7F, 0xFF, 0x4D, 0xFF, 0x32, 0x00, 0x7F, 0xFF, 0x4D, 0xFF, 0x1C, 0x00,
    0x02, 0xFF, 0x16, 0x00, 0x7F, 0xFF, 0x4B, 0xFF, 0x1C, 0x00, 0x04, 0xFF, 0x14, 0x00, 0x7F, 0xFF,
    0x4B, 0xFF, 0x1C, 0x00, 0x06, 0xFF, 0x14, 0x00, 0x7F, 0xFF, 0x49, 0xFF, 0x1C, 0x00, 0x08, 0xFF,
    0x14, 0x00, 0x7F, 0xFF, 0x47, 0xFF, 0x1C, 0x00, 0x0A, 0xFF, 0x12, 0x00, 0x7F, 0xFF, 0x47, 0xFF,
    0x1C, 0x00, 0x0C, 0xFF, 0x12, 0x00, 0x7F, 0xFF, 0x45, 0xFF, 0x1C, 0x00, 0x0E, 0xFF, 0x12, 0x00,
    0x7F, 0xFF, 0x43, 0xFF, 0x1C, 0x00, 0x10, 0xFF, 0x10, 0x00, 0x7F, 0xFF, 0x43, 0xFF, 0x1C, 0x00,
    0x12, 0xFF, 0x10, 0x00, 0x7F, 0xFF, 0x41, 0xFF, 0x1C, 0x00, 0x14, 0xFF, 0x10, 0x00, 0x7F, 0xFF,
    0x3F, 0xFF, 0x1E, 0x00, 0x14, 0xFF, 0x10, 0x00, 0x7F, 0xFF, 0x3D, 0xFF, 0x1E, 0x00, 0x14, 0xFF,
    0x12, 0x00, 0x7F, 0xFF, 0x3D, 0xFF, 0x1E, 0x00, 0x16, 0xFF, 0x12, 0x00, 0x7F, 0xFF, 0x39, 0xFF,
    0x1E, 0x00, 0x18, 0xFF, 0x12, 0x00, 0x7F, 0xFF, 0x37, 0xFF, 0x1E, 0x00, 0x1A, 0xFF, 0x12, 0x00,
    0x7F, 0xFF, 0x35, 0xFF, 0x20, 0x00, 0x1A, 0xFF, 0x12, 0x00, 0x7F, 0xFF, 0x35, 0xFF, 0x1E, 0x00,
    0x1C, 0xFF, 0x14, 0x00, 0x7F, 0xFF, 0x31, 0xFF, 0x20, 0x00, 0x1C, 0xFF, 0x14, 0x00, 0x7F, 0xFF,
    0x31, 0xFF, 0x20, 0x00, 0x1C, 0xFF, 0x14, 0x00, 0x7F, 0xFF, 0x2F, 0xFF, 0x20, 0x00, 0x1E, 0xFF,
    0x16, 0x00, 0x7F, 0xFF, 0x2D, 0xFF, 0x20, 0x00, 0x1E, 0xFF, 0x16, 0x00, 0x7F, 0xFF, 0x2B, 0xFF,
    0x20, 0x00, 0x20, 0xFF, 0x18, 0x00, 0x7F, 0xFF, 0x27, 0xFF, 0x22, 0x00, 0x20, 0xFF, 0x18, 0x00,
    0x7F, 0xFF, 0x27, 0xFF, 0x20, 0x00, 0x22, 0xFF, 0x18, 0x00, 0x7F, 0xFF, 0x25, 0xFF, 0x22, 0x00,
    0x22, 0xFF, 0x1A, 0x00, 0x7F, 0xFF, 0x21, 0xFF, 0x22, 0x00, 0x24, 0xFF, 0x1A, 0x00, 0x7F, 0xFF,
    0x1F, 0xFF, 0x22, 0x00, 0x26, 0xFF, 0x1A, 0x00, 0x7F, 0xFF, 0x1D, 0xFF, 0x22, 0x00, 0x28, 0xFF,
    0x1A, 0x00, 0x7F, 0xFF, 0x1B, 0xFF, 0x22, 0x00, 0x2A, 0xFF, 0x1A, 0x00, 0x7F, 0xFF, 0x19, 0xFF,
    0x22, 0x00, 0x2C, 0xFF, 0x1A, 0x00, 0x7F, 0xFF, 0x17, 0xFF, 0x22, 0x00, 0x2E, 0xFF, 0x1A, 0x00,
    0x7F, 0xFF, 0x13, 0xFF, 0x24, 0x00, 0x30, 0xFF, 0x1A, 0x00, 0x7F, 0xFF, 0x11, 0xFF, 0x24, 0x00,
    0x32, 0xFF, 0x1A, 0x00, 0x7F, 0xFF, 0x0D, 0xFF, 0x26, 0x00, 0x34, 0xFF, 0x18, 0x00, 0x7F, 0xFF,
    0x0D, 0xFF, 0x24, 0x00, 0x38, 0xFF, 0x18, 0x00, 0x7F, 0xFF, 0x09, 0xFF, 0x26, 0x00, 0x3A, 0xFF,
    0x18, 0x00, 0x7F, 0xFF, 0x05, 0xFF, 0x26, 0x00, 0x3E, 0xFF, 0x16, 0x00, 0x7F, 0xFF, 0x03, 0xFF,
    0x28, 0x00, 0x40, 0xFF, 0x16, 0x00, 0x7E, 0xFF, 0x28, 0x00, 0x20, 0xFF, 0x02, 0x00, 0x22, 0xFF,
    0x14, 0x00, 0x7C, 0xFF, 0x28, 0x00, 0x20, 0xFF, 0x06, 0x00, 0x22, 0xFF, 0x14, 0x00, 0x78, 0xFF,
    0x2A, 0x00, 0x1E, 0xFF, 0x0C, 0x00, 0x20, 0xFF, 0x14, 0x00, 0x74, 0xFF, 0x2A, 0x00, 0x1E, 0xFF,
    0x10, 0x00, 0x20, 0xFF, 0x12, 0x00, 0x72, 0xFF, 0x2A, 0x00, 0x1E, 0xFF, 0x16, 0x00, 0x1E, 0xFF,
    0x12, 0x00, 0x6E, 0xFF, 0x2C, 0x00, 0x1C, 0xFF, 0x1A, 0x00, 0x1E, 0xFF, 0x12, 0x00, 0x68, 0xFF,
    0x2E, 0x00, 0x1E, 0xFF, 0x1E, 0x00, 0x1C, 0xFF, 0x10, 0x00, 0x66, 0xFF, 0x2E, 0x00, 0x24, 0xFF,
    0x1C, 0x00, 0x1C, 0xFF, 0x10, 0x00, 0x62, 0xFF, 0x30, 0x00, 0x26, 0xFF, 0x1E, 0x00, 0x1A, 0xFF,
    0x10, 0x00, 0x5E, 0xFF, 0x30, 0x00, 0x2C, 0xFF, 0x1E, 0x00, 0x16, 0xFF, 0x12, 0x00, 0x5A, 0xFF,
    0x30, 0x00, 0x32, 0xFF, 0x1C, 0x00, 0x16, 0xFF, 0x12, 0x00, 0x54, 0xFF, 0x34, 0x00, 0x36, 0xFF,
    0x1C, 0x00, 0x14, 0xFF, 0x14, 0x00, 0x4C, 0xFF, 0x38, 0x00, 0x3A, 0xFF, 0x1C, 0x00, 0x14, 0xFF,
    0x12, 0x00, 0x48, 0xFF, 0x38, 0x00, 0x40, 0xFF, 0x1C, 0x00, 0x12, 0xFF, 0x12, 0x00, 0x42, 0xFF,
    0x3C, 0x00, 0x44, 0xFF, 0x1C, 0x00, 0x10, 0xFF, 0x12, 0x00, 0x3C, 0xFF, 0x3E, 0x00, 0x4A, 0xFF,
    0x1C, 0x00, 0x0E, 0xFF, 0x14, 0x00, 0x34, 0xFF, 0x42, 0x00, 0x4E, 0xFF, 0x1C, 0x00, 0x0C, 0xFF,
    0x14, 0x00, 0x2C, 0xFF, 0x46, 0x00, 0x54, 0xFF, 0x1C, 0x00, 0x0A, 0xFF, 0x16, 0x00, 0x20, 0xFF,
    0x4E, 0x00, 0x58, 0xFF, 0x1C, 0x00, 0x08, 0xFF, 0x16, 0x00, 0x14, 0xFF, 0x56, 0x00, 0x5E, 0xFF,
    0x1C, 0x00, 0x06, 0xFF, 0x7C, 0x00, 0x64, 0xFF, 0x1C, 0x00, 0x04, 0xFF, 0x78, 0x00, 0x6A, 0xFF,
    0x7F, 0x00, 0x13, 0x00, 0x72, 0xFF, 0x7F, 0x00, 0x0B, 0x00, 0x78, 0xFF, 0x7F, 0x00, 0x03, 0x00,
    0x7E, 0xFF, 0x7C, 0x00, 0x7F, 0xFF, 0x07, 0xFF, 0x74, 0x00, 0x7F, 0xFF, 0x0F, 0xFF, 0x6A, 0x00,
    0x7F, 0xFF, 0x19, 0xFF, 0x60, 0x00, 0x7F, 0xFF, 0x21, 0xFF, 0x56, 0x00, 0x7F, 0xFF, 0x2D, 0xFF,
    0x48, 0x00, 0x7F, 0xFF, 0x39, 0xFF, 0x36, 0x00, 0x7F, 0xFF, 0x4F, 0xFF, 0x0A, 0x00, 0x7F, 0xFF,
    0x7F, 0xFF, 0x7F, 0xFF, 0x7F, 0xFF, 0x7F, 0xFF, 0x7F, 0xFF, 0x7F, 0xFF, 0x7F, 0xFF, 0x7F, 0xFF,
    0x7F, 0xFF, 0x7F, 0xFF, 0x7F, 0xFF, 0x7F, 0xFF, 0x7F, 0xFF, 0x7F, 0xFF, 0x7F, 0xFF, 0x7F, 0xFF,
    0x7F, 0xFF, 0x7F, 0xFF, 0x7F, 0xFF, 0x7F, 0xFF, 0x7F, 0xFF, 0x7F, 0xFF, 0x7F, 0xFF, 0x7F, 0xFF,
    0x7F, 0xFF, 0x7F, 0xFF, 0x7F, 0xFF, 0x1C, 0xFF, 0x02, 0x00, 0x7F, 0xFF, 0x7F, 0xFF, 0x02, 0x00,
    0x7F, 0xFF, 0x7F, 0xFF, 0x02, 0x00, 0x7F, 0xFF, 0x7F, 0xFF, 0x02, 0x00, 0x7F, 0xFF, 0x7F, 0xFF,
    0x7F, 0xFF, 0x7F, 0xFF, 0x7F, 0xFF, 0x7F, 0xFF, 0x06, 0xFF, 0x7F, 0x00, 0x7F, 0x00, 0x7F, 0x00,
    0x7F, 0x00, 0x7F, 0x00, 0x7F, 0x00, 0x7F, 0x00, 0x7F, 0x00, 0x7F, 0x00, 0x7F, 0x00, 0x7F, 0x00,
    0x7F, 0x00, 0x7F, 0x00, 0x7F, 0x00, 0x7F, 0x00, 0x7F, 0x00, 0x7F, 0x00, 0x7F, 0x00, 0x7F, 0x00,
    0x7F, 0x00, 0x7F, 0x00, 0x7F, 0x00, 0x7F, 0x00, 0x7F, 0x00, 0x2A, 0x00, 0x0E, 0xFF, 0x24, 0x00,
    0x0E, 0xFF, 0x2A, 0x00, 0x14, 0xFF, 0x26, 0x00, 0x02, 0xFF, 0x2A, 0x00, 0x02, 0xFF, 0x12, 0x00,
    0x06, 0xFF, 0x14, 0x00, 0x14, 0xFF, 0x1E, 0x00, 0x16, 0xFF, 0x22, 0x00, 0x16, 0xFF, 0x24, 0x00,
    0x06, 0xFF, 0x28, 0x00, 0x04, 0xFF, 0x10, 0x00, 0x08, 0xFF, 0x12, 0x00, 0x16, 0xFF, 0x1C, 0x00,
    0x18, 0xFF, 0x20, 0x00, 0x16, 0xFF, 0x24, 0x00, 0x06, 0xFF, 0x28, 0x00, 0x08, 0xFF, 0x0C, 0x00,
    0x08, 0xFF, 0x12, 0x00, 0x16, 0xFF, 0x1C, 0x00, 0x1A, 0xFF, 0x1E, 0x00, 0x16, 0xFF, 0x22, 0x00,
    0x08, 0xFF, 0x26, 0x00, 0x0A, 0xFF, 0x0C, 0x00, 0x08, 0xFF, 0x12, 0x00, 0x08, 0xFF, 0x02, 0x00,
    0x0C, 0xFF, 0x1C, 0x00, 0x1A, 0xFF, 0x1E, 0x00, 0x14, 0xFF, 0x22, 0x00, 0x0C, 0xFF, 0x24, 0x00,
    0x0C, 0xFF, 0x08, 0x00, 0x0A, 0xFF, 0x12, 0x00, 0x08, 0xFF, 0x04, 0x00, 0x0A, 0xFF, 0x1A, 0x00,
    0x0A, 0xFF, 0x08, 0x00, 0x0A, 0xFF, 0x1E, 0x00, 0x08, 0xFF, 0x2E, 0x00, 0x0C, 0xFF, 0x24, 0x00,
    0x0E, 0xFF, 0x06, 0x00, 0x08, 0xFF, 0x12, 0x00, 0x0A, 0xFF, 0x04, 0x00, 0x08, 0xFF, 0x1C, 0x00,
    0x08, 0xFF, 0x0C, 0x00, 0x0A, 0xFF, 0x1A, 0x00, 0x0A, 0xFF, 0x2C, 0x00, 0x0E, 0xFF, 0x24, 0x00,
    0x10, 0xFF, 0x04, 0x00, 0x08, 0xFF, 0x04, 0x00, 0x02, 0xFD, 0x06, 0x00, 0x00, 0x08, 0x00, 0x01,
    0xFF, 0x28, 0x00, 0x05, 0xFA, 0x6E, 0x04, 0x00, 0x7F, 0xFF, 0x7F, 0xFF, 0x7F, 0xFF, 0x7F, 0xFF,
    0x7F, 0xFF, 0x7F, 0xFF, 0x7F, 0xFF, 0x7F, 0xFF, 0x7F, 0xFF, 0x7F, 0xFF, 0x7F, 0xFF, 0x7F, 0xFF,
    0x7F, 0xFF, 0x7F, 0xFF, 0x7F, 0xFF, 0x7F, 0xFF, 0x7F, 0xFF, 0x7F, 0xFF, 0x12, 0xFF, 0x02, 0x00,
    0x7F, 0xFF, 0x7F, 0xFF, 0x02, 0x00, 0x06, 0xFF, 0x0C, 0x00, 0x7F, 0xFF, 0x61, 0xFF, 0x0E, 0x00,
    0x04, 0xFF, 0x10, 0x00, 0x7F, 0xFF, 0x5D, 0xFF, 0x10, 0x00, 0x02, 0xFF, 0x14, 0x00, 0x7F, 0xFF,
    0x59, 0xFF, 0x28, 0x00, 0x7F, 0xFF, 0x57, 0xFF, 0x2C, 0x00, 0x7F, 0xFF, 0x53, 0xFF, 0x2C, 0x00,
    0x7F, 0xFF, 0x53, 0xFF, 0x2E, 0x00, 0x7F, 0xFF, 0x51, 0xFF, 0x30, 0x00, 0x7F, 0xFF, 0x4F, 0xFF,
    0x32, 0x00, 0x7F, 0xFF, 0x4D, 0xFF, 0x32, 0x00, 0x7F, 0xFF, 0x4D, 0xFF, 0x1C, 0x00, 0x02, 0xFF,
    0x16, 0x00, 0x7F, 0xFF, 0x4B, 0xFF, 0x1C, 0x00, 0x04, 0xFF, 0x14, 0x00, 0x7F, 0xFF, 0x4B, 0xFF,
    0x1C, 0x00, 0x06, 0xFF, 0x14, 0x00, 0x7F, 0xFF, 0x49, 0xFF, 0x1C, 0x00, 0x08, 0xFF, 0x14, 0x00,
    0x7F, 0xFF, 0x47, 0xFF, 0x1C, 0x00, 0x0A, 0xFF, 0x12, 0x00, 0x7F, 0xFF, 0x47, 0xFF, 0x1C, 0x00,
    0x0C, 0xFF, 0x12, 0x00, 0x7F, 0xFF, 0x45, 0xFF, 0x1C, 0x00, 0x0E, 0xFF, 0x12, 0x00, 0x7F, 0xFF,
    0x43, 0xFF, 0x1C, 0x00, 0x10, 0xFF, 0x10, 0x00, 0x7F, 0xFF, 0x43, 0xFF, 0x1C, 0x00, 0x12, 0xFF,
    0x10, 0x00, 0x7F, 0xFF, 0x41, 0xFF, 0x1C, 0x00, 0x14, 0xFF, 0x10, 0x00, 0x7F, 0xFF, 0x3F, 0xFF,
    0x1E, 0x00, 0x14, 0xFF, 0x10, 0x00, 0x7F, 0xFF, 0x3D, 0xFF, 0x1E, 0x00, 0x14, 0xFF, 0x12, 0x00,
    0x7F, 0xFF, 0x3D, 0xFF, 0x1E, 0x00, 0x16, 0xFF, 0x12, 0x00, 0x7F, 0xFF, 0x39, 0xFF, 0x1E, 0x00,
    0x18, 0xFF, 0x12, 0x00, 0x7F, 0xFF, 0x37, 0xFF, 0x1E, 0x00, 0x1A, 0xFF, 0x12, 0x00, 0x7F, 0xFF,
    0x35, 0xFF, 0x20, 0x00, 0x1A, 0xFF, 0x12, 0x00, 0x7F, 0xFF, 0x35, 0xFF, 0x1E, 0x00, 0x1C, 0xFF,
    0x14, 0x00, 0x7F, 0xFF, 0x31, 0xFF, 0x20, 0x00, 0x1C, 0xFF, 0x14, 0x00, 0x7F, 0xFF, 0x31, 0xFF,
    0x20, 0x00, 0x1C, 0xFF, 0x14, 0x00, 0x7F, 0xFF, 0x2F, 0xFF, 0x20, 0x00, 0x1E, 0xFF, 0x16, 0x00,
    0x7F, 0xFF, 0x2D, 0xFF, 0x20, 0x00, 0x1E, 0xFF, 0x16, 0x00, 0x7F, 0xFF, 0x2B, 0xFF, 0x20, 0x00,
    0x20, 0xFF, 0x18, 0x00, 0x7F, 0xFF, 0x27, 0xFF, 0x22, 0x00, 0x20, 0xFF, 0x18, 0x00, 0x7F, 0xFF,
    0x27, 0xFF, 0x20, 0x00, 0x22, 0xFF, 0x18, 0x00, 0x7F, 0xFF, 0x25, 0xFF, 0x22, 0x00, 0x22, 0xFF,
    0x1A, 0x00, 0x7F, 0xFF, 0x21, 0xFF, 0x22, 0x00, 0x24, 0xFF, 0x1A, 0x00, 0x7F, 0xFF, 0x1F, 0xFF,
    0x22, 0x00, 0x26, 0xFF, 0x1A, 0x00, 0x7F, 0xFF, 0x1D, 0xFF, 0x22, 0x00, 0x28, 0xFF, 0x1A, 0x00,
    0x7F, 0xFF, 0x1B, 0xFF, 0x22, 0x00, 0x2A, 0xFF, 0x1A, 0x00, 0x7F, 0xFF, 0x19, 0xFF, 0x22, 0x00,
    0x2C, 0xFF, 0x1A, 0x00, 0x7F, 0xFF, 0x17, 0xFF, 0x22, 0x00, 0x2E, 0xFF, 0x1A, 0x00, 0x7F, 0xFF,
    0x13, 0xFF, 0x24, 0x00, 0x30, 0xFF, 0x1A, 0x00, 0x7F, 0xFF, 0x11, 0xFF, 0x24, 0x00, 0x32, 0xFF,
    0x1A, 0x00, 0x7F, 0xFF, 0x0D, 0xFF, 0x26, 0x00, 0x34, 0xFF, 0x18, 0x00, 0x7F, 0xFF, 0x0D, 0xFF,
    0x24, 0x00, 0x38, 0xFF, 0x18, 0x00, 0x7F, 0xFF, 0x09, 0xFF, 0x26, 0x00, 0x3A, 0xFF, 0x18, 0x00,
    0x7F, 0xFF, 0x05, 0xFF, 0x26, 0x00, 0x3E, 0xFF, 0x16, 0x00, 0x7F, 0xFF, 0x03, 0xFF, 0x28, 0x00,
    0x40, 0xFF, 0x16, 0x00, 0x7E, 0xFF, 0x28, 0x00, 0x20, 0xFF, 0x02, 0x00, 0x22, 0xFF, 0x14, 0x00,
    0x7C, 0xFF, 0x28, 0x00, 0x20, 0xFF, 0x06, 0x00, 0x22, 0xFF, 0x14, 0x00, 0x78, 0xFF, 0x2A, 0x00,
    0x1E, 0xFF, 0x0C, 0x00, 0x20, 0xFF, 0x14, 0x00, 0x74, 0xFF, 0x2A, 0x00, 0x1E, 0xFF, 0x10, 0x00,
    0x20, 0xFF, 0x12, 0x00, 0x72, 0xFF, 0x2A, 0x00, 0x1E, 0xFF, 0x16, 0x00, 0x1E, 0xFF, 0x12, 0x00,
    0x6E, 0xFF, 0x2C, 0x00, 0x1C, 0xFF, 0x1A, 0x00, 0x1E, 0xFF, 0x12, 0x00, 0x68, 0xFF, 0x2E, 0x00,
    0x1E, 0xFF, 0x1E, 0x00, 0x1C, 0xFF, 0x10, 0x00, 0x66, 0xFF, 0x2E, 0x00, 0x24, 0xFF, 0x1C, 0x00,
    0x1C, 0xFF, 0x10, 0x00, 0x62, 0xFF, 0x30, 0x00, 0x26, 0xFF, 0x1E, 0x00, 0x1A, 0xFF, 0x10, 0x00,
    0x5E, 0xFF, 0x30, 0x00, 0x2C, 0xFF, 0x1E, 0x00, 0x16, 0xFF, 0x12, 0x00, 0x5A, 0xFF, 0x30, 0x00,
    0x32, 0xFF, 0x1C, 0x00, 0x16, 0xFF, 0x12, 0x00, 0x54, 0xFF, 0x34, 0x00, 0x36, 0xFF, 0x1C, 0x00,
    0x14, 0xFF, 0x14, 0x00, 0x4C, 0xFF, 0x38, 0x00, 0x3A, 0xFF, 0x1C, 0x00, 0x14, 0xFF, 0x12, 0x00,
    0x48, 0xFF, 0x38, 0x00, 0x40, 0xFF, 0x1C, 0x00, 0x12, 0xFF, 0x12, 0x00, 0x42, 0xFF, 0x3C, 0x00,
    0x44, 0xFF, 0x1C, 0x00, 0x10, 0xFF, 0x12, 0x00, 0x3C, 0xFF, 0x3E, 0x00, 0x4A, 0xFF, 0x1C, 0x00,
    0x0E, 0xFF, 0x14, 0x00, 0x34, 0xFF, 0x42, 0x00, 0x4E, 0xFF, 0x1C, 0x00, 0x0C, 0xFF, 0x14, 0x00,
    0x2C, 0xFF, 0x46, 0x00, 0x54, 0xFF, 0x1C, 0x00, 0x0A, 0xFF, 0x16, 0x00, 0x20, 0xFF, 0x4E, 0x00,
    0x58, 0xFF, 0x1C, 0x00, 0x08, 0xFF, 0x16, 0x00, 0x14, 0xFF, 0x56, 0x00, 0x5E, 0xFF, 0x1C, 0x00,
    0x06, 0xFF, 0x7C, 0x00, 0x64, 0xFF, 0x1C, 0x00, 0x04, 0xFF, 0x78, 0x00, 0x6A, 0xFF, 0x7F, 0x00,
    0x13, 0x00, 0x72, 0xFF, 0x7F, 0x00, 0x0B, 0x00, 0x78, 0xFF, 0x7F, 0x00, 0x03, 0x00, 0x7E, 0xFF,
    0x7C, 0x00, 0x7F, 0xFF, 0x07, 0xFF, 0x74, 0x00, 0x7F, 0xFF, 0x0F, 0xFF, 0x6A, 0x00, 0x7F, 0xFF,
    0x19, 0xFF, 0x60, 0x00, 0x7F, 0xFF, 0x21, 0xFF, 0x56, 0x00, 0x7F, 0xFF, 0x2D, 0xFF, 0x48, 0x00,
    0x7F, 0xFF, 0x39, 0xFF, 0x36, 0x00, 0x7F, 0xFF, 0x4F, 0xFF, 0x0A, 0x00, 0x7F, 0xFF, 0x7F, 0xFF,
    0x7F, 0xFF, 0x7F, 0xFF, 0x7F, 0xFF, 0x7F, 0xFF, 0x7F, 0xFF, 0x7F, 0xFF, 0x7F, 0xFF, 0x7F, 0xFF,
    0x7F, 0xFF, 0x7F, 0xFF, 0x7F, 0xFF, 0x7F, 0xFF, 0x7F, 0xFF, 0x7F, 0xFF, 0x7F, 0xFF, 0x7F, 0xFF,
    0x7F, 0xFF, 0x7F, 0xFF, 0x7F, 0xFF, 0x7F, 0xFF, 0x7F, 0xFF, 0x7F, 0xFF, 0x7F, 0xFF, 0x7F, 0xFF,
    0x7F, 0xFF, 0x7F, 0xFF, 0x1C, 0xFF, 0x02, 0x00, 0x7F, 0xFF, 0x7F, 0xFF, 0x02, 0x00, 0x7F, 0xFF,
    0x7F, 0xFF, 0x02, 0x00, 0x7F, 0xFF, 0x7F, 0xFF, 0x02, 0x00, 0x7F, 0xFF, 0x7F, 0xFF, 0x7F, 0xFF,
    0x7F, 0xFF, 0x7F, 0xFF, 0x7F, 0xFF, 0x06, 0xFF, 0x7F, 0x00, 0x7F, 0x00, 0x7F, 0x00, 0x7F, 0x00,
    0x7F, 0x00, 0x7F, 0x00, 0x7F, 0x00, 0x7F, 0x00, 0x7F, 0x00, 0x7F, 0x00, 0x7F, 0x00, 0x7F, 0x00,
    0x7F, 0x00, 0x7F, 0x00, 0x7F, 0x00, 0x7F, 0x00, 0x7F, 0x00, 0x7F, 0x00, 0x7F, 0x00, 0x7F, 0x00,
    0x7F, 0x00, 0x7F, 0x00, 0x7F, 0x00, 0x7F, 0x00, 0x2A, 0x00, 0x0E, 0xFF, 0x24, 0x00, 0x0E, 0xFF,
    0x2A, 0x00, 0x14, 0xFF, 0x26, 0x00, 0x02, 0xFF, 0x2A, 0x00, 0x02, 0xFF, 0x12, 0x00, 0x06, 0xFF,
    0x14, 0x00, 0x14, 0xFF, 0x1E, 0x00, 0x16, 0xFF, 0x22, 0x00, 0x16, 0xFF, 0x24, 0x00, 0x06, 0xFF,
    0x28, 0x00, 0x04, 0xFF, 0x10, 0x00, 0x08, 0xFF, 0x12, 0x00, 0x16, 0xFF, 0x1C, 0x00, 0x18, 0xFF,
    0x20, 0x00, 0x16, 0xFF, 0x24, 0x00, 0x06, 0xFF, 0x28, 0x00, 0x08, 0xFF, 0x0C, 0x00, 0x08, 0xFF,
    0x12, 0x00, 0x16, 0xFF, 0x1C, 0x00, 0x1A, 0xFF, 0x1E, 0x00, 0x16, 0xFF, 0x22, 0x00, 0x08, 0xFF,
    0x26, 0x00, 0x0A, 0xFF, 0x0C, 0x00, 0x08, 0xFF, 0x12, 0x00, 0x08, 0xFF, 0x02, 0x00, 0x0C, 0xFF,
    0x1C, 0x00, 0x1A, 0xFF, 0x1E, 0x00, 0x14, 0xFF, 0x22, 0x00, 0x0C, 0xFF, 0x24, 0x00, 0x0C, 0xFF,
    0x08, 0x00, 0x0A, 0xFF, 0x12, 0x00, 0x08, 0xFF, 0x04, 0x00, 0x0A, 0xFF, 0x1A, 0x00, 0x0A, 0xFF,
    0x08, 0x00, 0x0A, 0xFF, 0x1E, 0x00, 0x08, 0xFF, 0x2E, 0x00, 0x0C, 0xFF, 0x24, 0x00, 0x0E, 0xFF,
    0x06, 0x00, 0x08, 0xFF, 0x12, 0x00, 0x0A, 0xFF, 0x04, 0x00, 0x08, 0xFF, 0x1C, 0x00, 0x08, 0xFF,
    0x0C, 0x00, 0x0A, 0xFF, 0x1A, 0x00, 0x0A, 0xFF, 0x2C, 0x00, 0x0E, 0xFF, 0x24, 0x00, 0x10, 0xFF,
    0x04, 0x00, 0x08, 0xFF, 0x04, 0x00, 0x02, 0xFD, 0x06, 0x00, 0x00, 0x08, 0x00, 0x01, 0xFF, 0x28,
    0x00, 0x05, 0xFA, 0x72, 0x04, 0x00, 0x7F, 0x00, 0x7F, 0x00, 0x7F, 0x00, 0x7F, 0x00, 0x7F, 0x00,
    0x7F, 0x00, 0x7F, 0x00, 0x7F, 0x00, 0x7F, 0x00, 0x7F, 0x00, 0x7F, 0x00, 0x7F, 0x00, 0x7F, 0x00,
    0x7F, 0x00, 0x7F, 0x00, 0x7F, 0x00, 0x7F, 0x00, 0x7F, 0x00, 0x7F, 0x00, 0x7F, 0x00, 0x7F, 0x00,
    0x7F, 0x00, 0x7F, 0x00, 0x7F, 0x00, 0x7F, 0x00, 0x7F, 0x00, 0x7F, 0x00, 0x7F, 0x00, 0x7F, 0x00,
    0x7F, 0x00, 0x7F, 0x00, 0x7F, 0x00, 0x7F, 0x00, 0x7F, 0x00, 0x7F, 0x00, 0x7F, 0x00, 0x7F, 0x00,
    0x7F, 0x00, 0x7F, 0x00, 0x7F, 0x00, 0x7F, 0x00, 0x7F, 0x00, 0x7F, 0x00, 0x7F, 0x00, 0x7F, 0x00,
    0x7F, 0x00, 0x7F, 0x00, 0x7F, 0x00, 0x7F, 0x00, 0x7F, 0x00, 0x7F, 0x00, 0x7F, 0x00, 0x7F, 0x00,
    0x7F, 0x00, 0x7F, 0x00, 0x7F, 0x00, 0x7F, 0x00, 0x7F, 0x00, 0x6C, 0x00, 0x7F, 0xFF, 0x15, 0xFF,
    0x6A, 0x00, 0x7F, 0xFF, 0x1B, 0xFF, 0x64, 0x00, 0x7F, 0xFF, 0x1D, 0xFF, 0x64, 0x00, 0x7F, 0xFF,
    0x1F, 0xFF, 0x62, 0x00, 0x7F, 0xFF, 0x21, 0xFF, 0x60, 0x00, 0x7F, 0xFF, 0x21, 0xFF, 0x62, 0x00,
    0x7F, 0xFF, 0x1F, 0xFF, 0x62, 0x00, 0x7F, 0xFF, 0x21, 0xFF, 0x62, 0x00, 0x7F, 0xFF, 0x1F, 0xFF,
    0x62, 0x00, 0x7F, 0xFF, 0x21, 0xFF, 0x60, 0x00, 0x1A, 0xFF, 0x02, 0x00, 0x68, 0xFF, 0x04, 0x00,
    0x18, 0xFF, 0x62, 0x00, 0x14, 0xFF, 0x08, 0x00, 0x64, 0xFF, 0x0A, 0x00, 0x14, 0xFF, 0x62, 0x00,
    0x14, 0xFF, 0x0A, 0x00, 0x62, 0xFF, 0x0A, 0x00, 0x16, 0xFF, 0x60, 0x00, 0x14, 0xFF, 0x0A, 0x00,
    0x62, 0xFF, 0x0A, 0x00, 0x16, 0xFF, 0x60, 0x00, 0x14, 0xFF, 0x0A, 0x00, 0x60, 0xFF, 0x0C, 0x00,
    0x16, 0xFF, 0x60, 0x00, 0x16, 0xFF, 0x08, 0x00, 0x60, 0xFF, 0x0A, 0x00, 0x18, 0xFF, 0x60, 0x00,
    0x16, 0xFF, 0x08, 0x00, 0x5E, 0xFF, 0x0C, 0x00, 0x18, 0xFF, 0x62, 0x00, 0x12, 0xFF, 0x0A, 0x00,
    0x5C, 0xFF, 0x0C, 0x00, 0x1A, 0xFF, 0x60, 0x00, 0x14, 0xFF, 0x0A, 0x00, 0x5A, 0xFF, 0x0C, 0x00,
    0x1C, 0xFF, 0x60, 0x00, 0x14, 0xFF, 0x0A, 0x00, 0x58, 0xFF, 0x0C, 0x00, 0x1E, 0xFF, 0x60, 0x00,
    0x14, 0xFF, 0x0A, 0x00, 0x56, 0xFF, 0x0E, 0x00, 0x1E, 0xFF, 0x60, 0x00, 0x14, 0xFF, 0x0A, 0x00,
    0x54, 0xFF, 0x0C, 0x00, 0x22, 0xFF, 0x60, 0x00, 0x12, 0xFF, 0x0A, 0x00, 0x54, 0xFF, 0x0C, 0x00,
    0x22, 0xFF, 0x60, 0x00, 0x14, 0xFF, 0x0A, 0x00, 0x52, 0xFF, 0x0C, 0x00, 0x24, 0xFF, 0x60, 0x00,
    0x14, 0xFF, 0x0A, 0x00, 0x4E, 0xFF, 0x0E, 0x00, 0x26, 0xFF, 0x5E, 0x00, 0x14, 0xFF, 0x0A, 0x00,
    0x4E, 0xFF, 0x0E, 0x00, 0x26, 0xFF, 0x60, 0x00, 0x14, 0xFF, 0x0A, 0x00, 0x4A, 0xFF, 0x0E, 0x00,
    0x2A, 0xFF, 0x60, 0x00, 0x12, 0xFF, 0x0A, 0x00, 0x4A, 0xFF, 0x0E, 0x00, 0x2A, 0xFF, 0x60, 0x00,
    0x14, 0xFF, 0x0A, 0x00, 0x46, 0xFF, 0x0E, 0x00, 0x2E, 0xFF, 0x60, 0x00, 0x14, 0xFF, 0x0A, 0x00,
    0x42, 0xFF, 0x10, 0x00, 0x30, 0xFF, 0x60, 0x00, 0x12, 0xFF, 0x0A, 0x00, 0x42, 0xFF, 0x0E, 0x00,
    0x32, 0xFF, 0x60, 0x00, 0x14, 0xFF, 0x0A, 0x00, 0x3E, 0xFF, 0x10, 0x00, 0x34, 0xFF, 0x60, 0x00,
    0x14, 0xFF, 0x0A, 0x00, 0x3A, 0xFF, 0x10, 0x00, 0x38, 0xFF, 0x60, 0x00, 0x14, 0xFF, 0x0A, 0x00,
    0x38, 0xFF, 0x10, 0x00, 0x12, 0xFF, 0x04, 0x00, 0x24, 0xFF, 0x60, 0x00, 0x14, 0xFF, 0x0A, 0x00,
    0x34, 0xFF, 0x12, 0x00, 0x10, 0xFF, 0x0A, 0x00, 0x22, 0xFF, 0x60, 0x00, 0x14, 0xFF, 0x08, 0x00,
    0x32, 0xFF, 0x14, 0x00, 0x10, 0xFF, 0x0E, 0x00, 0x1E, 0xFF, 0x62, 0x00, 0x14, 0xFF, 0x0A, 0x00,
    0x2C, 0xFF, 0x14, 0x00, 0x18, 0xFF, 0x0A, 0x00, 0x20, 0xFF, 0x60, 0x00, 0x14, 0xFF, 0x0A, 0x00,
    0x26, 0xFF, 0x18, 0x00, 0x1C, 0xFF, 0x0C, 0x00, 0x1C, 0xFF, 0x60, 0x00, 0x14, 0xFF, 0x0A, 0x00,
    0x20, 0xFF, 0x1A, 0x00, 0x22, 0xFF, 0x0C, 0x00, 0x1A, 0xFF, 0x60, 0x00, 0x14, 0xFF, 0x0A, 0x00,
    0x1A, 0xFF, 0x1C, 0x00, 0x28, 0xFF, 0x0A, 0x00, 0x1A, 0xFF, 0x62, 0x00, 0x12, 0xFF, 0x0C, 0x00,
    0x10, 0xFF, 0x22, 0x00, 0x2C, 0xFF, 0x0A, 0x00, 0x18, 0xFF, 0x62, 0x00, 0x14, 0xFF, 0x38, 0x00,
    0x32, 0xFF, 0x0A, 0x00, 0x18, 0xFF, 0x60, 0x00, 0x14, 0xFF, 0x32, 0x00, 0x3A, 0xFF, 0x0A, 0x00,
    0x16, 0xFF, 0x62, 0x00, 0x14, 0xFF, 0x2C, 0x00, 0x40, 0xFF, 0x0A, 0x00, 0x16, 0xFF, 0x60, 0x00,
    0x14, 0xFF, 0x26, 0x00, 0x48, 0xFF, 0x08, 0x00, 0x16, 0xFF, 0x62, 0x00, 0x14, 0xFF, 0x1A, 0x00,
    0x54, 0xFF, 0x06, 0x00, 0x16, 0xFF, 0x62, 0x00, 0x7F, 0xFF, 0x21, 0xFF, 0x60, 0x00, 0x7F, 0xFF,
    0x21, 0xFF, 0x62, 0x00, 0x7F, 0xFF, 0x1F, 0xFF, 0x62, 0x00, 0x7F, 0xFF, 0x21, 0xFF, 0x60, 0x00,
    0x7F, 0xFF, 0x21, 0xFF, 0x60, 0x00, 0x7F, 0xFF, 0x21, 0xFF, 0x62, 0x00, 0x7F, 0xFF, 0x1F, 0xFF,
    0x62, 0x00, 0x7F, 0xFF, 0x1F, 0xFF, 0x64, 0x00, 0x7F, 0xFF, 0x1B, 0xFF, 0x68, 0x00, 0x7F, 0xFF,
    0x17, 0xFF, 0x7F, 0x00, 0x7F, 0x00, 0x7F, 0x00, 0x7F, 0x00, 0x7F, 0x00, 0x7F, 0x00, 0x7F, 0x00,
    0x7F, 0x00, 0x7F, 0x00, 0x7F, 0x00, 0x6E, 0x00, 0x02, 0xFF, 0x06, 0x00, 0x02, 0xFF, 0x24, 0x00,
    0x04, 0xFF, 0x16, 0x00, 0x04, 0xFF, 0x4A, 0x00, 0x02, 0xFF, 0x64, 0x00, 0x06, 0xFF, 0x02, 0x00,
    0x06, 0xFF, 0x0C, 0x00, 0x0A, 0xFF, 0x0C, 0x00, 0x0C, 0xFF, 0x10, 0x00, 0x0A, 0xFF, 0x10, 0x00,
    0x04, 0xFF, 0x10, 0x00, 0x04, 0xFF, 0x06, 0x00, 0x04, 0xFF, 0x0E, 0x00, 0x08, 0xFF, 0x62, 0x00,
    0x0C, 0xFF, 0x0C, 0x00, 0x0C, 0xFF, 0x0C, 0x00, 0x0E, 0xFF, 0x0C, 0x00, 0x0A, 0xFF, 0x10, 0x00,
    0x06, 0xFF, 0x10, 0x00, 0x06, 0xFF, 0x04, 0x00, 0x04, 0xFF, 0x0C, 0x00, 0x0A, 0xFF, 0x62, 0x00,
    0x0A, 0xFF, 0x0E, 0x00, 0x0C, 0xFF, 0x0C, 0x00, 0x04, 0xFF, 0x04, 0x00, 0x06, 0xFF, 0x0C, 0x00,
    0x04, 0xFF, 0x14, 0x00, 0x08, 0xFF, 0x10, 0x00, 0x08, 0xFF, 0x02, 0x00, 0x04, 0xFF, 0x0C, 0x00,
    0x06, 0xFF, 0x64, 0x00, 0x0A, 0xFF, 0x10, 0x00, 0x0A, 0xFF, 0x0C, 0x00, 0x06, 0xFF, 0x04, 0x00,
    0x04, 0xFF, 0x0C, 0x00, 0x0A, 0xFF, 0x0E, 0x00, 0x0A, 0xFF, 0x0E, 0x00, 0x0E, 0xFF, 0x0E, 0x00,
    0x08, 0xFF, 0x62, 0x00, 0x0A, 0xFF, 0x0E, 0x00, 0x0C, 0xFF, 0x0C, 0x00, 0x04, 0xFF, 0x04, 0x00,
    0x06, 0xFF, 0x0C, 0x00, 0x0A, 0xFF, 0x0C, 0x00, 0x0C, 0xFF, 0x0E, 0x00, 0x04, 0xFF, 0x02, 0x00,
    0x08, 0xFF, 0x10, 0x00, 0x06, 0xFF, 0x62, 0x00, 0x0A, 0xFF, 0x0E, 0x00, 0x0C, 0xFF, 0x0C, 0x00,
    0x0C, 0xFF, 0x0E, 0x00, 0x04, 0xFF, 0x12, 0x00, 0x0C, 0xFF, 0x0E, 0x00, 0x04, 0xFF, 0x02, 0x00,
    0x08, 0xFF, 0x0C, 0x00, 0x0A, 0xFF, 0x60, 0x00, 0x06, 0xFF, 0x02, 0x00, 0x06, 0xFF, 0x0C, 0x00,
    0x0A, 0xFF, 0x0C, 0x00, 0x0C, 0xFF, 0x0E, 0x00, 0x06, 0xFF, 0x10, 0x00, 0x0E, 0xFF, 0x0C, 0x00,
    0x06, 0xFF, 0x04, 0x00, 0x04, 0xFF, 0x0C, 0x00, 0x0A, 0xFF, 0x64, 0x00, 0x02, 0xFF, 0x06, 0x00,
    0x04, 0xFF, 0x0C, 0x00, 0x08, 0xFF, 0x10, 0x00, 0x08, 0xFF, 0x12, 0x00, 0x02, 0xFF, 0x12, 0x00,
    0x04, 0xFF, 0x06, 0x00, 0x04, 0xFF, 0x0C, 0x00, 0x04, 0xFF, 0x08, 0x00, 0x02, 0xFF, 0x0E, 0x00,
    0x06, 0xFF, 0x7F, 0x00, 0x7F, 0x00, 0x7F, 0x00, 0x7F, 0x00, 0x7F, 0x00, 0x7F, 0x00, 0x7F, 0x00,
    0x7F, 0x00, 0x7F, 0x00, 0x7F, 0x00, 0x7F, 0x00, 0x7F, 0x00, 0x7F, 0x00, 0x7F, 0x00, 0x7F, 0x00,
    0x7F, 0x00, 0x7F, 0x00, 0x7F, 0x00, 0x7F, 0x00, 0x7F, 0x00, 0x7F, 0x00, 0x7F, 0x00, 0x7F, 0x00,
    0x7F, 0x00, 0x7F, 0x00, 0x7F, 0x00, 0x7F, 0x00, 0x7F, 0x00, 0x7F, 0x00, 0x7F, 0x00, 0x7F, 0x00,
    0x7F, 0x00, 0x7F, 0x00, 0x7F, 0x00, 0x7F, 0x00, 0x7F, 0x00, 0x7F, 0x00, 0x7F, 0x00, 0x7F, 0x00,
    0x7F, 0x00, 0x7F, 0x00, 0x7F, 0x00, 0x7F, 0x00, 0x7F, 0x00, 0x7F, 0x00, 0x7F, 0x00, 0x7F, 0x00,
    0x7F, 0x00, 0x7F, 0x00, 0x7F, 0x00, 0x7F, 0x00, 0x7F, 0x00, 0x7F, 0x00, 0x7F, 0x00, 0x7F, 0x00,
    0x7F, 0x00, 0x7F, 0x00, 0x7F, 0x00, 0x72, 0x00, 0x02, 0xFD, 0x06, 0x00, 0x00, 0x08, 0x02, 0x01,
    0xFF, 0x28, 0x00, 0x04, 0xFB, 0x08, 0x00, 0x00, 0x16, 0x00, 0x1D, 0x00, 0x69, 0x00, 0x62, 0x00,
    0x05, 0xFA, 0x7C, 0x03, 0x00, 0x08, 0x00, 0x7F, 0xFF, 0x15, 0xFF, 0x10, 0x00, 0x7F, 0xFF, 0x1B,
    0xFF, 0x0E, 0x00, 0x7F, 0xFF, 0x1D, 0xFF, 0x0C, 0x00, 0x7F, 0xFF, 0x1F, 0xFF, 0x0A, 0x00, 0x7F,
    0xFF, 0x21, 0xFF, 0x08, 0x00, 0x7F, 0xFF, 0x21, 0xFF, 0x0A, 0x00, 0x7F, 0xFF, 0x1F, 0xFF, 0x0A,
    0x00, 0x7F, 0xFF, 0x21, 0xFF, 0x0A, 0x00, 0x7F, 0xFF, 0x1F, 0xFF, 0x0A, 0x00, 0x7F, 0xFF, 0x21,
    0xFF, 0x08, 0x00, 0x7F, 0xFF, 0x07, 0xFF, 0x02, 0x00, 0x18, 0xFF, 0x08, 0x00, 0x16, 0xFF, 0x08,
    0x00, 0x64, 0xFF, 0x08, 0x00, 0x16, 0xFF, 0x08, 0x00, 0x16, 0xFF, 0x08, 0x00, 0x64, 0xFF, 0x0A,
    0x00, 0x14, 0xFF, 0x08, 0x00, 0x16, 0xFF, 0x08, 0x00, 0x62, 0xFF, 0x0A, 0x00, 0x16, 0xFF, 0x08,
    0x00, 0x14, 0xFF, 0x0A, 0x00, 0x62, 0xFF, 0x0A, 0x00, 0x16, 0xFF, 0x0A, 0x00, 0x12, 0xFF, 0x0A,
    0x00, 0x60, 0xFF, 0x0A, 0x00, 0x18, 0xFF, 0x08, 0x00, 0x14, 0xFF, 0x0A, 0x00, 0x5E, 0xFF, 0x0C,
    0x00, 0x18, 0xFF, 0x08, 0x00, 0x14, 0xFF, 0x0A, 0x00, 0x5C, 0xFF, 0x0C, 0x00, 0x1A, 0xFF, 0x08,
    0x00, 0x14, 0xFF, 0x0A, 0x00, 0x5A, 0xFF, 0x0C, 0x00, 0x1C, 0xFF, 0x08, 0x00, 0x14, 0xFF, 0x08,
    0x00, 0x5A, 0xFF, 0x0C, 0x00, 0x1C, 0xFF, 0x08, 0x00, 0x14, 0xFF, 0x0A, 0x00, 0x58, 0xFF, 0x0C,
    0x00, 0x1E, 0xFF, 0x08, 0x00, 0x14, 0xFF, 0x0A, 0x00, 0x56, 0xFF, 0x0C, 0x00, 0x20, 0xFF, 0x08,
    0x00, 0x12, 0xFF, 0x0A, 0x00, 0x54, 0xFF, 0x0C, 0x00, 0x22, 0xFF, 0x08, 0x00, 0x14, 0xFF, 0x0A,
    0x00, 0x52, 0xFF, 0x0C, 0x00, 0x24, 0xFF, 0x08, 0x00, 0x14, 0xFF, 0x0A, 0x00, 0x4E, 0xFF, 0x0E,
    0x00, 0x26, 0xFF, 0x06, 0x00, 0x14, 0xFF, 0x0A, 0x00, 0x4E, 0xFF, 0x0E, 0x00, 0x26, 0xFF, 0x08,
    0x00, 0x14, 0xFF, 0x0A, 0x00, 0x4A, 0xFF, 0x0E, 0x00, 0x2A, 0xFF, 0x08, 0x00, 0x14, 0xFF, 0x08,
    0x00, 0x4A, 0xFF, 0x0E, 0x00, 0x2A, 0xFF, 0x08, 0x00, 0x14, 0xFF, 0x0A, 0x00, 0x46, 0xFF, 0x10,
    0x00, 0x2C, 0xFF, 0x08, 0x00, 0x14, 0xFF, 0x0A, 0x00, 0x44, 0xFF, 0x0E, 0x00, 0x30, 0xFF, 0x08,
    0x00, 0x14, 0xFF, 0x0A, 0x00, 0x40, 0xFF, 0x10, 0x00, 0x32, 0xFF, 0x08, 0x00, 0x14, 0xFF, 0x08,
    0x00, 0x40, 0xFF, 0x0E, 0x00, 0x36, 0xFF, 0x08, 0x00, 0x14, 0xFF, 0x08, 0x00, 0x3C, 0xFF, 0x12,
    0x00, 0x34, 0xFF, 0x0A, 0x00, 0x14, 0xFF, 0x08, 0x00, 0x38, 0xFF, 0x12, 0x00, 0x10, 0xFF, 0x06,
    0x00, 0x22, 0xFF, 0x0A, 0x00, 0x14, 0xFF, 0x0A, 0x00, 0x32, 0xFF, 0x14, 0x00, 0x10, 0xFF, 0x0A,
    0x00, 0x22, 0xFF, 0x08, 0x00, 0x14, 0xFF, 0x0A, 0x00, 0x30, 0xFF, 0x14, 0x00, 0x12, 0xFF, 0x0C,
    0x00, 0x20, 0xFF, 0x08, 0x00, 0x14, 0xFF, 0x0A, 0x00, 0x2C, 0xFF, 0x14, 0x00, 0x18, 0xFF, 0x0C,
    0x00, 0x1E, 0xFF, 0x0A, 0x00, 0x12, 0xFF, 0x0A, 0x00, 0x26, 0xFF, 0x18, 0x00, 0x1C, 0xFF, 0x0C,
    0x00, 0x1C, 0xFF, 0x0A, 0x00, 0x14, 0xFF, 0x0A, 0x00, 0x20, 0xFF, 0x1A, 0x00, 0x20, 0xFF, 0x0C,
    0x00, 0x1C, 0xFF, 0x08, 0x00, 0x14, 0xFF, 0x0A, 0x00, 0x1A, 0xFF, 0x1C, 0x00, 0x26, 0xFF, 0x0C,
    0x00, 0x1A, 0xFF, 0x0A, 0x00, 0x12, 0xFF, 0x0A, 0x00, 0x12, 0xFF, 0x20, 0x00, 0x2E, 0xFF, 0x0A,
    0x00, 0x18, 0xFF, 0x0A, 0x00, 0x14, 0xFF, 0x38, 0x00, 0x32, 0xFF, 0x0A, 0x00, 0x18, 0xFF, 0x08,
    0x00, 0x14, 0xFF, 0x32, 0x00, 0x3A, 0xFF, 0x0A, 0x00, 0x16, 0xFF, 0x0A, 0x00, 0x14, 0xFF, 0x2C,
    0x00, 0x40, 0xFF, 0x0A, 0x00, 0x16, 0xFF, 0x08, 0x00, 0x14, 0xFF, 0x26, 0x00, 0x48, 0xFF, 0x08,
    0x00, 0x16, 0xFF, 0x0A, 0x00, 0x12, 0xFF, 0x1C, 0x00, 0x54, 0xFF, 0x06, 0x00, 0x16, 0xFF, 0x0A,
    0x00, 0x7F, 0xFF, 0x21, 0xFF, 0x08, 0x00, 0x7F, 0xFF, 0x21, 0xFF, 0x08, 0x00, 0x7F, 0xFF, 0x21,
    0xFF, 0x08, 0x00, 0x7F, 0xFF, 0x21, 0xFF, 0x0A, 0x00, 0x7F, 0xFF, 0x1F, 0xFF, 0x0A, 0x00, 0x7F,
    0xFF, 0x1F, 0xFF, 0x0A, 0x00, 0x7F, 0xFF, 0x1F, 0xFF, 0x0A, 0x00, 0x7F, 0xFF, 0x1F, 0xFF, 0x0A,
    0x00, 0x7F, 0xFF, 0x1D, 0xFF, 0x0E, 0x00, 0x7F, 0xFF, 0x19, 0xFF, 0x7F, 0x00, 0x7F, 0x00, 0x7F,
    0x00, 0x7F, 0x00, 0x7F, 0x00, 0x7F, 0x00, 0x58, 0x00, 0x02, 0xFF, 0x06, 0x00, 0x02, 0xFF, 0x0E,
    0x00, 0x02, 0xFF, 0x14, 0x00, 0x04, 0xFF, 0x16, 0x00, 0x06, 0xFF, 0x46, 0x00, 0x04, 0xFF, 0x0C,
    0x00, 0x06, 0xFF, 0x02, 0x00, 0x06, 0xFF, 0x0C, 0x00, 0x0A, 0xFF, 0x0C, 0x00, 0x0C, 0xFF, 0x10,
    0x00, 0x0A, 0xFF, 0x10, 0x00, 0x04, 0xFF, 0x10, 0x00, 0x04, 0xFF, 0x06, 0x00, 0x06, 0xFF, 0x0C,
    0x00, 0x08, 0xFF, 0x0A, 0x00, 0x0C, 0xFF, 0x0E, 0x00, 0x0A, 0xFF, 0x0C, 0x00, 0x0E, 0xFF, 0x0C,
    0x00, 0x0A, 0xFF, 0x10, 0x00, 0x06, 0xFF, 0x10, 0x00, 0x06, 0xFF, 0x04, 0x00, 0x04, 0xFF, 0x0C,
    0x00, 0x0A, 0xFF, 0x0A, 0x00, 0x0A, 0xFF, 0x0E, 0x00, 0x0C, 0xFF, 0x0C, 0x00, 0x04, 0xFF, 0x04,
    0x00, 0x06, 0xFF, 0x0C, 0x00, 0x06, 0xFF, 0x12, 0x00, 0x08, 0xFF, 0x10, 0x00, 0x08, 0xFF, 0x02,
    0x00, 0x04, 0xFF, 0x0C, 0x00, 0x06, 0xFF, 0x0C, 0x00, 0x0A, 0xFF, 0x10, 0x00, 0x0A, 0xFF, 0x0C,
    0x00, 0x06, 0xFF, 0x04, 0x00, 0x06, 0xFF, 0x0C, 0x00, 0x0A, 0xFF, 0x0C, 0x00, 0x0A, 0xFF, 0x0E,
    0x00, 0x10, 0xFF, 0x0C, 0x00, 0x08, 0xFF, 0x0A, 0x00, 0x0A, 0xFF, 0x10, 0x00, 0x0A, 0xFF, 0x0C,
    0x00, 0x06, 0xFF, 0x04, 0x00, 0x04, 0xFF, 0x0C, 0x00, 0x0A, 0xFF, 0x0E, 0x00, 0x0A, 0xFF, 0x0E,
    0x00, 0x0E, 0xFF, 0x10, 0x00, 0x08, 0xFF, 0x08, 0x00, 0x0C, 0xFF, 0x0E, 0x00, 0x0A, 0xFF, 0x0C,
    0x00, 0x0E, 0xFF, 0x0C, 0x00, 0x06, 0xFF, 0x10, 0x00, 0x0E, 0xFF, 0x0C, 0x00, 0x06, 0xFF, 0x02,
    0x00, 0x06, 0xFF, 0x0E, 0x00, 0x0A, 0xFF, 0x08, 0x00, 0x0C, 0xFF, 0x0E, 0x00, 0x0A, 0xFF, 0x0C,
    0x00, 0x0C, 0xFF, 0x0E, 0x00, 0x04, 0xFF, 0x12, 0x00, 0x0E, 0xFF, 0x0C, 0x00, 0x04, 0xFF, 0x06,
    0x00, 0x04, 0xFF, 0x0C, 0x00, 0x0A, 0xFF, 0x0A, 0x00, 0x04, 0xFF, 0x06, 0x00, 0x04, 0xFF, 0x0C,
    0x00, 0x08, 0xFF, 0x0E, 0x00, 0x0A, 0xFF, 0x12, 0x00, 0x02, 0xFF, 0x12, 0x00, 0x04, 0xFF, 0x06,
    0x00, 0x04, 0xFF, 0x0C, 0x00, 0x04, 0xFF, 0x08, 0x00, 0x02, 0xFF, 0x0E, 0x00, 0x06, 0xFF, 0x0C,
    0x00, 0x02, 0xFD, 0x06, 0x00, 0x00, 0x08, 0x00, 0x01, 0xFF, 0x32, 0x00, 0x05, 0xFA, 0x6C, 0x04,
    0x00, 0x7F, 0x00, 0x7F, 0x00, 0x7F, 0x00, 0x7F, 0x00, 0x7F, 0x00, 0x7F, 0x00, 0x7F, 0x00, 0x7F,
    0x00, 0x7F, 0x00, 0x7F, 0x00, 0x7F, 0x00, 0x7F, 0x00, 0x7F, 0x00, 0x7F, 0x00, 0x7F, 0x00, 0x7F,
    0x00, 0x7F, 0x00, 0x7F, 0x00, 0x7F, 0x00, 0x7F, 0x00, 0x7F, 0x00, 0x7F, 0x00, 0x7F, 0x00, 0x7F,
    0x00, 0x7F, 0x00, 0x7F, 0x00, 0x7F, 0x00, 0x7F, 0x00, 0x7F, 0x00, 0x7F, 0x00, 0x7F, 0x00, 0x7F,
    0x00, 0x7F, 0x00, 0x7F, 0x00, 0x7F, 0x00, 0x7F, 0x00, 0x7F, 0x00, 0x7F, 0x00, 0x7F, 0x00, 0x7F,
    0x00, 0x7F, 0x00, 0x7F, 0x00, 0x7F, 0x00, 0x7F, 0x00, 0x7F, 0x00, 0x7F, 0x00, 0x7F, 0x00, 0x7F,
    0x00, 0x7F, 0x00, 0x7F, 0x00, 0x7F, 0x00, 0x7F, 0x00, 0x7F, 0x00, 0x7F, 0x00, 0x7F, 0x00, 0x7F,
    0x00, 0x7F, 0x00, 0x7F, 0x00, 0x6E, 0x00, 0x7F, 0xFF, 0x15, 0xFF, 0x68, 0x00, 0x7F, 0xFF, 0x1B,
    0xFF, 0x66, 0x00, 0x7F, 0xFF, 0x1D, 0xFF, 0x64, 0x00, 0x7F, 0xFF, 0x1F, 0xFF, 0x62, 0x00, 0x7F,
    0xFF, 0x21, 0xFF, 0x60, 0x00, 0x7F, 0xFF, 0x21, 0xFF, 0x62, 0x00, 0x7F, 0xFF, 0x1F, 0xFF, 0x62,
    0x00, 0x7F, 0xFF, 0x21, 0xFF, 0x62, 0x00, 0x7F, 0xFF, 0x1F, 0xFF, 0x62, 0x00, 0x7F, 0xFF, 0x21,
    0xFF, 0x60, 0x00, 0x7F, 0xFF, 0x07, 0xFF, 0x02, 0x00, 0x18, 0xFF, 0x60, 0x00, 0x16, 0xFF, 0x08,
    0x00, 0x64, 0xFF, 0x08, 0x00, 0x16, 0xFF, 0x60, 0x00, 0x16, 0xFF, 0x08, 0x00, 0x64, 0xFF, 0x0A,
    0x00, 0x14, 0xFF, 0x60, 0x00, 0x16, 0xFF, 0x08, 0x00, 0x62, 0xFF, 0x0A, 0x00, 0x16, 0xFF, 0x60,
    0x00, 0x14, 0xFF, 0x0A, 0x00, 0x62, 0xFF, 0x0A, 0x00, 0x16, 0xFF, 0x62, 0x00, 0x12, 0xFF, 0x0A,
    0x00, 0x60, 0xFF, 0x0A, 0x00, 0x18, 0xFF, 0x60, 0x00, 0x14, 0xFF, 0x0A, 0x00, 0x5E, 0xFF, 0x0C,
    0x00, 0x18, 0xFF, 0x60, 0x00, 0x14, 0xFF, 0x0A, 0x00, 0x5C, 0xFF, 0x0C, 0x00, 0x1A, 0xFF, 0x60,
    0x00, 0x14, 0xFF, 0x0A, 0x00, 0x5A, 0xFF, 0x0C, 0x00, 0x1C, 0xFF, 0x60, 0x00, 0x14, 0xFF, 0x08,
    0x00, 0x5A, 0xFF, 0x0C, 0x00, 0x1C, 0xFF, 0x60, 0x00, 0x14, 0xFF, 0x0A, 0x00, 0x58, 0xFF, 0x0C,
    0x00, 0x1E, 0xFF, 0x60, 0x00, 0x14, 0xFF, 0x0A, 0x00, 0x56, 0xFF, 0x0C, 0x00, 0x20, 0xFF, 0x60,
    0x00, 0x12, 0xFF, 0x0A, 0x00, 0x54, 0xFF, 0x0C, 0x00, 0x22, 0xFF, 0x60, 0x00, 0x14, 0xFF, 0x0A,
    0x00, 0x52, 0xFF, 0x0C, 0x00, 0x24, 0xFF, 0x60, 0x00, 0x14, 0xFF, 0x0A, 0x00, 0x4E, 0xFF, 0x0E,
    0x00, 0x26, 0xFF, 0x5E, 0x00, 0x14, 0xFF, 0x0A, 0x00, 0x4E, 0xFF, 0x0E, 0x00, 0x26, 0xFF, 0x60,
    0x00, 0x14, 0xFF, 0x0A, 0x00, 0x4A, 0xFF, 0x0E, 0x00, 0x2A, 0xFF, 0x60, 0x00, 0x14, 0xFF, 0x08,
    0x00, 0x4A, 0xFF, 0x0E, 0x00, 0x2A, 0xFF, 0x60, 0x00, 0x14, 0xFF, 0x0A, 0x00, 0x46, 0xFF, 0x10,
    0x00, 0x2C, 0xFF, 0x60, 0x00, 0x14, 0xFF, 0x0A, 0x00, 0x44, 0xFF, 0x0E, 0x00, 0x30, 0xFF, 0x60,
    0x00, 0x14, 0xFF, 0x0A, 0x00, 0x40, 0xFF, 0x10, 0x00, 0x32, 0xFF, 0x60, 0x00, 0x14, 0xFF, 0x08,
    0x00, 0x40, 0xFF, 0x0E, 0x00, 0x36, 0xFF, 0x60, 0x00, 0x14, 0xFF, 0x08, 0x00, 0x3C, 0xFF, 0x12,
    0x00, 0x34, 0xFF, 0x62, 0x00, 0x14, 0xFF, 0x08, 0x00, 0x38, 0xFF, 0x12, 0x00, 0x10, 0xFF, 0x06,
    0x00, 0x22, 0xFF, 0x62, 0x00, 0x14, 0xFF, 0x0A, 0x00, 0x32, 0xFF, 0x14, 0x00, 0x10, 0xFF, 0x0A,
    0x00, 0x22, 0xFF, 0x60, 0x00, 0x14, 0xFF, 0x0A, 0x00, 0x30, 0xFF, 0x14, 0x00, 0x12, 0xFF, 0x0C,
    0x00, 0x20, 0xFF, 0x60, 0x00, 0x14, 0xFF, 0x0A, 0x00, 0x2C, 0xFF, 0x14, 0x00, 0x18, 0xFF, 0x0C,
    0x00, 0x1E, 0xFF, 0x62, 0x00, 0x12, 0xFF, 0x0A, 0x00, 0x26, 0xFF, 0x18, 0x00, 0x1C, 0xFF, 0x0C,
    0x00, 0x1C, 0xFF, 0x62, 0x00, 0x14, 0xFF, 0x0A, 0x00, 0x20, 0xFF, 0x1A, 0x00, 0x20, 0xFF, 0x0C,
    0x00, 0x1C, 0xFF, 0x60, 0x00, 0x14, 0xFF, 0x0A, 0x00, 0x1A, 0xFF, 0x1C, 0x00, 0x26, 0xFF, 0x0C,
    0x00, 0x1A, 0xFF, 0x62, 0x00, 0x12, 0xFF, 0x0A, 0x00, 0x12, 0xFF, 0x20, 0x00, 0x2E, 0xFF, 0x0A,
    0x00, 0x18, 0xFF, 0x62, 0x00, 0x14, 0xFF, 0x38, 0x00, 0x32, 0xFF, 0x0A, 0x00, 0x18, 0xFF, 0x60,
    0x00, 0x14, 0xFF, 0x32, 0x00, 0x3A, 0xFF, 0x0A, 0x00, 0x16, 0xFF, 0x62, 0x00, 0x14, 0xFF, 0x2C,
    0x00, 0x40, 0xFF, 0x0A, 0x00, 0x16, 0xFF, 0x60, 0x00, 0x14, 0xFF, 0x26, 0x00, 0x48, 0xFF, 0x08,
    0x00, 0x16, 0xFF, 0x62, 0x00, 0x12, 0xFF, 0x1C, 0x00, 0x54, 0xFF, 0x06, 0x00, 0x16, 0xFF, 0x62,
    0x00, 0x7F, 0xFF, 0x21, 0xFF, 0x60, 0x00, 0x7F, 0xFF, 0x21, 0xFF, 0x60, 0x00, 0x7F, 0xFF, 0x21,
    0xFF, 0x60, 0x00, 0x7F, 0xFF, 0x21, 0xFF, 0x62, 0x00, 0x7F, 0xFF, 0x1F, 0xFF, 0x62, 0x00, 0x7F,
    0xFF, 0x1F, 0xFF, 0x62, 0x00, 0x7F, 0xFF, 0x1F, 0xFF, 0x62, 0x00, 0x7F, 0xFF, 0x1F, 0xFF, 0x62,
    0x00, 0x7F, 0xFF, 0x1D, 0xFF, 0x66, 0x00, 0x7F, 0xFF, 0x19, 0xFF, 0x7F, 0x00, 0x7F, 0x00, 0x7F,
    0x00, 0x7F, 0x00, 0x7F, 0x00, 0x7F, 0x00, 0x7F, 0x00, 0x7F, 0x00, 0x7F, 0x00, 0x7F, 0x00, 0x6C,
    0x00, 0x02, 0xFF, 0x06, 0x00, 0x02, 0xFF, 0x0E, 0x00, 0x02, 0xFF, 0x14, 0x00, 0x04, 0xFF, 0x16,
    0x00, 0x06, 0xFF, 0x46, 0x00, 0x04, 0xFF, 0x64, 0x00, 0x06, 0xFF, 0x02, 0x00, 0x06, 0xFF, 0x0C,
    0x00, 0x0A, 0xFF, 0x0C, 0x00, 0x0C, 0xFF, 0x10, 0x00, 0x0A, 0xFF, 0x10, 0x00, 0x04, 0xFF, 0x10,
    0x00, 0x04, 0xFF, 0x06, 0x00, 0x06, 0xFF, 0x0C, 0x00, 0x08, 0xFF, 0x62, 0x00, 0x0C, 0xFF, 0x0E,
    0x00, 0x0A, 0xFF, 0x0C, 0x00, 0x0E, 0xFF, 0x0C, 0x00, 0x0A, 0xFF, 0x10, 0x00, 0x06, 0xFF, 0x10,
    0x00, 0x06, 0xFF, 0x04, 0x00, 0x04, 0xFF, 0x0C, 0x00, 0x0A, 0xFF, 0x62, 0x00, 0x0A, 0xFF, 0x0E,
    0x00, 0x0C, 0xFF, 0x0C, 0x00, 0x04, 0xFF, 0x04, 0x00, 0x06, 0xFF, 0x0C, 0x00, 0x06, 0xFF, 0x12,
    0x00, 0x08, 0xFF, 0x10, 0x00, 0x08, 0xFF, 0x02, 0x00, 0x04, 0xFF, 0x0C, 0x00, 0x06, 0xFF, 0x64,
    0x00, 0x0A, 0xFF, 0x10, 0x00, 0x0A, 0xFF, 0x0C, 0x00, 0x06, 0xFF, 0x04, 0x00, 0x06, 0xFF, 0x0C,
    0x00, 0x0A, 0xFF, 0x0C, 0x00, 0x0A, 0xFF, 0x0E, 0x00, 0x10, 0xFF, 0x0C, 0x00, 0x08, 0xFF, 0x62,
    0x00, 0x0A, 0xFF, 0x10, 0x00, 0x0A, 0xFF, 0x0C, 0x00, 0x06, 0xFF, 0x04, 0x00, 0x04, 0xFF, 0x0C,
    0x00, 0x0A, 0xFF, 0x0E, 0x00, 0x0A, 0xFF, 0x0E, 0x00, 0x0E, 0xFF, 0x10, 0x00, 0x08, 0xFF, 0x60,
    0x00, 0x0C, 0xFF, 0x0E, 0x00, 0x0A, 0xFF, 0x0C, 0x00, 0x0E, 0xFF, 0x0C, 0x00, 0x06, 0xFF, 0x10,
    0x00, 0x0E, 0xFF, 0x0C, 0x00, 0x06, 0xFF, 0x02, 0x00, 0x06, 0xFF, 0x0E, 0x00, 0x0A, 0xFF, 0x60,
    0x00, 0x0C, 0xFF, 0x0E, 0x00, 0x0A, 0xFF, 0x0C, 0x00, 0x0C, 0xFF, 0x0E, 0x00, 0x04, 0xFF, 0x12,
    0x00, 0x0E, 0xFF, 0x0C, 0x00, 0x04, 0xFF, 0x06, 0x00, 0x04, 0xFF, 0x0C, 0x00, 0x0A, 0xFF, 0x62,
    0x00, 0x04, 0xFF, 0x06, 0x00, 0x04, 0xFF, 0x0C, 0x00, 0x08, 0xFF, 0x0E, 0x00, 0x0A, 0xFF, 0x12,
    0x00, 0x02, 0xFF, 0x12, 0x00, 0x04, 0xFF, 0x06, 0x00, 0x04, 0xFF, 0x0C, 0x00, 0x04, 0xFF, 0x08,
    0x00, 0x02, 0xFF, 0x0E, 0x00, 0x06, 0xFF, 0x7F, 0x00, 0x7F, 0x00, 0x7F, 0x00, 0x7F, 0x00, 0x7F,
    0x00, 0x7F, 0x00, 0x7F, 0x00, 0x7F, 0x00, 0x7F, 0x00, 0x7F, 0x00, 0x7F, 0x00, 0x7F, 0x00, 0x7F,
    0x00, 0x7F, 0x00, 0x7F, 0x00, 0x7F, 0x00, 0x7F, 0x00, 0x7F, 0x00, 0x7F, 0x00, 0x7F, 0x00, 0x7F,
    0x00, 0x7F, 0x00, 0x7F, 0x00, 0x7F, 0x00, 0x7F, 0x00, 0x7F, 0x00, 0x7F, 0x00, 0x7F, 0x00, 0x7F,
    0x00, 0x7F, 0x00, 0x7F, 0x00, 0x7F, 0x00, 0x7F, 0x00, 0x7F, 0x00, 0x7F, 0x00, 0x7F, 0x00, 0x7F,
    0x00, 0x7F, 0x00, 0x7F, 0x00, 0x7F, 0x00, 0x7F, 0x00, 0x7F, 0x00, 0x7F, 0x00, 0x7F, 0x00, 0x7F,
    0x00, 0x7F, 0x00, 0x7F, 0x00, 0x7F, 0x00, 0x7F, 0x00, 0x7F, 0x00, 0x7F, 0x00, 0x7F, 0x00, 0x7F,
    0x00, 0x7F, 0x00, 0x7F, 0x00, 0x7F, 0x00, 0x7F, 0x00, 0x7F, 0x00, 0x72, 0x00, 0x02, 0xFD, 0x06,
    0x00, 0x00, 0x08, 0x02, 0x01, 0xFF, 0x28, 0x00, 0x04, 0xFB, 0x08, 0x00, 0x00, 0x16, 0x00, 0x1D,
    0x00, 0x69, 0x00, 0x62, 0x00, 0x05, 0xFA, 0x80, 0x03, 0x00, 0x0A, 0x00, 0x7F, 0xFF, 0x13, 0xFF,
    0x12, 0x00, 0x7F, 0xFF, 0x1B, 0xFF, 0x0E, 0x00, 0x7F, 0xFF, 0x1D, 0xFF, 0x0C, 0x00, 0x7F, 0xFF,
    0x1F, 0xFF, 0x0A, 0x00, 0x7F, 0xFF, 0x21, 0xFF, 0x08, 0x00, 0x7F, 0xFF, 0x21, 0xFF, 0x0A, 0x00,
    0x7F, 0xFF, 0x1F, 0xFF, 0x0A, 0x00, 0x7F, 0xFF, 0x21, 0xFF, 0x08, 0x00, 0x7F, 0xFF, 0x21, 0xFF,
    0x08, 0x00, 0x7F, 0xFF, 0x21, 0xFF, 0x08, 0x00, 0x18, 0xFF, 0x02, 0x00, 0x7F, 0xFF, 0x07, 0xFF,
    0x08, 0x00, 0x16, 0xFF, 0x06, 0x00, 0x68, 0xFF, 0x06, 0x00, 0x16, 0xFF, 0x08, 0x00, 0x16, 0xFF,
    0x08, 0x00, 0x64, 0xFF, 0x08, 0x00, 0x16, 0xFF, 0x08, 0x00, 0x14, 0xFF, 0x0A, 0x00, 0x62, 0xFF,
    0x0A, 0x00, 0x16, 0xFF, 0x08, 0x00, 0x14, 0xFF, 0x0A, 0x00, 0x60, 0xFF, 0x0C, 0x00, 0x16, 0xFF,
    0x08, 0x00, 0x14, 0xFF, 0x0A, 0x00, 0x5E, 0xFF, 0x0C, 0x00, 0x18, 0xFF, 0x08, 0x00, 0x14, 0xFF,
    0x0A, 0x00, 0x5C, 0xFF, 0x0C, 0x00, 0x1A, 0xFF, 0x08, 0x00, 0x12, 0xFF, 0x0A, 0x00, 0x5C, 0xFF,
    0x0C, 0x00, 0x1A, 0xFF, 0x08, 0x00, 0x14, 0xFF, 0x0A, 0x00, 0x5A, 0xFF, 0x0C, 0x00, 0x1C, 0xFF,
    0x08, 0x00, 0x14, 0xFF, 0x0A, 0x00, 0x58, 0xFF, 0x0C, 0x00, 0x1E, 0xFF, 0x06, 0x00, 0x14, 0xFF,
    0x0A, 0x00, 0x58, 0xFF, 0x0C, 0x00, 0x1E, 0xFF, 0x08, 0x00, 0x14, 0xFF, 0x0A, 0x00, 0x54, 0xFF,
    0x0E, 0x00, 0x20, 0xFF, 0x08, 0x00, 0x14, 0xFF, 0x08, 0x00, 0x54, 0xFF, 0x0C, 0x00, 0x22, 0xFF,
    0x08, 0x00, 0x14, 0xFF, 0x0A, 0x00, 0x52, 0xFF, 0x0C, 0x00, 0x24, 0xFF, 0x08, 0x00, 0x14, 0xFF,
    0x0A, 0x00, 0x4E, 0xFF, 0x0E, 0x00, 0x26, 0xFF, 0x08, 0x00, 0x12, 0xFF, 0x0A, 0x00, 0x4E, 0xFF,
    0x0E, 0x00, 0x26, 0xFF, 0x08, 0x00, 0x14, 0xFF, 0x0A, 0x00, 0x4C, 0xFF, 0x0C, 0x00, 0x2A, 0xFF,
    0x08, 0x00, 0x14, 0xFF, 0x0A, 0x00, 0x48, 0xFF, 0x0E, 0x00, 0x2C, 0xFF, 0x08, 0x00, 0x14, 0xFF,
    0x0A, 0x00, 0x46, 0xFF, 0x0E, 0x00, 0x2E, 0xFF, 0x08, 0x00, 0x14, 0xFF, 0x0A, 0x00, 0x44, 0xFF,
    0x0E, 0x00, 0x30, 0xFF, 0x08, 0x00, 0x14, 0xFF, 0x08, 0x00, 0x42, 0xFF, 0x10, 0x00, 0x30, 0xFF,
    0x0A, 0x00, 0x14, 0xFF, 0x0A, 0x00, 0x3E, 0xFF, 0x10, 0x00, 0x34, 0xFF, 0x08, 0x00, 0x14, 0xFF,
    0x0A, 0x00, 0x3A, 0xFF, 0x12, 0x00, 0x36, 0xFF, 0x08, 0x00, 0x14, 0xFF, 0x0A, 0x00, 0x36, 0xFF,
    0x14, 0x00, 0x0E, 0xFF, 0x08, 0x00, 0x22, 0xFF, 0x08, 0x00, 0x14, 0xFF, 0x0A, 0x00, 0x34, 0xFF,
    0x14, 0x00, 0x0E, 0xFF, 0x0C, 0x00, 0x20, 0xFF, 0x0A, 0x00, 0x12, 0xFF, 0x0A, 0x00, 0x30, 0xFF,
    0x14, 0x00, 0x14, 0xFF, 0x0C, 0x00, 0x1E, 0xFF, 0x0A, 0x00, 0x14, 0xFF, 0x0A, 0x00, 0x2A, 0xFF,
    0x16, 0x00, 0x18, 0xFF, 0x0C, 0x00, 0x1E, 0xFF, 0x08, 0x00, 0x14, 0xFF, 0x0A, 0x00, 0x26, 0xFF,
    0x18, 0x00, 0x1C, 0xFF, 0x0C, 0x00, 0x1C, 0xFF, 0x0A, 0x00, 0x14, 0xFF, 0x0A, 0x00, 0x20, 0xFF,
    0x1A, 0x00, 0x20, 0xFF, 0x0C, 0x00, 0x1C, 0xFF, 0x08, 0x00, 0x14, 0xFF, 0x0A, 0x00, 0x1A, 0xFF,
    0x1C, 0x00, 0x26, 0xFF, 0x0C, 0x00, 0x1A, 0xFF, 0x0A, 0x00, 0x12, 0xFF, 0x0A, 0x00, 0x12, 0xFF,
    0x20, 0x00, 0x2C, 0xFF, 0x0C, 0x00, 0x18, 0xFF, 0x0A, 0x00, 0x14, 0xFF, 0x38, 0x00, 0x32, 0xFF,
    0x0A, 0x00, 0x18, 0xFF, 0x08, 0x00, 0x14, 0xFF, 0x32, 0x00, 0x3A, 0xFF, 0x0A, 0x00, 0x16, 0xFF,
    0x0A, 0x00, 0x14, 0xFF, 0x2A, 0x00, 0x42, 0xFF, 0x0A, 0x00, 0x14, 0xFF, 0x0A, 0x00, 0x14, 0xFF,
    0x24, 0x00, 0x4A, 0xFF, 0x08, 0x00, 0x16, 0xFF, 0x08, 0x00, 0x14, 0xFF, 0x1A, 0x00, 0x56, 0xFF,
    0x04, 0x00, 0x18, 0xFF, 0x08, 0x00, 0x7F, 0xFF, 0x21, 0xFF, 0x08, 0x00, 0x7F, 0xFF, 0x21, 0xFF,
    0x0A, 0x00, 0x7F, 0xFF, 0x1F, 0xFF, 0x0A, 0x00, 0x7F, 0xFF, 0x1F, 0xFF, 0x0A, 0x00, 0x7F, 0xFF,
    0x1F, 0xFF, 0x08, 0x00, 0x7F, 0xFF, 0x21, 0xFF, 0x08, 0x00, 0x7F, 0xFF, 0x21, 0xFF, 0x08, 0x00,
    0x7F, 0xFF, 0x1F, 0xFF, 0x0C, 0x00, 0x7F, 0xFF, 0x1B, 0xFF, 0x10, 0x00, 0x7F, 0xFF, 0x17, 0xFF,
    0x7F, 0x00, 0x7F, 0x00, 0x7F, 0x00, 0x7F, 0x00, 0x7F, 0x00, 0x7F, 0x00, 0x58, 0x00, 0x02, 0xFF,
    0x06, 0x00, 0x02, 0xFF, 0x0E, 0x00, 0x04, 0xFF, 0x12, 0x00, 0x04, 0xFF, 0x18, 0x00, 0x06, 0xFF,
    0x44, 0x00, 0x04, 0xFF, 0x0E, 0x00, 0x04, 0xFF, 0x02, 0x00, 0x06, 0xFF, 0x0C, 0x00, 0x0A, 0xFF,
    0x0E, 0x00, 0x0A, 0xFF, 0x10, 0x00, 0x0A, 0xFF, 0x10, 0x00, 0x04, 0xFF, 0x12, 0x00, 0x04, 0xFF,
    0x04, 0x00, 0x06, 0xFF, 0x0C, 0x00, 0x0A, 0xFF, 0x08, 0x00, 0x0C, 0xFF, 0x0E, 0x00, 0x0A, 0xFF,
    0x0C, 0x00, 0x0E, 0xFF, 0x0C, 0x00, 0x0C, 0xFF, 0x0E, 0x00, 0x06, 0xFF, 0x10, 0x00, 0x06, 0xFF,
    0x04, 0x00, 0x04, 0xFF, 0x0C, 0x00, 0x0A, 0xFF, 0x0A, 0x00, 0x0A, 0xFF, 0x10, 0x00, 0x0A, 0xFF,
    0x0C, 0x00, 0x06, 0xFF, 0x02, 0x00, 0x06, 0xFF, 0x0C, 0x00, 0x06, 0xFF, 0x14, 0x00, 0x06, 0xFF,
    0x10, 0x00, 0x0E, 0xFF, 0x0C, 0x00, 0x08, 0xFF, 0x0C, 0x00, 0x0A, 0xFF, 0x10, 0x00, 0x0A, 0xFF,
    0x0C, 0x00, 0x04, 0xFF, 0x06, 0x00, 0x04, 0xFF, 0x0C, 0x00, 0x0A, 0xFF, 0x0E, 0x00, 0x0A, 0xFF,
    0x0E, 0x00, 0x0E, 0xFF, 0x0E, 0x00, 0x08, 0xFF, 0x0A, 0x00, 0x0A, 0xFF, 0x0E, 0x00, 0x0C, 0xFF,
    0x0C, 0x00, 0x04, 0xFF, 0x06, 0x00, 0x04, 0xFF, 0x0C, 0x00, 0x0A, 0xFF, 0x0E, 0x00, 0x0A, 0xFF,
    0x0E, 0x00, 0x04, 0xFF, 0x02, 0x00, 0x08, 0xFF, 0x10, 0x00, 0x06, 0xFF, 0x0A, 0x00, 0x04, 0xFF,
    0x02, 0x00, 0x06, 0xFF, 0x0C, 0x00, 0x0C, 0xFF, 0x0C, 0x00, 0x0E, 0xFF, 0x0C, 0x00, 0x04, 0xFF,
    0x12, 0x00, 0x0C, 0xFF, 0x0E, 0x00, 0x04, 0xFF, 0x04, 0x00, 0x06, 0xFF, 0x0C, 0x00, 0x0A, 0xFF,
    0x0A, 0x00, 0x0E, 0xFF, 0x0C, 0x00, 0x0A, 0xFF, 0x0C, 0x00, 0x0C, 0xFF, 0x0E, 0x00, 0x04, 0xFF,
    0x12, 0x00, 0x0E, 0xFF, 0x0C, 0x00, 0x04, 0xFF, 0x06, 0x00, 0x04, 0xFF, 0x0C, 0x00, 0x0A, 0xFF,
    0x0C, 0x00, 0x02, 0xFF, 0x06, 0x00, 0x04, 0xFF, 0x0C, 0x00, 0x08, 0xFF, 0x10, 0x00, 0x08, 0xFF,
    0x12, 0x00, 0x02, 0xFF, 0x12, 0x00, 0x02, 0xFF, 0x08, 0x00, 0x04, 0xFF, 0x0E, 0x00, 0x02, 0xFF,
    0x08, 0x00, 0x02, 0xFF, 0x0E, 0x00, 0x06, 0xFF, 0x0C, 0x00, 0x02, 0xFD, 0x06, 0x00, 0x00, 0x08,
    0x02, 0x01, 0xFF, 0x28, 0x00, 0x04, 0xFB, 0x08, 0x00, 0x00, 0x16, 0x00, 0x1D, 0x00, 0x69, 0x00,
    0x62, 0x00, 0x05, 0xFA, 0x84, 0x03, 0x00, 0x0C, 0x00, 0x7F, 0xFF, 0x13, 0xFF, 0x12, 0x00, 0x7F,
    0xFF, 0x1B, 0xFF, 0x0E, 0x00, 0x7F, 0xFF, 0x1D, 0xFF, 0x0C, 0x00, 0x7F, 0xFF, 0x1F, 0xFF, 0x0A,
    0x00, 0x7F, 0xFF, 0x21, 0xFF, 0x08, 0x00, 0x7F, 0xFF, 0x21, 0xFF, 0x08, 0x00, 0x7F, 0xFF, 0x21,
    0xFF, 0x08, 0x00, 0x7F, 0xFF, 0x21, 0xFF, 0x08, 0x00, 0x7F, 0xFF, 0x21, 0xFF, 0x08, 0x00, 0x7F,
    0xFF, 0x21, 0xFF, 0x0A, 0x00, 0x7F, 0xFF, 0x05, 0xFF, 0x02, 0x00, 0x18, 0xFF, 0x08, 0x00, 0x16,
    0xFF, 0x08, 0x00, 0x64, 0xFF, 0x08, 0x00, 0x16, 0xFF, 0x08, 0x00, 0x14, 0xFF, 0x0A, 0x00, 0x62,
    0xFF, 0x0A, 0x00, 0x16, 0xFF, 0x08, 0x00, 0x14, 0xFF, 0x0A, 0x00, 0x62, 0xFF, 0x0A, 0x00, 0x16,
    0xFF, 0x08, 0x00, 0x14, 0xFF, 0x08, 0x00, 0x62, 0xFF, 0x0A, 0x00, 0x16, 0xFF, 0x0A, 0x00, 0x12,
    0xFF, 0x0A, 0x00, 0x60, 0xFF, 0x0A, 0x00, 0x18, 0xFF, 0x08, 0x00, 0x14, 0xFF, 0x0A, 0x00, 0x5E,
    0xFF, 0x0A, 0x00, 0x1A, 0xFF, 0x08, 0x00, 0x14, 0xFF, 0x08, 0x00, 0x5C, 0xFF, 0x0C, 0x00, 0x1A,
    0xFF, 0x08, 0x00, 0x14, 0xFF, 0x0A, 0x00, 0x5A, 0xFF, 0x0C, 0x00, 0x1C, 0xFF, 0x08, 0x00, 0x14,
    0xFF, 0x0A, 0x00, 0x58, 0xFF, 0x0C, 0x00, 0x1E, 0xFF, 0x08, 0x00, 0x12, 0xFF, 0x0A, 0x00, 0x58,
    0xFF, 0x0C, 0x00, 0x1E, 0xFF, 0x08, 0x00, 0x14, 0xFF, 0x0A, 0x00, 0x54, 0xFF, 0x0E, 0x00, 0x20,
    0xFF, 0x08, 0x00, 0x14, 0xFF, 0x0A, 0x00, 0x52, 0xFF, 0x0C, 0x00, 0x24, 0xFF, 0x06, 0x00, 0x14,
    0xFF, 0x0A, 0x00, 0x52, 0xFF, 0x0C, 0x00, 0x24, 0xFF, 0x08, 0x00, 0x14, 0xFF, 0x0A, 0x00, 0x50,
    0xFF, 0x0C, 0x00, 0x26, 0xFF, 0x08, 0x00, 0x14, 0xFF, 0x0A, 0x00, 0x4C, 0xFF, 0x0E, 0x00, 0x28,
    0xFF, 0x08, 0x00, 0x14, 0xFF, 0x0A, 0x00, 0x4A, 0xFF, 0x0E, 0x00, 0x2A, 0xFF, 0x08, 0x00, 0x14,
    0xFF, 0x08, 0x00, 0x4A, 0xFF, 0x0E, 0x00, 0x2C, 0xFF, 0x08, 0x00, 0x14, 0xFF, 0x08, 0x00, 0x48,
    0xFF, 0x0E, 0x00, 0x2C, 0xFF, 0x0A, 0x00, 0x14, 0xFF, 0x0A, 0x00, 0x42, 0xFF, 0x10, 0x00, 0x30,
    0xFF, 0x08, 0x00, 0x14, 0xFF, 0x0A, 0x00, 0x40, 0xFF, 0x10, 0x00, 0x32, 0xFF, 0x08, 0x00, 0x14,
    0xFF, 0x0A, 0x00, 0x3E, 0xFF, 0x10, 0x00, 0x34, 0xFF, 0x0A, 0x00, 0x12, 0xFF, 0x0A, 0x00, 0x3A,
    0xFF, 0x12, 0x00, 0x36, 0xFF, 0x0A, 0x00, 0x14, 0xFF, 0x0A, 0x00, 0x36, 0xFF, 0x12, 0x00, 0x10,
    0xFF, 0x06, 0x00, 0x24, 0xFF, 0x08, 0x00, 0x14, 0xFF, 0x0A, 0x00, 0x34, 0xFF, 0x12, 0x00, 0x10,
    0xFF, 0x0A, 0x00, 0x22, 0xFF, 0x0A, 0x00, 0x12, 0xFF, 0x0A, 0x00, 0x30, 0xFF, 0x14, 0x00, 0x14,
    0xFF, 0x0C, 0x00, 0x1E, 0xFF, 0x0A, 0x00, 0x14, 0xFF, 0x0A, 0x00, 0x2A, 0xFF, 0x16, 0x00, 0x18,
    0xFF, 0x0C, 0x00, 0x1E, 0xFF, 0x08, 0x00, 0x14, 0xFF, 0x0A, 0x00, 0x26, 0xFF, 0x18, 0x00, 0x1C,
    0xFF, 0x0C, 0x00, 0x1C, 0xFF, 0x0A, 0x00, 0x14, 0xFF, 0x0A, 0x00, 0x20, 0xFF, 0x1A, 0x00, 0x20,
    0xFF, 0x0C, 0x00, 0x1C, 0xFF, 0x08, 0x00, 0x14, 0xFF, 0x0A, 0x00, 0x1A, 0xFF, 0x1C, 0x00, 0x26,
    0xFF, 0x0C, 0x00, 0x1A, 0xFF, 0x0A, 0x00, 0x12, 0xFF, 0x0A, 0x00, 0x12, 0xFF, 0x20, 0x00, 0x2C,
    0xFF, 0x0C, 0x00, 0x18, 0xFF, 0x0A, 0x00, 0x14, 0xFF, 0x36, 0x00, 0x34, 0xFF, 0x0A, 0x00, 0x18,
    0xFF, 0x08, 0x00, 0x14, 0xFF, 0x32, 0x00, 0x3A, 0xFF, 0x0A, 0x00, 0x16, 0xFF, 0x08, 0x00, 0x14,
    0xFF, 0x2C, 0x00, 0x40, 0xFF, 0x0A, 0x00, 0x16, 0xFF, 0x08, 0x00, 0x16, 0xFF, 0x22, 0x00, 0x4A,
    0xFF, 0x08, 0x00, 0x16, 0xFF, 0x0A, 0x00, 0x14, 0xFF, 0x18, 0x00, 0x56, 0xFF, 0x04, 0x00, 0x18,
    0xFF, 0x0A, 0x00, 0x7F, 0xFF, 0x1F, 0xFF, 0x0A, 0x00, 0x7F, 0xFF, 0x1F, 0xFF, 0x08, 0x00, 0x7F,
    0xFF, 0x21, 0xFF, 0x08, 0x00, 0x7F, 0xFF, 0x21, 0xFF, 0x08, 0x00, 0x7F, 0xFF, 0x21, 0xFF, 0x08,
    0x00, 0x7F, 0xFF, 0x1F, 0xFF, 0x0A, 0x00, 0x7F, 0xFF, 0x1F, 0xFF, 0x0A, 0x00, 0x7F, 0xFF, 0x1D,
    0xFF, 0x0C, 0x00, 0x7F, 0xFF, 0x1B, 0xFF, 0x10, 0x00, 0x7F, 0xFF, 0x17, 0xFF, 0x7F, 0x00, 0x7F,
    0x00, 0x7F, 0x00, 0x7F, 0x00, 0x7F, 0x00, 0x7F, 0x00, 0x60, 0x00, 0x02, 0xFF, 0x10, 0x00, 0x04,
    0xFF, 0x12, 0x00, 0x06, 0xFF, 0x14, 0x00, 0x08, 0xFF, 0x32, 0x00, 0x02, 0xFF, 0x10, 0x00, 0x04,
    0xFF, 0x0C, 0x00, 0x06, 0xFF, 0x02, 0x00, 0x06, 0xFF, 0x0C, 0x00, 0x0A, 0xFF, 0x0C, 0x00, 0x0C,
    0xFF, 0x0E, 0x00, 0x0C, 0xFF, 0x10, 0x00, 0x02, 0xFF, 0x12, 0x00, 0x04, 0xFF, 0x06, 0x00, 0x04,
    0xFF, 0x0C, 0x00, 0x0A, 0xFF, 0x0A, 0x00, 0x0C, 0xFF, 0x0C, 0x00, 0x0C, 0xFF, 0x0C, 0x00, 0x0E,
    0xFF, 0x0C, 0x00, 0x0A, 0xFF, 0x10, 0x00, 0x06, 0xFF, 0x10, 0x00, 0x06, 0xFF, 0x04, 0x00, 0x04,
    0xFF, 0x0C, 0x00, 0x0A, 0xFF, 0x0A, 0x00, 0x0A, 0xFF, 0x0E, 0x00, 0x0C, 0xFF, 0x0C, 0x00, 0x04,
    0xFF, 0x04, 0x00, 0x06, 0xFF, 0x0C, 0x00, 0x04, 0xFF, 0x14, 0x00, 0x08, 0xFF, 0x10, 0x00, 0x0E,
    0xFF, 0x0C, 0x00, 0x06, 0xFF, 0x0E, 0x00, 0x08, 0xFF, 0x10, 0x00, 0x0A, 0xFF, 0x0E, 0x00, 0x04,
    0xFF, 0x06, 0x00, 0x04, 0xFF, 0x0C, 0x00, 0x0A, 0xFF, 0x0E, 0x00, 0x08, 0xFF, 0x10, 0x00, 0x0E,
    0xFF, 0x0C, 0x00, 0x08, 0xFF, 0x0C, 0x00, 0x0A, 0xFF, 0x0E, 0x00, 0x0C, 0xFF, 0x0C, 0x00, 0x04,
    0xFF, 0x06, 0x00, 0x04, 0xFF, 0x0C, 0x00, 0x0A, 0xFF, 0x0C, 0x00, 0x0C, 0xFF, 0x0E, 0x00, 0x0E,
    0xFF, 0x0E, 0x00, 0x08, 0xFF, 0x0A, 0x00, 0x0C, 0xFF, 0x0E, 0x00, 0x04, 0xFF, 0x02, 0x00, 0x06,
    0xFF, 0x0A, 0x00, 0x0E, 0xFF, 0x0C, 0x00, 0x06, 0xFF, 0x10, 0x00, 0x0E, 0xFF, 0x0C, 0x00, 0x06,
    0xFF, 0x02, 0x00, 0x06, 0xFF, 0x0E, 0x00, 0x02, 0xFF, 0x02, 0x00, 0x06, 0xFF, 0x08, 0x00, 0x06,
    0xFF, 0x02, 0x00, 0x06, 0xFF, 0x0C, 0x00, 0x0A, 0xFF, 0x0C, 0x00, 0x0C, 0xFF, 0x10, 0x00, 0x04,
    0xFF, 0x10, 0x00, 0x06, 0xFF, 0x02, 0x00, 0x08, 0xFF, 0x0A, 0x00, 0x06, 0xFF, 0x04, 0x00, 0x06,
    0xFF, 0x0A, 0x00, 0x0A, 0xFF, 0x0C, 0x00, 0x04, 0xFF, 0x04, 0x00, 0x04, 0xFF, 0x0C, 0x00, 0x08,
    0xFF, 0x10, 0x00, 0x08, 0xFF, 0x12, 0x00, 0x02, 0xFF, 0x12, 0x00, 0x04, 0xFF, 0x08, 0x00, 0x02,
    0xFF, 0x0E, 0x00, 0x02, 0xFF, 0x1A, 0x00, 0x06, 0xFF, 0x0A, 0x00, 0x02, 0xFD, 0x06, 0x00, 0x00,
    0x08, 0x02, 0x01, 0xFF, 0x28, 0x00, 0x04, 0xFB, 0x08, 0x00, 0x00, 0x1A, 0x00, 0x27, 0x00, 0x68,
    0x00, 0x5A, 0x00, 0x05, 0xFA, 0xE2, 0x01, 0x00, 0x02, 0x00, 0x7F, 0xFF, 0x33, 0xFF, 0x08, 0x00,
    0x64, 0xFF, 0x08, 0x00, 0x28, 0xFF, 0x0A, 0x00, 0x62, 0xFF, 0x0A, 0x00, 0x28, 0xFF, 0x0A, 0x00,
    0x62, 0xFF, 0x0A, 0x00, 0x28, 0xFF, 0x08, 0x00, 0x62, 0xFF, 0x0A, 0x00, 0x28, 0xFF, 0x0A, 0x00,
    0x60, 0xFF, 0x0A, 0x00, 0x2A, 0xFF, 0x0A, 0x00, 0x5E, 0xFF, 0x0A, 0x00, 0x2C, 0xFF, 0x08, 0x00,
    0x5C, 0xFF, 0x0C, 0x00, 0x1A, 0xFF, 0x02, 0x00, 0x10, 0xFF, 0x0A, 0x00, 0x5A, 0xFF, 0x0C, 0x00,
    0x1C, 0xFF, 0x02, 0x00, 0x10, 0xFF, 0x0A, 0x00, 0x58, 0xFF, 0x0C, 0x00, 0x1E, 0xFF, 0x02, 0x00,
    0x0E, 0xFF, 0x0A, 0x00, 0x58, 0xFF, 0x0C, 0x00, 0x1E, 0xFF, 0x04, 0x00, 0x0E, 0xFF, 0x0A, 0x00,
    0x54, 0xFF, 0x0E, 0x00, 0x20, 0xFF, 0x04, 0x00, 0x0E, 0xFF, 0x0A, 0x00, 0x52, 0xFF, 0x0C, 0x00,
    0x24, 0xFF, 0x04, 0x00, 0x0C, 0xFF, 0x0A, 0x00, 0x52, 0xFF, 0x0C, 0x00, 0x24, 0xFF, 0x06, 0x00,
    0x0C, 0xFF, 0x0A, 0x00, 0x50, 0xFF, 0x0C, 0x00, 0x26, 0xFF, 0x06, 0x00, 0x0C, 0xFF, 0x0A, 0x00,
    0x4C, 0xFF, 0x0E, 0x00, 0x28, 0xFF, 0x06, 0x00, 0x0C, 0xFF, 0x0A, 0x00, 0x4A, 0xFF, 0x0E, 0x00,
    0x2A, 0xFF, 0x06, 0x00, 0x0C, 0xFF, 0x08, 0x00, 0x4A, 0xFF, 0x0E, 0x00, 0x2C, 0xFF, 0x06, 0x00,
    0x0C, 0xFF, 0x08, 0x00, 0x48, 0xFF, 0x0E, 0x00, 0x2C, 0xFF, 0x08, 0x00, 0x0C, 0xFF, 0x0A, 0x00,
    0x42, 0xFF, 0x10, 0x00, 0x30, 0xFF, 0x06, 0x00, 0x0C, 0xFF, 0x0A, 0x00, 0x40, 0xFF, 0x10, 0x00,
    0x32, 0xFF, 0x06, 0x00, 0x0C, 0xFF, 0x0A, 0x00, 0x3E, 0xFF, 0x10, 0x00, 0x34, 0xFF, 0x06, 0x00,
    0x0C, 0xFF, 0x0A, 0x00, 0x3A, 0xFF, 0x12, 0x00, 0x36, 0xFF, 0x06, 0x00, 0x0E, 0xFF, 0x0A, 0x00,
    0x36, 0xFF, 0x12, 0x00, 0x10, 0xFF, 0x06, 0x00, 0x24, 0xFF, 0x04, 0x00, 0x0E, 0xFF, 0x0A, 0x00,
    0x34, 0xFF, 0x12, 0x00, 0x10, 0xFF, 0x0A, 0x00, 0x22, 0xFF, 0x04, 0x00, 0x0E, 0xFF, 0x0A, 0x00,
    0x30, 0xFF, 0x14, 0x00, 0x14, 0xFF, 0x0C, 0x00, 0x1E, 0xFF, 0x04, 0x00, 0x10, 0xFF, 0x0A, 0x00,
    0x2A, 0xFF, 0x16, 0x00, 0x18, 0xFF, 0x0C, 0x00, 0x1E, 0xFF, 0x02, 0x00, 0x10, 0xFF, 0x0A, 0x00,
    0x26, 0xFF, 0x18, 0x00, 0x1C, 0xFF, 0x0C, 0x00, 0x1C, 0xFF, 0x02, 0x00, 0x12, 0xFF, 0x0A, 0x00,
    0x20, 0xFF, 0x1A, 0x00, 0x20, 0xFF, 0x0C, 0x00, 0x1A, 0xFF, 0x02, 0x00, 0x12, 0xFF, 0x0A, 0x00,
    0x1A, 0xFF, 0x1C, 0x00, 0x26, 0xFF, 0x0C, 0x00, 0x2C, 0xFF, 0x0A, 0x00, 0x12, 0xFF, 0x20, 0x00,
    0x2C, 0xFF, 0x0C, 0x00, 0x2C, 0xFF, 0x36, 0x00, 0x34, 0xFF, 0x0A, 0x00, 0x2A, 0xFF, 0x32, 0x00,
    0x3A, 0xFF, 0x0A, 0x00, 0x28, 0xFF, 0x2C, 0x00, 0x40, 0xFF, 0x0C, 0x00, 0x28, 0xFF, 0x22, 0x00,
    0x4A, 0xFF, 0x08, 0x00, 0x2A, 0xFF, 0x18, 0x00, 0x56, 0xFF, 0x04, 0x00, 0x16, 0xFF, 0x02, 0x00,
    0x7F, 0xFF, 0x1D, 0xFF, 0x02, 0x00, 0x7F, 0xFF, 0x7F, 0xFF, 0x7F, 0xFF, 0x7F, 0xFF, 0x7F, 0xFF,
    0x7F, 0xFF, 0x7F, 0xFF, 0x7F, 0xFF, 0x56, 0xFF, 0x02, 0x00, 0x7F, 0xFF, 0x1B, 0xFF, 0x06, 0x00,
    0x7F, 0xFF, 0x17, 0xFF, 0x7F, 0x00, 0x7F, 0x00, 0x7F, 0x00, 0x7F, 0x00, 0x7F, 0x00, 0x7F, 0x00,
    0x24, 0x00, 0x02, 0xFF, 0x0E, 0x00, 0x06, 0xFF, 0x12, 0x00, 0x06, 0xFF, 0x14, 0x00, 0x08, 0xFF,
    0x32, 0x00, 0x02, 0xFF, 0x10, 0x00, 0x04, 0xFF, 0x0A, 0x00, 0x02, 0xFD, 0x06, 0x00, 0x00, 0x08,
    0x00, 0x01, 0xFF, 0x50, 0x00, 0x05, 0xFA, 0x40, 0x0B, 0x00, 0x7F, 0xFF, 0x7F, 0xFF, 0x7F, 0xFF,
    0x7F, 0xFF, 0x7F, 0xFF, 0x7F, 0xFF, 0x7F, 0xFF, 0x7F, 0xFF, 0x7F, 0xFF, 0x7F, 0xFF, 0x7F, 0xFF,
    0x7F, 0xFF, 0x7F, 0xFF, 0x7F, 0xFF, 0x7F, 0xFF, 0x7F, 0xFF, 0x7F, 0xFF, 0x7F, 0xFF, 0x7F, 0xFF,
    0x7F, 0xFF, 0x7F, 0xFF, 0x7F, 0xFF, 0x7F, 0xFF, 0x7F, 0xFF, 0x7F, 0xFF, 0x7F, 0xFF, 0x7F, 0xFF,
    0x7F, 0xFF, 0x7F, 0xFF, 0x7F, 0xFF, 0x7F, 0xFF, 0x7F, 0xFF, 0x7F, 0xFF, 0x7F, 0xFF, 0x7F, 0xFF,
    0x7F, 0xFF, 0x7F, 0xFF, 0x7F, 0xFF, 0x7F, 0xFF, 0x7F, 0xFF, 0x7F, 0xFF, 0x7F, 0xFF, 0x7F, 0xFF,
    0x7F, 0xFF, 0x7F, 0xFF, 0x7F, 0xFF, 0x7F, 0xFF, 0x7F, 0xFF, 0x7F, 0xFF, 0x7F, 0xFF, 0x7F, 0xFF,
    0x7F, 0xFF, 0x7F, 0xFF, 0x7F, 0xFF, 0x7F, 0xFF, 0x7F, 0xFF, 0x7F, 0xFF, 0x7F, 0xFF, 0x6C, 0xFF,
    0x83, 0xBD, 0xF7, 0x18, 0xC3, 0x7F, 0x00, 0x17, 0x00, 0x81, 0x73, 0xAE, 0x62, 0xFF, 0x83, 0xDE,
    0xDB, 0x00, 0x20, 0x7F, 0x00, 0x1B, 0x00, 0x81, 0x84, 0x10, 0x60, 0xFF, 0x81, 0x52, 0xAA, 0x7F,
    0x00, 0x1D, 0x00, 0x81, 0x21, 0x04, 0x60, 0xFF, 0x81, 0x08, 0x41, 0x7F, 0x00, 0x1F, 0x00, 0x60,
    0xFF, 0x81, 0x08, 0x41, 0x7F, 0x00, 0x1F, 0x00, 0x60, 0xFF, 0x81, 0x08, 0x41, 0x7F, 0x00, 0x1F,
    0x00, 0x60, 0xFF, 0x81, 0x08, 0x41, 0x7F, 0x00, 0x1F, 0x00, 0x60, 0xFF, 0x81, 0x08, 0x41, 0x7F,
    0x00, 0x1F, 0x00, 0x60, 0xFF, 0x81, 0x08, 0x41, 0x12, 0x00, 0x87, 0x10, 0x82, 0x6B, 0x6D, 0x84,
    0x10, 0x18, 0xE3, 0x68, 0x00, 0x85, 0x39, 0xC7, 0x84, 0x30, 0x63, 0x0C, 0x16, 0x00, 0x60, 0xFF,
    0x81, 0x08, 0x41, 0x10, 0x00, 0x83, 0x21, 0x04, 0xE7, 0x1C, 0x04, 0xFF, 0x83, 0xF7, 0xBE, 0x52,
    0xAA, 0x64, 0x00, 0x83, 0x84, 0x10, 0xFF, 0xDF, 0x04, 0xFF, 0x83, 0xCE, 0x59, 0x08, 0x41, 0x12,
    0x00, 0x60, 0xFF, 0x81, 0x08, 0x41, 0x10, 0x00, 0x81, 0xC6, 0x38, 0x08, 0xFF, 0x83, 0xEF, 0x5D,
    0x10, 0xA2, 0x60, 0x00, 0x81, 0x31, 0x86, 0x0A, 0xFF, 0x81, 0x94, 0xB2, 0x12, 0x00, 0x60, 0xFF,
    0x81, 0x08, 0x41, 0x10, 0x00, 0x81, 0xF7, 0x9E, 0x08, 0xFF, 0x83, 0xF7, 0x9E, 0x39, 0xC7, 0x60,
    0x00, 0x81, 0xE7, 0x1C, 0x0A, 0xFF, 0x83, 0xBD, 0xD7, 0x00, 0x20, 0x10, 0x00, 0x60, 0xFF, 0x81,
    0x08, 0x41, 0x10, 0x00, 0x81, 0xF7, 0x9E, 0x08, 0xFF, 0x83, 0xF7, 0xBE, 0x39, 0xC7, 0x5E, 0x00,
    0x81, 0x7B, 0xEF, 0x0C, 0xFF, 0x81, 0xA5, 0x34, 0x12, 0x00, 0x60, 0xFF, 0x81, 0x08, 0x41, 0x10,
    0x00, 0x81, 0xF7, 0xBE, 0x08, 0xFF, 0x83, 0xF7, 0xBE, 0x39, 0xC7, 0x5C, 0x00, 0x83, 0x10, 0x82,
    0xF7, 0xBE, 0x0C, 0xFF, 0x81, 0x21, 0x04, 0x12, 0x00, 0x60, 0xFF, 0x81, 0x08, 0x41, 0x10, 0x00,
    0x81, 0xF7, 0xBE, 0x08, 0xFF, 0x83, 0xF7, 0xBE, 0x39, 0xC7, 0x5C, 0x00, 0x81, 0xD6, 0x9A, 0x0C,
    0xFF, 0x81, 0x8C, 0x71, 0x14, 0x00, 0x60, 0xFF, 0x81, 0x08, 0x41, 0x10, 0x00, 0x81, 0xF7, 0xBE,
    0x08, 0xFF, 0x83, 0xF7, 0xBE, 0x39, 0xC7, 0x5A, 0x00, 0x81, 0x94, 0x92, 0x0C, 0xFF, 0x81, 0xDE,
    0xDB, 0x16, 0x00, 0x60, 0xFF, 0x81, 0x08, 0x41, 0x10, 0x00, 0x81, 0xF7, 0xBE, 0x08, 0xFF, 0x83,
    0xF7, 0xBE, 0x39, 0xC7, 0x58, 0x00, 0x83, 0x39, 0xE7, 0xFF, 0xDF, 0x0A, 0xFF, 0x83, 0xF7, 0xBE,
    0x42, 0x08, 0x16, 0x00, 0x60, 0xFF, 0x81, 0x08, 0x41, 0x10, 0x00, 0x81, 0xF7, 0xBE, 0x08, 0xFF,
    0x83, 0xF7, 0xBE, 0x39, 0xC7, 0x56, 0x00, 0x83, 0x08, 0x61, 0xF7, 0x9E, 0x0C, 0xFF, 0x81, 0x94,
    0x92, 0x18, 0x00, 0x60, 0xFF, 0x81, 0x08, 0x41, 0x10, 0x00, 0x81, 0xF7, 0xBE, 0x08, 0xFF, 0x83,
    0xF7, 0xBE, 0x39, 0xC7, 0x54, 0x00, 0x83, 0x08, 0x41, 0xCE, 0x79, 0x0C, 0xFF, 0x81, 0xE7, 0x1C,
    0x1A, 0x00, 0x60, 0xFF, 0x81, 0x08, 0x41, 0x10, 0x00, 0x81, 0xF7, 0xBE, 0x08, 0xFF, 0x83, 0xF7,
    0xBE, 0x39, 0xC7, 0x54, 0x00, 0x81, 0xB5, 0x96, 0x0C, 0xFF, 0x83, 0xF7, 0x9E, 0x31, 0x86, 0x1A,
    0x00, 0x60, 0xFF, 0x81, 0x08, 0x41, 0x10, 0x00, 0x81, 0xF7, 0xBE, 0x08, 0xFF, 0x83, 0xF7, 0xBE,
    0x39, 0xC7, 0x52, 0x00, 0x81, 0x94, 0xB2, 0x0E, 0xFF, 0x81, 0x63, 0x2C, 0x1C, 0x00, 0x60, 0xFF,
    0x81, 0x08, 0x41, 0x10, 0x00, 0x81, 0xF7, 0xBE, 0x08, 0xFF, 0x83, 0xF7, 0xBE, 0x39, 0xC7, 0x50,
    0x00, 0x83, 0x7B, 0xEF, 0xFF, 0xDF, 0x0C, 0xFF, 0x81, 0x94, 0x92, 0x1E, 0x00, 0x60, 0xFF, 0x81,
    0x08, 0x41, 0x10, 0x00, 0x81, 0xF7, 0xBE, 0x08, 0xFF, 0x83, 0xF7, 0xBE, 0x39, 0xC7, 0x4E, 0x00,
    0x81, 0x84, 0x10, 0x0E, 0xFF, 0x83, 0xC6, 0x18, 0x08, 0x41, 0x1E, 0x00, 0x60, 0xFF, 0x81, 0x08,
    0x41, 0x10, 0x00, 0x81, 0xF7, 0xBE, 0x08, 0xFF, 0x83, 0xF7, 0xBE, 0x39, 0xC7, 0x4C, 0x00, 0x81,
    0x6B, 0x4D, 0x0E, 0xFF, 0x83, 0xE7, 0x3C, 0x10, 0x82, 0x20, 0x00, 0x60, 0xFF, 0x81, 0x08, 0x41,
    0x10, 0x00, 0x81, 0xF7, 0xBE, 0x08, 0xFF, 0x83, 0xF7, 0xBE, 0x39, 0xC7, 0x4A, 0x00, 0x81, 0x84,
    0x10, 0x0E, 0xFF, 0x83, 0xEF, 0x5D, 0x18, 0xC3, 0x22, 0x00, 0x60, 0xFF, 0x81, 0x08, 0x41, 0x10,
    0x00, 0x81, 0xF7, 0xBE, 0x08, 0xFF, 0x83, 0xF7, 0xBE, 0x39, 0xC7, 0x46, 0x00, 0x83, 0x08, 0x41,
    0x9C, 0xF3, 0x0E, 0xFF, 0x83, 0xF7, 0x9E, 0x31, 0x86, 0x24, 0x00, 0x60, 0xFF, 0x81, 0x08, 0x41,
    0x10, 0x00, 0x81, 0xF7, 0xBE, 0x08, 0xFF, 0x83, 0xF7, 0xBE, 0x39, 0xC7, 0x45, 0x00, 0x82, 0x20,
    0xC6, 0x18, 0x0E, 0xFF, 0x83, 0xF7, 0xBE, 0x39, 0xC7, 0x26, 0x00, 0x60, 0xFF, 0x81, 0x08, 0x41,
    0x10, 0x00, 0x81, 0xF7, 0xBE, 0x08, 0xFF, 0x83, 0xF7, 0xBE, 0x39, 0xC7, 0x42, 0x00, 0x83, 0x29,
    0x45, 0xDE, 0xDB, 0x0E, 0xFF, 0x83, 0xEF, 0x7D, 0x31, 0x86, 0x28, 0x00, 0x60, 0xFF, 0x81, 0x08,
    0x41, 0x10, 0x00, 0x81, 0xF7, 0xBE, 0x08, 0xFF, 0x83, 0xF7, 0xBE, 0x39, 0xC7, 0x40, 0x00, 0x83,
    0x5A, 0xEB, 0xF7, 0x9E, 0x0E, 0xFF, 0x83, 0xF7, 0x9E, 0x39, 0xC7, 0x2A, 0x00, 0x60, 0xFF, 0x81,
    0x08, 0x41, 0x10, 0x00, 0x81, 0xF7, 0xBE, 0x08, 0xFF, 0x83, 0xF7, 0xBE, 0x39, 0xC7, 0x3C, 0x00,
    0x83, 0x08, 0x61, 0xA5, 0x14, 0x10, 0xFF, 0x83, 0xE7, 0x1C, 0x29, 0x65, 0x2C, 0x00, 0x60, 0xFF,
    0x81, 0x08, 0x41, 0x10, 0x00, 0x81, 0xF7, 0xBE, 0x08, 0xFF, 0x83, 0xF7, 0xBE, 0x39, 0xC7, 0x3A,
    0x00, 0x83, 0x4A, 0x69, 0xE7, 0x1C, 0x10, 0xFF, 0x83, 0xCE, 0x79, 0x10, 0x82, 0x2E, 0x00, 0x60,
    0xFF, 0x81, 0x08, 0x41, 0x10, 0x00, 0x81, 0xF7, 0xBE, 0x08, 0xFF, 0x83, 0xF7, 0xBE, 0x39, 0xC7,
    0x36, 0x00, 0x85, 0x10, 0xA2, 0xAD, 0x75, 0xFF, 0xDF, 0x10, 0xFF, 0x83, 0xAD, 0x75, 0x00, 0x20,
    0x08, 0x00, 0x85, 0x10, 0xA2, 0xAD, 0x55, 0xBD, 0xF7, 0x22, 0x00, 0x60, 0xFF, 0x81, 0x08, 0x41,
    0x10, 0x00, 0x81, 0xF7, 0xBE, 0x08, 0xFF, 0x83, 0xF7, 0xBE, 0x39, 0xC7, 0x34, 0x00, 0x83, 0x73,
    0x8E, 0xEF, 0x7D, 0x12, 0xFF, 0x81, 0x84, 0x30, 0x0A, 0x00, 0x83, 0x5A, 0xEB, 0xE7, 0x3C, 0x04,
    0xFF, 0x81, 0x9C, 0xD3, 0x20, 0x00, 0x60, 0xFF, 0x81, 0x08, 0x41, 0x10, 0x00, 0x81, 0xF7, 0xBE,
    0x08, 0xFF, 0x83, 0xF7, 0xBE, 0x39, 0xC7, 0x30, 0x00, 0x83, 0x52, 0x8A, 0xD6, 0x9A, 0x12, 0xFF,
    0x83, 0xE7, 0x1C, 0x42, 0x28, 0x08, 0x00, 0x83, 0x63, 0x0C, 0xCE, 0x59, 0x0A, 0xFF, 0x81, 0x52,
    0xAA, 0x1E, 0x00, 0x60, 0xFF, 0x81, 0x08, 0x41, 0x10, 0x00, 0x81, 0xF7, 0xBE, 0x08, 0xFF, 0x83,
    0xF7, 0xBE, 0x39, 0xC7, 0x2B, 0x00, 0x84, 0x20, 0x52, 0x8A, 0xCE, 0x59, 0x14, 0xFF, 0x83, 0xB5,
    0xB6, 0x10, 0x82, 0x0A, 0x00, 0x81, 0xCE, 0x59, 0x0E, 0xFF, 0x81, 0x29, 0x45, 0x1C, 0x00, 0x60,
    0xFF, 0x81, 0x08, 0x41, 0x10, 0x00, 0x81, 0xF7, 0xBE, 0x08, 0xFF, 0x83, 0xF7, 0xBE, 0x39, 0xC7,
    0x26, 0x00, 0x85, 0x10, 0x82, 0x73, 0xAE, 0xDE, 0xDB, 0x14, 0xFF, 0x83, 0xEF, 0x5D, 0x63, 0x0C,
    0x10, 0x00, 0x81, 0xDE, 0xFB, 0x0C, 0xFF, 0x83, 0xE7, 0x1C, 0x18, 0xC3, 0x1A, 0x00, 0x60, 0xFF,
    0x81, 0x08, 0x41, 0x10, 0x00, 0x81, 0xF7, 0xBE, 0x08, 0xFF, 0x83, 0xF7, 0xBE, 0x39, 0xC7, 0x22,
    0x00, 0x85, 0x39, 0xE7, 0xA5, 0x14, 0xEF, 0x7D, 0x16, 0xFF, 0x83, 0xA5, 0x34, 0x10, 0x82, 0x12,
    0x00, 0x83, 0x18, 0xE3, 0xEF, 0x5D, 0x0C, 0xFF, 0x81, 0xBD, 0xD7, 0x1A, 0x00, 0x60, 0xFF, 0x81,
    0x08, 0x41, 0x10, 0x00, 0x81, 0xF7, 0xBE, 0x08, 0xFF, 0x83, 0xF7, 0xBE, 0x39, 0xC7, 0x1C, 0x00,
    0x85, 0x31, 0x86, 0x7B, 0xCF, 0xD6, 0x9A, 0x18, 0xFF, 0x83, 0xD6, 0xBA, 0x52, 0xAA, 0x18, 0x00,
    0x81, 0x39, 0xC7, 0x0E, 0xFF, 0x81, 0x5A, 0xCB, 0x18, 0x00, 0x60, 0xFF, 0x81, 0x08, 0x41, 0x10,
    0x00, 0x81, 0xF7, 0x9E, 0x08, 0xFF, 0x83, 0xF7, 0xBE, 0x39, 0xC7, 0x14, 0x00, 0x87, 0x18, 0xC3,
    0x52, 0x8A, 0x9C, 0xD3, 0xD6, 0x9A, 0x1A, 0xFF, 0x85, 0xEF, 0x5D, 0x73, 0x8E, 0x08, 0x41, 0x1C,
    0x00, 0x81, 0x6B, 0x4D, 0x0C, 0xFF, 0x83, 0xEF, 0x7D, 0x18, 0xE3, 0x16, 0x00, 0x60, 0xFF, 0x81,
    0x08, 0x41, 0x10, 0x00, 0x81, 0xF7, 0xBE, 0x08, 0xFF, 0x83, 0xF7, 0xBE, 0x39, 0xC7, 0x0A, 0x00,
    0x8B, 0x21, 0x04, 0x4A, 0x49, 0x7B, 0xCF, 0xA5, 0x14, 0xCE, 0x79, 0xF7, 0xBE, 0x1C, 0xFF, 0x85,
    0xE7, 0x1C, 0x73, 0x8E, 0x08, 0x61, 0x21, 0x00, 0x82, 0x20, 0xB5, 0xB6, 0x0C, 0xFF, 0x81, 0xB5,
    0xB6, 0x16, 0x00, 0x60, 0xFF, 0x81, 0x08, 0x41, 0x10, 0x00, 0x81, 0xF7, 0xBE, 0x09, 0xFF, 0x8E,
    0xDF, 0xA5, 0x34, 0x8C, 0x71, 0xAD, 0x55, 0xB5, 0xB6, 0xD6, 0x9A, 0xE7, 0x3C, 0xFF, 0xDF, 0x22,
    0xFF, 0x85, 0xD6, 0xBA, 0x73, 0xAE, 0x08, 0x41, 0x27, 0x00, 0x82, 0x20, 0xEF, 0x5D, 0x0C, 0xFF,
    0x81, 0x52, 0x8A, 0x14, 0x00, 0x60, 0xFF, 0x81, 0x08, 0x41, 0x10, 0x00, 0x81, 0xF7, 0xBE, 0x36,
    0xFF, 0x83, 0xBD, 0xF7, 0x52, 0xAA, 0x2E, 0x00, 0x81, 0x31, 0x86, 0x0C, 0xFF, 0x83, 0xF7, 0xBE,
    0x00, 0x20, 0x12, 0x00, 0x60, 0xFF, 0x81, 0x08, 0x41, 0x10, 0x00, 0x81, 0xF7, 0xBE, 0x30, 0xFF,
    0x85, 0xE7, 0x1C, 0x94, 0x92, 0x31, 0xA6, 0x34, 0x00, 0x81, 0xA5, 0x14, 0x0C, 0xFF, 0x81, 0x94,
    0x92, 0x12, 0x00, 0x60, 0xFF, 0x81, 0x08, 0x41, 0x10, 0x00, 0x81, 0xF7, 0xBE, 0x2A, 0xFF, 0x87,
    0xDE, 0xDB, 0x8C, 0x71, 0x42, 0x08, 0x00, 0x20, 0x38, 0x00, 0x83, 0x10, 0xA2, 0xF7, 0x9E, 0x0A,
    0xFF, 0x83, 0xB5, 0xB6, 0x00, 0x20, 0x10, 0x00, 0x60, 0xFF, 0x81, 0x08, 0x41, 0x10, 0x00, 0x81,
    0xF7, 0x9E, 0x22, 0xFF, 0x87, 0xDE, 0xFB, 0xB5, 0x96, 0x73, 0x8E, 0x29, 0x45, 0x42, 0x00, 0x81,
    0x63, 0x0C, 0x0A, 0xFF, 0x81, 0xAD, 0x55, 0x12, 0x00, 0x60, 0xFF, 0x81, 0x08, 0x41, 0x10, 0x00,
    0x81, 0xF7, 0xBE, 0x16, 0xFF, 0x8B, 0xEF, 0x7D, 0xD6, 0xBA, 0xB5, 0x96, 0x8C, 0x71, 0x5A, 0xEB,
    0x21, 0x04, 0x4C, 0x00, 0x81, 0xB5, 0xB6, 0x06, 0xFF, 0x83, 0xF7, 0x9E, 0x29, 0x65, 0x12, 0x00,
    0x60, 0xFF, 0x81, 0x08, 0x41, 0x10, 0x00, 0x99, 0xA5, 0x14, 0xAD, 0x55, 0xAD, 0x55, 0xAD, 0x55,
    0xAD, 0x75, 0xB5, 0xB6, 0xA5, 0x14, 0x9C, 0xD3, 0x84, 0x30, 0x73, 0xAE, 0x52, 0x8A, 0x29, 0x45,
    0x08, 0x41, 0x57, 0x00, 0x88, 0x20, 0x7B, 0xCF, 0xB5, 0x96, 0xA5, 0x14, 0x18, 0xC3, 0x14, 0x00,
    0x60, 0xFF, 0x81, 0x08, 0x41, 0x7F, 0x00, 0x1F, 0x00, 0x60, 0xFF, 0x81, 0x08, 0x41, 0x7F, 0x00,
    0x1F, 0x00, 0x60, 0xFF, 0x81, 0x08, 0x41, 0x7F, 0x00, 0x1F, 0x00, 0x60, 0xFF, 0x81, 0x08, 0x41,
    0x7F, 0x00, 0x1F, 0x00, 0x60, 0xFF, 0x81, 0x08, 0x41, 0x7F, 0x00, 0x1F, 0x00, 0x60, 0xFF, 0x81,
    0x39, 0xC7, 0x7F, 0x00, 0x1D, 0x00, 0x81, 0x10, 0xA2, 0x60, 0xFF, 0x81, 0xC6, 0x18, 0x7F, 0x00,
    0x1D, 0x00, 0x81, 0x5A, 0xEB, 0x62, 0xFF, 0x81, 0x8C, 0x71, 0x7F, 0x00, 0x19, 0x00, 0x83, 0x39,
    0xC7, 0xF7, 0x9E, 0x64, 0xFF, 0xFF, 0xCE, 0x79, 0x84, 0x10, 0x6B, 0x4D, 0x63, 0x2C, 0x63, 0x2C,
    0x63, 0x2C, 0x63, 0x2C, 0x63, 0x2C, 0x63, 0x2C, 0x63, 0x2C, 0x63, 0x2C, 0x63, 0x2C, 0x63, 0x2C,
    0x63, 0x2C, 0x63, 0x2C, 0x63, 0x2C, 0x63, 0x2C, 0x63, 0x2C, 0x63, 0x2C, 0x63, 0x2C, 0x63, 0x2C,
    0x63, 0x2C, 0x63, 0x2C, 0x63, 0x2C, 0x63, 0x2C, 0x63, 0x2C, 0x63, 0x2C, 0x63, 0x2C, 0x63, 0x2C,
    0x63, 0x2C, 0x63, 0x2C, 0x63, 0x2C, 0x63, 0x2C, 0x63, 0x2C, 0x63, 0x2C, 0x63, 0x2C, 0x63, 0x2C,
    0x63, 0x2C, 0x63, 0x2C, 0x63, 0x2C, 0x63, 0x2C, 0x63, 0x2C, 0x63, 0x2C, 0x63, 0x2C, 0x63, 0x2C,
    0x63, 0x2C, 0x63, 0x2C, 0x63, 0x2C, 0x63, 0x2C, 0x63, 0x2C, 0x63, 0x2C, 0x63, 0x2C, 0x63, 0x2C,
    0x63, 0x2C, 0x63, 0x2C, 0x63, 0x2C, 0x63, 0x2C, 0x63, 0x2C, 0x63, 0x2C, 0x63, 0x2C, 0x63, 0x2C,
    0x63, 0x2C, 0x63, 0x2C, 0x63, 0x2C, 0x99, 0x63, 0x2C, 0x63, 0x2C, 0x63, 0x2C, 0x63, 0x2C, 0x63,
    0x2C, 0x63, 0x2C, 0x63, 0x2C, 0x63, 0x2C, 0x6B, 0x4D, 0x63, 0x2C, 0x73, 0x8E, 0xB5, 0x96, 0xFF,
    0xDF, 0x7F, 0xFF, 0x7F, 0xFF, 0x7F, 0xFF, 0x7F, 0xFF, 0x7F, 0xFF, 0x7F, 0xFF, 0x7F, 0xFF, 0x7F,
    0xFF, 0x7F, 0xFF, 0x7F, 0xFF, 0x6C, 0xFF, 0x83, 0xE7, 0x1C, 0xE7, 0x3C, 0x04, 0xFF, 0x85, 0xE7,
    0x3C, 0xCE, 0x79, 0xF7, 0xBE, 0x0B, 0xFF, 0x88, 0xDF, 0xDE, 0xFB, 0xDE, 0xFB, 0xDE, 0xFB, 0xFF,
    0xDF, 0x0E, 0xFF, 0x89, 0xF7, 0x9E, 0xDE, 0xFB, 0xDE, 0xFB, 0xDE, 0xFB, 0xF7, 0xBE, 0x11, 0xFF,
    0x8A, 0xDF, 0xDE, 0xFB, 0xDE, 0xFB, 0xDE, 0xFB, 0xDE, 0xFB, 0xE7, 0x3C, 0x11, 0xFF, 0x82, 0xDF,
    0xF7, 0xBE, 0x12, 0xFF, 0x81, 0xD6, 0xBA, 0x08, 0xFF, 0x83, 0xDE, 0xDB, 0xEF, 0x7D, 0x0E, 0xFF,
    0x85, 0xEF, 0x7D, 0xC6, 0x18, 0xDE, 0xFB, 0x62, 0xFF, 0x83, 0x08, 0x61, 0x10, 0xA2, 0x02, 0xFF,
    0x87, 0xE7, 0x1C, 0x10, 0x82, 0x31, 0x86, 0xF7, 0x9E, 0x0A, 0xFF, 0x83, 0xD6, 0x9A, 0x08, 0x61,
    0x04, 0x00, 0x83, 0x29, 0x45, 0xD6, 0x9A, 0x0C, 0xFF, 0x81, 0x94, 0x92, 0x06, 0x00, 0x83, 0x08,
    0x61, 0x9C, 0xD3, 0x0E, 0xFF, 0x83, 0xEF, 0x5D, 0x08, 0x41, 0x06, 0x00, 0x83, 0x39, 0xE7, 0xFF,
    0xDF, 0x0E, 0xFF, 0x83, 0x8C, 0x71, 0x9C, 0xF3, 0x12, 0xFF, 0x02, 0x00, 0x81, 0xB5, 0xB6, 0x06,
    0xFF, 0x02, 0x00, 0x81, 0x6B, 0x4D, 0x0C, 0xFF, 0x83, 0xC6, 0x38, 0x10, 0x82, 0x04, 0x00, 0x81,
    0x4A, 0x49, 0x60, 0xFF, 0x83, 0x08, 0x41, 0x10, 0xA2, 0x02, 0xFF, 0x81, 0x39, 0xE7, 0x02, 0x00,
    0x81, 0xDE, 0xDB, 0x0C, 0xFF, 0x87, 0xD6, 0x9A, 0x00, 0x20, 0x4A, 0x49, 0xA5, 0x34, 0x02, 0x00,
    0x81, 0x39, 0xE7, 0x0C, 0xFF, 0x81, 0x8C, 0x71, 0x02, 0x00, 0x85, 0x73, 0xAE, 0x94, 0x92, 0x21,
    0x24, 0x02, 0x00, 0x81, 0x94, 0xB2, 0x0C, 0xFF, 0x8B, 0xE7, 0x3C, 0x00, 0x20, 0x42, 0x08, 0xAD,
    0x75, 0xA5, 0x34, 0xB5, 0xB6, 0x10, 0xFF, 0x04, 0x00, 0x12, 0xFF, 0x04, 0x00, 0x81, 0xAD, 0x55,
    0x04, 0xFF, 0x02, 0x00, 0x81, 0x63, 0x2C, 0x0A, 0xFF, 0x8B, 0xF7, 0xBE, 0x42, 0x08, 0x00, 0x20,
    0xD6, 0x9A, 0x8C, 0x71, 0x4A, 0x49, 0x60, 0xFF, 0x85, 0x08, 0x41, 0x18, 0xC3, 0x6B, 0x4D, 0x02,
    0x00, 0x81, 0xCE, 0x59, 0x0E, 0xFF, 0x85, 0xD6, 0x9A, 0x00, 0x20, 0x84, 0x10, 0x02, 0xFF, 0x02,
    0x00, 0x81, 0x63, 0x0C, 0x0C, 0xFF, 0x81, 0x94, 0x92, 0x02, 0x00, 0x81, 0xCE, 0x59, 0x02, 0xFF,
    0x87, 0xEF, 0x7D, 0x29, 0x45, 0x18, 0xE3, 0xEF, 0x5D, 0x0A, 0xFF, 0x81, 0xEF, 0x5D, 0x02, 0x00,
    0x81, 0x73, 0xAE, 0x14, 0xFF, 0x81, 0x94, 0xB2, 0x04, 0x00, 0x81, 0x9C, 0xD3, 0x10, 0xFF, 0x06,
    0x00, 0x81, 0xAD, 0x55, 0x02, 0xFF, 0x02, 0x00, 0x81, 0x63, 0x2C, 0x0B, 0xFF, 0x86, 0xDF, 0x4A,
    0x49, 0x00, 0x20, 0xC6, 0x18, 0x64, 0xFF, 0x83, 0x08, 0x41, 0x00, 0x20, 0x02, 0x00, 0x81, 0x5A,
    0xCB, 0x10, 0xFF, 0x8B, 0xD6, 0x9A, 0x08, 0x41, 0x08, 0x41, 0x00, 0x20, 0x10, 0xA2, 0xE7, 0x3C,
    0x0C, 0xFF, 0x81, 0x94, 0x92, 0x02, 0x00, 0x81, 0xC6, 0x38, 0x04, 0xFF, 0x85, 0x4A, 0x49, 0x08,
    0x41, 0xCE, 0x79, 0x0A, 0xFF, 0x87, 0xEF, 0x5D, 0x08, 0x41, 0x00, 0x20, 0x00, 0x20, 0x02, 0x00,
    0x81, 0xC6, 0x38, 0x0C, 0xFF, 0x8B, 0xF7, 0xBE, 0x21, 0x04, 0x42, 0x28, 0x42, 0x28, 0x18, 0xE3,
    0xF7, 0xBE, 0x0E, 0xFF, 0x02, 0x00, 0x87, 0x29, 0x65, 0x21, 0x24, 0x00, 0x20, 0x94, 0xB2, 0x02,
    0x00, 0x81, 0x63, 0x2C, 0x0C, 0xFF, 0x83, 0xD6, 0xBA, 0x10, 0xA2, 0x02, 0x00, 0x83, 0x21, 0x24,
    0xD6, 0x9A, 0x60, 0xFF, 0x85, 0x08, 0x41, 0x18, 0xC3, 0x63, 0x0C, 0x02, 0x00, 0x81, 0xC6, 0x38,
    0x0E, 0xFF, 0x8B, 0xD6, 0x9A, 0x08, 0x41, 0x4A, 0x69, 0xB5, 0xB6, 0x08, 0x61, 0x6B, 0x6D, 0x0C,
    0xFF, 0x81, 0x94, 0x92, 0x02, 0x00, 0x81, 0xC6, 0x38, 0x04, 0xFF, 0x85, 0x39, 0xC7, 0x10, 0x82,
    0xDE, 0xDB, 0x0A, 0xFF, 0x8B, 0xEF, 0x5D, 0x00, 0x20, 0x18, 0xC3, 0x4A, 0x49, 0x39, 0xC7, 0xDE,
    0xDB, 0x0C, 0xFF, 0x81, 0xB5, 0xB6, 0x02, 0x00, 0x83, 0xA5, 0x14, 0x94, 0xB2, 0x02, 0x00, 0x81,
    0xB5, 0x96, 0x0E, 0xFF, 0x02, 0x00, 0x85, 0x42, 0x28, 0xEF, 0x5D, 0x29, 0x65, 0x04, 0x00, 0x81,
    0x63, 0x2C, 0x0F, 0xFF, 0x86, 0xDF, 0x9C, 0xF3, 0x08, 0x41, 0x18, 0xE3, 0x60, 0xFF, 0x87, 0x08,
    0x41, 0x10, 0xA2, 0xFF, 0xDF, 0x29, 0x45, 0x02, 0x00, 0x81, 0xE7, 0x1C, 0x0C, 0xFF, 0x85, 0xD6,
    0x9A, 0x00, 0x20, 0x84, 0x10, 0x02, 0xFF, 0x81, 0x00, 0x20, 0x02, 0x00, 0x0C, 0xFF, 0x81, 0x94,
    0x92, 0x02, 0x00, 0x85, 0xA5, 0x34, 0xDE, 0xFB, 0x8C, 0x51, 0x02, 0x00, 0x81, 0x4A, 0x69, 0x0C,
    0xFF, 0x85, 0xEF, 0x5D, 0x00, 0x20, 0x6B, 0x6D, 0x12, 0xFF, 0x81, 0x29, 0x45, 0x03, 0x00, 0x82,
    0x20, 0x00, 0x20, 0x02, 0x00, 0x81, 0x42, 0x08, 0x0E, 0xFF, 0x02, 0x00, 0x87, 0x39, 0xE7, 0xF7,
    0xBE, 0xF7, 0x9E, 0x39, 0xC7, 0x02, 0x00, 0x81, 0x63, 0x2C, 0x0C, 0xFF, 0x83, 0xC6, 0x18, 0xD6,
    0xBA, 0x02, 0xFF, 0x81, 0x31, 0xA6, 0x02, 0x00, 0x60, 0xFF, 0x83, 0x08, 0x41, 0x10, 0xA2, 0x02,
    0xFF, 0x87, 0xCE, 0x59, 0x00, 0x20, 0x18, 0xE3, 0xEF, 0x5D, 0x0A, 0xFF, 0x83, 0xD6, 0x9A, 0x08,
    0x41, 0x06, 0x00, 0x81, 0x6B, 0x6D, 0x0C, 0xFF, 0x81, 0x8C, 0x71, 0x08, 0x00, 0x83, 0x39, 0xE7,
    0xF7, 0xBE, 0x0C, 0xFF, 0x81, 0xEF, 0x5D, 0x02, 0x00, 0x81, 0x6B, 0x6D, 0x10, 0xFF, 0x81, 0x9C,
    0xF3, 0x02, 0x00, 0x87, 0x7B, 0xEF, 0x9C, 0xD3, 0x9C, 0xD3, 0x84, 0x10, 0x02, 0x00, 0x81, 0xBD,
    0xF7, 0x0C, 0xFF, 0x02, 0x00, 0x83, 0x39, 0xE7, 0xF7, 0xBE, 0x03, 0xFF, 0x84, 0xDF, 0x29, 0x65,
    0x5A, 0xEB, 0x0B, 0xFF, 0x82, 0xDF, 0x5A, 0xEB, 0x03, 0x00, 0x80, 0x20, 0x02, 0x00, 0x81, 0x42,
    0x08, 0x60, 0xFF, 0x83, 0x9C, 0xD3, 0xA5, 0x14, 0x04, 0xFF, 0x85, 0xB5, 0x96, 0x73, 0xAE, 0xDE,
    0xFB, 0x0A, 0xFF, 0x8B, 0xEF, 0x5D, 0x9C, 0xD3, 0x94, 0x92, 0x84, 0x30, 0xB5, 0x96, 0xFF, 0xDF,
    0x0C, 0xFF, 0x8B, 0xCE, 0x79, 0x94, 0xB2, 0x94, 0x92, 0x8C, 0x51, 0xBD, 0xD7, 0xFF, 0xDF, 0x0E,
    0xFF, 0x85, 0xF7, 0xBE, 0x94, 0xB2, 0xCE, 0x59, 0x10, 0xFF, 0x85, 0x9C, 0xF3, 0x9C, 0xD3, 0xFF,
    0xDF, 0x05, 0xFF, 0x84, 0xDF, 0x8C, 0x71, 0xB5, 0xB6, 0x0C, 0xFF, 0x83, 0x94, 0xB2, 0xB5, 0x96,
    0x06, 0xFF, 0x83, 0xEF, 0x7D, 0xB5, 0x96, 0x0C, 0xFF, 0x89, 0xEF, 0x5D, 0x9C, 0xD3, 0x52, 0x8A,
    0x8C, 0x51, 0xEF, 0x7D, 0x7F, 0xFF, 0x7F, 0xFF, 0x7F, 0xFF, 0x7F, 0xFF, 0x7F, 0xFF, 0x7F, 0xFF,
    0x7F, 0xFF, 0x7F, 0xFF, 0x7F, 0xFF, 0x7F, 0xFF, 0x7F, 0xFF, 0x7F, 0xFF, 0x7F, 0xFF, 0x7F, 0xFF,
    0x7F, 0xFF, 0x7F, 0xFF, 0x7F, 0xFF, 0x7F, 0xFF, 0x7F, 0xFF, 0x7F, 0xFF, 0x7F, 0xFF, 0x7F, 0xFF,
    0x7F, 0xFF, 0x7F, 0xFF, 0x7F, 0xFF, 0x7F, 0xFF, 0x7F, 0xFF, 0x7F, 0xFF, 0x7F, 0xFF, 0x7F, 0xFF,
    0x7F, 0xFF, 0x7F, 0xFF, 0x7F, 0xFF, 0x7F, 0xFF, 0x7F, 0xFF, 0x7F, 0xFF, 0x7F, 0xFF, 0x7F, 0xFF,
    0x7F, 0xFF, 0x7F, 0xFF, 0x7F, 0xFF, 0x7F, 0xFF, 0x7F, 0xFF, 0x7F, 0xFF, 0x7F, 0xFF, 0x7F, 0xFF,
    0x7F, 0xFF, 0x7F, 0xFF, 0x7F, 0xFF, 0x7F, 0xFF, 0x7F, 0xFF, 0x7F, 0xFF, 0x7F, 0xFF, 0x7F, 0xFF,
    0x7F, 0xFF, 0x7F, 0xFF, 0x7F, 0xFF, 0x7F, 0xFF, 0x6A, 0xFF, 0x02, 0xFD, 0x06, 0x00, 0x00, 0x08,
    0x00, 0x01, 0xFF, 0x32, 0x00, 0x05, 0xFA, 0x3F, 0x0B, 0x00, 0x7F, 0x00, 0x7F, 0x00, 0x7F, 0x00,
    0x7F, 0x00, 0x7F, 0x00, 0x7F, 0x00, 0x7F, 0x00, 0x7F, 0x00, 0x7F, 0x00, 0x7F, 0x00, 0x7F, 0x00,
    0x7F, 0x00, 0x7F, 0x00, 0x7F, 0x00, 0x7F, 0x00, 0x7F, 0x00, 0x7F, 0x00, 0x7F, 0x00, 0x7F, 0x00,
    0x7F, 0x00, 0x7F, 0x00, 0x7F, 0x00, 0x7F, 0x00, 0x7F, 0x00, 0x7F, 0x00, 0x7F, 0x00, 0x7F, 0x00,
    0x7F, 0x00, 0x7F, 0x00, 0x7F, 0x00, 0x7F, 0x00, 0x7F, 0x00, 0x7F, 0x00, 0x7F, 0x00, 0x7F, 0x00,
    0x7F, 0x00, 0x7F, 0x00, 0x7F, 0x00, 0x7F, 0x00, 0x7F, 0x00, 0x7F, 0x00, 0x7F, 0x00, 0x7F, 0x00,
    0x7F, 0x00, 0x7F, 0x00, 0x7F, 0x00, 0x7F, 0x00, 0x7F, 0x00, 0x7F, 0x00, 0x7F, 0x00, 0x7F, 0x00,
    0x7F, 0x00, 0x7F, 0x00, 0x7F, 0x00, 0x7F, 0x00, 0x7F, 0x00, 0x7F, 0x00, 0x7F, 0x00, 0x6C, 0x00,
    0x83, 0x42, 0x08, 0xEF, 0x5D, 0x7F, 0xFF, 0x17, 0xFF, 0x81, 0x8C, 0x51, 0x62, 0x00, 0x83, 0x21,
    0x24, 0xFF, 0xDF, 0x7F, 0xFF, 0x1B, 0xFF, 0x81, 0x7B, 0xEF, 0x60, 0x00, 0x81, 0xAD, 0x55, 0x7F,
    0xFF, 0x1D, 0xFF, 0x81, 0xDE, 0xFB, 0x60, 0x00, 0x81, 0xF7, 0xBE, 0x7F, 0xFF, 0x1F, 0xFF, 0x60,
    0x00, 0x81, 0xF7, 0xBE, 0x7F, 0xFF, 0x1F, 0xFF, 0x60, 0x00, 0x81, 0xF7, 0xBE, 0x7F, 0xFF, 0x1F,
    0xFF, 0x60, 0x00, 0x81, 0xF7, 0xBE, 0x7F, 0xFF, 0x1F, 0xFF, 0x60, 0x00, 0x81, 0xF7, 0xBE, 0x7F,
    0xFF, 0x1F, 0xFF, 0x60, 0x00, 0x81, 0xF7, 0xBE, 0x12, 0xFF, 0x87, 0xEF, 0x7D, 0x94, 0x92, 0x7B,
    0xEF, 0xE7, 0x1C, 0x68, 0xFF, 0x85, 0xC6, 0x38, 0x7B, 0xCF, 0x9C, 0xF3, 0x16, 0xFF, 0x60, 0x00,
    0x81, 0xF7, 0xBE, 0x10, 0xFF, 0x83, 0xDE, 0xFB, 0x18, 0xE3, 0x04, 0x00, 0x83, 0x08, 0x41, 0xAD,
    0x55, 0x64, 0xFF, 0x83, 0x7B, 0xEF, 0x00, 0x20, 0x04, 0x00, 0x83, 0x31, 0xA6, 0xF7, 0xBE, 0x12,
    0xFF, 0x60, 0x00, 0x81, 0xF7, 0xBE, 0x10, 0xFF, 0x81, 0x39, 0xC7, 0x08, 0x00, 0x83, 0x10, 0xA2,
    0xEF, 0x5D, 0x60, 0xFF, 0x81, 0xCE, 0x79, 0x0A, 0x00, 0x81, 0x6B, 0x4D, 0x12, 0xFF, 0x60, 0x00,
    0x81, 0xF7, 0xBE, 0x10, 0xFF, 0x81, 0x08, 0x61, 0x08, 0x00, 0x83, 0x08, 0x61, 0xC6, 0x38, 0x60,
    0xFF, 0x81, 0x18, 0xE3, 0x0A, 0x00, 0x83, 0x42, 0x28, 0xFF, 0xDF, 0x10, 0xFF, 0x60, 0x00, 0x81,
    0xF7, 0xBE, 0x10, 0xFF, 0x81, 0x08, 0x61, 0x08, 0x00, 0x83, 0x08, 0x41, 0xC6, 0x38, 0x5E, 0xFF,
    0x81, 0x84, 0x10, 0x0C, 0x00, 0x81, 0x5A, 0xCB, 0x12, 0xFF, 0x60, 0x00, 0x81, 0xF7, 0xBE, 0x10,
    0xFF, 0x81, 0x08, 0x41, 0x08, 0x00, 0x83, 0x08, 0x41, 0xC6, 0x38, 0x5C, 0xFF, 0x83, 0xEF, 0x7D,
    0x08, 0x41, 0x0C, 0x00, 0x81, 0xDE, 0xFB, 0x12, 0xFF, 0x60, 0x00, 0x81, 0xF7, 0xBE, 0x10, 0xFF,
    0x81, 0x08, 0x41, 0x08, 0x00, 0x83, 0x08, 0x41, 0xC6, 0x38, 0x5C, 0xFF, 0x81, 0x29, 0x65, 0x0C,
    0x00, 0x81, 0x73, 0x8E, 0x14, 0xFF, 0x60, 0x00, 0x81, 0xF7, 0xBE, 0x10, 0xFF, 0x81, 0x08, 0x41,
    0x08, 0x00, 0x83, 0x08, 0x41, 0xC6, 0x38, 0x5A, 0xFF, 0x81, 0x6B, 0x6D, 0x0C, 0x00, 0x81, 0x21,
    0x24, 0x16, 0xFF, 0x60, 0x00, 0x81, 0xF7, 0xBE, 0x10, 0xFF, 0x81, 0x08, 0x41, 0x08, 0x00, 0x83,
    0x08, 0x41, 0xC6, 0x38, 0x58, 0xFF, 0x83, 0xC6, 0x18, 0x00, 0x20, 0x0A, 0x00, 0x83, 0x08, 0x41,
    0xBD, 0xF7, 0x16, 0xFF, 0x60, 0x00, 0x81, 0xF7, 0xBE, 0x10, 0xFF, 0x81, 0x08, 0x41, 0x08, 0x00,
    0x83, 0x08, 0x41, 0xC6, 0x38, 0x56, 0xFF, 0x83, 0xF7, 0x9E, 0x08, 0x61, 0x0C, 0x00, 0x81, 0x6B,
    0x6D, 0x18, 0xFF, 0x60, 0x00, 0x81, 0xF7, 0xBE, 0x10, 0xFF, 0x81, 0x08, 0x41, 0x08, 0x00, 0x83,
    0x08, 0x41, 0xC6, 0x38, 0x54, 0xFF, 0x83, 0xF7, 0xBE, 0x31, 0x86, 0x0C, 0x00, 0x81, 0x18, 0xE3,
    0x1A, 0xFF, 0x60, 0x00, 0x81, 0xF7, 0xBE, 0x10, 0xFF, 0x81, 0x08, 0x41, 0x08, 0x00, 0x83, 0x08,
    0x41, 0xC6, 0x38, 0x54, 0xFF, 0x81, 0x4A, 0x69, 0x0C, 0x00, 0x83, 0x08, 0x61, 0xCE, 0x79, 0x1A,
    0xFF, 0x60, 0x00, 0x81, 0xF7, 0xBE, 0x10, 0xFF, 0x81, 0x08, 0x41, 0x08, 0x00, 0x83, 0x08, 0x41,
    0xC6, 0x38, 0x52, 0xFF, 0x81, 0x6B, 0x4D, 0x0E, 0x00, 0x81, 0x9C, 0xD3, 0x1C, 0xFF, 0x60, 0x00,
    0x81, 0xF7, 0xBE, 0x10, 0xFF, 0x81, 0x08, 0x41, 0x08, 0x00, 0x83, 0x08, 0x41, 0xC6, 0x38, 0x50,
    0xFF, 0x83, 0x84, 0x10, 0x00, 0x20, 0x0C, 0x00, 0x81, 0x6B, 0x6D, 0x1E, 0xFF, 0x60, 0x00, 0x81,
    0xF7, 0xBE, 0x10, 0xFF, 0x81, 0x08, 0x41, 0x08, 0x00, 0x83, 0x08, 0x41, 0xC6, 0x38, 0x4E, 0xFF,
    0x81, 0x7B, 0xEF, 0x0E, 0x00, 0x83, 0x39, 0xE7, 0xF7, 0xBE, 0x1E, 0xFF, 0x60, 0x00, 0x81, 0xF7,
    0xBE, 0x10, 0xFF, 0x81, 0x08, 0x41, 0x08, 0x00, 0x83, 0x08, 0x41, 0xC6, 0x38, 0x4C, 0xFF, 0x81,
    0x94, 0xB2, 0x0E, 0x00, 0x83, 0x18, 0xC3, 0xEF, 0x7D, 0x20, 0xFF, 0x60, 0x00, 0x81, 0xF7, 0xBE,
    0x10, 0xFF, 0x81, 0x08, 0x41, 0x08, 0x00, 0x83, 0x08, 0x41, 0xC6, 0x38, 0x4A, 0xFF, 0x81, 0x7B,
    0xEF, 0x0E, 0x00, 0x83, 0x10, 0xA2, 0xE7, 0x3C, 0x22, 0xFF, 0x60, 0x00, 0x81, 0xF7, 0xBE, 0x10,
    0xFF, 0x81, 0x08, 0x41, 0x08, 0x00, 0x83, 0x08, 0x41, 0xC6, 0x38, 0x46, 0xFF, 0x83, 0xF7, 0xBE,
    0x63, 0x0C, 0x0E, 0x00, 0x83, 0x08, 0x61, 0xCE, 0x79, 0x24, 0xFF, 0x60, 0x00, 0x81, 0xF7, 0xBE,
    0x10, 0xFF, 0x81, 0x08, 0x41, 0x08, 0x00, 0x83, 0x08, 0x41, 0xC6, 0x38, 0x45, 0xFF, 0x82, 0xDF,
    0x39, 0xE7, 0x0E, 0x00, 0x83, 0x08, 0x41, 0xC6, 0x38, 0x26, 0xFF, 0x60, 0x00, 0x81, 0xF7, 0xBE,
    0x10, 0xFF, 0x81, 0x08, 0x41, 0x08, 0x00, 0x83, 0x08, 0x41, 0xC6, 0x38, 0x42, 0xFF, 0x83, 0xD6,
    0xBA, 0x21, 0x24, 0x0E, 0x00, 0x83, 0x10, 0x82, 0xCE, 0x79, 0x28, 0xFF, 0x60, 0x00, 0x81, 0xF7,
    0xBE, 0x10, 0xFF, 0x81, 0x08, 0x41, 0x08, 0x00, 0x83, 0x08, 0x41, 0xC6, 0x38, 0x40, 0xFF, 0x83,
    0xA5, 0x14, 0x08, 0x61, 0x0E, 0x00, 0x83, 0x08, 0x61, 0xC6, 0x38, 0x2A, 0xFF, 0x60, 0x00, 0x81,
    0xF7, 0xBE, 0x10, 0xFF, 0x81, 0x08, 0x41, 0x08, 0x00, 0x83, 0x08, 0x41, 0xC6, 0x38, 0x3C, 0xFF,
    0x83, 0xF7, 0x9E, 0x5A, 0xEB, 0x10, 0x00, 0x83, 0x18, 0xE3, 0xD6, 0x9A, 0x2C, 0xFF, 0x60, 0x00,
    0x81, 0xF7, 0xBE, 0x10, 0xFF, 0x81, 0x08, 0x41, 0x08, 0x00, 0x83, 0x08, 0x41, 0xC6, 0x38, 0x3A,
    0xFF, 0x83, 0xB5, 0x96, 0x18, 0xE3, 0x10, 0x00, 0x83, 0x31, 0x86, 0xEF, 0x7D, 0x2E, 0xFF, 0x60,
    0x00, 0x81, 0xF7, 0xBE, 0x10, 0xFF, 0x81, 0x08, 0x41, 0x08, 0x00, 0x83, 0x08, 0x41, 0xC6, 0x38,
    0x36, 0xFF, 0x85, 0xEF, 0x5D, 0x52, 0x8A, 0x00, 0x20, 0x10, 0x00, 0x83, 0x52, 0x8A, 0xFF, 0xDF,
    0x08, 0xFF, 0x85, 0xEF, 0x5D, 0x52, 0xAA, 0x42, 0x08, 0x22, 0xFF, 0x60, 0x00, 0x81, 0xF7, 0xBE,
    0x10, 0xFF, 0x81, 0x08, 0x41, 0x08, 0x00, 0x83, 0x08, 0x41, 0xC6, 0x38, 0x34, 0xFF, 0x83, 0x8C,
    0x71, 0x10, 0x82, 0x12, 0x00, 0x81, 0x7B, 0xCF, 0x0A, 0xFF, 0x83, 0xA5, 0x14, 0x10, 0xA2, 0x04,
    0x00, 0x81, 0x63, 0x2C, 0x20, 0xFF, 0x60, 0x00, 0x81, 0xF7, 0xBE, 0x10, 0xFF, 0x81, 0x08, 0x41,
    0x08, 0x00, 0x83, 0x08, 0x41, 0xC6, 0x38, 0x30, 0xFF, 0x83, 0xAD, 0x75, 0x29, 0x65, 0x12, 0x00,
    0x83, 0x18, 0xE3, 0xBD, 0xD7, 0x08, 0xFF, 0x83, 0x9C, 0xF3, 0x31, 0xA6, 0x0A, 0x00, 0x81, 0xAD,
    0x55, 0x1E, 0xFF, 0x60, 0x00, 0x81, 0xF7, 0xBE, 0x10, 0xFF, 0x81, 0x08, 0x41, 0x08, 0x00, 0x83,
    0x08, 0x41, 0xC6, 0x38, 0x2B, 0xFF, 0x84, 0xDF, 0xAD, 0x75, 0x31, 0xA6, 0x14, 0x00, 0x83, 0x4A,
    0x49, 0xEF, 0x7D, 0x0A, 0xFF, 0x81, 0x31, 0xA6, 0x0E, 0x00, 0x81, 0xD6, 0xBA, 0x1C, 0xFF, 0x60,
    0x00, 0x81, 0xF7, 0xBE, 0x10, 0xFF, 0x81, 0x08, 0x41, 0x08, 0x00, 0x83, 0x08, 0x41, 0xC6, 0x38,
    0x26, 0xFF, 0x85, 0xEF, 0x7D, 0x8C, 0x51, 0x21, 0x24, 0x14, 0x00, 0x83, 0x10, 0xA2, 0x9C, 0xF3,
    0x10, 0xFF, 0x81, 0x21, 0x04, 0x0C, 0x00, 0x83, 0x18, 0xE3, 0xE7, 0x3C, 0x1A, 0xFF, 0x60, 0x00,
    0x81, 0xF7, 0xBE, 0x10, 0xFF, 0x81, 0x08, 0x41, 0x08, 0x00, 0x83, 0x08, 0x41, 0xC6, 0x38, 0x22,
    0xFF, 0x85, 0xC6, 0x18, 0x5A, 0xEB, 0x10, 0x82, 0x16, 0x00, 0x83, 0x5A, 0xCB, 0xEF, 0x7D, 0x12,
    0xFF, 0x83, 0xE7, 0x1C, 0x10, 0xA2, 0x0C, 0x00, 0x81, 0x42, 0x28, 0x1A, 0xFF, 0x60, 0x00, 0x81,
    0xF7, 0xBE, 0x10, 0xFF, 0x81, 0x08, 0x41, 0x08, 0x00, 0x83, 0x08, 0x41, 0xC6, 0x38, 0x1C, 0xFF,
    0x85, 0xCE, 0x79, 0x84, 0x30, 0x29, 0x65, 0x18, 0x00, 0x83, 0x29, 0x45, 0xAD, 0x55, 0x18, 0xFF,
    0x81, 0xC6, 0x38, 0x0E, 0x00, 0x81, 0xA5, 0x34, 0x18, 0xFF, 0x60, 0x00, 0x81, 0xF7, 0xBE, 0x10,
    0xFF, 0x81, 0x08, 0x61, 0x08, 0x00, 0x83, 0x08, 0x41, 0xC6, 0x38, 0x14, 0xFF, 0x87, 0xE7, 0x3C,
    0xAD, 0x75, 0x63, 0x2C, 0x29, 0x65, 0x1A, 0x00, 0x85, 0x10, 0xA2, 0x8C, 0x71, 0xF7, 0xBE, 0x1C,
    0xFF, 0x81, 0x94, 0xB2, 0x0C, 0x00, 0x83, 0x10, 0x82, 0xE7, 0x1C, 0x16, 0xFF, 0x60, 0x00, 0x81,
    0xF7, 0xBE, 0x10, 0xFF, 0x81, 0x08, 0x41, 0x08, 0x00, 0x83, 0x08, 0x41, 0xCE, 0x59, 0x0A, 0xFF,
    0x8B, 0xDE, 0xFB, 0xB5, 0xB6, 0x84, 0x30, 0x5A, 0xEB, 0x31, 0x86, 0x08, 0x41, 0x1C, 0x00, 0x85,
    0x18, 0xE3, 0x8C, 0x71, 0xF7, 0x9E, 0x21, 0xFF, 0x82, 0xDF, 0x4A, 0x49, 0x0C, 0x00, 0x81, 0x4A,
    0x49, 0x16, 0xFF, 0x60, 0x00, 0x81, 0xF7, 0xBE, 0x10, 0xFF, 0x81, 0x08, 0x41, 0x09, 0x00, 0x8E,
    0x20, 0x5A, 0xCB, 0x73, 0x8E, 0x52, 0xAA, 0x4A, 0x49, 0x29, 0x65, 0x18, 0xC3, 0x00, 0x20, 0x22,
    0x00, 0x85, 0x29, 0x45, 0x8C, 0x51, 0xF7, 0xBE, 0x27, 0xFF, 0x82, 0xDF, 0x10, 0xA2, 0x0C, 0x00,
    0x81, 0xAD, 0x75, 0x14, 0xFF, 0x60, 0x00, 0x81, 0xF7, 0xBE, 0x10, 0xFF, 0x81, 0x08, 0x41, 0x36,
    0x00, 0x83, 0x42, 0x08, 0xAD, 0x55, 0x2E, 0xFF, 0x81, 0xCE, 0x79, 0x0C, 0x00, 0x83, 0x08, 0x41,
    0xFF, 0xDF, 0x12, 0xFF, 0x60, 0x00, 0x81, 0xF7, 0xBE, 0x10, 0xFF, 0x81, 0x08, 0x41, 0x30, 0x00,
    0x85, 0x18, 0xE3, 0x6B, 0x6D, 0xCE, 0x59, 0x34, 0xFF, 0x81, 0x5A, 0xEB, 0x0C, 0x00, 0x81, 0x6B,
    0x6D, 0x12, 0xFF, 0x60, 0x00, 0x81, 0xF7, 0xBE, 0x10, 0xFF, 0x81, 0x08, 0x41, 0x2A, 0x00, 0x87,
    0x21, 0x24, 0x73, 0x8E, 0xBD, 0xF7, 0xFF, 0xDF, 0x38, 0xFF, 0x83, 0xEF, 0x5D, 0x08, 0x61, 0x0A,
    0x00, 0x83, 0x4A, 0x49, 0xFF, 0xDF, 0x10, 0xFF, 0x60, 0x00, 0x81, 0xF7, 0xBE, 0x10, 0xFF, 0x81,
    0x08, 0x61, 0x22, 0x00, 0x87, 0x21, 0x04, 0x4A, 0x69, 0x8C, 0x71, 0xD6, 0xBA, 0x42, 0xFF, 0x81,
    0x9C, 0xF3, 0x0A, 0x00, 0x81, 0x52, 0xAA, 0x12, 0xFF, 0x60, 0x00, 0x81, 0xF7, 0xBE, 0x10, 0xFF,
    0x81, 0x08, 0x41, 0x16, 0x00, 0x8B, 0x10, 0x82, 0x29, 0x45, 0x4A, 0x69, 0x73, 0x8E, 0xA5, 0x14,
    0xDE, 0xFB, 0x4C, 0xFF, 0x81, 0x4A, 0x49, 0x06, 0x00, 0x83, 0x08, 0x61, 0xD6, 0x9A, 0x12, 0xFF,
    0x60, 0x00, 0x81, 0xF7, 0xBE, 0x10, 0xFF, 0x99, 0x5A, 0xEB, 0x52, 0xAA, 0x52, 0xAA, 0x52, 0xAA,
    0x52, 0x8A, 0x4A, 0x49, 0x5A, 0xEB, 0x63, 0x2C, 0x7B, 0xCF, 0x8C, 0x51, 0xAD, 0x75, 0xD6, 0xBA,
    0xF7, 0xBE, 0x57, 0xFF, 0x88, 0xDF, 0x84, 0x30, 0x4A, 0x69, 0x5A, 0xEB, 0xE7, 0x3C, 0x14, 0xFF,
    0x60, 0x00, 0x81, 0xF7, 0xBE, 0x7F, 0xFF, 0x1F, 0xFF, 0x60, 0x00, 0x81, 0xF7, 0xBE, 0x7F, 0xFF,
    0x1F, 0xFF, 0x60, 0x00, 0x81, 0xF7, 0xBE, 0x7F, 0xFF, 0x1F, 0xFF, 0x60, 0x00, 0x81, 0xF7, 0xBE,
    0x7F, 0xFF, 0x1F, 0xFF, 0x60, 0x00, 0x81, 0xF7, 0xBE, 0x7F, 0xFF, 0x1F, 0xFF, 0x60, 0x00, 0x81,
    0xC6, 0x38, 0x7F, 0xFF, 0x1D, 0xFF, 0x81, 0xEF, 0x5D, 0x60, 0x00, 0x81, 0x39, 0xE7, 0x7F, 0xFF,
    0x1D, 0xFF, 0x81, 0xA5, 0x14, 0x62, 0x00, 0x81, 0x73, 0x8E, 0x7F, 0xFF, 0x19, 0xFF, 0x83, 0xC6,
    0x38, 0x08, 0x61, 0x64, 0x00, 0xFF, 0x31, 0x86, 0x7B, 0xEF, 0x94, 0xB2, 0x9C, 0xD3, 0x9C, 0xD3,
    0x9C, 0xD3, 0x9C, 0xD3, 0x9C, 0xD3, 0x9C, 0xD3, 0x9C, 0xD3, 0x9C, 0xD3, 0x9C, 0xD3, 0x9C, 0xD3,
    0x9C, 0xD3, 0x9C, 0xD3, 0x9C, 0xD3, 0x9C, 0xD3, 0x9C, 0xD3, 0x9C, 0xD3, 0x9C, 0xD3, 0x9C, 0xD3,
    0x9C, 0xD3, 0x9C, 0xD3, 0x9C, 0xD3, 0x9C, 0xD3, 0x9C, 0xD3, 0x9C, 0xD3, 0x9C, 0xD3, 0x9C, 0xD3,
    0x9C, 0xD3, 0x9C, 0xD3, 0x9C, 0xD3, 0x9C, 0xD3, 0x9C, 0xD3, 0x9C, 0xD3, 0x9C, 0xD3, 0x9C, 0xD3,
    0x9C, 0xD3, 0x9C, 0xD3, 0x9C, 0xD3, 0x9C, 0xD3, 0x9C, 0xD3, 0x9C, 0xD3, 0x9C, 0xD3, 0x9C, 0xD3,
    0x9C, 0xD3, 0x9C, 0xD3, 0x9C, 0xD3, 0x9C, 0xD3, 0x9C, 0xD3, 0x9C, 0xD3, 0x9C, 0xD3, 0x9C, 0xD3,
    0x9C, 0xD3, 0x9C, 0xD3, 0x9C, 0xD3, 0x9C, 0xD3, 0x9C, 0xD3, 0x9C, 0xD3, 0x9C, 0xD3, 0x9C, 0xD3,
    0x9C, 0xD3, 0x9C, 0xD3, 0x9C, 0xD3, 0x99, 0x9C, 0xD3, 0x9C, 0xD3, 0x9C, 0xD3, 0x9C, 0xD3, 0x9C,
    0xD3, 0x9C, 0xD3, 0x9C, 0xD3, 0x9C, 0xD3, 0x94, 0xB2, 0x9C, 0xD3, 0x8C, 0x71, 0x4A, 0x69, 0x00,
    0x20, 0x7F, 0x00, 0x7F, 0x00, 0x7F, 0x00, 0x7F, 0x00, 0x7F, 0x00, 0x7F, 0x00, 0x7F, 0x00, 0x7F,
    0x00, 0x7F, 0x00, 0x7F, 0x00, 0x6C, 0x00, 0x83, 0x18, 0xE3, 0x18, 0xC3, 0x04, 0x00, 0x85, 0x18,
    0xC3, 0x31, 0x86, 0x08, 0x41, 0x0B, 0x00, 0x88, 0x20, 0x21, 0x04, 0x21, 0x04, 0x21, 0x04, 0x00,
    0x20, 0x0E, 0x00, 0x89, 0x08, 0x61, 0x21, 0x04, 0x21, 0x04, 0x21, 0x04, 0x08, 0x41, 0x12, 0x00,
    0x89, 0x18, 0xE3, 0x21, 0x04, 0x21, 0x04, 0x21, 0x04, 0x10, 0xA2, 0x11, 0x00, 0x82, 0x20, 0x08,
    0x41, 0x12, 0x00, 0x81, 0x29, 0x45, 0x08, 0x00, 0x83, 0x21, 0x24, 0x10, 0x82, 0x0E, 0x00, 0x85,
    0x10, 0x82, 0x39, 0xE7, 0x21, 0x04, 0x62, 0x00, 0x83, 0xF7, 0x9E, 0xEF, 0x5D, 0x02, 0x00, 0x87,
    0x18, 0xE3, 0xF7, 0x9E, 0xCE, 0x79, 0x08, 0x61, 0x0A, 0x00, 0x83, 0x29, 0x65, 0xF7, 0x9E, 0x04,
    0xFF, 0x83, 0xD6, 0xBA, 0x29, 0x65, 0x0C, 0x00, 0x81, 0x6B, 0x6D, 0x06, 0xFF, 0x83, 0xF7, 0x9E,
    0x63, 0x2C, 0x0E, 0x00, 0x83, 0x10, 0xA2, 0xF7, 0xBE, 0x06, 0xFF, 0x83, 0xC6, 0x18, 0x00, 0x20,
    0x0E, 0x00, 0x83, 0x73, 0x8E, 0x63, 0x0C, 0x12, 0x00, 0x02, 0xFF, 0x81, 0x4A, 0x49, 0x06, 0x00,
    0x02, 0xFF, 0x81, 0x94, 0xB2, 0x0C, 0x00, 0x83, 0x39, 0xC7, 0xEF, 0x7D, 0x04, 0xFF, 0x81, 0xB5,
    0xB6, 0x60, 0x00, 0x83, 0xF7, 0xBE, 0xEF, 0x5D, 0x02, 0x00, 0x81, 0xC6, 0x18, 0x02, 0xFF, 0x81,
    0x21, 0x24, 0x0C, 0x00, 0x87, 0x29, 0x65, 0xFF, 0xDF, 0xB5, 0xB6, 0x5A, 0xCB, 0x02, 0xFF, 0x81,
    0xC6, 0x18, 0x0C, 0x00, 0x81, 0x73, 0x8E, 0x02, 0xFF, 0x85, 0x8C, 0x51, 0x6B, 0x6D, 0xDE, 0xDB,
    0x02, 0xFF, 0x81, 0x6B, 0x4D, 0x0C, 0x00, 0x8B, 0x18, 0xC3, 0xFF, 0xDF, 0xBD, 0xF7, 0x52, 0x8A,
    0x5A, 0xCB, 0x4A, 0x49, 0x10, 0x00, 0x04, 0xFF, 0x12, 0x00, 0x04, 0xFF, 0x81, 0x52, 0xAA, 0x04,
    0x00, 0x02, 0xFF, 0x81, 0x9C, 0xD3, 0x0A, 0x00, 0x8B, 0x08, 0x41, 0xBD, 0xF7, 0xFF, 0xDF, 0x29,
    0x65, 0x73, 0x8E, 0xB5, 0xB6, 0x60, 0x00, 0x85, 0xF7, 0xBE, 0xE7, 0x3C, 0x94, 0xB2, 0x02, 0xFF,
    0x81, 0x31, 0xA6, 0x0E, 0x00, 0x85, 0x29, 0x65, 0xFF, 0xDF, 0x7B, 0xEF, 0x02, 0x00, 0x02, 0xFF,
    0x81, 0x9C, 0xF3, 0x0C, 0x00, 0x81, 0x6B, 0x6D, 0x02, 0xFF, 0x81, 0x31, 0xA6, 0x02, 0x00, 0x87,
    0x10, 0x82, 0xD6, 0xBA, 0xE7, 0x1C, 0x10, 0xA2, 0x0A, 0x00, 0x81, 0x10, 0xA2, 0x02, 0xFF, 0x81,
    0x8C, 0x51, 0x14, 0x00, 0x81, 0x6B, 0x6D, 0x04, 0xFF, 0x81, 0x63, 0x2C, 0x10, 0x00, 0x06, 0xFF,
    0x81, 0x52, 0xAA, 0x02, 0x00, 0x02, 0xFF, 0x81, 0x9C, 0xD3, 0x0B, 0x00, 0x86, 0x20, 0xB5, 0xB6,
    0xFF, 0xDF, 0x39, 0xE7, 0x64, 0x00, 0x83, 0xF7, 0xBE, 0xFF, 0xDF, 0x02, 0xFF, 0x81, 0xA5, 0x34,
    0x10, 0x00, 0x8B, 0x29, 0x65, 0xF7, 0xBE, 0xF7, 0xBE, 0xFF, 0xDF, 0xEF, 0x5D, 0x18, 0xC3, 0x0C,
    0x00, 0x81, 0x6B, 0x6D, 0x02, 0xFF, 0x81, 0x39, 0xC7, 0x04, 0x00, 0x85, 0xB5, 0xB6, 0xF7, 0xBE,
    0x31, 0x86, 0x0A, 0x00, 0x87, 0x10, 0xA2, 0xF7, 0xBE, 0xFF, 0xDF, 0xFF, 0xDF, 0x02, 0xFF, 0x81,
    0x39, 0xC7, 0x0C, 0x00, 0x8B, 0x08, 0x41, 0xDE, 0xFB, 0xBD, 0xD7, 0xBD, 0xD7, 0xE7, 0x1C, 0x08,
    0x41, 0x0E, 0x00, 0x02, 0xFF, 0x87, 0xD6, 0x9A, 0xDE, 0xDB, 0xFF, 0xDF, 0x6B, 0x4D, 0x02, 0xFF,
    0x81, 0x9C, 0xD3, 0x0C, 0x00, 0x83, 0x29, 0x45, 0xEF, 0x5D, 0x02, 0xFF, 0x83, 0xD6, 0xBA, 0x29,
    0x65, 0x60, 0x00, 0x85, 0xF7, 0xBE, 0xE7, 0x1C, 0x9C, 0xF3, 0x02, 0xFF, 0x81, 0x39, 0xC7, 0x0E,
    0x00, 0x8B, 0x29, 0x65, 0xF7, 0xBE, 0xB5, 0x96, 0x4A, 0x49, 0xF7, 0x9E, 0x94, 0x92, 0x0C, 0x00,
    0x81, 0x6B, 0x6D, 0x02, 0xFF, 0x81, 0x39, 0xC7, 0x04, 0x00, 0x85, 0xC6, 0x38, 0xEF, 0x7D, 0x21,
    0x24, 0x0A, 0x00, 0x8B, 0x10, 0xA2, 0xFF, 0xDF, 0xE7, 0x3C, 0xB5, 0xB6, 0xC6, 0x38, 0x21, 0x24,
    0x0C, 0x00, 0x81, 0x4A, 0x49, 0x02, 0xFF, 0x83, 0x5A, 0xEB, 0x6B, 0x4D, 0x02, 0xFF, 0x81, 0x4A,
    0x69, 0x0E, 0x00, 0x02, 0xFF, 0x85, 0xBD, 0xD7, 0x10, 0xA2, 0xD6, 0x9A, 0x04, 0xFF, 0x81, 0x9C,
    0xD3, 0x0F, 0x00, 0x86, 0x20, 0x63, 0x0C, 0xF7, 0xBE, 0xE7, 0x1C, 0x60, 0x00, 0x87, 0xF7, 0xBE,
    0xEF, 0x5D, 0x00, 0x20, 0xD6, 0xBA, 0x02, 0xFF, 0x81, 0x18, 0xE3, 0x0C, 0x00, 0x85, 0x29, 0x65,
    0xFF, 0xDF, 0x7B, 0xEF, 0x02, 0x00, 0x81, 0xFF, 0xDF, 0x02, 0xFF, 0x0C, 0x00, 0x81, 0x6B, 0x6D,
    0x02, 0xFF, 0x85, 0x5A, 0xCB, 0x21, 0x04, 0x73, 0xAE, 0x02, 0xFF, 0x81, 0xB5, 0x96, 0x0C, 0x00,
    0x85, 0x10, 0xA2, 0xFF, 0xDF, 0x94, 0x92, 0x12, 0x00, 0x81, 0xD6, 0xBA, 0x03, 0xFF, 0x82, 0xDF,
    0xFF, 0xDF, 0x02, 0xFF, 0x81, 0xBD, 0xF7, 0x0E, 0x00, 0x02, 0xFF, 0x87, 0xC6, 0x18, 0x08, 0x41,
    0x08, 0x61, 0xC6, 0x38, 0x02, 0xFF, 0x81, 0x9C, 0xD3, 0x0C, 0x00, 0x83, 0x39, 0xE7, 0x29, 0x45,
    0x02, 0x00, 0x81, 0xCE, 0x59, 0x02, 0xFF, 0x60, 0x00, 0x83, 0xF7, 0xBE, 0xEF, 0x5D, 0x02, 0x00,
    0x87, 0x31, 0xA6, 0xFF, 0xDF, 0xE7, 0x1C, 0x10, 0xA2, 0x0A, 0x00, 0x83, 0x29, 0x65, 0xF7, 0xBE,
    0x06, 0xFF, 0x81, 0x94, 0x92, 0x0C, 0x00, 0x81, 0x73, 0x8E, 0x08, 0xFF, 0x83, 0xC6, 0x18, 0x08,
    0x41, 0x0C, 0x00, 0x81, 0x10, 0xA2, 0x02, 0xFF, 0x81, 0x94, 0x92, 0x10, 0x00, 0x81, 0x63, 0x0C,
    0x02, 0xFF, 0x87, 0x84, 0x10, 0x63, 0x2C, 0x63, 0x2C, 0x7B, 0xEF, 0x02, 0xFF, 0x81, 0x42, 0x08,
    0x0C, 0x00, 0x02, 0xFF, 0x83, 0xC6, 0x18, 0x08, 0x41, 0x03, 0x00, 0x84, 0x20, 0xD6, 0x9A, 0xA5,
    0x14, 0x0B, 0x00, 0x82, 0x20, 0xA5, 0x14, 0x03, 0xFF, 0x80, 0xDF, 0x02, 0xFF, 0x81, 0xBD, 0xF7,
    0x60, 0x00, 0x83, 0x63, 0x2C, 0x5A, 0xEB, 0x04, 0x00, 0x85, 0x4A, 0x69, 0x8C, 0x51, 0x18, 0xE3,
    0x0A, 0x00, 0x8B, 0x10, 0xA2, 0x63, 0x2C, 0x6B, 0x6D, 0x7B, 0xCF, 0x4A, 0x69, 0x00, 0x20, 0x0C,
    0x00, 0x8B, 0x29, 0x65, 0x6B, 0x4D, 0x6B, 0x6D, 0x73, 0xAE, 0x42, 0x28, 0x00, 0x20, 0x0E, 0x00,
    0x85, 0x08, 0x41, 0x6B, 0x4D, 0x31, 0xA6, 0x10, 0x00, 0x85, 0x63, 0x0C, 0x63, 0x2C, 0x00, 0x20,
    0x05, 0x00, 0x84, 0x20, 0x73, 0x8E, 0x4A, 0x49, 0x0C, 0x00, 0x83, 0x6B, 0x4D, 0x4A, 0x69, 0x06,
    0x00, 0x83, 0x08, 0x61, 0x4A, 0x69, 0x0C, 0x00, 0x89, 0x10, 0xA2, 0x63, 0x2C, 0xAD, 0x75, 0x73,
    0xAE, 0x10, 0x82, 0x7F, 0x00, 0x7F, 0x00, 0x7F, 0x00, 0x7F, 0x00, 0x7F, 0x00, 0x7F, 0x00, 0x7F,
    0x00, 0x7F, 0x00, 0x7F, 0x00, 0x7F, 0x00, 0x7F, 0x00, 0x7F, 0x00, 0x7F, 0x00, 0x7F, 0x00, 0x7F,
    0x00, 0x7F, 0x00, 0x7F, 0x00, 0x7F, 0x00, 0x7F, 0x00, 0x7F, 0x00, 0x7F, 0x00, 0x7F, 0x00, 0x7F,
    0x00, 0x7F, 0x00, 0x7F, 0x00, 0x7F, 0x00, 0x7F, 0x00, 0x7F, 0x00, 0x7F, 0x00, 0x7F, 0x00, 0x7F,
    0x00, 0x7F, 0x00, 0x7F, 0x00, 0x7F, 0x00, 0x7F, 0x00, 0x7F, 0x00, 0x7F, 0x00, 0x7F, 0x00, 0x7F,
    0x00, 0x7F, 0x00, 0x7F, 0x00, 0x7F, 0x00, 0x7F, 0x00, 0x7F, 0x00, 0x7F, 0x00, 0x7F, 0x00, 0x7F,
    0x00, 0x7F, 0x00, 0x7F, 0x00, 0x7F, 0x00, 0x7F, 0x00, 0x7F, 0x00, 0x7F, 0x00, 0x7F, 0x00, 0x7F,
    0x00, 0x7F, 0x00, 0x7F, 0x00, 0x7F, 0x00, 0x6A, 0x00, 0x02, 0xFD, 0x06, 0x00, 0x00, 0x08, 0x00,
    0x01, 0xFF, 0x50, 0x00, 0x05, 0xFA, 0x3F, 0x0B, 0x00, 0x7F, 0x00, 0x7F, 0x00, 0x7F, 0x00, 0x7F,
    0x00, 0x7F, 0x00, 0x7F, 0x00, 0x7F, 0x00, 0x7F, 0x00, 0x7F, 0x00, 0x7F, 0x00, 0x7F, 0x00, 0x7F,
    0x00, 0x7F, 0x00, 0x7F, 0x00, 0x7F, 0x00, 0x7F, 0x00, 0x7F, 0x00, 0x7F, 0x00, 0x7F, 0x00, 0x7F,
    0x00, 0x7F, 0x00, 0x7F, 0x00, 0x7F, 0x00, 0x7F, 0x00, 0x7F, 0x00, 0x7F, 0x00, 0x7F, 0x00, 0x7F,
    0x00, 0x7F, 0x00, 0x7F, 0x00, 0x7F, 0x00, 0x7F, 0x00, 0x7F, 0x00, 0x7F, 0x00, 0x7F, 0x00, 0x7F,
    0x00, 0x7F, 0x00, 0x7F, 0x00, 0x7F, 0x00, 0x7F, 0x00, 0x7F, 0x00, 0x7F, 0x00, 0x7F, 0x00, 0x7F,
    0x00, 0x7F, 0x00, 0x7F, 0x00, 0x7F, 0x00, 0x7F, 0x00, 0x7F, 0x00, 0x7F, 0x00, 0x7F, 0x00, 0x7F,
    0x00, 0x7F, 0x00, 0x7F, 0x00, 0x7F, 0x00, 0x7F, 0x00, 0x7F, 0x00, 0x7F, 0x00, 0x6C, 0x00, 0x83,
    0x42, 0x08, 0xEF, 0x5D, 0x7F, 0xFF, 0x17, 0xFF, 0x81, 0x8C, 0x51, 0x62, 0x00, 0x83, 0x21, 0x24,
    0xFF, 0xDF, 0x7F, 0xFF, 0x1B, 0xFF, 0x81, 0x7B, 0xEF, 0x60, 0x00, 0x81, 0xAD, 0x55, 0x7F, 0xFF,
    0x1D, 0xFF, 0x81, 0xDE, 0xFB, 0x60, 0x00, 0x81, 0xF7, 0xBE, 0x7F, 0xFF, 0x1F, 0xFF, 0x60, 0x00,
    0x81, 0xF7, 0xBE, 0x7F, 0xFF, 0x1F, 0xFF, 0x60, 0x00, 0x81, 0xF7, 0xBE, 0x7F, 0xFF, 0x1F, 0xFF,
    0x60, 0x00, 0x81, 0xF7, 0xBE, 0x7F, 0xFF, 0x1F, 0xFF, 0x60, 0x00, 0x81, 0xF7, 0xBE, 0x7F, 0xFF,
    0x1F, 0xFF, 0x60, 0x00, 0x81, 0xF7, 0xBE, 0x12, 0xFF, 0x87, 0xEF, 0x7D, 0x94, 0x92, 0x7B, 0xEF,
    0xE7, 0x1C, 0x68, 0xFF, 0x85, 0xC6, 0x38, 0x7B, 0xCF, 0x9C, 0xF3, 0x16, 0xFF, 0x60, 0x00, 0x81,
    0xF7, 0xBE, 0x10, 0xFF, 0x83, 0xDE, 0xFB, 0x18, 0xE3, 0x04, 0x00, 0x83, 0x08, 0x41, 0xAD, 0x55,
    0x64, 0xFF, 0x83, 0x7B, 0xEF, 0x00, 0x20, 0x04, 0x00, 0x83, 0x31, 0xA6, 0xF7, 0xBE, 0x12, 0xFF,
    0x60, 0x00, 0x81, 0xF7, 0xBE, 0x10, 0xFF, 0x81, 0x39, 0xC7, 0x08, 0x00, 0x83, 0x10, 0xA2, 0xEF,
    0x5D, 0x60, 0xFF, 0x81, 0xCE, 0x79, 0x0A, 0x00, 0x81, 0x6B, 0x4D, 0x12, 0xFF, 0x60, 0x00, 0x81,
    0xF7, 0xBE, 0x10, 0xFF, 0x81, 0x08, 0x61, 0x08, 0x00, 0x83, 0x08, 0x61, 0xC6, 0x38, 0x60, 0xFF,
    0x81, 0x18, 0xE3, 0x0A, 0x00, 0x83, 0x42, 0x28, 0xFF, 0xDF, 0x10, 0xFF, 0x60, 0x00, 0x81, 0xF7,
    0xBE, 0x10, 0xFF, 0x81, 0x08, 0x61, 0x08, 0x00, 0x83, 0x08, 0x41, 0xC6, 0x38, 0x5E, 0xFF, 0x81,
    0x84, 0x10, 0x0C, 0x00, 0x81, 0x5A, 0xCB, 0x12, 0xFF, 0x60, 0x00, 0x81, 0xF7, 0xBE, 0x10, 0xFF,
    0x81, 0x08, 0x41, 0x08, 0x00, 0x83, 0x08, 0x41, 0xC6, 0x38, 0x5C, 0xFF, 0x83, 0xEF, 0x7D, 0x08,
    0x41, 0x0C, 0x00, 0x81, 0xDE, 0xFB, 0x12, 0xFF, 0x60, 0x00, 0x81, 0xF7, 0xBE, 0x10, 0xFF, 0x81,
    0x08, 0x41, 0x08, 0x00, 0x83, 0x08, 0x41, 0xC6, 0x38, 0x5C, 0xFF, 0x81, 0x29, 0x65, 0x0C, 0x00,
    0x81, 0x73, 0x8E, 0x14, 0xFF, 0x60, 0x00, 0x81, 0xF7, 0xBE, 0x10, 0xFF, 0x81, 0x08, 0x41, 0x08,
    0x00, 0x83, 0x08, 0x41, 0xC6, 0x38, 0x5A, 0xFF, 0x81, 0x6B, 0x6D, 0x0C, 0x00, 0x81, 0x21, 0x24,
    0x16, 0xFF, 0x60, 0x00, 0x81, 0xF7, 0xBE, 0x10, 0xFF, 0x81, 0x08, 0x41, 0x08, 0x00, 0x83, 0x08,
    0x41, 0xC6, 0x38, 0x58, 0xFF, 0x83, 0xC6, 0x18, 0x00, 0x20, 0x0A, 0x00, 0x83, 0x08, 0x41, 0xBD,
    0xF7, 0x16, 0xFF, 0x60, 0x00, 0x81, 0xF7, 0xBE, 0x10, 0xFF, 0x81, 0x08, 0x41, 0x08, 0x00, 0x83,
    0x08, 0x41, 0xC6, 0x38, 0x56, 0xFF, 0x83, 0xF7, 0x9E, 0x08, 0x61, 0x0C, 0x00, 0x81, 0x6B, 0x6D,
    0x18, 0xFF, 0x60, 0x00, 0x81, 0xF7, 0xBE, 0x10, 0xFF, 0x81, 0x08, 0x41, 0x08, 0x00, 0x83, 0x08,
    0x41, 0xC6, 0x38, 0x54, 0xFF, 0x83, 0xF7, 0xBE, 0x31, 0x86, 0x0C, 0x00, 0x81, 0x18, 0xE3, 0x1A,
    0xFF, 0x60, 0x00, 0x81, 0xF7, 0xBE, 0x10, 0xFF, 0x81, 0x08, 0x41, 0x08, 0x00, 0x83, 0x08, 0x41,
    0xC6, 0x38, 0x54, 0xFF, 0x81, 0x4A, 0x69, 0x0C, 0x00, 0x83, 0x08, 0x61, 0xCE, 0x79, 0x1A, 0xFF,
    0x60, 0x00, 0x81, 0xF7, 0xBE, 0x10, 0xFF, 0x81, 0x08, 0x41, 0x08, 0x00, 0x83, 0x08, 0x41, 0xC6,
    0x38, 0x52, 0xFF, 0x81, 0x6B, 0x4D, 0x0E, 0x00, 0x81, 0x9C, 0xD3, 0x1C, 0xFF, 0x60, 0x00, 0x81,
    0xF7, 0xBE, 0x10, 0xFF, 0x81, 0x08, 0x41, 0x08, 0x00, 0x83, 0x08, 0x41, 0xC6, 0x38, 0x50, 0xFF,
    0x83, 0x84, 0x10, 0x00, 0x20, 0x0C, 0x00, 0x81, 0x6B, 0x6D, 0x1E, 0xFF, 0x60, 0x00, 0x81, 0xF7,
    0xBE, 0x10, 0xFF, 0x81, 0x08, 0x41, 0x08, 0x00, 0x83, 0x08, 0x41, 0xC6, 0x38, 0x4E, 0xFF, 0x81,
    0x7B, 0xEF, 0x0E, 0x00, 0x83, 0x39, 0xE7, 0xF7, 0xBE, 0x1E, 0xFF, 0x60, 0x00, 0x81, 0xF7, 0xBE,
    0x10, 0xFF, 0x81, 0x08, 0x41, 0x08, 0x00, 0x83, 0x08, 0x41, 0xC6, 0x38, 0x4C, 0xFF, 0x81, 0x94,
    0xB2, 0x0E, 0x00, 0x83, 0x18, 0xC3, 0xEF, 0x7D, 0x20, 0xFF, 0x60, 0x00, 0x81, 0xF7, 0xBE, 0x10,
    0xFF, 0x81, 0x08, 0x41, 0x08, 0x00, 0x83, 0x08, 0x41, 0xC6, 0x38, 0x4A, 0xFF, 0x81, 0x7B, 0xEF,
    0x0E, 0x00, 0x83, 0x10, 0xA2, 0xE7, 0x3C, 0x22, 0xFF, 0x60, 0x00, 0x81, 0xF7, 0xBE, 0x10, 0xFF,
    0x81, 0x08, 0x41, 0x08, 0x00, 0x83, 0x08, 0x41, 0xC6, 0x38, 0x46, 0xFF, 0x83, 0xF7, 0xBE, 0x63,
    0x0C, 0x0E, 0x00, 0x83, 0x08, 0x61, 0xCE, 0x79, 0x24, 0xFF, 0x60, 0x00, 0x81, 0xF7, 0xBE, 0x10,
    0xFF, 0x81, 0x08, 0x41, 0x08, 0x00, 0x83, 0x08, 0x41, 0xC6, 0x38, 0x45, 0xFF, 0x82, 0xDF, 0x39,
    0xE7, 0x0E, 0x00, 0x83, 0x08, 0x41, 0xC6, 0x38, 0x26, 0xFF, 0x60, 0x00, 0x81, 0xF7, 0xBE, 0x10,
    0xFF, 0x81, 0x08, 0x41, 0x08, 0x00, 0x83, 0x08, 0x41, 0xC6, 0x38, 0x42, 0xFF, 0x83, 0xD6, 0xBA,
    0x21, 0x24, 0x0E, 0x00, 0x83, 0x10, 0x82, 0xCE, 0x79, 0x28, 0xFF, 0x60, 0x00, 0x81, 0xF7, 0xBE,
    0x10, 0xFF, 0x81, 0x08, 0x41, 0x08, 0x00, 0x83, 0x08, 0x41, 0xC6, 0x38, 0x40, 0xFF, 0x83, 0xA5,
    0x14, 0x08, 0x61, 0x0E, 0x00, 0x83, 0x08, 0x61, 0xC6, 0x38, 0x2A, 0xFF, 0x60, 0x00, 0x81, 0xF7,
    0xBE, 0x10, 0xFF, 0x81, 0x08, 0x41, 0x08, 0x00, 0x83, 0x08, 0x41, 0xC6, 0x38, 0x3C, 0xFF, 0x83,
    0xF7, 0x9E, 0x5A, 0xEB, 0x10, 0x00, 0x83, 0x18, 0xE3, 0xD6, 0x9A, 0x2C, 0xFF, 0x60, 0x00, 0x81,
    0xF7, 0xBE, 0x10, 0xFF, 0x81, 0x08, 0x41, 0x08, 0x00, 0x83, 0x08, 0x41, 0xC6, 0x38, 0x3A, 0xFF,
    0x83, 0xB5, 0x96, 0x18, 0xE3, 0x10, 0x00, 0x83, 0x31, 0x86, 0xEF, 0x7D, 0x2E, 0xFF, 0x60, 0x00,
    0x81, 0xF7, 0xBE, 0x10, 0xFF, 0x81, 0x08, 0x41, 0x08, 0x00, 0x83, 0x08, 0x41, 0xC6, 0x38, 0x36,
    0xFF, 0x85, 0xEF, 0x5D, 0x52, 0x8A, 0x00, 0x20, 0x10, 0x00, 0x83, 0x52, 0x8A, 0xFF, 0xDF, 0x08,
    0xFF, 0x85, 0xEF, 0x5D, 0x52, 0xAA, 0x42, 0x08, 0x22, 0xFF, 0x60, 0x00, 0x81, 0xF7, 0xBE, 0x10,
    0xFF, 0x81, 0x08, 0x41, 0x08, 0x00, 0x83, 0x08, 0x41, 0xC6, 0x38, 0x34, 0xFF, 0x83, 0x8C, 0x71,
    0x10, 0x82, 0x12, 0x00, 0x81, 0x7B, 0xCF, 0x0A, 0xFF, 0x83, 0xA5, 0x14, 0x10, 0xA2, 0x04, 0x00,
    0x81, 0x63, 0x2C, 0x20, 0xFF, 0x60, 0x00, 0x81, 0xF7, 0xBE, 0x10, 0xFF, 0x81, 0x08, 0x41, 0x08,
    0x00, 0x83, 0x08, 0x41, 0xC6, 0x38, 0x30, 0xFF, 0x83, 0xAD, 0x75, 0x29, 0x65, 0x12, 0x00, 0x83,
    0x18, 0xE3, 0xBD, 0xD7, 0x08, 0xFF, 0x83, 0x9C, 0xF3, 0x31, 0xA6, 0x0A, 0x00, 0x81, 0xAD, 0x55,
    0x1E, 0xFF, 0x60, 0x00, 0x81, 0xF7, 0xBE, 0x10, 0xFF, 0x81, 0x08, 0x41, 0x08, 0x00, 0x83, 0x08,
    0x41, 0xC6, 0x38, 0x2B, 0xFF, 0x84, 0xDF, 0xAD, 0x75, 0x31, 0xA6, 0x14, 0x00, 0x83, 0x4A, 0x49,
    0xEF, 0x7D, 0x0A, 0xFF, 0x81, 0x31, 0xA6, 0x0E, 0x00, 0x81, 0xD6, 0xBA, 0x1C, 0xFF, 0x60, 0x00,
    0x81, 0xF7, 0xBE, 0x10, 0xFF, 0x81, 0x08, 0x41, 0x08, 0x00, 0x83, 0x08, 0x41, 0xC6, 0x38, 0x26,
    0xFF, 0x85, 0xEF, 0x7D, 0x8C, 0x51, 0x21, 0x24, 0x14, 0x00, 0x83, 0x10, 0xA2, 0x9C, 0xF3, 0x10,
    0xFF, 0x81, 0x21, 0x04, 0x0C, 0x00, 0x83, 0x18, 0xE3, 0xE7, 0x3C, 0x1A, 0xFF, 0x60, 0x00, 0x81,
    0xF7, 0xBE, 0x10, 0xFF, 0x81, 0x08, 0x41, 0x08, 0x00, 0x83, 0x08, 0x41, 0xC6, 0x38, 0x22, 0xFF,
    0x85, 0xC6, 0x18, 0x5A, 0xEB, 0x10, 0x82, 0x16, 0x00, 0x83, 0x5A, 0xCB, 0xEF, 0x7D, 0x12, 0xFF,
    0x83, 0xE7, 0x1C, 0x10, 0xA2, 0x0C, 0x00, 0x81, 0x42, 0x28, 0x1A, 0xFF, 0x60, 0x00, 0x81, 0xF7,
    0xBE, 0x10, 0xFF, 0x81, 0x08, 0x41, 0x08, 0x00, 0x83, 0x08, 0x41, 0xC6, 0x38, 0x1C, 0xFF, 0x85,
    0xCE, 0x79, 0x84, 0x30, 0x29, 0x65, 0x18, 0x00, 0x83, 0x29, 0x45, 0xAD, 0x55, 0x18, 0xFF, 0x81,
    0xC6, 0x38, 0x0E, 0x00, 0x81, 0xA5, 0x34, 0x18, 0xFF, 0x60, 0x00, 0x81, 0xF7, 0xBE, 0x10, 0xFF,
    0x81, 0x08, 0x61, 0x08, 0x00, 0x83, 0x08, 0x41, 0xC6, 0x38, 0x14, 0xFF, 0x87, 0xE7, 0x3C, 0xAD,
    0x75, 0x63, 0x2C, 0x29, 0x65, 0x1A, 0x00, 0x85, 0x10, 0xA2, 0x8C, 0x71, 0xF7, 0xBE, 0x1C, 0xFF,
    0x81, 0x94, 0xB2, 0x0C, 0x00, 0x83, 0x10, 0x82, 0xE7, 0x1C, 0x16, 0xFF, 0x60, 0x00, 0x81, 0xF7,
    0xBE, 0x10, 0xFF, 0x81, 0x08, 0x41, 0x08, 0x00, 0x83, 0x08, 0x41, 0xCE, 0x59, 0x0A, 0xFF, 0x8B,
    0xDE, 0xFB, 0xB5, 0xB6, 0x84, 0x30, 0x5A, 0xEB, 0x31, 0x86, 0x08, 0x41, 0x1C, 0x00, 0x85, 0x18,
    0xE3, 0x8C, 0x71, 0xF7, 0x9E, 0x21, 0xFF, 0x82, 0xDF, 0x4A, 0x49, 0x0C, 0x00, 0x81, 0x4A, 0x49,
    0x16, 0xFF, 0x60, 0x00, 0x81, 0xF7, 0xBE, 0x10, 0xFF, 0x81, 0x08, 0x41, 0x09, 0x00, 0x8E, 0x20,
    0x5A, 0xCB, 0x73, 0x8E, 0x52, 0xAA, 0x4A, 0x49, 0x29, 0x65, 0x18, 0xC3, 0x00, 0x20, 0x22, 0x00,
    0x85, 0x29, 0x45, 0x8C, 0x51, 0xF7, 0xBE, 0x27, 0xFF, 0x82, 0xDF, 0x10, 0xA2, 0x0C, 0x00, 0x81,
    0xAD, 0x75, 0x14, 0xFF, 0x60, 0x00, 0x81, 0xF7, 0xBE, 0x10, 0xFF, 0x81, 0x08, 0x41, 0x36, 0x00,
    0x83, 0x42, 0x08, 0xAD, 0x55, 0x2E, 0xFF, 0x81, 0xCE, 0x79, 0x0C, 0x00, 0x83, 0x08, 0x41, 0xFF,
    0xDF, 0x12, 0xFF, 0x60, 0x00, 0x81, 0xF7, 0xBE, 0x10, 0xFF, 0x81, 0x08, 0x41, 0x30, 0x00, 0x85,
    0x18, 0xE3, 0x6B, 0x6D, 0xCE, 0x59, 0x34, 0xFF, 0x81, 0x5A, 0xEB, 0x0C, 0x00, 0x81, 0x6B, 0x6D,
    0x12, 0xFF, 0x60, 0x00, 0x81, 0xF7, 0xBE, 0x10, 0xFF, 0x81, 0x08, 0x41, 0x2A, 0x00, 0x87, 0x21,
    0x24, 0x73, 0x8E, 0xBD, 0xF7, 0xFF, 0xDF, 0x38, 0xFF, 0x83, 0xEF, 0x5D, 0x08, 0x61, 0x0A, 0x00,
    0x83, 0x4A, 0x49, 0xFF, 0xDF, 0x10, 0xFF, 0x60, 0x00, 0x81, 0xF7, 0xBE, 0x10, 0xFF, 0x81, 0x08,
    0x61, 0x22, 0x00, 0x87, 0x21, 0x04, 0x4A, 0x69, 0x8C, 0x71, 0xD6, 0xBA, 0x42, 0xFF, 0x81, 0x9C,
    0xF3, 0x0A, 0x00, 0x81, 0x52, 0xAA, 0x12, 0xFF, 0x60, 0x00, 0x81, 0xF7, 0xBE, 0x10, 0xFF, 0x81,
    0x08, 0x41, 0x16, 0x00, 0x8B, 0x10, 0x82, 0x29, 0x45, 0x4A, 0x69, 0x73, 0x8E, 0xA5, 0x14, 0xDE,
    0xFB, 0x4C, 0xFF, 0x81, 0x4A, 0x49, 0x06, 0x00, 0x83, 0x08, 0x61, 0xD6, 0x9A, 0x12, 0xFF, 0x60,
    0x00, 0x81, 0xF7, 0xBE, 0x10, 0xFF, 0x99, 0x5A, 0xEB, 0x52, 0xAA, 0x52, 0xAA, 0x52, 0xAA, 0x52,
    0x8A, 0x4A, 0x49, 0x5A, 0xEB, 0x63, 0x2C, 0x7B, 0xCF, 0x8C, 0x51, 0xAD, 0x75, 0xD6, 0xBA, 0xF7,
    0xBE, 0x57, 0xFF, 0x88, 0xDF, 0x84, 0x30, 0x4A, 0x69, 0x5A, 0xEB, 0xE7, 0x3C, 0x14, 0xFF, 0x60,
    0x00, 0x81, 0xF7, 0xBE, 0x7F, 0xFF, 0x1F, 0xFF, 0x60, 0x00, 0x81, 0xF7, 0xBE, 0x7F, 0xFF, 0x1F,
    0xFF, 0x60, 0x00, 0x81, 0xF7, 0xBE, 0x7F, 0xFF, 0x1F, 0xFF, 0x60, 0x00, 0x81, 0xF7, 0xBE, 0x7F,
    0xFF, 0x1F, 0xFF, 0x60, 0x00, 0x81, 0xF7, 0xBE, 0x7F, 0xFF, 0x1F, 0xFF, 0x60, 0x00, 0x81, 0xC6,
    0x38, 0x7F, 0xFF, 0x1D, 0xFF, 0x81, 0xEF, 0x5D, 0x60, 0x00, 0x81, 0x39, 0xE7, 0x7F, 0xFF, 0x1D,
    0xFF, 0x81, 0xA5, 0x14, 0x62, 0x00, 0x81, 0x73, 0x8E, 0x7F, 0xFF, 0x19, 0xFF, 0x83, 0xC6, 0x38,
    0x08, 0x61, 0x64, 0x00, 0xFF, 0x31, 0x86, 0x7B, 0xEF, 0x94, 0xB2, 0x9C, 0xD3, 0x9C, 0xD3, 0x9C,
    0xD3, 0x9C, 0xD3, 0x9C, 0xD3, 0x9C, 0xD3, 0x9C, 0xD3, 0x9C, 0xD3, 0x9C, 0xD3, 0x9C, 0xD3, 0x9C,
    0xD3, 0x9C, 0xD3, 0x9C, 0xD3, 0x9C, 0xD3, 0x9C, 0xD3, 0x9C, 0xD3, 0x9C, 0xD3, 0x9C, 0xD3, 0x9C,
    0xD3, 0x9C, 0xD3, 0x9C, 0xD3, 0x9C, 0xD3, 0x9C, 0xD3, 0x9C, 0xD3, 0x9C, 0xD3, 0x9C, 0xD3, 0x9C,
    0xD3, 0x9C, 0xD3, 0x9C, 0xD3, 0x9C, 0xD3, 0x9C, 0xD3, 0x9C, 0xD3, 0x9C, 0xD3, 0x9C, 0xD3, 0x9C,
    0xD3, 0x9C, 0xD3, 0x9C, 0xD3, 0x9C, 0xD3, 0x9C, 0xD3, 0x9C, 0xD3, 0x9C, 0xD3, 0x9C, 0xD3, 0x9C,
    0xD3, 0x9C, 0xD3, 0x9C, 0xD3, 0x9C, 0xD3, 0x9C, 0xD3, 0x9C, 0xD3, 0x9C, 0xD3, 0x9C, 0xD3, 0x9C,
    0xD3, 0x9C, 0xD3, 0x9C, 0xD3, 0x9C, 0xD3, 0x9C, 0xD3, 0x9C, 0xD3, 0x9C, 0xD3, 0x9C, 0xD3, 0x9C,
    0xD3, 0x9C, 0xD3, 0x9C, 0xD3, 0x99, 0x9C, 0xD3, 0x9C, 0xD3, 0x9C, 0xD3, 0x9C, 0xD3, 0x9C, 0xD3,
    0x9C, 0xD3, 0x9C, 0xD3, 0x9C, 0xD3, 0x94, 0xB2, 0x9C, 0xD3, 0x8C, 0x71, 0x4A, 0x69, 0x00, 0x20,
    0x7F, 0x00, 0x7F, 0x00, 0x7F, 0x00, 0x7F, 0x00, 0x7F, 0x00, 0x7F, 0x00, 0x7F, 0x00, 0x7F, 0x00,
    0x7F, 0x00, 0x7F, 0x00, 0x6C, 0x00, 0x83, 0x18, 0xE3, 0x18, 0xC3, 0x04, 0x00, 0x85, 0x18, 0xC3,
    0x31, 0x86, 0x08, 0x41, 0x0B, 0x00, 0x88, 0x20, 0x21, 0x04, 0x21, 0x04, 0x21, 0x04, 0x00, 0x20,
    0x0E, 0x00, 0x89, 0x08, 0x61, 0x21, 0x04, 0x21, 0x04, 0x21, 0x04, 0x08, 0x41, 0x12, 0x00, 0x89,
    0x18, 0xE3, 0x21, 0x04, 0x21, 0x04, 0x21, 0x04, 0x10, 0xA2, 0x11, 0x00, 0x82, 0x20, 0x08, 0x41,
    0x12, 0x00, 0x81, 0x29, 0x45, 0x08, 0x00, 0x83, 0x21, 0x24, 0x10, 0x82, 0x0E, 0x00, 0x85, 0x10,
    0x82, 0x39, 0xE7, 0x21, 0x04, 0x62, 0x00, 0x83, 0xF7, 0x9E, 0xEF, 0x5D, 0x02, 0x00, 0x87, 0x18,
    0xE3, 0xF7, 0x9E, 0xCE, 0x79, 0x08, 0x61, 0x0A, 0x00, 0x83, 0x29, 0x65, 0xF7, 0x9E, 0x04, 0xFF,
    0x83, 0xD6, 0xBA, 0x29, 0x65, 0x0C, 0x00, 0x81, 0x6B, 0x6D, 0x06, 0xFF, 0x83, 0xF7, 0x9E, 0x63,
    0x2C, 0x0E, 0x00, 0x83, 0x10, 0xA2, 0xF7, 0xBE, 0x06, 0xFF, 0x83, 0xC6, 0x18, 0x00, 0x20, 0x0E,
    0x00, 0x83, 0x73, 0x8E, 0x63, 0x0C, 0x12, 0x00, 0x02, 0xFF, 0x81, 0x4A, 0x49, 0x06, 0x00, 0x02,
    0xFF, 0x81, 0x94, 0xB2, 0x0C, 0x00, 0x83, 0x39, 0xC7, 0xEF, 0x7D, 0x04, 0xFF, 0x81, 0xB5, 0xB6,
    0x60, 0x00, 0x83, 0xF7, 0xBE, 0xEF, 0x5D, 0x02, 0x00, 0x81, 0xC6, 0x18, 0x02, 0xFF, 0x81, 0x21,
    0x24, 0x0C, 0x00, 0x87, 0x29, 0x65, 0xFF, 0xDF, 0xB5, 0xB6, 0x5A, 0xCB, 0x02, 0xFF, 0x81, 0xC6,
    0x18, 0x0C, 0x00, 0x81, 0x73, 0x8E, 0x02, 0xFF, 0x85, 0x8C, 0x51, 0x6B, 0x6D, 0xDE, 0xDB, 0x02,
    0xFF, 0x81, 0x6B, 0x4D, 0x0C, 0x00, 0x8B, 0x18, 0xC3, 0xFF, 0xDF, 0xBD, 0xF7, 0x52, 0x8A, 0x5A,
    0xCB, 0x4A, 0x49, 0x10, 0x00, 0x04, 0xFF, 0x12, 0x00, 0x04, 0xFF, 0x81, 0x52, 0xAA, 0x04, 0x00,
    0x02, 0xFF, 0x81, 0x9C, 0xD3, 0x0A, 0x00, 0x8B, 0x08, 0x41, 0xBD, 0xF7, 0xFF, 0xDF, 0x29, 0x65,
    0x73, 0x8E, 0xB5, 0xB6, 0x60, 0x00, 0x85, 0xF7, 0xBE, 0xE7, 0x3C, 0x94, 0xB2, 0x02, 0xFF, 0x81,
    0x31, 0xA6, 0x0E, 0x00, 0x85, 0x29, 0x65, 0xFF, 0xDF, 0x7B, 0xEF, 0x02, 0x00, 0x02, 0xFF, 0x81,
    0x9C, 0xF3, 0x0C, 0x00, 0x81, 0x6B, 0x6D, 0x02, 0xFF, 0x81, 0x31, 0xA6, 0x02, 0x00, 0x87, 0x10,
    0x82, 0xD6, 0xBA, 0xE7, 0x1C, 0x10, 0xA2, 0x0A, 0x00, 0x81, 0x10, 0xA2, 0x02, 0xFF, 0x81, 0x8C,
    0x51, 0x14, 0x00, 0x81, 0x6B, 0x6D, 0x04, 0xFF, 0x81, 0x63, 0x2C, 0x10, 0x00, 0x06, 0xFF, 0x81,
    0x52, 0xAA, 0x02, 0x00, 0x02, 0xFF, 0x81, 0x9C, 0xD3, 0x0B, 0x00, 0x86, 0x20, 0xB5, 0xB6, 0xFF,
    0xDF, 0x39, 0xE7, 0x64, 0x00, 0x83, 0xF7, 0xBE, 0xFF, 0xDF, 0x02, 0xFF, 0x81, 0xA5, 0x34, 0x10,
    0x00, 0x8B, 0x29, 0x65, 0xF7, 0xBE, 0xF7, 0xBE, 0xFF, 0xDF, 0xEF, 0x5D, 0x18, 0xC3, 0x0C, 0x00,
    0x81, 0x6B, 0x6D, 0x02, 0xFF, 0x81, 0x39, 0xC7, 0x04, 0x00, 0x85, 0xB5, 0xB6, 0xF7, 0xBE, 0x31,
    0x86, 0x0A, 0x00, 0x87, 0x10, 0xA2, 0xF7, 0xBE, 0xFF, 0xDF, 0xFF, 0xDF, 0x02, 0xFF, 0x81, 0x39,
    0xC7, 0x0C, 0x00, 0x8B, 0x08, 0x41, 0xDE, 0xFB, 0xBD, 0xD7, 0xBD, 0xD7, 0xE7, 0x1C, 0x08, 0x41,
    0x0E, 0x00, 0x02, 0xFF, 0x87, 0xD6, 0x9A, 0xDE, 0xDB, 0xFF, 0xDF, 0x6B, 0x4D, 0x02, 0xFF, 0x81,
    0x9C, 0xD3, 0x0C, 0x00, 0x83, 0x29, 0x45, 0xEF, 0x5D, 0x02, 0xFF, 0x83, 0xD6, 0xBA, 0x29, 0x65,
    0x60, 0x00, 0x85, 0xF7, 0xBE, 0xE7, 0x1C, 0x9C, 0xF3, 0x02, 0xFF, 0x81, 0x39, 0xC7, 0x0E, 0x00,
    0x8B, 0x29, 0x65, 0xF7, 0xBE, 0xB5, 0x96, 0x4A, 0x49, 0xF7, 0x9E, 0x94, 0x92, 0x0C, 0x00, 0x81,
    0x6B, 0x6D, 0x02, 0xFF, 0x81, 0x39, 0xC7, 0x04, 0x00, 0x85, 0xC6, 0x38, 0xEF, 0x7D, 0x21, 0x24,
    0x0A, 0x00, 0x8B, 0x10, 0xA2, 0xFF, 0xDF, 0xE7, 0x3C, 0xB5, 0xB6, 0xC6, 0x38, 0x21, 0x24, 0x0C,
    0x00, 0x81, 0x4A, 0x49, 0x02, 0xFF, 0x83, 0x5A, 0xEB, 0x6B, 0x4D, 0x02, 0xFF, 0x81, 0x4A, 0x69,
    0x0E, 0x00, 0x02, 0xFF, 0x85, 0xBD, 0xD7, 0x10, 0xA2, 0xD6, 0x9A, 0x04, 0xFF, 0x81, 0x9C, 0xD3,
    0x0F, 0x00, 0x86, 0x20, 0x63, 0x0C, 0xF7, 0xBE, 0xE7, 0x1C, 0x60, 0x00, 0x87, 0xF7, 0xBE, 0xEF,
    0x5D, 0x00, 0x20, 0xD6, 0xBA, 0x02, 0xFF, 0x81, 0x18, 0xE3, 0x0C, 0x00, 0x85, 0x29, 0x65, 0xFF,
    0xDF, 0x7B, 0xEF, 0x02, 0x00, 0x81, 0xFF, 0xDF, 0x02, 0xFF, 0x0C, 0x00, 0x81, 0x6B, 0x6D, 0x02,
    0xFF, 0x85, 0x5A, 0xCB, 0x21, 0x04, 0x73, 0xAE, 0x02, 0xFF, 0x81, 0xB5, 0x96, 0x0C, 0x00, 0x85,
    0x10, 0xA2, 0xFF, 0xDF, 0x94, 0x92, 0x12, 0x00, 0x81, 0xD6, 0xBA, 0x03, 0xFF, 0x82, 0xDF, 0xFF,
    0xDF, 0x02, 0xFF, 0x81, 0xBD, 0xF7, 0x0E, 0x00, 0x02, 0xFF, 0x87, 0xC6, 0x18, 0x08, 0x41, 0x08,
    0x61, 0xC6, 0x38, 0x02, 0xFF, 0x81, 0x9C, 0xD3, 0x0C, 0x00, 0x83, 0x39, 0xE7, 0x29, 0x45, 0x02,
    0x00, 0x81, 0xCE, 0x59, 0x02, 0xFF, 0x60, 0x00, 0x83, 0xF7, 0xBE, 0xEF, 0x5D, 0x02, 0x00, 0x87,
    0x31, 0xA6, 0xFF, 0xDF, 0xE7, 0x1C, 0x10, 0xA2, 0x0A, 0x00, 0x83, 0x29, 0x65, 0xF7, 0xBE, 0x06,
    0xFF, 0x81, 0x94, 0x92, 0x0C, 0x00, 0x81, 0x73, 0x8E, 0x08, 0xFF, 0x83, 0xC6, 0x18, 0x08, 0x41,
    0x0C, 0x00, 0x81, 0x10, 0xA2, 0x02, 0xFF, 0x81, 0x94, 0x92, 0x10, 0x00, 0x81, 0x63, 0x0C, 0x02,
    0xFF, 0x87, 0x84, 0x10, 0x63, 0x2C, 0x63, 0x2C, 0x7B, 0xEF, 0x02, 0xFF, 0x81, 0x42, 0x08, 0x0C,
    0x00, 0x02, 0xFF, 0x83, 0xC6, 0x18, 0x08, 0x41, 0x03, 0x00, 0x84, 0x20, 0xD6, 0x9A, 0xA5, 0x14,
    0x0B, 0x00, 0x82, 0x20, 0xA5, 0x14, 0x03, 0xFF, 0x80, 0xDF, 0x02, 0xFF, 0x81, 0xBD, 0xF7, 0x60,
    0x00, 0x83, 0x63, 0x2C, 0x5A, 0xEB, 0x04, 0x00, 0x85, 0x4A, 0x69, 0x8C, 0x51, 0x18, 0xE3, 0x0A,
    0x00, 0x8B, 0x10, 0xA2, 0x63, 0x2C, 0x6B, 0x6D, 0x7B, 0xCF, 0x4A, 0x69, 0x00, 0x20, 0x0C, 0x00,
    0x8B, 0x29, 0x65, 0x6B, 0x4D, 0x6B, 0x6D, 0x73, 0xAE, 0x42, 0x28, 0x00, 0x20, 0x0E, 0x00, 0x85,
    0x08, 0x41, 0x6B, 0x4D, 0x31, 0xA6, 0x10, 0x00, 0x85, 0x63, 0x0C, 0x63, 0x2C, 0x00, 0x20, 0x05,
    0x00, 0x84, 0x20, 0x73, 0x8E, 0x4A, 0x49, 0x0C, 0x00, 0x83, 0x6B, 0x4D, 0x4A, 0x69, 0x06, 0x00,
    0x83, 0x08, 0x61, 0x4A, 0x69, 0x0C, 0x00, 0x89, 0x10, 0xA2, 0x63, 0x2C, 0xAD, 0x75, 0x73, 0xAE,
    0x10, 0x82, 0x7F, 0x00, 0x7F, 0x00, 0x7F, 0x00, 0x7F, 0x00, 0x7F, 0x00, 0x7F, 0x00, 0x7F, 0x00,
    0x7F, 0x00, 0x7F, 0x00, 0x7F, 0x00, 0x7F, 0x00, 0x7F, 0x00, 0x7F, 0x00, 0x7F, 0x00, 0x7F, 0x00,
    0x7F, 0x00, 0x7F, 0x00, 0x7F, 0x00, 0x7F, 0x00, 0x7F, 0x00, 0x7F, 0x00, 0x7F, 0x00, 0x7F, 0x00,
    0x7F, 0x00, 0x7F, 0x00, 0x7F, 0x00, 0x7F, 0x00, 0x7F, 0x00, 0x7F, 0x00, 0x7F, 0x00, 0x7F, 0x00,
    0x7F, 0x00, 0x7F, 0x00, 0x7F, 0x00, 0x7F, 0x00, 0x7F, 0x00, 0x7F, 0x00, 0x7F, 0x00, 0x7F, 0x00,
    0x7F, 0x00, 0x7F, 0x00, 0x7F, 0x00, 0x7F, 0x00, 0x7F, 0x00, 0x7F, 0x00, 0x7F, 0x00, 0x7F, 0x00,
    0x7F, 0x00, 0x7F, 0x00, 0x7F, 0x00, 0x7F, 0x00, 0x7F, 0x00, 0x7F, 0x00, 0x7F, 0x00, 0x7F, 0x00,
    0x7F, 0x00, 0x7F, 0x00, 0x7F, 0x00, 0x6A, 0x00, 0x02, 0xFD, 0x06, 0x00, 0x00, 0x08, 0x00, 0x01,
    0xFF, 0x28, 0x00, 0x05, 0xFA, 0x3F, 0x0B, 0x00, 0x7F, 0x00, 0x7F, 0x00, 0x7F, 0x00, 0x7F, 0x00,
    0x7F, 0x00, 0x7F, 0x00, 0x7F, 0x00, 0x7F, 0x00, 0x7F, 0x00, 0x7F, 0x00, 0x7F, 0x00, 0x7F, 0x00,
    0x7F, 0x00, 0x7F, 0x00, 0x7F, 0x00, 0x7F, 0x00, 0x7F, 0x00, 0x7F, 0x00, 0x7F, 0x00, 0x7F, 0x00,
    0x7F, 0x00, 0x7F, 0x00, 0x7F, 0x00, 0x7F, 0x00, 0x7F, 0x00, 0x7F, 0x00, 0x7F, 0x00, 0x7F, 0x00,
    0x7F, 0x00, 0x7F, 0x00, 0x7F, 0x00, 0x7F, 0x00, 0x7F, 0x00, 0x7F, 0x00, 0x7F, 0x00, 0x7F, 0x00,
    0x7F, 0x00, 0x7F, 0x00, 0x7F, 0x00, 0x7F, 0x00, 0x7F, 0x00, 0x7F, 0x00, 0x7F, 0x00, 0x7F, 0x00,
    0x7F, 0x00, 0x7F, 0x00, 0x7F, 0x00, 0x7F, 0x00, 0x7F, 0x00, 0x7F, 0x00, 0x7F, 0x00, 0x7F, 0x00,
    0x7F, 0x00, 0x7F, 0x00, 0x7F, 0x00, 0x7F, 0x00, 0x7F, 0x00, 0x7F, 0x00, 0x6C, 0x00, 0x83, 0x42,
    0x08, 0xEF, 0x5D, 0x7F, 0xFF, 0x17, 0xFF, 0x81, 0x8C, 0x51, 0x62, 0x00, 0x83, 0x21, 0x24, 0xFF,
    0xDF, 0x7F, 0xFF, 0x1B, 0xFF, 0x81, 0x7B, 0xEF, 0x60, 0x00, 0x81, 0xAD, 0x55, 0x7F, 0xFF, 0x1D,
    0xFF, 0x81, 0xDE, 0xFB, 0x60, 0x00, 0x81, 0xF7, 0xBE, 0x7F, 0xFF, 0x1F, 0xFF, 0x60, 0x00, 0x81,
    0xF7, 0xBE, 0x7F, 0xFF, 0x1F, 0xFF, 0x60, 0x00, 0x81, 0xF7, 0xBE, 0x7F, 0xFF, 0x1F, 0xFF, 0x60,
    0x00, 0x81, 0xF7, 0xBE, 0x7F, 0xFF, 0x1F, 0xFF, 0x60, 0x00, 0x81, 0xF7, 0xBE, 0x7F, 0xFF, 0x1F,
    0xFF, 0x60, 0x00, 0x81, 0xF7, 0xBE, 0x12, 0xFF, 0x87, 0xEF, 0x7D, 0x94, 0x92, 0x7B, 0xEF, 0xE7,
    0x1C, 0x68, 0xFF, 0x85, 0xC6, 0x38, 0x7B, 0xCF, 0x9C, 0xF3, 0x16, 0xFF, 0x60, 0x00, 0x81, 0xF7,
    0xBE, 0x10, 0xFF, 0x83, 0xDE, 0xFB, 0x18, 0xE3, 0x04, 0x00, 0x83, 0x08, 0x41, 0xAD, 0x55, 0x64,
    0xFF, 0x83, 0x7B, 0xEF, 0x00, 0x20, 0x04, 0x00, 0x83, 0x31, 0xA6, 0xF7, 0xBE, 0x12, 0xFF, 0x60,
    0x00, 0x81, 0xF7, 0xBE, 0x10, 0xFF, 0x81, 0x39, 0xC7, 0x08, 0x00, 0x83, 0x10, 0xA2, 0xEF, 0x5D,
    0x60, 0xFF, 0x81, 0xCE, 0x79, 0x0A, 0x00, 0x81, 0x6B, 0x4D, 0x12, 0xFF, 0x60, 0x00, 0x81, 0xF7,
    0xBE, 0x10, 0xFF, 0x81, 0x08, 0x61, 0x08, 0x00, 0x83, 0x08, 0x61, 0xC6, 0x38, 0x60, 0xFF, 0x81,
    0x18, 0xE3, 0x0A, 0x00, 0x83, 0x42, 0x28, 0xFF, 0xDF, 0x10, 0xFF, 0x60, 0x00, 0x81, 0xF7, 0xBE,
    0x10, 0xFF, 0x81, 0x08, 0x61, 0x08, 0x00, 0x83, 0x08, 0x41, 0xC6, 0x38, 0x5E, 0xFF, 0x81, 0x84,
    0x10, 0x0C, 0x00, 0x81, 0x5A, 0xCB, 0x12, 0xFF, 0x60, 0x00, 0x81, 0xF7, 0xBE, 0x10, 0xFF, 0x81,
    0x08, 0x41, 0x08, 0x00, 0x83, 0x08, 0x41, 0xC6, 0x38, 0x5C, 0xFF, 0x83, 0xEF, 0x7D, 0x08, 0x41,
    0x0C, 0x00, 0x81, 0xDE, 0xFB, 0x12, 0xFF, 0x60, 0x00, 0x81, 0xF7, 0xBE, 0x10, 0xFF, 0x81, 0x08,
    0x41, 0x08, 0x00, 0x83, 0x08, 0x41, 0xC6, 0x38, 0x5C, 0xFF, 0x81, 0x29, 0x65, 0x0C, 0x00, 0x81,
    0x73, 0x8E, 0x14, 0xFF, 0x60, 0x00, 0x81, 0xF7, 0xBE, 0x10, 0xFF, 0x81, 0x08, 0x41, 0x08, 0x00,
    0x83, 0x08, 0x41, 0xC6, 0x38, 0x5A, 0xFF, 0x81, 0x6B, 0x6D, 0x0C, 0x00, 0x81, 0x21, 0x24, 0x16,
    0xFF, 0x60, 0x00, 0x81, 0xF7, 0xBE, 0x10, 0xFF, 0x81, 0x08, 0x41, 0x08, 0x00, 0x83, 0x08, 0x41,
    0xC6, 0x38, 0x58, 0xFF, 0x83, 0xC6, 0x18, 0x00, 0x20, 0x0A, 0x00, 0x83, 0x08, 0x41, 0xBD, 0xF7,
    0x16, 0xFF, 0x60, 0x00, 0x81, 0xF7, 0xBE, 0x10, 0xFF, 0x81, 0x08, 0x41, 0x08, 0x00, 0x83, 0x08,
    0x41, 0xC6, 0x38, 0x56, 0xFF, 0x83, 0xF7, 0x9E, 0x08, 0x61, 0x0C, 0x00, 0x81, 0x6B, 0x6D, 0x18,
    0xFF, 0x60, 0x00, 0x81, 0xF7, 0xBE, 0x10, 0xFF, 0x81, 0x08, 0x41, 0x08, 0x00, 0x83, 0x08, 0x41,
    0xC6, 0x38, 0x54, 0xFF, 0x83, 0xF7, 0xBE, 0x31, 0x86, 0x0C, 0x00, 0x81, 0x18, 0xE3, 0x1A, 0xFF,
    0x60, 0x00, 0x81, 0xF7, 0xBE, 0x10, 0xFF, 0x81, 0x08, 0x41, 0x08, 0x00, 0x83, 0x08, 0x41, 0xC6,
    0x38, 0x54, 0xFF, 0x81, 0x4A, 0x69, 0x0C, 0x00, 0x83, 0x08, 0x61, 0xCE, 0x79, 0x1A, 0xFF, 0x60,
    0x00, 0x81, 0xF7, 0xBE, 0x10, 0xFF, 0x81, 0x08, 0x41, 0x08, 0x00, 0x83, 0x08, 0x41, 0xC6, 0x38,
    0x52, 0xFF, 0x81, 0x6B, 0x4D, 0x0E, 0x00, 0x81, 0x9C, 0xD3, 0x1C, 0xFF, 0x60, 0x00, 0x81, 0xF7,
    0xBE, 0x10, 0xFF, 0x81, 0x08, 0x41, 0x08, 0x00, 0x83, 0x08, 0x41, 0xC6, 0x38, 0x50, 0xFF, 0x83,
    0x84, 0x10, 0x00, 0x20, 0x0C, 0x00, 0x81, 0x6B, 0x6D, 0x1E, 0xFF, 0x60, 0x00, 0x81, 0xF7, 0xBE,
    0x10, 0xFF, 0x81, 0x08, 0x41, 0x08, 0x00, 0x83, 0x08, 0x41, 0xC6, 0x38, 0x4E, 0xFF, 0x81, 0x7B,
    0xEF, 0x0E, 0x00, 0x83, 0x39, 0xE7, 0xF7, 0xBE, 0x1E, 0xFF, 0x60, 0x00, 0x81, 0xF7, 0xBE, 0x10,
    0xFF, 0x81, 0x08, 0x41, 0x08, 0x00, 0x83, 0x08, 0x41, 0xC6, 0x38, 0x4C, 0xFF, 0x81, 0x94, 0xB2,
    0x0E, 0x00, 0x83, 0x18, 0xC3, 0xEF, 0x7D, 0x20, 0xFF, 0x60, 0x00, 0x81, 0xF7, 0xBE, 0x10, 0xFF,
    0x81, 0x08, 0x41, 0x08, 0x00, 0x83, 0x08, 0x41, 0xC6, 0x38, 0x4A, 0xFF, 0x81, 0x7B, 0xEF, 0x0E,
    0x00, 0x83, 0x10, 0xA2, 0xE7, 0x3C, 0x22, 0xFF, 0x60, 0x00, 0x81, 0xF7, 0xBE, 0x10, 0xFF, 0x81,
    0x08, 0x41, 0x08, 0x00, 0x83, 0x08, 0x41, 0xC6, 0x38, 0x46, 0xFF, 0x83, 0xF7, 0xBE, 0x63, 0x0C,
    0x0E, 0x00, 0x83, 0x08, 0x61, 0xCE, 0x79, 0x24, 0xFF, 0x60, 0x00, 0x81, 0xF7, 0xBE, 0x10, 0xFF,
    0x81, 0x08, 0x41, 0x08, 0x00, 0x83, 0x08, 0x41, 0xC6, 0x38, 0x45, 0xFF, 0x82, 0xDF, 0x39, 0xE7,
    0x0E, 0x00, 0x83, 0x08, 0x41, 0xC6, 0x38, 0x26, 0xFF, 0x60, 0x00, 0x81, 0xF7, 0xBE, 0x10, 0xFF,
    0x81, 0x08, 0x41, 0x08, 0x00, 0x83, 0x08, 0x41, 0xC6, 0x38, 0x42, 0xFF, 0x83, 0xD6, 0xBA, 0x21,
    0x24, 0x0E, 0x00, 0x83, 0x10, 0x82, 0xCE, 0x79, 0x28, 0xFF, 0x60, 0x00, 0x81, 0xF7, 0xBE, 0x10,
    0xFF, 0x81, 0x08, 0x41, 0x08, 0x00, 0x83, 0x08, 0x41, 0xC6, 0x38, 0x40, 0xFF, 0x83, 0xA5, 0x14,
    0x08, 0x61, 0x0E, 0x00, 0x83, 0x08, 0x61, 0xC6, 0x38, 0x2A, 0xFF, 0x60, 0x00, 0x81, 0xF7, 0xBE,
    0x10, 0xFF, 0x81, 0x08, 0x41, 0x08, 0x00, 0x83, 0x08, 0x41, 0xC6, 0x38, 0x3C, 0xFF, 0x83, 0xF7,
    0x9E, 0x5A, 0xEB, 0x10, 0x00, 0x83, 0x18, 0xE3, 0xD6, 0x9A, 0x2C, 0xFF, 0x60, 0x00, 0x81, 0xF7,
    0xBE, 0x10, 0xFF, 0x81, 0x08, 0x41, 0x08, 0x00, 0x83, 0x08, 0x41, 0xC6, 0x38, 0x3A, 0xFF, 0x83,
    0xB5, 0x96, 0x18, 0xE3, 0x10, 0x00, 0x83, 0x31, 0x86, 0xEF, 0x7D, 0x2E, 0xFF, 0x60, 0x00, 0x81,
    0xF7, 0xBE, 0x10, 0xFF, 0x81, 0x08, 0x41, 0x08, 0x00, 0x83, 0x08, 0x41, 0xC6, 0x38, 0x36, 0xFF,
    0x85, 0xEF, 0x5D, 0x52, 0x8A, 0x00, 0x20, 0x10, 0x00, 0x83, 0x52, 0x8A, 0xFF, 0xDF, 0x08, 0xFF,
    0x85, 0xEF, 0x5D, 0x52, 0xAA, 0x42, 0x08, 0x22, 0xFF, 0x60, 0x00, 0x81, 0xF7, 0xBE, 0x10, 0xFF,
    0x81, 0x08, 0x41, 0x08, 0x00, 0x83, 0x08, 0x41, 0xC6, 0x38, 0x34, 0xFF, 0x83, 0x8C, 0x71, 0x10,
    0x82, 0x12, 0x00, 0x81, 0x7B, 0xCF, 0x0A, 0xFF, 0x83, 0xA5, 0x14, 0x10, 0xA2, 0x04, 0x00, 0x81,
    0x63, 0x2C, 0x20, 0xFF, 0x60, 0x00, 0x81, 0xF7, 0xBE, 0x10, 0xFF, 0x81, 0x08, 0x41, 0x08, 0x00,
    0x83, 0x08, 0x41, 0xC6, 0x38, 0x30, 0xFF, 0x83, 0xAD, 0x75, 0x29, 0x65, 0x12, 0x00, 0x83, 0x18,
    0xE3, 0xBD, 0xD7, 0x08, 0xFF, 0x83, 0x9C, 0xF3, 0x31, 0xA6, 0x0A, 0x00, 0x81, 0xAD, 0x55, 0x1E,
    0xFF, 0x60, 0x00, 0x81, 0xF7, 0xBE, 0x10, 0xFF, 0x81, 0x08, 0x41, 0x08, 0x00, 0x83, 0x08, 0x41,
    0xC6, 0x38, 0x2B, 0xFF, 0x84, 0xDF, 0xAD, 0x75, 0x31, 0xA6, 0x14, 0x00, 0x83, 0x4A, 0x49, 0xEF,
    0x7D, 0x0A, 0xFF, 0x81, 0x31, 0xA6, 0x0E, 0x00, 0x81, 0xD6, 0xBA, 0x1C, 0xFF, 0x60, 0x00, 0x81,
    0xF7, 0xBE, 0x10, 0xFF, 0x81, 0x08, 0x41, 0x08, 0x00, 0x83, 0x08, 0x41, 0xC6, 0x38, 0x26, 0xFF,
    0x85, 0xEF, 0x7D, 0x8C, 0x51, 0x21, 0x24, 0x14, 0x00, 0x83, 0x10, 0xA2, 0x9C, 0xF3, 0x10, 0xFF,
    0x81, 0x21, 0x04, 0x0C, 0x00, 0x83, 0x18, 0xE3, 0xE7, 0x3C, 0x1A, 0xFF, 0x60, 0x00, 0x81, 0xF7,
    0xBE, 0x10, 0xFF, 0x81, 0x08, 0x41, 0x08, 0x00, 0x83, 0x08, 0x41, 0xC6, 0x38, 0x22, 0xFF, 0x85,
    0xC6, 0x18, 0x5A, 0xEB, 0x10, 0x82, 0x16, 0x00, 0x83, 0x5A, 0xCB, 0xEF, 0x7D, 0x12, 0xFF, 0x83,
    0xE7, 0x1C, 0x10, 0xA2, 0x0C, 0x00, 0x81, 0x42, 0x28, 0x1A, 0xFF, 0x60, 0x00, 0x81, 0xF7, 0xBE,
    0x10, 0xFF, 0x81, 0x08, 0x41, 0x08, 0x00, 0x83, 0x08, 0x41, 0xC6, 0x38, 0x1C, 0xFF, 0x85, 0xCE,
    0x79, 0x84, 0x30, 0x29, 0x65, 0x18, 0x00, 0x83, 0x29, 0x45, 0xAD, 0x55, 0x18, 0xFF, 0x81, 0xC6,
    0x38, 0x0E, 0x00, 0x81, 0xA5, 0x34, 0x18, 0xFF, 0x60, 0x00, 0x81, 0xF7, 0xBE, 0x10, 0xFF, 0x81,
    0x08, 0x61, 0x08, 0x00, 0x83, 0x08, 0x41, 0xC6, 0x38, 0x14, 0xFF, 0x87, 0xE7, 0x3C, 0xAD, 0x75,
    0x63, 0x2C, 0x29, 0x65, 0x1A, 0x00, 0x85, 0x10, 0xA2, 0x8C, 0x71, 0xF7, 0xBE, 0x1C, 0xFF, 0x81,
    0x94, 0xB2, 0x0C, 0x00, 0x83, 0x10, 0x82, 0xE7, 0x1C, 0x16, 0xFF, 0x60, 0x00, 0x81, 0xF7, 0xBE,
    0x10, 0xFF, 0x81, 0x08, 0x41, 0x08, 0x00, 0x83, 0x08, 0x41, 0xCE, 0x59, 0x0A, 0xFF, 0x8B, 0xDE,
    0xFB, 0xB5, 0xB6, 0x84, 0x30, 0x5A, 0xEB, 0x31, 0x86, 0x08, 0x41, 0x1C, 0x00, 0x85, 0x18, 0xE3,
    0x8C, 0x71, 0xF7, 0x9E, 0x21, 0xFF, 0x82, 0xDF, 0x4A, 0x49, 0x0C, 0x00, 0x81, 0x4A, 0x49, 0x16,
    0xFF, 0x60, 0x00, 0x81, 0xF7, 0xBE, 0x10, 0xFF, 0x81, 0x08, 0x41, 0x09, 0x00, 0x8E, 0x20, 0x5A,
    0xCB, 0x73, 0x8E, 0x52, 0xAA, 0x4A, 0x49, 0x29, 0x65, 0x18, 0xC3, 0x00, 0x20, 0x22, 0x00, 0x85,
    0x29, 0x45, 0x8C, 0x51, 0xF7, 0xBE, 0x27, 0xFF, 0x82, 0xDF, 0x10, 0xA2, 0x0C, 0x00, 0x81, 0xAD,
    0x75, 0x14, 0xFF, 0x60, 0x00, 0x81, 0xF7, 0xBE, 0x10, 0xFF, 0x81, 0x08, 0x41, 0x36, 0x00, 0x83,
    0x42, 0x08, 0xAD, 0x55, 0x2E, 0xFF, 0x81, 0xCE, 0x79, 0x0C, 0x00, 0x83, 0x08, 0x41, 0xFF, 0xDF,
    0x12, 0xFF, 0x60, 0x00, 0x81, 0xF7, 0xBE, 0x10, 0xFF, 0x81, 0x08, 0x41, 0x30, 0x00, 0x85, 0x18,
    0xE3, 0x6B, 0x6D, 0xCE, 0x59, 0x34, 0xFF, 0x81, 0x5A, 0xEB, 0x0C, 0x00, 0x81, 0x6B, 0x6D, 0x12,
    0xFF, 0x60, 0x00, 0x81, 0xF7, 0xBE, 0x10, 0xFF, 0x81, 0x08, 0x41, 0x2A, 0x00, 0x87, 0x21, 0x24,
    0x73, 0x8E, 0xBD, 0xF7, 0xFF, 0xDF, 0x38, 0xFF, 0x83, 0xEF, 0x5D, 0x08, 0x61, 0x0A, 0x00, 0x83,
    0x4A, 0x49, 0xFF, 0xDF, 0x10, 0xFF, 0x60, 0x00, 0x81, 0xF7, 0xBE, 0x10, 0xFF, 0x81, 0x08, 0x61,
    0x22, 0x00, 0x87, 0x21, 0x04, 0x4A, 0x69, 0x8C, 0x71, 0xD6, 0xBA, 0x42, 0xFF, 0x81, 0x9C, 0xF3,
    0x0A, 0x00, 0x81, 0x52, 0xAA, 0x12, 0xFF, 0x60, 0x00, 0x81, 0xF7, 0xBE, 0x10, 0xFF, 0x81, 0x08,
    0x41, 0x16, 0x00, 0x8B, 0x10, 0x82, 0x29, 0x45, 0x4A, 0x69, 0x73, 0x8E, 0xA5, 0x14, 0xDE, 0xFB,
    0x4C, 0xFF, 0x81, 0x4A, 0x49, 0x06, 0x00, 0x83, 0x08, 0x61, 0xD6, 0x9A, 0x12, 0xFF, 0x60, 0x00,
    0x81, 0xF7, 0xBE, 0x10, 0xFF, 0x99, 0x5A, 0xEB, 0x52, 0xAA, 0x52, 0xAA, 0x52, 0xAA, 0x52, 0x8A,
    0x4A, 0x49, 0x5A, 0xEB, 0x63, 0x2C, 0x7B, 0xCF, 0x8C, 0x51, 0xAD, 0x75, 0xD6, 0xBA, 0xF7, 0xBE,
    0x57, 0xFF, 0x88, 0xDF, 0x84, 0x30, 0x4A, 0x69, 0x5A, 0xEB, 0xE7, 0x3C, 0x14, 0xFF, 0x60, 0x00,
    0x81, 0xF7, 0xBE, 0x7F, 0xFF, 0x1F, 0xFF, 0x60, 0x00, 0x81, 0xF7, 0xBE, 0x7F, 0xFF, 0x1F, 0xFF,
    0x60, 0x00, 0x81, 0xF7, 0xBE, 0x7F, 0xFF, 0x1F, 0xFF, 0x60, 0x00, 0x81, 0xF7, 0xBE, 0x7F, 0xFF,
    0x1F, 0xFF, 0x60, 0x00, 0x81, 0xF7, 0xBE, 0x7F, 0xFF, 0x1F, 0xFF, 0x60, 0x00, 0x81, 0xC6, 0x38,
    0x7F, 0xFF, 0x1D, 0xFF, 0x81, 0xEF, 0x5D, 0x60, 0x00, 0x81, 0x39, 0xE7, 0x7F, 0xFF, 0x1D, 0xFF,
    0x81, 0xA5, 0x14, 0x62, 0x00, 0x81, 0x73, 0x8E, 0x7F, 0xFF, 0x19, 0xFF, 0x83, 0xC6, 0x38, 0x08,
    0x61, 0x64, 0x00, 0xFF, 0x31, 0x86, 0x7B, 0xEF, 0x94, 0xB2, 0x9C, 0xD3, 0x9C, 0xD3, 0x9C, 0xD3,
    0x9C, 0xD3, 0x9C, 0xD3, 0x9C, 0xD3, 0x9C, 0xD3, 0x9C, 0xD3, 0x9C, 0xD3, 0x9C, 0xD3, 0x9C, 0xD3,
    0x9C, 0xD3, 0x9C, 0xD3, 0x9C, 0xD3, 0x9C, 0xD3, 0x9C, 0xD3, 0x9C, 0xD3, 0x9C, 0xD3, 0x9C, 0xD3,
    0x9C, 0xD3, 0x9C, 0xD3, 0x9C, 0xD3, 0x9C, 0xD3, 0x9C, 0xD3, 0x9C, 0xD3, 0x9C, 0xD3, 0x9C, 0xD3,
    0x9C, 0xD3, 0x9C, 0xD3, 0x9C, 0xD3, 0x9C, 0xD3, 0x9C, 0xD3, 0x9C, 0xD3, 0x9C, 0xD3, 0x9C, 0xD3,
    0x9C, 0xD3, 0x9C, 0xD3, 0x9C, 0xD3, 0x9C, 0xD3, 0x9C, 0xD3, 0x9C, 0xD3, 0x9C, 0xD3, 0x9C, 0xD3,
    0x9C, 0xD3, 0x9C, 0xD3, 0x9C, 0xD3, 0x9C, 0xD3, 0x9C, 0xD3, 0x9C, 0xD3, 0x9C, 0xD3, 0x9C, 0xD3,
    0x9C, 0xD3, 0x9C, 0xD3, 0x9C, 0xD3, 0x9C, 0xD3, 0x9C, 0xD3, 0x9C, 0xD3, 0x9C, 0xD3, 0x9C, 0xD3,
    0x9C, 0xD3, 0x9C, 0xD3, 0x99, 0x9C, 0xD3, 0x9C, 0xD3, 0x9C, 0xD3, 0x9C, 0xD3, 0x9C, 0xD3, 0x9C,
    0xD3, 0x9C, 0xD3, 0x9C, 0xD3, 0x94, 0xB2, 0x9C, 0xD3, 0x8C, 0x71, 0x4A, 0x69, 0x00, 0x20, 0x7F,
    0x00, 0x7F, 0x00, 0x7F, 0x00, 0x7F, 0x00, 0x7F, 0x00, 0x7F, 0x00, 0x7F, 0x00, 0x7F, 0x00, 0x7F,
    0x00, 0x7F, 0x00, 0x6C, 0x00, 0x83, 0x18, 0xE3, 0x18, 0xC3, 0x04, 0x00, 0x85, 0x18, 0xC3, 0x31,
    0x86, 0x08, 0x41, 0x0B, 0x00, 0x88, 0x20, 0x21, 0x04, 0x21, 0x04, 0x21, 0x04, 0x00, 0x20, 0x0E,
    0x00, 0x89, 0x08, 0x61, 0x21, 0x04, 0x21, 0x04, 0x21, 0x04, 0x08, 0x41, 0x12, 0x00, 0x89, 0x18,
    0xE3, 0x21, 0x04, 0x21, 0x04, 0x21, 0x04, 0x10, 0xA2, 0x11, 0x00, 0x82, 0x20, 0x08, 0x41, 0x12,
    0x00, 0x81, 0x29, 0x45, 0x08, 0x00, 0x83, 0x21, 0x24, 0x10, 0x82, 0x0E, 0x00, 0x85, 0x10, 0x82,
    0x39, 0xE7, 0x21, 0x04, 0x62, 0x00, 0x83, 0xF7, 0x9E, 0xEF, 0x5D, 0x02, 0x00, 0x87, 0x18, 0xE3,
    0xF7, 0x9E, 0xCE, 0x79, 0x08, 0x61, 0x0A, 0x00, 0x83, 0x29, 0x65, 0xF7, 0x9E, 0x04, 0xFF, 0x83,
    0xD6, 0xBA, 0x29, 0x65, 0x0C, 0x00, 0x81, 0x6B, 0x6D, 0x06, 0xFF, 0x83, 0xF7, 0x9E, 0x63, 0x2C,
    0x0E, 0x00, 0x83, 0x10, 0xA2, 0xF7, 0xBE, 0x06, 0xFF, 0x83, 0xC6, 0x18, 0x00, 0x20, 0x0E, 0x00,
    0x83, 0x73, 0x8E, 0x63, 0x0C, 0x12, 0x00, 0x02, 0xFF, 0x81, 0x4A, 0x49, 0x06, 0x00, 0x02, 0xFF,
    0x81, 0x94, 0xB2, 0x0C, 0x00, 0x83, 0x39, 0xC7, 0xEF, 0x7D, 0x04, 0xFF, 0x81, 0xB5, 0xB6, 0x60,
    0x00, 0x83, 0xF7, 0xBE, 0xEF, 0x5D, 0x02, 0x00, 0x81, 0xC6, 0x18, 0x02, 0xFF, 0x81, 0x21, 0x24,
    0x0C, 0x00, 0x87, 0x29, 0x65, 0xFF, 0xDF, 0xB5, 0xB6, 0x5A, 0xCB, 0x02, 0xFF, 0x81, 0xC6, 0x18,
    0x0C, 0x00, 0x81, 0x73, 0x8E, 0x02, 0xFF, 0x85, 0x8C, 0x51, 0x6B, 0x6D, 0xDE, 0xDB, 0x02, 0xFF,
    0x81, 0x6B, 0x4D, 0x0C, 0x00, 0x8B, 0x18, 0xC3, 0xFF, 0xDF, 0xBD, 0xF7, 0x52, 0x8A, 0x5A, 0xCB,
    0x4A, 0x49, 0x10, 0x00, 0x04, 0xFF, 0x12, 0x00, 0x04, 0xFF, 0x81, 0x52, 0xAA, 0x04, 0x00, 0x02,
    0xFF, 0x81, 0x9C, 0xD3, 0x0A, 0x00, 0x8B, 0x08, 0x41, 0xBD, 0xF7, 0xFF, 0xDF, 0x29, 0x65, 0x73,
    0x8E, 0xB5, 0xB6, 0x60, 0x00, 0x85, 0xF7, 0xBE, 0xE7, 0x3C, 0x94, 0xB2, 0x02, 0xFF, 0x81, 0x31,
    0xA6, 0x0E, 0x00, 0x85, 0x29, 0x65, 0xFF, 0xDF, 0x7B, 0xEF, 0x02, 0x00, 0x02, 0xFF, 0x81, 0x9C,
    0xF3, 0x0C, 0x00, 0x81, 0x6B, 0x6D, 0x02, 0xFF, 0x81, 0x31, 0xA6, 0x02, 0x00, 0x87, 0x10, 0x82,
    0xD6, 0xBA, 0xE7, 0x1C, 0x10, 0xA2, 0x0A, 0x00, 0x81, 0x10, 0xA2, 0x02, 0xFF, 0x81, 0x8C, 0x51,
    0x14, 0x00, 0x81, 0x6B, 0x6D, 0x04, 0xFF, 0x81, 0x63, 0x2C, 0x10, 0x00, 0x06, 0xFF, 0x81, 0x52,
    0xAA, 0x02, 0x00, 0x02, 0xFF, 0x81, 0x9C, 0xD3, 0x0B, 0x00, 0x86, 0x20, 0xB5, 0xB6, 0xFF, 0xDF,
    0x39, 0xE7, 0x64, 0x00, 0x83, 0xF7, 0xBE, 0xFF, 0xDF, 0x02, 0xFF, 0x81, 0xA5, 0x34, 0x10, 0x00,
    0x8B, 0x29, 0x65, 0xF7, 0xBE, 0xF7, 0xBE, 0xFF, 0xDF, 0xEF, 0x5D, 0x18, 0xC3, 0x0C, 0x00, 0x81,
    0x6B, 0x6D, 0x02, 0xFF, 0x81, 0x39, 0xC7, 0x04, 0x00, 0x85, 0xB5, 0xB6, 0xF7, 0xBE, 0x31, 0x86,
    0x0A, 0x00, 0x87, 0x10, 0xA2, 0xF7, 0xBE, 0xFF, 0xDF, 0xFF, 0xDF, 0x02, 0xFF, 0x81, 0x39, 0xC7,
    0x0C, 0x00, 0x8B, 0x08, 0x41, 0xDE, 0xFB, 0xBD, 0xD7, 0xBD, 0xD7, 0xE7, 0x1C, 0x08, 0x41, 0x0E,
    0x00, 0x02, 0xFF, 0x87, 0xD6, 0x9A, 0xDE, 0xDB, 0xFF, 0xDF, 0x6B, 0x4D, 0x02, 0xFF, 0x81, 0x9C,
    0xD3, 0x0C, 0x00, 0x83, 0x29, 0x45, 0xEF, 0x5D, 0x02, 0xFF, 0x83, 0xD6, 0xBA, 0x29, 0x65, 0x60,
    0x00, 0x85, 0xF7, 0xBE, 0xE7, 0x1C, 0x9C, 0xF3, 0x02, 0xFF, 0x81, 0x39, 0xC7, 0x0E, 0x00, 0x8B,
    0x29, 0x65, 0xF7, 0xBE, 0xB5, 0x96, 0x4A, 0x49, 0xF7, 0x9E, 0x94, 0x92, 0x0C, 0x00, 0x81, 0x6B,
    0x6D, 0x02, 0xFF, 0x81, 0x39, 0xC7, 0x04, 0x00, 0x85, 0xC6, 0x38, 0xEF, 0x7D, 0x21, 0x24, 0x0A,
    0x00, 0x8B, 0x10, 0xA2, 0xFF, 0xDF, 0xE7, 0x3C, 0xB5, 0xB6, 0xC6, 0x38, 0x21, 0x24, 0x0C, 0x00,
    0x81, 0x4A, 0x49, 0x02, 0xFF, 0x83, 0x5A, 0xEB, 0x6B, 0x4D, 0x02, 0xFF, 0x81, 0x4A, 0x69, 0x0E,
    0x00, 0x02, 0xFF, 0x85, 0xBD, 0xD7, 0x10, 0xA2, 0xD6, 0x9A, 0x04, 0xFF, 0x81, 0x9C, 0xD3, 0x0F,
    0x00, 0x86, 0x20, 0x63, 0x0C, 0xF7, 0xBE, 0xE7, 0x1C, 0x60, 0x00, 0x87, 0xF7, 0xBE, 0xEF, 0x5D,
    0x00, 0x20, 0xD6, 0xBA, 0x02, 0xFF, 0x81, 0x18, 0xE3, 0x0C, 0x00, 0x85, 0x29, 0x65, 0xFF, 0xDF,
    0x7B, 0xEF, 0x02, 0x00, 0x81, 0xFF, 0xDF, 0x02, 0xFF, 0x0C, 0x00, 0x81, 0x6B, 0x6D, 0x02, 0xFF,
    0x85, 0x5A, 0xCB, 0x21, 0x04, 0x73, 0xAE, 0x02, 0xFF, 0x81, 0xB5, 0x96, 0x0C, 0x00, 0x85, 0x10,
    0xA2, 0xFF, 0xDF, 0x94, 0x92, 0x12, 0x00, 0x81, 0xD6, 0xBA, 0x03, 0xFF, 0x82, 0xDF, 0xFF, 0xDF,
    0x02, 0xFF, 0x81, 0xBD, 0xF7, 0x0E, 0x00, 0x02, 0xFF, 0x87, 0xC6, 0x18, 0x08, 0x41, 0x08, 0x61,
    0xC6, 0x38, 0x02, 0xFF, 0x81, 0x9C, 0xD3, 0x0C, 0x00, 0x83, 0x39, 0xE7, 0x29, 0x45, 0x02, 0x00,
    0x81, 0xCE, 0x59, 0x02, 0xFF, 0x60, 0x00, 0x83, 0xF7, 0xBE, 0xEF, 0x5D, 0x02, 0x00, 0x87, 0x31,
    0xA6, 0xFF, 0xDF, 0xE7, 0x1C, 0x10, 0xA2, 0x0A, 0x00, 0x83, 0x29, 0x65, 0xF7, 0xBE, 0x06, 0xFF,
    0x81, 0x94, 0x92, 0x0C, 0x00, 0x81, 0x73, 0x8E, 0x08, 0xFF, 0x83, 0xC6, 0x18, 0x08, 0x41, 0x0C,
    0x00, 0x81, 0x10, 0xA2, 0x02, 0xFF, 0x81, 0x94, 0x92, 0x10, 0x00, 0x81, 0x63, 0x0C, 0x02, 0xFF,
    0x87, 0x84, 0x10, 0x63, 0x2C, 0x63, 0x2C, 0x7B, 0xEF, 0x02, 0xFF, 0x81, 0x42, 0x08, 0x0C, 0x00,
    0x02, 0xFF, 0x83, 0xC6, 0x18, 0x08, 0x41, 0x03, 0x00, 0x84, 0x20, 0xD6, 0x9A, 0xA5, 0x14, 0x0B,
    0x00, 0x82, 0x20, 0xA5, 0x14, 0x03, 0xFF, 0x80, 0xDF, 0x02, 0xFF, 0x81, 0xBD, 0xF7, 0x60, 0x00,
    0x83, 0x63, 0x2C, 0x5A, 0xEB, 0x04, 0x00, 0x85, 0x4A, 0x69, 0x8C, 0x51, 0x18, 0xE3, 0x0A, 0x00,
    0x8B, 0x10, 0xA2, 0x63, 0x2C, 0x6B, 0x6D, 0x7B, 0xCF, 0x4A, 0x69, 0x00, 0x20, 0x0C, 0x00, 0x8B,
    0x29, 0x65, 0x6B, 0x4D, 0x6B, 0x6D, 0x73, 0xAE, 0x42, 0x28, 0x00, 0x20, 0x0E, 0x00, 0x85, 0x08,
    0x41, 0x6B, 0x4D, 0x31, 0xA6, 0x10, 0x00, 0x85, 0x63, 0x0C, 0x63, 0x2C, 0x00, 0x20, 0x05, 0x00,
    0x84, 0x20, 0x73, 0x8E, 0x4A, 0x49, 0x0C, 0x00, 0x83, 0x6B, 0x4D, 0x4A, 0x69, 0x06, 0x00, 0x83,
    0x08, 0x61, 0x4A, 0x69, 0x0C, 0x00, 0x89, 0x10, 0xA2, 0x63, 0x2C, 0xAD, 0x75, 0x73, 0xAE, 0x10,
    0x82, 0x7F, 0x00, 0x7F, 0x00, 0x7F, 0x00, 0x7F, 0x00, 0x7F, 0x00, 0x7F, 0x00, 0x7F, 0x00, 0x7F,
    0x00, 0x7F, 0x00, 0x7F, 0x00, 0x7F, 0x00, 0x7F, 0x00, 0x7F, 0x00, 0x7F, 0x00, 0x7F, 0x00, 0x7F,
    0x00, 0x7F, 0x00, 0x7F, 0x00, 0x7F, 0x00, 0x7F, 0x00, 0x7F, 0x00, 0x7F, 0x00, 0x7F, 0x00, 0x7F,
    0x00, 0x7F, 0x00, 0x7F, 0x00, 0x7F, 0x00, 0x7F, 0x00, 0x7F, 0x00, 0x7F, 0x00, 0x7F, 0x00, 0x7F,
    0x00, 0x7F, 0x00, 0x7F, 0x00, 0x7F, 0x00, 0x7F, 0x00, 0x7F, 0x00, 0x7F, 0x00, 0x7F, 0x00, 0x7F,
    0x00, 0x7F, 0x00, 0x7F, 0x00, 0x7F, 0x00, 0x7F, 0x00, 0x7F, 0x00, 0x7F, 0x00, 0x7F, 0x00, 0x7F,
    0x00, 0x7F, 0x00, 0x7F, 0x00, 0x7F, 0x00, 0x7F, 0x00, 0x7F, 0x00, 0x7F, 0x00, 0x7F, 0x00, 0x7F,
    0x00, 0x7F, 0x00, 0x7F, 0x00, 0x6A, 0x00, 0x02, 0xFD, 0x06, 0x00, 0x00, 0x08, 0x00, 0x01, 0xFF,
    0x50, 0x00, 0x05, 0xFA, 0x3F, 0x0B, 0x00, 0x7F, 0x00, 0x7F, 0x00, 0x7F, 0x00, 0x7F, 0x00, 0x7F,
    0x00, 0x7F, 0x00, 0x7F, 0x00, 0x7F, 0x00, 0x7F, 0x00, 0x7F, 0x00, 0x7F, 0x00, 0x7F, 0x00, 0x7F,
    0x00, 0x7F, 0x00, 0x7F, 0x00, 0x7F, 0x00, 0x7F, 0x00, 0x7F, 0x00, 0x7F, 0x00, 0x7F, 0x00, 0x7F,
    0x00, 0x7F, 0x00, 0x7F, 0x00, 0x7F, 0x00, 0x7F, 0x00, 0x7F, 0x00, 0x7F, 0x00, 0x7F, 0x00, 0x7F,
    0x00, 0x7F, 0x00, 0x7F, 0x00, 0x7F, 0x00, 0x7F, 0x00, 0x7F, 0x00, 0x7F, 0x00, 0x7F, 0x00, 0x7F,
    0x00, 0x7F, 0x00, 0x7F, 0x00, 0x7F, 0x00, 0x7F, 0x00, 0x7F, 0x00, 0x7F, 0x00, 0x7F, 0x00, 0x7F,
    0x00, 0x7F, 0x00, 0x7F, 0x00, 0x7F, 0x00, 0x7F, 0x00, 0x7F, 0x00, 0x7F, 0x00, 0x7F, 0x00, 0x7F,
    0x00, 0x7F, 0x00, 0x7F, 0x00, 0x7F, 0x00, 0x7F, 0x00, 0x7F, 0x00, 0x6C, 0x00, 0x83, 0x42, 0x08,
    0xEF, 0x5D, 0x7F, 0xFF, 0x17, 0xFF, 0x81, 0x8C, 0x51, 0x62, 0x00, 0x83, 0x21, 0x24, 0xFF, 0xDF,
    0x7F, 0xFF, 0x1B, 0xFF, 0x81, 0x7B, 0xEF, 0x60, 0x00, 0x81, 0xAD, 0x55, 0x7F, 0xFF, 0x1D, 0xFF,
    0x81, 0xDE, 0xFB, 0x60, 0x00, 0x81, 0xF7, 0xBE, 0x7F, 0xFF, 0x1F, 0xFF, 0x60, 0x00, 0x81, 0xF7,
    0xBE, 0x7F, 0xFF, 0x1F, 0xFF, 0x60, 0x00, 0x81, 0xF7, 0xBE, 0x7F, 0xFF, 0x1F, 0xFF, 0x60, 0x00,
    0x81, 0xF7, 0xBE, 0x7F, 0xFF, 0x1F, 0xFF, 0x60, 0x00, 0x81, 0xF7, 0xBE, 0x7F, 0xFF, 0x1F, 0xFF,
    0x60, 0x00, 0x81, 0xF7, 0xBE, 0x12, 0xFF, 0x87, 0xEF, 0x7D, 0x94, 0x92, 0x7B, 0xEF, 0xE7, 0x1C,
    0x68, 0xFF, 0x85, 0xC6, 0x38, 0x7B, 0xCF, 0x9C, 0xF3, 0x16, 0xFF, 0x60, 0x00, 0x81, 0xF7, 0xBE,
    0x10, 0xFF, 0x83, 0xDE, 0xFB, 0x18, 0xE3, 0x04, 0x00, 0x83, 0x08, 0x41, 0xAD, 0x55, 0x64, 0xFF,
    0x83, 0x7B, 0xEF, 0x00, 0x20, 0x04, 0x00, 0x83, 0x31, 0xA6, 0xF7, 0xBE, 0x12, 0xFF, 0x60, 0x00,
    0x81, 0xF7, 0xBE, 0x10, 0xFF, 0x81, 0x39, 0xC7, 0x08, 0x00, 0x83, 0x10, 0xA2, 0xEF, 0x5D, 0x60,
    0xFF, 0x81, 0xCE, 0x79, 0x0A, 0x00, 0x81, 0x6B, 0x4D, 0x12, 0xFF, 0x60, 0x00, 0x81, 0xF7, 0xBE,
    0x10, 0xFF, 0x81, 0x08, 0x61, 0x08, 0x00, 0x83, 0x08, 0x61, 0xC6, 0x38, 0x60, 0xFF, 0x81, 0x18,
    0xE3, 0x0A, 0x00, 0x83, 0x42, 0x28, 0xFF, 0xDF, 0x10, 0xFF, 0x60, 0x00, 0x81, 0xF7, 0xBE, 0x10,
    0xFF, 0x81, 0x08, 0x61, 0x08, 0x00, 0x83, 0x08, 0x41, 0xC6, 0x38, 0x5E, 0xFF, 0x81, 0x84, 0x10,
    0x0C, 0x00, 0x81, 0x5A, 0xCB, 0x12, 0xFF, 0x60, 0x00, 0x81, 0xF7, 0xBE, 0x10, 0xFF, 0x81, 0x08,
    0x41, 0x08, 0x00, 0x83, 0x08, 0x41, 0xC6, 0x38, 0x5C, 0xFF, 0x83, 0xEF, 0x7D, 0x08, 0x41, 0x0C,
    0x00, 0x81, 0xDE, 0xFB, 0x12, 0xFF, 0x60, 0x00, 0x81, 0xF7, 0xBE, 0x10, 0xFF, 0x81, 0x08, 0x41,
    0x08, 0x00, 0x83, 0x08, 0x41, 0xC6, 0x38, 0x5C, 0xFF, 0x81, 0x29, 0x65, 0x0C, 0x00, 0x81, 0x73,
    0x8E, 0x14, 0xFF, 0x60, 0x00, 0x81, 0xF7, 0xBE, 0x10, 0xFF, 0x81, 0x08, 0x41, 0x08, 0x00, 0x83,
    0x08, 0x41, 0xC6, 0x38, 0x5A, 0xFF, 0x81, 0x6B, 0x6D, 0x0C, 0x00, 0x81, 0x21, 0x24, 0x16, 0xFF,
    0x60, 0x00, 0x81, 0xF7, 0xBE, 0x10, 0xFF, 0x81, 0x08, 0x41, 0x08, 0x00, 0x83, 0x08, 0x41, 0xC6,
    0x38, 0x58, 0xFF, 0x83, 0xC6, 0x18, 0x00, 0x20, 0x0A, 0x00, 0x83, 0x08, 0x41, 0xBD, 0xF7, 0x16,
    0xFF, 0x60, 0x00, 0x81, 0xF7, 0xBE, 0x10, 0xFF, 0x81, 0x08, 0x41, 0x08, 0x00, 0x83, 0x08, 0x41,
    0xC6, 0x38, 0x56, 0xFF, 0x83, 0xF7, 0x9E, 0x08, 0x61, 0x0C, 0x00, 0x81, 0x6B, 0x6D, 0x18, 0xFF,
    0x60, 0x00, 0x81, 0xF7, 0xBE, 0x10, 0xFF, 0x81, 0x08, 0x41, 0x08, 0x00, 0x83, 0x08, 0x41, 0xC6,
    0x38, 0x54, 0xFF, 0x83, 0xF7, 0xBE, 0x31, 0x86, 0x0C, 0x00, 0x81, 0x18, 0xE3, 0x1A, 0xFF, 0x60,
    0x00, 0x81, 0xF7, 0xBE, 0x10, 0xFF, 0x81, 0x08, 0x41, 0x08, 0x00, 0x83, 0x08, 0x41, 0xC6, 0x38,
    0x54, 0xFF, 0x81, 0x4A, 0x69, 0x0C, 0x00, 0x83, 0x08, 0x61, 0xCE, 0x79, 0x1A, 0xFF, 0x60, 0x00,
    0x81, 0xF7, 0xBE, 0x10, 0xFF, 0x81, 0x08, 0x41, 0x08, 0x00, 0x83, 0x08, 0x41, 0xC6, 0x38, 0x52,
    0xFF, 0x81, 0x6B, 0x4D, 0x0E, 0x00, 0x81, 0x9C, 0xD3, 0x1C, 0xFF, 0x60, 0x00, 0x81, 0xF7, 0xBE,
    0x10, 0xFF, 0x81, 0x08, 0x41, 0x08, 0x00, 0x83, 0x08, 0x41, 0xC6, 0x38, 0x50, 0xFF, 0x83, 0x84,
    0x10, 0x00, 0x20, 0x0C, 0x00, 0x81, 0x6B, 0x6D, 0x1E, 0xFF, 0x60, 0x00, 0x81, 0xF7, 0xBE, 0x10,
    0xFF, 0x81, 0x08, 0x41, 0x08, 0x00, 0x83, 0x08, 0x41, 0xC6, 0x38, 0x4E, 0xFF, 0x81, 0x7B, 0xEF,
    0x0E, 0x00, 0x83, 0x39, 0xE7, 0xF7, 0xBE, 0x1E, 0xFF, 0x60, 0x00, 0x81, 0xF7, 0xBE, 0x10, 0xFF,
    0x81, 0x08, 0x41, 0x08, 0x00, 0x83, 0x08, 0x41, 0xC6, 0x38, 0x4C, 0xFF, 0x81, 0x94, 0xB2, 0x0E,
    0x00, 0x83, 0x18, 0xC3, 0xEF, 0x7D, 0x20, 0xFF, 0x60, 0x00, 0x81, 0xF7, 0xBE, 0x10, 0xFF, 0x81,
    0x08, 0x41, 0x08, 0x00, 0x83, 0x08, 0x41, 0xC6, 0x38, 0x4A, 0xFF, 0x81, 0x7B, 0xEF, 0x0E, 0x00,
    0x83, 0x10, 0xA2, 0xE7, 0x3C, 0x22, 0xFF, 0x60, 0x00, 0x81, 0xF7, 0xBE, 0x10, 0xFF, 0x81, 0x08,
    0x41, 0x08, 0x00, 0x83, 0x08, 0x41, 0xC6, 0x38, 0x46, 0xFF, 0x83, 0xF7, 0xBE, 0x63, 0x0C, 0x0E,
    0x00, 0x83, 0x08, 0x61, 0xCE, 0x79, 0x24, 0xFF, 0x60, 0x00, 0x81, 0xF7, 0xBE, 0x10, 0xFF, 0x81,
    0x08, 0x41, 0x08, 0x00, 0x83, 0x08, 0x41, 0xC6, 0x38, 0x45, 0xFF, 0x82, 0xDF, 0x39, 0xE7, 0x0E,
    0x00, 0x83, 0x08, 0x41, 0xC6, 0x38, 0x26, 0xFF, 0x60, 0x00, 0x81, 0xF7, 0xBE, 0x10, 0xFF, 0x81,
    0x08, 0x41, 0x08, 0x00, 0x83, 0x08, 0x41, 0xC6, 0x38, 0x42, 0xFF, 0x83, 0xD6, 0xBA, 0x21, 0x24,
    0x0E, 0x00, 0x83, 0x10, 0x82, 0xCE, 0x79, 0x28, 0xFF, 0x60, 0x00, 0x81, 0xF7, 0xBE, 0x10, 0xFF,
    0x81, 0x08, 0x41, 0x08, 0x00, 0x83, 0x08, 0x41, 0xC6, 0x38, 0x40, 0xFF, 0x83, 0xA5, 0x14, 0x08,
    0x61, 0x0E, 0x00, 0x83, 0x08, 0x61, 0xC6, 0x38, 0x2A, 0xFF, 0x60, 0x00, 0x81, 0xF7, 0xBE, 0x10,
    0xFF, 0x81, 0x08, 0x41, 0x08, 0x00, 0x83, 0x08, 0x41, 0xC6, 0x38, 0x3C, 0xFF, 0x83, 0xF7, 0x9E,
    0x5A, 0xEB, 0x10, 0x00, 0x83, 0x18, 0xE3, 0xD6, 0x9A, 0x2C, 0xFF, 0x60, 0x00, 0x81, 0xF7, 0xBE,
    0x10, 0xFF, 0x81, 0x08, 0x41, 0x08, 0x00, 0x83, 0x08, 0x41, 0xC6, 0x38, 0x3A, 0xFF, 0x83, 0xB5,
    0x96, 0x18, 0xE3, 0x10, 0x00, 0x83, 0x31, 0x86, 0xEF, 0x7D, 0x2E, 0xFF, 0x60, 0x00, 0x81, 0xF7,
    0xBE, 0x10, 0xFF, 0x81, 0x08, 0x41, 0x08, 0x00, 0x83, 0x08, 0x41, 0xC6, 0x38, 0x36, 0xFF, 0x85,
    0xEF, 0x5D, 0x52, 0x8A, 0x00, 0x20, 0x10, 0x00, 0x83, 0x52, 0x8A, 0xFF, 0xDF, 0x08, 0xFF, 0x85,
    0xEF, 0x5D, 0x52, 0xAA, 0x42, 0x08, 0x22, 0xFF, 0x60, 0x00, 0x81, 0xF7, 0xBE, 0x10, 0xFF, 0x81,
    0x08, 0x41, 0x08, 0x00, 0x83, 0x08, 0x41, 0xC6, 0x38, 0x34, 0xFF, 0x83, 0x8C, 0x71, 0x10, 0x82,
    0x12, 0x00, 0x81, 0x7B, 0xCF, 0x0A, 0xFF, 0x83, 0xA5, 0x14, 0x10, 0xA2, 0x04, 0x00, 0x81, 0x63,
    0x2C, 0x20, 0xFF, 0x60, 0x00, 0x81, 0xF7, 0xBE, 0x10, 0xFF, 0x81, 0x08, 0x41, 0x08, 0x00, 0x83,
    0x08, 0x41, 0xC6, 0x38, 0x30, 0xFF, 0x83, 0xAD, 0x75, 0x29, 0x65, 0x12, 0x00, 0x83, 0x18, 0xE3,
    0xBD, 0xD7, 0x08, 0xFF, 0x83, 0x9C, 0xF3, 0x31, 0xA6, 0x0A, 0x00, 0x81, 0xAD, 0x55, 0x1E, 0xFF,
    0x60, 0x00, 0x81, 0xF7, 0xBE, 0x10, 0xFF, 0x81, 0x08, 0x41, 0x08, 0x00, 0x83, 0x08, 0x41, 0xC6,
    0x38, 0x2B, 0xFF, 0x84, 0xDF, 0xAD, 0x75, 0x31, 0xA6, 0x14, 0x00, 0x83, 0x4A, 0x49, 0xEF, 0x7D,
    0x0A, 0xFF, 0x81, 0x31, 0xA6, 0x0E, 0x00, 0x81, 0xD6, 0xBA, 0x1C, 0xFF, 0x60, 0x00, 0x81, 0xF7,
    0xBE, 0x10, 0xFF, 0x81, 0x08, 0x41, 0x08, 0x00, 0x83, 0x08, 0x41, 0xC6, 0x38, 0x26, 0xFF, 0x85,
    0xEF, 0x7D, 0x8C, 0x51, 0x21, 0x24, 0x14, 0x00, 0x83, 0x10, 0xA2, 0x9C, 0xF3, 0x10, 0xFF, 0x81,
    0x21, 0x04, 0x0C, 0x00, 0x83, 0x18, 0xE3, 0xE7, 0x3C, 0x1A, 0xFF, 0x60, 0x00, 0x81, 0xF7, 0xBE,
    0x10, 0xFF, 0x81, 0x08, 0x41, 0x08, 0x00, 0x83, 0x08, 0x41, 0xC6, 0x38, 0x22, 0xFF, 0x85, 0xC6,
    0x18, 0x5A, 0xEB, 0x10, 0x82, 0x16, 0x00, 0x83, 0x5A, 0xCB, 0xEF, 0x7D, 0x12, 0xFF, 0x83, 0xE7,
    0x1C, 0x10, 0xA2, 0x0C, 0x00, 0x81, 0x42, 0x28, 0x1A, 0xFF, 0x60, 0x00, 0x81, 0xF7, 0xBE, 0x10,
    0xFF, 0x81, 0x08, 0x41, 0x08, 0x00, 0x83, 0x08, 0x41, 0xC6, 0x38, 0x1C, 0xFF, 0x85, 0xCE, 0x79,
    0x84, 0x30, 0x29, 0x65, 0x18, 0x00, 0x83, 0x29, 0x45, 0xAD, 0x55, 0x18, 0xFF, 0x81, 0xC6, 0x38,
    0x0E, 0x00, 0x81, 0xA5, 0x34, 0x18, 0xFF, 0x60, 0x00, 0x81, 0xF7, 0xBE, 0x10, 0xFF, 0x81, 0x08,
    0x61, 0x08, 0x00, 0x83, 0x08, 0x41, 0xC6, 0x38, 0x14, 0xFF, 0x87, 0xE7, 0x3C, 0xAD, 0x75, 0x63,
    0x2C, 0x29, 0x65, 0x1A, 0x00, 0x85, 0x10, 0xA2, 0x8C, 0x71, 0xF7, 0xBE, 0x1C, 0xFF, 0x81, 0x94,
    0xB2, 0x0C, 0x00, 0x83, 0x10, 0x82, 0xE7, 0x1C, 0x16, 0xFF, 0x60, 0x00, 0x81, 0xF7, 0xBE, 0x10,
    0xFF, 0x81, 0x08, 0x41, 0x08, 0x00, 0x83, 0x08, 0x41, 0xCE, 0x59, 0x0A, 0xFF, 0x8B, 0xDE, 0xFB,
    0xB5, 0xB6, 0x84, 0x30, 0x5A, 0xEB, 0x31, 0x86, 0x08, 0x41, 0x1C, 0x00, 0x85, 0x18, 0xE3, 0x8C,
    0x71, 0xF7, 0x9E, 0x21, 0xFF, 0x82, 0xDF, 0x4A, 0x49, 0x0C, 0x00, 0x81, 0x4A, 0x49, 0x16, 0xFF,
    0x60, 0x00, 0x81, 0xF7, 0xBE, 0x10, 0xFF, 0x81, 0x08, 0x41, 0x09, 0x00, 0x8E, 0x20, 0x5A, 0xCB,
    0x73, 0x8E, 0x52, 0xAA, 0x4A, 0x49, 0x29, 0x65, 0x18, 0xC3, 0x00, 0x20, 0x22, 0x00, 0x85, 0x29,
    0x45, 0x8C, 0x51, 0xF7, 0xBE, 0x27, 0xFF, 0x82, 0xDF, 0x10, 0xA2, 0x0C, 0x00, 0x81, 0xAD, 0x75,
    0x14, 0xFF, 0x60, 0x00, 0x81, 0xF7, 0xBE, 0x10, 0xFF, 0x81, 0x08, 0x41, 0x36, 0x00, 0x83, 0x42,
    0x08, 0xAD, 0x55, 0x2E, 0xFF, 0x81, 0xCE, 0x79, 0x0C, 0x00, 0x83, 0x08, 0x41, 0xFF, 0xDF, 0x12,
    0xFF, 0x60, 0x00, 0x81, 0xF7, 0xBE, 0x10, 0xFF, 0x81, 0x08, 0x41, 0x30, 0x00, 0x85, 0x18, 0xE3,
    0x6B, 0x6D, 0xCE, 0x59, 0x34, 0xFF, 0x81, 0x5A, 0xEB, 0x0C, 0x00, 0x81, 0x6B, 0x6D, 0x12, 0xFF,
    0x60, 0x00, 0x81, 0xF7, 0xBE, 0x10, 0xFF, 0x81, 0x08, 0x41, 0x2A, 0x00, 0x87, 0x21, 0x24, 0x73,
    0x8E, 0xBD, 0xF7, 0xFF, 0xDF, 0x38, 0xFF, 0x83, 0xEF, 0x5D, 0x08, 0x61, 0x0A, 0x00, 0x83, 0x4A,
    0x49, 0xFF, 0xDF, 0x10, 0xFF, 0x60, 0x00, 0x81, 0xF7, 0xBE, 0x10, 0xFF, 0x81, 0x08, 0x61, 0x22,
    0x00, 0x87, 0x21, 0x04, 0x4A, 0x69, 0x8C, 0x71, 0xD6, 0xBA, 0x42, 0xFF, 0x81, 0x9C, 0xF3, 0x0A,
    0x00, 0x81, 0x52, 0xAA, 0x12, 0xFF, 0x60, 0x00, 0x81, 0xF7, 0xBE, 0x10, 0xFF, 0x81, 0x08, 0x41,
    0x16, 0x00, 0x8B, 0x10, 0x82, 0x29, 0x45, 0x4A, 0x69, 0x73, 0x8E, 0xA5, 0x14, 0xDE, 0xFB, 0x4C,
    0xFF, 0x81, 0x4A, 0x49, 0x06, 0x00, 0x83, 0x08, 0x61, 0xD6, 0x9A, 0x12, 0xFF, 0x60, 0x00, 0x81,
    0xF7, 0xBE, 0x10, 0xFF, 0x99, 0x5A, 0xEB, 0x52, 0xAA, 0x52, 0xAA, 0x52, 0xAA, 0x52, 0x8A, 0x4A,
    0x49, 0x5A, 0xEB, 0x63, 0x2C, 0x7B, 0xCF, 0x8C, 0x51, 0xAD, 0x75, 0xD6, 0xBA, 0xF7, 0xBE, 0x57,
    0xFF, 0x88, 0xDF, 0x84, 0x30, 0x4A, 0x69, 0x5A, 0xEB, 0xE7, 0x3C, 0x14, 0xFF, 0x60, 0x00, 0x81,
    0xF7, 0xBE, 0x7F, 0xFF, 0x1F, 0xFF, 0x60, 0x00, 0x81, 0xF7, 0xBE, 0x7F, 0xFF, 0x1F, 0xFF, 0x60,
    0x00, 0x81, 0xF7, 0xBE, 0x7F, 0xFF, 0x1F, 0xFF, 0x60, 0x00, 0x81, 0xF7, 0xBE, 0x7F, 0xFF, 0x1F,
    0xFF, 0x60, 0x00, 0x81, 0xF7, 0xBE, 0x7F, 0xFF, 0x1F, 0xFF, 0x60, 0x00, 0x81, 0xC6, 0x38, 0x7F,
    0xFF, 0x1D, 0xFF, 0x81, 0xEF, 0x5D, 0x60, 0x00, 0x81, 0x39, 0xE7, 0x7F, 0xFF, 0x1D, 0xFF, 0x81,
    0xA5, 0x14, 0x62, 0x00, 0x81, 0x73, 0x8E, 0x7F, 0xFF, 0x19, 0xFF, 0x83, 0xC6, 0x38, 0x08, 0x61,
    0x64, 0x00, 0xFF, 0x31, 0x86, 0x7B, 0xEF, 0x94, 0xB2, 0x9C, 0xD3, 0x9C, 0xD3, 0x9C, 0xD3, 0x9C,
    0xD3, 0x9C, 0xD3, 0x9C, 0xD3, 0x9C, 0xD3, 0x9C, 0xD3, 0x9C, 0xD3, 0x9C, 0xD3, 0x9C, 0xD3, 0x9C,
    0xD3, 0x9C, 0xD3, 0x9C, 0xD3, 0x9C, 0xD3, 0x9C, 0xD3, 0x9C, 0xD3, 0x9C, 0xD3, 0x9C, 0xD3, 0x9C,
    0xD3, 0x9C, 0xD3, 0x9C, 0xD3, 0x9C, 0xD3, 0x9C, 0xD3, 0x9C, 0xD3, 0x9C, 0xD3, 0x9C, 0xD3, 0x9C,
    0xD3, 0x9C, 0xD3, 0x9C, 0xD3, 0x9C, 0xD3, 0x9C, 0xD3, 0x9C, 0xD3, 0x9C, 0xD3, 0x9C, 0xD3, 0x9C,
    0xD3, 0x9C, 0xD3, 0x9C, 0xD3, 0x9C, 0xD3, 0x9C, 0xD3, 0x9C, 0xD3, 0x9C, 0xD3, 0x9C, 0xD3, 0x9C,
    0xD3, 0x9C, 0xD3, 0x9C, 0xD3, 0x9C, 0xD3, 0x9C, 0xD3, 0x9C, 0xD3, 0x9C, 0xD3, 0x9C, 0xD3, 0x9C,
    0xD3, 0x9C, 0xD3, 0x9C, 0xD3, 0x9C, 0xD3, 0x9C, 0xD3, 0x9C, 0xD3, 0x9C, 0xD3, 0x9C, 0xD3, 0x9C,
    0xD3, 0x9C, 0xD3, 0x99, 0x9C, 0xD3, 0x9C, 0xD3, 0x9C, 0xD3, 0x9C, 0xD3, 0x9C, 0xD3, 0x9C, 0xD3,
    0x9C, 0xD3, 0x9C, 0xD3, 0x94, 0xB2, 0x9C, 0xD3, 0x8C, 0x71, 0x4A, 0x69, 0x00, 0x20, 0x7F, 0x00,
    0x7F, 0x00, 0x7F, 0x00, 0x7F, 0x00, 0x7F, 0x00, 0x7F, 0x00, 0x7F, 0x00, 0x7F, 0x00, 0x7F, 0x00,
    0x7F, 0x00, 0x6C, 0x00, 0x83, 0x18, 0xE3, 0x18, 0xC3, 0x04, 0x00, 0x85, 0x18, 0xC3, 0x31, 0x86,
    0x08, 0x41, 0x0B, 0x00, 0x88, 0x20, 0x21, 0x04, 0x21, 0x04, 0x21, 0x04, 0x00, 0x20, 0x0E, 0x00,
    0x89, 0x08, 0x61, 0x21, 0x04, 0x21, 0x04, 0x21, 0x04, 0x08, 0x41, 0x12, 0x00, 0x89, 0x18, 0xE3,
    0x21, 0x04, 0x21, 0x04, 0x21, 0x04, 0x10, 0xA2, 0x11, 0x00, 0x82, 0x20, 0x08, 0x41, 0x12, 0x00,
    0x81, 0x29, 0x45, 0x08, 0x00, 0x83, 0x21, 0x24, 0x10, 0x82, 0x0E, 0x00, 0x85, 0x10, 0x82, 0x39,
    0xE7, 0x21, 0x04, 0x62, 0x00, 0x83, 0xF7, 0x9E, 0xEF, 0x5D, 0x02, 0x00, 0x87, 0x18, 0xE3, 0xF7,
    0x9E, 0xCE, 0x79, 0x08, 0x61, 0x0A, 0x00, 0x83, 0x29, 0x65, 0xF7, 0x9E, 0x04, 0xFF, 0x83, 0xD6,
    0xBA, 0x29, 0x65, 0x0C, 0x00, 0x81, 0x6B, 0x6D, 0x06, 0xFF, 0x83, 0xF7, 0x9E, 0x63, 0x2C, 0x0E,
    0x00, 0x83, 0x10, 0xA2, 0xF7, 0xBE, 0x06, 0xFF, 0x83, 0xC6, 0x18, 0x00, 0x20, 0x0E, 0x00, 0x83,
    0x73, 0x8E, 0x63, 0x0C, 0x12, 0x00, 0x02, 0xFF, 0x81, 0x4A, 0x49, 0x06, 0x00, 0x02, 0xFF, 0x81,
    0x94, 0xB2, 0x0C, 0x00, 0x83, 0x39, 0xC7, 0xEF, 0x7D, 0x04, 0xFF, 0x81, 0xB5, 0xB6, 0x60, 0x00,
    0x83, 0xF7, 0xBE, 0xEF, 0x5D, 0x02, 0x00, 0x81, 0xC6, 0x18, 0x02, 0xFF, 0x81, 0x21, 0x24, 0x0C,
    0x00, 0x87, 0x29, 0x65, 0xFF, 0xDF, 0xB5, 0xB6, 0x5A, 0xCB, 0x02, 0xFF, 0x81, 0xC6, 0x18, 0x0C,
    0x00, 0x81, 0x73, 0x8E, 0x02, 0xFF, 0x85, 0x8C, 0x51, 0x6B, 0x6D, 0xDE, 0xDB, 0x02, 0xFF, 0x81,
    0x6B, 0x4D, 0x0C, 0x00, 0x8B, 0x18, 0xC3, 0xFF, 0xDF, 0xBD, 0xF7, 0x52, 0x8A, 0x5A, 0xCB, 0x4A,
    0x49, 0x10, 0x00, 0x04, 0xFF, 0x12, 0x00, 0x04, 0xFF, 0x81, 0x52, 0xAA, 0x04, 0x00, 0x02, 0xFF,
    0x81, 0x9C, 0xD3, 0x0A, 0x00, 0x8B, 0x08, 0x41, 0xBD, 0xF7, 0xFF, 0xDF, 0x29, 0x65, 0x73, 0x8E,
    0xB5, 0xB6, 0x60, 0x00, 0x85, 0xF7, 0xBE, 0xE7, 0x3C, 0x94, 0xB2, 0x02, 0xFF, 0x81, 0x31, 0xA6,
    0x0E, 0x00, 0x85, 0x29, 0x65, 0xFF, 0xDF, 0x7B, 0xEF, 0x02, 0x00, 0x02, 0xFF, 0x81, 0x9C, 0xF3,
    0x0C, 0x00, 0x81, 0x6B, 0x6D, 0x02, 0xFF, 0x81, 0x31, 0xA6, 0x02, 0x00, 0x87, 0x10, 0x82, 0xD6,
    0xBA, 0xE7, 0x1C, 0x10, 0xA2, 0x0A, 0x00, 0x81, 0x10, 0xA2, 0x02, 0xFF, 0x81, 0x8C, 0x51, 0x14,
    0x00, 0x81, 0x6B, 0x6D, 0x04, 0xFF, 0x81, 0x63, 0x2C, 0x10, 0x00, 0x06, 0xFF, 0x81, 0x52, 0xAA,
    0x02, 0x00, 0x02, 0xFF, 0x81, 0x9C, 0xD3, 0x0B, 0x00, 0x86, 0x20, 0xB5, 0xB6, 0xFF, 0xDF, 0x39,
    0xE7, 0x64, 0x00, 0x83, 0xF7, 0xBE, 0xFF, 0xDF, 0x02, 0xFF, 0x81, 0xA5, 0x34, 0x10, 0x00, 0x8B,
    0x29, 0x65, 0xF7, 0xBE, 0xF7, 0xBE, 0xFF, 0xDF, 0xEF, 0x5D, 0x18, 0xC3, 0x0C, 0x00, 0x81, 0x6B,
    0x6D, 0x02, 0xFF, 0x81, 0x39, 0xC7, 0x04, 0x00, 0x85, 0xB5, 0xB6, 0xF7, 0xBE, 0x31, 0x86, 0x0A,
    0x00, 0x87, 0x10, 0xA2, 0xF7, 0xBE, 0xFF, 0xDF, 0xFF, 0xDF, 0x02, 0xFF, 0x81, 0x39, 0xC7, 0x0C,
    0x00, 0x8B, 0x08, 0x41, 0xDE, 0xFB, 0xBD, 0xD7, 0xBD, 0xD7, 0xE7, 0x1C, 0x08, 0x41, 0x0E, 0x00,
    0x02, 0xFF, 0x87, 0xD6, 0x9A, 0xDE, 0xDB, 0xFF, 0xDF, 0x6B, 0x4D, 0x02, 0xFF, 0x81, 0x9C, 0xD3,
    0x0C, 0x00, 0x83, 0x29, 0x45, 0xEF, 0x5D, 0x02, 0xFF, 0x83, 0xD6, 0xBA, 0x29, 0x65, 0x60, 0x00,
    0x85, 0xF7, 0xBE, 0xE7, 0x1C, 0x9C, 0xF3, 0x02, 0xFF, 0x81, 0x39, 0xC7, 0x0E, 0x00, 0x8B, 0x29,
    0x65, 0xF7, 0xBE, 0xB5, 0x96, 0x4A, 0x49, 0xF7, 0x9E, 0x94, 0x92, 0x0C, 0x00, 0x81, 0x6B, 0x6D,
    0x02, 0xFF, 0x81, 0x39, 0xC7, 0x04, 0x00, 0x85, 0xC6, 0x38, 0xEF, 0x7D, 0x21, 0x24, 0x0A, 0x00,
    0x8B, 0x10, 0xA2, 0xFF, 0xDF, 0xE7, 0x3C, 0xB5, 0xB6, 0xC6, 0x38, 0x21, 0x24, 0x0C, 0x00, 0x81,
    0x4A, 0x49, 0x02, 0xFF, 0x83, 0x5A, 0xEB, 0x6B, 0x4D, 0x02, 0xFF, 0x81, 0x4A, 0x69, 0x0E, 0x00,
    0x02, 0xFF, 0x85, 0xBD, 0xD7, 0x10, 0xA2, 0xD6, 0x9A, 0x04, 0xFF, 0x81, 0x9C, 0xD3, 0x0F, 0x00,
    0x86, 0x20, 0x63, 0x0C, 0xF7, 0xBE, 0xE7, 0x1C, 0x60, 0x00, 0x87, 0xF7, 0xBE, 0xEF, 0x5D, 0x00,
    0x20, 0xD6, 0xBA, 0x02, 0xFF, 0x81, 0x18, 0xE3, 0x0C, 0x00, 0x85, 0x29, 0x65, 0xFF, 0xDF, 0x7B,
    0xEF, 0x02, 0x00, 0x81, 0xFF, 0xDF, 0x02, 0xFF, 0x0C, 0x00, 0x81, 0x6B, 0x6D, 0x02, 0xFF, 0x85,
    0x5A, 0xCB, 0x21, 0x04, 0x73, 0xAE, 0x02, 0xFF, 0x81, 0xB5, 0x96, 0x0C, 0x00, 0x85, 0x10, 0xA2,
    0xFF, 0xDF, 0x94, 0x92, 0x12, 0x00, 0x81, 0xD6, 0xBA, 0x03, 0xFF, 0x82, 0xDF, 0xFF, 0xDF, 0x02,
    0xFF, 0x81, 0xBD, 0xF7, 0x0E, 0x00, 0x02, 0xFF, 0x87, 0xC6, 0x18, 0x08, 0x41, 0x08, 0x61, 0xC6,
    0x38, 0x02, 0xFF, 0x81, 0x9C, 0xD3, 0x0C, 0x00, 0x83, 0x39, 0xE7, 0x29, 0x45, 0x02, 0x00, 0x81,
    0xCE, 0x59, 0x02, 0xFF, 0x60, 0x00, 0x83, 0xF7, 0xBE, 0xEF, 0x5D, 0x02, 0x00, 0x87, 0x31, 0xA6,
    0xFF, 0xDF, 0xE7, 0x1C, 0x10, 0xA2, 0x0A, 0x00, 0x83, 0x29, 0x65, 0xF7, 0xBE, 0x06, 0xFF, 0x81,
    0x94, 0x92, 0x0C, 0x00, 0x81, 0x73, 0x8E, 0x08, 0xFF, 0x83, 0xC6, 0x18, 0x08, 0x41, 0x0C, 0x00,
    0x81, 0x10, 0xA2, 0x02, 0xFF, 0x81, 0x94, 0x92, 0x10, 0x00, 0x81, 0x63, 0x0C, 0x02, 0xFF, 0x87,
    0x84, 0x10, 0x63, 0x2C, 0x63, 0x2C, 0x7B, 0xEF, 0x02, 0xFF, 0x81, 0x42, 0x08, 0x0C, 0x00, 0x02,
    0xFF, 0x83, 0xC6, 0x18, 0x08, 0x41, 0x03, 0x00, 0x84, 0x20, 0xD6, 0x9A, 0xA5, 0x14, 0x0B, 0x00,
    0x82, 0x20, 0xA5, 0x14, 0x03, 0xFF, 0x80, 0xDF, 0x02, 0xFF, 0x81, 0xBD, 0xF7, 0x60, 0x00, 0x83,
    0x63, 0x2C, 0x5A, 0xEB, 0x04, 0x00, 0x85, 0x4A, 0x69, 0x8C, 0x51, 0x18, 0xE3, 0x0A, 0x00, 0x8B,
    0x10, 0xA2, 0x63, 0x2C, 0x6B, 0x6D, 0x7B, 0xCF, 0x4A, 0x69, 0x00, 0x20, 0x0C, 0x00, 0x8B, 0x29,
    0x65, 0x6B, 0x4D, 0x6B, 0x6D, 0x73, 0xAE, 0x42, 0x28, 0x00, 0x20, 0x0E, 0x00, 0x85, 0x08, 0x41,
    0x6B, 0x4D, 0x31, 0xA6, 0x10, 0x00, 0x85, 0x63, 0x0C, 0x63, 0x2C, 0x00, 0x20, 0x05, 0x00, 0x84,
    0x20, 0x73, 0x8E, 0x4A, 0x49, 0x0C, 0x00, 0x83, 0x6B, 0x4D, 0x4A, 0x69, 0x06, 0x00, 0x83, 0x08,
    0x61, 0x4A, 0x69, 0x0C, 0x00, 0x89, 0x10, 0xA2, 0x63, 0x2C, 0xAD, 0x75, 0x73, 0xAE, 0x10, 0x82,
    0x7F, 0x00, 0x7F, 0x00, 0x7F, 0x00, 0x7F, 0x00, 0x7F, 0x00, 0x7F, 0x00, 0x7F, 0x00, 0x7F, 0x00,
    0x7F, 0x00, 0x7F, 0x00, 0x7F, 0x00, 0x7F, 0x00, 0x7F, 0x00, 0x7F, 0x00, 0x7F, 0x00, 0x7F, 0x00,
    0x7F, 0x00, 0x7F, 0x00, 0x7F, 0x00, 0x7F, 0x00, 0x7F, 0x00, 0x7F, 0x00, 0x7F, 0x00, 0x7F, 0x00,
    0x7F, 0x00, 0x7F, 0x00, 0x7F, 0x00, 0x7F, 0x00, 0x7F, 0x00, 0x7F, 0x00, 0x7F, 0x00, 0x7F, 0x00,
    0x7F, 0x00, 0x7F, 0x00, 0x7F, 0x00, 0x7F, 0x00, 0x7F, 0x00, 0x7F, 0x00, 0x7F, 0x00, 0x7F, 0x00,
    0x7F, 0x00, 0x7F, 0x00, 0x7F, 0x00, 0x7F, 0x00, 0x7F, 0x00, 0x7F, 0x00, 0x7F, 0x00, 0x7F, 0x00,
    0x7F, 0x00, 0x7F, 0x00, 0x7F, 0x00, 0x7F, 0x00, 0x7F, 0x00, 0x7F, 0x00, 0x7F, 0x00, 0x7F, 0x00,
    0x7F, 0x00, 0x7F, 0x00, 0x6A, 0x00, 0x02, 0xFD, 0x06, 0x00, 0x00, 0x08, 0x00, 0x01, 0xFF, 0x5A,
    0x00, 0x05, 0xFA, 0x3F, 0x0B, 0x00, 0x7F, 0x00, 0x7F, 0x00, 0x7F, 0x00, 0x7F, 0x00, 0x7F, 0x00,
    0x7F, 0x00, 0x7F, 0x00, 0x7F, 0x00, 0x7F, 0x00, 0x7F, 0x00, 0x7F, 0x00, 0x7F, 0x00, 0x7F, 0x00,
    0x7F, 0x00, 0x7F, 0x00, 0x7F, 0x00, 0x7F, 0x00, 0x7F, 0x00, 0x7F, 0x00, 0x7F, 0x00, 0x7F, 0x00,
    0x7F, 0x00, 0x7F, 0x00, 0x7F, 0x00, 0x7F, 0x00, 0x7F, 0x00, 0x7F, 0x00, 0x7F, 0x00, 0x7F, 0x00,
    0x7F, 0x00, 0x7F, 0x00, 0x7F, 0x00, 0x7F, 0x00, 0x7F, 0x00, 0x7F, 0x00, 0x7F, 0x00, 0x7F, 0x00,
    0x7F, 0x00, 0x7F, 0x00, 0x7F, 0x00, 0x7F, 0x00, 0x7F, 0x00, 0x7F, 0x00, 0x7F, 0x00, 0x7F, 0x00,
    0x7F, 0x00, 0x7F, 0x00, 0x7F, 0x00, 0x7F, 0x00, 0x7F, 0x00, 0x7F, 0x00, 0x7F, 0x00, 0x7F, 0x00,
    0x7F, 0x00, 0x7F, 0x00, 0x7F, 0x00, 0x7F, 0x00, 0x7F, 0x00, 0x6C, 0x00, 0x83, 0x42, 0x08, 0xEF,
    0x5D, 0x7F, 0xFF, 0x17, 0xFF, 0x81, 0x8C, 0x51, 0x62, 0x00, 0x83, 0x21, 0x24, 0xFF, 0xDF, 0x7F,
    0xFF, 0x1B, 0xFF, 0x81, 0x7B, 0xEF, 0x60, 0x00, 0x81, 0xAD, 0x55, 0x7F, 0xFF, 0x1D, 0xFF, 0x81,
    0xDE, 0xFB, 0x60, 0x00, 0x81, 0xF7, 0xBE, 0x7F, 0xFF, 0x1F, 0xFF, 0x60, 0x00, 0x81, 0xF7, 0xBE,
    0x7F, 0xFF, 0x1F, 0xFF, 0x60, 0x00, 0x81, 0xF7, 0xBE, 0x7F, 0xFF, 0x1F, 0xFF, 0x60, 0x00, 0x81,
    0xF7, 0xBE, 0x7F, 0xFF, 0x1F, 0xFF, 0x60, 0x00, 0x81, 0xF7, 0xBE, 0x7F, 0xFF, 0x1F, 0xFF, 0x60,
    0x00, 0x81, 0xF7, 0xBE, 0x12, 0xFF, 0x87, 0xEF, 0x7D, 0x94, 0x92, 0x7B, 0xEF, 0xE7, 0x1C, 0x68,
    0xFF, 0x85, 0xC6, 0x38, 0x7B, 0xCF, 0x9C, 0xF3, 0x16, 0xFF, 0x60, 0x00, 0x81, 0xF7, 0xBE, 0x10,
    0xFF, 0x83, 0xDE, 0xFB, 0x18, 0xE3, 0x04, 0x00, 0x83, 0x08, 0x41, 0xAD, 0x55, 0x64, 0xFF, 0x83,
    0x7B, 0xEF, 0x00, 0x20, 0x04, 0x00, 0x83, 0x31, 0xA6, 0xF7, 0xBE, 0x12, 0xFF, 0x60, 0x00, 0x81,
    0xF7, 0xBE, 0x10, 0xFF, 0x81, 0x39, 0xC7, 0x08, 0x00, 0x83, 0x10, 0xA2, 0xEF, 0x5D, 0x60, 0xFF,
    0x81, 0xCE, 0x79, 0x0A, 0x00, 0x81, 0x6B, 0x4D, 0x12, 0xFF, 0x60, 0x00, 0x81, 0xF7, 0xBE, 0x10,
    0xFF, 0x81, 0x08, 0x61, 0x08, 0x00, 0x83, 0x08, 0x61, 0xC6, 0x38, 0x60, 0xFF, 0x81, 0x18, 0xE3,
    0x0A, 0x00, 0x83, 0x42, 0x28, 0xFF, 0xDF, 0x10, 0xFF, 0x60, 0x00, 0x81, 0xF7, 0xBE, 0x10, 0xFF,
    0x81, 0x08, 0x61, 0x08, 0x00, 0x83, 0x08, 0x41, 0xC6, 0x38, 0x5E, 0xFF, 0x81, 0x84, 0x10, 0x0C,
    0x00, 0x81, 0x5A, 0xCB, 0x12, 0xFF, 0x60, 0x00, 0x81, 0xF7, 0xBE, 0x10, 0xFF, 0x81, 0x08, 0x41,
    0x08, 0x00, 0x83, 0x08, 0x41, 0xC6, 0x38, 0x5C, 0xFF, 0x83, 0xEF, 0x7D, 0x08, 0x41, 0x0C, 0x00,
    0x81, 0xDE, 0xFB, 0x12, 0xFF, 0x60, 0x00, 0x81, 0xF7, 0xBE, 0x10, 0xFF, 0x81, 0x08, 0x41, 0x08,
    0x00, 0x83, 0x08, 0x41, 0xC6, 0x38, 0x5C, 0xFF, 0x81, 0x29, 0x65, 0x0C, 0x00, 0x81, 0x73, 0x8E,
    0x14, 0xFF, 0x60, 0x00, 0x81, 0xF7, 0xBE, 0x10, 0xFF, 0x81, 0x08, 0x41, 0x08, 0x00, 0x83, 0x08,
    0x41, 0xC6, 0x38, 0x5A, 0xFF, 0x81, 0x6B, 0x6D, 0x0C, 0x00, 0x81, 0x21, 0x24, 0x16, 0xFF, 0x60,
    0x00, 0x81, 0xF7, 0xBE, 0x10, 0xFF, 0x81, 0x08, 0x41, 0x08, 0x00, 0x83, 0x08, 0x41, 0xC6, 0x38,
    0x58, 0xFF, 0x83, 0xC6, 0x18, 0x00, 0x20, 0x0A, 0x00, 0x83, 0x08, 0x41, 0xBD, 0xF7, 0x16, 0xFF,
    0x60, 0x00, 0x81, 0xF7, 0xBE, 0x10, 0xFF, 0x81, 0x08, 0x41, 0x08, 0x00, 0x83, 0x08, 0x41, 0xC6,
    0x38, 0x56, 0xFF, 0x83, 0xF7, 0x9E, 0x08, 0x61, 0x0C, 0x00, 0x81, 0x6B, 0x6D, 0x18, 0xFF, 0x60,
    0x00, 0x81, 0xF7, 0xBE, 0x10, 0xFF, 0x81, 0x08, 0x41, 0x08, 0x00, 0x83, 0x08, 0x41, 0xC6, 0x38,
    0x54, 0xFF, 0x83, 0xF7, 0xBE, 0x31, 0x86, 0x0C, 0x00, 0x81, 0x18, 0xE3, 0x1A, 0xFF, 0x60, 0x00,
    0x81, 0xF7, 0xBE, 0x10, 0xFF, 0x81, 0x08, 0x41, 0x08, 0x00, 0x83, 0x08, 0x41, 0xC6, 0x38, 0x54,
    0xFF, 0x81, 0x4A, 0x69, 0x0C, 0x00, 0x83, 0x08, 0x61, 0xCE, 0x79, 0x1A, 0xFF, 0x60, 0x00, 0x81,
    0xF7, 0xBE, 0x10, 0xFF, 0x81, 0x08, 0x41, 0x08, 0x00, 0x83, 0x08, 0x41, 0xC6, 0x38, 0x52, 0xFF,
    0x81, 0x6B, 0x4D, 0x0E, 0x00, 0x81, 0x9C, 0xD3, 0x1C, 0xFF, 0x60, 0x00, 0x81, 0xF7, 0xBE, 0x10,
    0xFF, 0x81, 0x08, 0x41, 0x08, 0x00, 0x83, 0x08, 0x41, 0xC6, 0x38, 0x50, 0xFF, 0x83, 0x84, 0x10,
    0x00, 0x20, 0x0C, 0x00, 0x81, 0x6B, 0x6D, 0x1E, 0xFF, 0x60, 0x00, 0x81, 0xF7, 0xBE, 0x10, 0xFF,
    0x81, 0x08, 0x41, 0x08, 0x00, 0x83, 0x08, 0x41, 0xC6, 0x38, 0x4E, 0xFF, 0x81, 0x7B, 0xEF, 0x0E,
    0x00, 0x83, 0x39, 0xE7, 0xF7, 0xBE, 0x1E, 0xFF, 0x60, 0x00, 0x81, 0xF7, 0xBE, 0x10, 0xFF, 0x81,
    0x08, 0x41, 0x08, 0x00, 0x83, 0x08, 0x41, 0xC6, 0x38, 0x4C, 0xFF, 0x81, 0x94, 0xB2, 0x0E, 0x00,
    0x83, 0x18, 0xC3, 0xEF, 0x7D, 0x20, 0xFF, 0x60, 0x00, 0x81, 0xF7, 0xBE, 0x10, 0xFF, 0x81, 0x08,
    0x41, 0x08, 0x00, 0x83, 0x08, 0x41, 0xC6, 0x38, 0x4A, 0xFF, 0x81, 0x7B, 0xEF, 0x0E, 0x00, 0x83,
    0x10, 0xA2, 0xE7, 0x3C, 0x22, 0xFF, 0x60, 0x00, 0x81, 0xF7, 0xBE, 0x10, 0xFF, 0x81, 0x08, 0x41,
    0x08, 0x00, 0x83, 0x08, 0x41, 0xC6, 0x38, 0x46, 0xFF, 0x83, 0xF7, 0xBE, 0x63, 0x0C, 0x0E, 0x00,
    0x83, 0x08, 0x61, 0xCE, 0x79, 0x24, 0xFF, 0x60, 0x00, 0x81, 0xF7, 0xBE, 0x10, 0xFF, 0x81, 0x08,
    0x41, 0x08, 0x00, 0x83, 0x08, 0x41, 0xC6, 0x38, 0x45, 0xFF, 0x82, 0xDF, 0x39, 0xE7, 0x0E, 0x00,
    0x83, 0x08, 0x41, 0xC6, 0x38, 0x26, 0xFF, 0x60, 0x00, 0x81, 0xF7, 0xBE, 0x10, 0xFF, 0x81, 0x08,
    0x41, 0x08, 0x00, 0x83, 0x08, 0x41, 0xC6, 0x38, 0x42, 0xFF, 0x83, 0xD6, 0xBA, 0x21, 0x24, 0x0E,
    0x00, 0x83, 0x10, 0x82, 0xCE, 0x79, 0x28, 0xFF, 0x60, 0x00, 0x81, 0xF7, 0xBE, 0x10, 0xFF, 0x81,
    0x08, 0x41, 0x08, 0x00, 0x83, 0x08, 0x41, 0xC6, 0x38, 0x40, 0xFF, 0x83, 0xA5, 0x14, 0x08, 0x61,
    0x0E, 0x00, 0x83, 0x08, 0x61, 0xC6, 0x38, 0x2A, 0xFF, 0x60, 0x00, 0x81, 0xF7, 0xBE, 0x10, 0xFF,
    0x81, 0x08, 0x41, 0x08, 0x00, 0x83, 0x08, 0x41, 0xC6, 0x38, 0x3C, 0xFF, 0x83, 0xF7, 0x9E, 0x5A,
    0xEB, 0x10, 0x00, 0x83, 0x18, 0xE3, 0xD6, 0x9A, 0x2C, 0xFF, 0x60, 0x00, 0x81, 0xF7, 0xBE, 0x10,
    0xFF, 0x81, 0x08, 0x41, 0x08, 0x00, 0x83, 0x08, 0x41, 0xC6, 0x38, 0x3A, 0xFF, 0x83, 0xB5, 0x96,
    0x18, 0xE3, 0x10, 0x00, 0x83, 0x31, 0x86, 0xEF, 0x7D, 0x2E, 0xFF, 0x60, 0x00, 0x81, 0xF7, 0xBE,
    0x10, 0xFF, 0x81, 0x08, 0x41, 0x08, 0x00, 0x83, 0x08, 0x41, 0xC6, 0x38, 0x36, 0xFF, 0x85, 0xEF,
    0x5D, 0x52, 0x8A, 0x00, 0x20, 0x10, 0x00, 0x83, 0x52, 0x8A, 0xFF, 0xDF, 0x08, 0xFF, 0x85, 0xEF,
    0x5D, 0x52, 0xAA, 0x42, 0x08, 0x22, 0xFF, 0x60, 0x00, 0x81, 0xF7, 0xBE, 0x10, 0xFF, 0x81, 0x08,
    0x41, 0x08, 0x00, 0x83, 0x08, 0x41, 0xC6, 0x38, 0x34, 0xFF, 0x83, 0x8C, 0x71, 0x10, 0x82, 0x12,
    0x00, 0x81, 0x7B, 0xCF, 0x0A, 0xFF, 0x83, 0xA5, 0x14, 0x10, 0xA2, 0x04, 0x00, 0x81, 0x63, 0x2C,
    0x20, 0xFF, 0x60, 0x00, 0x81, 0xF7, 0xBE, 0x10, 0xFF, 0x81, 0x08, 0x41, 0x08, 0x00, 0x83, 0x08,
    0x41, 0xC6, 0x38, 0x30, 0xFF, 0x83, 0xAD, 0x75, 0x29, 0x65, 0x12, 0x00, 0x83, 0x18, 0xE3, 0xBD,
    0xD7, 0x08, 0xFF, 0x83, 0x9C, 0xF3, 0x31, 0xA6, 0x0A, 0x00, 0x81, 0xAD, 0x55, 0x1E, 0xFF, 0x60,
    0x00, 0x81, 0xF7, 0xBE, 0x10, 0xFF, 0x81, 0x08, 0x41, 0x08, 0x00, 0x83, 0x08, 0x41, 0xC6, 0x38,
    0x2B, 0xFF, 0x84, 0xDF, 0xAD, 0x75, 0x31, 0xA6, 0x14, 0x00, 0x83, 0x4A, 0x49, 0xEF, 0x7D, 0x0A,
    0xFF, 0x81, 0x31, 0xA6, 0x0E, 0x00, 0x81, 0xD6, 0xBA, 0x1C, 0xFF, 0x60, 0x00, 0x81, 0xF7, 0xBE,
    0x10, 0xFF, 0x81, 0x08, 0x41, 0x08, 0x00, 0x83, 0x08, 0x41, 0xC6, 0x38, 0x26, 0xFF, 0x85, 0xEF,
    0x7D, 0x8C, 0x51, 0x21, 0x24, 0x14, 0x00, 0x83, 0x10, 0xA2, 0x9C, 0xF3, 0x10, 0xFF, 0x81, 0x21,
    0x04, 0x0C, 0x00, 0x83, 0x18, 0xE3, 0xE7, 0x3C, 0x1A, 0xFF, 0x60, 0x00, 0x81, 0xF7, 0xBE, 0x10,
    0xFF, 0x81, 0x08, 0x41, 0x08, 0x00, 0x83, 0x08, 0x41, 0xC6, 0x38, 0x22, 0xFF, 0x85, 0xC6, 0x18,
    0x5A, 0xEB, 0x10, 0x82, 0x16, 0x00, 0x83, 0x5A, 0xCB, 0xEF, 0x7D, 0x12, 0xFF, 0x83, 0xE7, 0x1C,
    0x10, 0xA2, 0x0C, 0x00, 0x81, 0x42, 0x28, 0x1A, 0xFF, 0x60, 0x00, 0x81, 0xF7, 0xBE, 0x10, 0xFF,
    0x81, 0x08, 0x41, 0x08, 0x00, 0x83, 0x08, 0x41, 0xC6, 0x38, 0x1C, 0xFF, 0x85, 0xCE, 0x79, 0x84,
    0x30, 0x29, 0x65, 0x18, 0x00, 0x83, 0x29, 0x45, 0xAD, 0x55, 0x18, 0xFF, 0x81, 0xC6, 0x38, 0x0E,
    0x00, 0x81, 0xA5, 0x34, 0x18, 0xFF, 0x60, 0x00, 0x81, 0xF7, 0xBE, 0x10, 0xFF, 0x81, 0x08, 0x61,
    0x08, 0x00, 0x83, 0x08, 0x41, 0xC6, 0x38, 0x14, 0xFF, 0x87, 0xE7, 0x3C, 0xAD, 0x75, 0x63, 0x2C,
    0x29, 0x65, 0x1A, 0x00, 0x85, 0x10, 0xA2, 0x8C, 0x71, 0xF7, 0xBE, 0x1C, 0xFF, 0x81, 0x94, 0xB2,
    0x0C, 0x00, 0x83, 0x10, 0x82, 0xE7, 0x1C, 0x16, 0xFF, 0x60, 0x00, 0x81, 0xF7, 0xBE, 0x10, 0xFF,
    0x81, 0x08, 0x41, 0x08, 0x00, 0x83, 0x08, 0x41, 0xCE, 0x59, 0x0A, 0xFF, 0x8B, 0xDE, 0xFB, 0xB5,
    0xB6, 0x84, 0x30, 0x5A, 0xEB, 0x31, 0x86, 0x08, 0x41, 0x1C, 0x00, 0x85, 0x18, 0xE3, 0x8C, 0x71,
    0xF7, 0x9E, 0x21, 0xFF, 0x82, 0xDF, 0x4A, 0x49, 0x0C, 0x00, 0x81, 0x4A, 0x49, 0x16, 0xFF, 0x60,
    0x00, 0x81, 0xF7, 0xBE, 0x10, 0xFF, 0x81, 0x08, 0x41, 0x09, 0x00, 0x8E, 0x20, 0x5A, 0xCB, 0x73,
    0x8E, 0x52, 0xAA, 0x4A, 0x49, 0x29, 0x65, 0x18, 0xC3, 0x00, 0x20, 0x22, 0x00, 0x85, 0x29, 0x45,
    0x8C, 0x51, 0xF7, 0xBE, 0x27, 0xFF, 0x82, 0xDF, 0x10, 0xA2, 0x0C, 0x00, 0x81, 0xAD, 0x75, 0x14,
    0xFF, 0x60, 0x00, 0x81, 0xF7, 0xBE, 0x10, 0xFF, 0x81, 0x08, 0x41, 0x36, 0x00, 0x83, 0x42, 0x08,
    0xAD, 0x55, 0x2E, 0xFF, 0x81, 0xCE, 0x79, 0x0C, 0x00, 0x83, 0x08, 0x41, 0xFF, 0xDF, 0x12, 0xFF,
    0x60, 0x00, 0x81, 0xF7, 0xBE, 0x10, 0xFF, 0x81, 0x08, 0x41, 0x30, 0x00, 0x85, 0x18, 0xE3, 0x6B,
    0x6D, 0xCE, 0x59, 0x34, 0xFF, 0x81, 0x5A, 0xEB, 0x0C, 0x00, 0x81, 0x6B, 0x6D, 0x12, 0xFF, 0x60,
    0x00, 0x81, 0xF7, 0xBE, 0x10, 0xFF, 0x81, 0x08, 0x41, 0x2A, 0x00, 0x87, 0x21, 0x24, 0x73, 0x8E,
    0xBD, 0xF7, 0xFF, 0xDF, 0x38, 0xFF, 0x83, 0xEF, 0x5D, 0x08, 0x61, 0x0A, 0x00, 0x83, 0x4A, 0x49,
    0xFF, 0xDF, 0x10, 0xFF, 0x60, 0x00, 0x81, 0xF7, 0xBE, 0x10, 0xFF, 0x81, 0x08, 0x61, 0x22, 0x00,
    0x87, 0x21, 0x04, 0x4A, 0x69, 0x8C, 0x71, 0xD6, 0xBA, 0x42, 0xFF, 0x81, 0x9C, 0xF3, 0x0A, 0x00,
    0x81, 0x52, 0xAA, 0x12, 0xFF, 0x60, 0x00, 0x81, 0xF7, 0xBE, 0x10, 0xFF, 0x81, 0x08, 0x41, 0x16,
    0x00, 0x8B, 0x10, 0x82, 0x29, 0x45, 0x4A, 0x69, 0x73, 0x8E, 0xA5, 0x14, 0xDE, 0xFB, 0x4C, 0xFF,
    0x81, 0x4A, 0x49, 0x06, 0x00, 0x83, 0x08, 0x61, 0xD6, 0x9A, 0x12, 0xFF, 0x60, 0x00, 0x81, 0xF7,
    0xBE, 0x10, 0xFF, 0x99, 0x5A, 0xEB, 0x52, 0xAA, 0x52, 0xAA, 0x52, 0xAA, 0x52, 0x8A, 0x4A, 0x49,
    0x5A, 0xEB, 0x63, 0x2C, 0x7B, 0xCF, 0x8C, 0x51, 0xAD, 0x75, 0xD6, 0xBA, 0xF7, 0xBE, 0x57, 0xFF,
    0x88, 0xDF, 0x84, 0x30, 0x4A, 0x69, 0x5A, 0xEB, 0xE7, 0x3C, 0x14, 0xFF, 0x60, 0x00, 0x81, 0xF7,
    0xBE, 0x7F, 0xFF, 0x1F, 0xFF, 0x60, 0x00, 0x81, 0xF7, 0xBE, 0x7F, 0xFF, 0x1F, 0xFF, 0x60, 0x00,
    0x81, 0xF7, 0xBE, 0x7F, 0xFF, 0x1F, 0xFF, 0x60, 0x00, 0x81, 0xF7, 0xBE, 0x7F, 0xFF, 0x1F, 0xFF,
    0x60, 0x00, 0x81, 0xF7, 0xBE, 0x7F, 0xFF, 0x1F, 0xFF, 0x60, 0x00, 0x81, 0xC6, 0x38, 0x7F, 0xFF,
    0x1D, 0xFF, 0x81, 0xEF, 0x5D, 0x60, 0x00, 0x81, 0x39, 0xE7, 0x7F, 0xFF, 0x1D, 0xFF, 0x81, 0xA5,
    0x14, 0x62, 0x00, 0x81, 0x73, 0x8E, 0x7F, 0xFF, 0x19, 0xFF, 0x83, 0xC6, 0x38, 0x08, 0x61, 0x64,
    0x00, 0xFF, 0x31, 0x86, 0x7B, 0xEF, 0x94, 0xB2, 0x9C, 0xD3, 0x9C, 0xD3, 0x9C, 0xD3, 0x9C, 0xD3,
    0x9C, 0xD3, 0x9C, 0xD3, 0x9C, 0xD3, 0x9C, 0xD3, 0x9C, 0xD3, 0x9C, 0xD3, 0x9C, 0xD3, 0x9C, 0xD3,
    0x9C, 0xD3, 0x9C, 0xD3, 0x9C, 0xD3, 0x9C, 0xD3, 0x9C, 0xD3, 0x9C, 0xD3, 0x9C, 0xD3, 0x9C, 0xD3,
    0x9C, 0xD3, 0x9C, 0xD3, 0x9C, 0xD3, 0x9C, 0xD3, 0x9C, 0xD3, 0x9C, 0xD3, 0x9C, 0xD3, 0x9C, 0xD3,
    0x9C, 0xD3, 0x9C, 0xD3, 0x9C, 0xD3, 0x9C, 0xD3, 0x9C, 0xD3, 0x9C, 0xD3, 0x9C, 0xD3, 0x9C, 0xD3,
    0x9C, 0xD3, 0x9C, 0xD3, 0x9C, 0xD3, 0x9C, 0xD3, 0x9C, 0xD3, 0x9C, 0xD3, 0x9C, 0xD3, 0x9C, 0xD3,
    0x9C, 0xD3, 0x9C, 0xD3, 0x9C, 0xD3, 0x9C, 0xD3, 0x9C, 0xD3, 0x9C, 0xD3, 0x9C, 0xD3, 0x9C, 0xD3,
    0x9C, 0xD3, 0x9C, 0xD3, 0x9C, 0xD3, 0x9C, 0xD3, 0x9C, 0xD3, 0x9C, 0xD3, 0x9C, 0xD3, 0x9C, 0xD3,
    0x9C, 0xD3, 0x99, 0x9C, 0xD3, 0x9C, 0xD3, 0x9C, 0xD3, 0x9C, 0xD3, 0x9C, 0xD3, 0x9C, 0xD3, 0x9C,
    0xD3, 0x9C, 0xD3, 0x94, 0xB2, 0x9C, 0xD3, 0x8C, 0x71, 0x4A, 0x69, 0x00, 0x20, 0x7F, 0x00, 0x7F,
    0x00, 0x7F, 0x00, 0x7F, 0x00, 0x7F, 0x00, 0x7F, 0x00, 0x7F, 0x00, 0x7F, 0x00, 0x7F, 0x00, 0x7F,
    0x00, 0x6C, 0x00, 0x83, 0x18, 0xE3, 0x18, 0xC3, 0x04, 0x00, 0x85, 0x18, 0xC3, 0x31, 0x86, 0x08,
    0x41, 0x0B, 0x00, 0x88, 0x20, 0x21, 0x04, 0x21, 0x04, 0x21, 0x04, 0x00, 0x20, 0x0E, 0x00, 0x89,
    0x08, 0x61, 0x21, 0x04, 0x21, 0x04, 0x21, 0x04, 0x08, 0x41, 0x12, 0x00, 0x89, 0x18, 0xE3, 0x21,
    0x04, 0x21, 0x04, 0x21, 0x04, 0x10, 0xA2, 0x11, 0x00, 0x82, 0x20, 0x08, 0x41, 0x12, 0x00, 0x81,
    0x29, 0x45, 0x08, 0x00, 0x83, 0x21, 0x24, 0x10, 0x82, 0x0E, 0x00, 0x85, 0x10, 0x82, 0x39, 0xE7,
    0x21, 0x04, 0x62, 0x00, 0x83, 0xF7, 0x9E, 0xEF, 0x5D, 0x02, 0x00, 0x87, 0x18, 0xE3, 0xF7, 0x9E,
    0xCE, 0x79, 0x08, 0x61, 0x0A, 0x00, 0x83, 0x29, 0x65, 0xF7, 0x9E, 0x04, 0xFF, 0x83, 0xD6, 0xBA,
    0x29, 0x65, 0x0C, 0x00, 0x81, 0x6B, 0x6D, 0x06, 0xFF, 0x83, 0xF7, 0x9E, 0x63, 0x2C, 0x0E, 0x00,
    0x83, 0x10, 0xA2, 0xF7, 0xBE, 0x06, 0xFF, 0x83, 0xC6, 0x18, 0x00, 0x20, 0x0E, 0x00, 0x83, 0x73,
    0x8E, 0x63, 0x0C, 0x12, 0x00, 0x02, 0xFF, 0x81, 0x4A, 0x49, 0x06, 0x00, 0x02, 0xFF, 0x81, 0x94,
    0xB2, 0x0C, 0x00, 0x83, 0x39, 0xC7, 0xEF, 0x7D, 0x04, 0xFF, 0x81, 0xB5, 0xB6, 0x60, 0x00, 0x83,
    0xF7, 0xBE, 0xEF, 0x5D, 0x02, 0x00, 0x81, 0xC6, 0x18, 0x02, 0xFF, 0x81, 0x21, 0x24, 0x0C, 0x00,
    0x87, 0x29, 0x65, 0xFF, 0xDF, 0xB5, 0xB6, 0x5A, 0xCB, 0x02, 0xFF, 0x81, 0xC6, 0x18, 0x0C, 0x00,
    0x81, 0x73, 0x8E, 0x02, 0xFF, 0x85, 0x8C, 0x51, 0x6B, 0x6D, 0xDE, 0xDB, 0x02, 0xFF, 0x81, 0x6B,
    0x4D, 0x0C, 0x00, 0x8B, 0x18, 0xC3, 0xFF, 0xDF, 0xBD, 0xF7, 0x52, 0x8A, 0x5A, 0xCB, 0x4A, 0x49,
    0x10, 0x00, 0x04, 0xFF, 0x12, 0x00, 0x04, 0xFF, 0x81, 0x52, 0xAA, 0x04, 0x00, 0x02, 0xFF, 0x81,
    0x9C, 0xD3, 0x0A, 0x00, 0x8B, 0x08, 0x41, 0xBD, 0xF7, 0xFF, 0xDF, 0x29, 0x65, 0x73, 0x8E, 0xB5,
    0xB6, 0x60, 0x00, 0x85, 0xF7, 0xBE, 0xE7, 0x3C, 0x94, 0xB2, 0x02, 0xFF, 0x81, 0x31, 0xA6, 0x0E,
    0x00, 0x85, 0x29, 0x65, 0xFF, 0xDF, 0x7B, 0xEF, 0x02, 0x00, 0x02, 0xFF, 0x81, 0x9C, 0xF3, 0x0C,
    0x00, 0x81, 0x6B, 0x6D, 0x02, 0xFF, 0x81, 0x31, 0xA6, 0x02, 0x00, 0x87, 0x10, 0x82, 0xD6, 0xBA,
    0xE7, 0x1C, 0x10, 0xA2, 0x0A, 0x00, 0x81, 0x10, 0xA2, 0x02, 0xFF, 0x81, 0x8C, 0x51, 0x14, 0x00,
    0x81, 0x6B, 0x6D, 0x04, 0xFF, 0x81, 0x63, 0x2C, 0x10, 0x00, 0x06, 0xFF, 0x81, 0x52, 0xAA, 0x02,
    0x00, 0x02, 0xFF, 0x81, 0x9C, 0xD3, 0x0B, 0x00, 0x86, 0x20, 0xB5, 0xB6, 0xFF, 0xDF, 0x39, 0xE7,
    0x64, 0x00, 0x83, 0xF7, 0xBE, 0xFF, 0xDF, 0x02, 0xFF, 0x81, 0xA5, 0x34, 0x10, 0x00, 0x8B, 0x29,
    0x65, 0xF7, 0xBE, 0xF7, 0xBE, 0xFF, 0xDF, 0xEF, 0x5D, 0x18, 0xC3, 0x0C, 0x00, 0x81, 0x6B, 0x6D,
    0x02, 0xFF, 0x81, 0x39, 0xC7, 0x04, 0x00, 0x85, 0xB5, 0xB6, 0xF7, 0xBE, 0x31, 0x86, 0x0A, 0x00,
    0x87, 0x10, 0xA2, 0xF7, 0xBE, 0xFF, 0xDF, 0xFF, 0xDF, 0x02, 0xFF, 0x81, 0x39, 0xC7, 0x0C, 0x00,
    0x8B, 0x08, 0x41, 0xDE, 0xFB, 0xBD, 0xD7, 0xBD, 0xD7, 0xE7, 0x1C, 0x08, 0x41, 0x0E, 0x00, 0x02,
    0xFF, 0x87, 0xD6, 0x9A, 0xDE, 0xDB, 0xFF, 0xDF, 0x6B, 0x4D, 0x02, 0xFF, 0x81, 0x9C, 0xD3, 0x0C,
    0x00, 0x83, 0x29, 0x45, 0xEF, 0x5D, 0x02, 0xFF, 0x83, 0xD6, 0xBA, 0x29, 0x65, 0x60, 0x00, 0x85,
    0xF7, 0xBE, 0xE7, 0x1C, 0x9C, 0xF3, 0x02, 0xFF, 0x81, 0x39, 0xC7, 0x0E, 0x00, 0x8B, 0x29, 0x65,
    0xF7, 0xBE, 0xB5, 0x96, 0x4A, 0x49, 0xF7, 0x9E, 0x94, 0x92, 0x0C, 0x00, 0x81, 0x6B, 0x6D, 0x02,
    0xFF, 0x81, 0x39, 0xC7, 0x04, 0x00, 0x85, 0xC6, 0x38, 0xEF, 0x7D, 0x21, 0x24, 0x0A, 0x00, 0x8B,
    0x10, 0xA2, 0xFF, 0xDF, 0xE7, 0x3C, 0xB5, 0xB6, 0xC6, 0x38, 0x21, 0x24, 0x0C, 0x00, 0x81, 0x4A,
    0x49, 0x02, 0xFF, 0x83, 0x5A, 0xEB, 0x6B, 0x4D, 0x02, 0xFF, 0x81, 0x4A, 0x69, 0x0E, 0x00, 0x02,
    0xFF, 0x85, 0xBD, 0xD7, 0x10, 0xA2, 0xD6, 0x9A, 0x04, 0xFF, 0x81, 0x9C, 0xD3, 0x0F, 0x00, 0x86,
    0x20, 0x63, 0x0C, 0xF7, 0xBE, 0xE7, 0x1C, 0x60, 0x00, 0x87, 0xF7, 0xBE, 0xEF, 0x5D, 0x00, 0x20,
    0xD6, 0xBA, 0x02, 0xFF, 0x81, 0x18, 0xE3, 0x0C, 0x00, 0x85, 0x29, 0x65, 0xFF, 0xDF, 0x7B, 0xEF,
    0x02, 0x00, 0x81, 0xFF, 0xDF, 0x02, 0xFF, 0x0C, 0x00, 0x81, 0x6B, 0x6D, 0x02, 0xFF, 0x85, 0x5A,
    0xCB, 0x21, 0x04, 0x73, 0xAE, 0x02, 0xFF, 0x81, 0xB5, 0x96, 0x0C, 0x00, 0x85, 0x10, 0xA2, 0xFF,
    0xDF, 0x94, 0x92, 0x12, 0x00, 0x81, 0xD6, 0xBA, 0x03, 0xFF, 0x82, 0xDF, 0xFF, 0xDF, 0x02, 0xFF,
    0x81, 0xBD, 0xF7, 0x0E, 0x00, 0x02, 0xFF, 0x87, 0xC6, 0x18, 0x08, 0x41, 0x08, 0x61, 0xC6, 0x38,
    0x02, 0xFF, 0x81, 0x9C, 0xD3, 0x0C, 0x00, 0x83, 0x39, 0xE7, 0x29, 0x45, 0x02, 0x00, 0x81, 0xCE,
    0x59, 0x02, 0xFF, 0x60, 0x00, 0x83, 0xF7, 0xBE, 0xEF, 0x5D, 0x02, 0x00, 0x87, 0x31, 0xA6, 0xFF,
    0xDF, 0xE7, 0x1C, 0x10, 0xA2, 0x0A, 0x00, 0x83, 0x29, 0x65, 0xF7, 0xBE, 0x06, 0xFF, 0x81, 0x94,
    0x92, 0x0C, 0x00, 0x81, 0x73, 0x8E, 0x08, 0xFF, 0x83, 0xC6, 0x18, 0x08, 0x41, 0x0C, 0x00, 0x81,
    0x10, 0xA2, 0x02, 0xFF, 0x81, 0x94, 0x92, 0x10, 0x00, 0x81, 0x63, 0x0C, 0x02, 0xFF, 0x87, 0x84,
    0x10, 0x63, 0x2C, 0x63, 0x2C, 0x7B, 0xEF, 0x02, 0xFF, 0x81, 0x42, 0x08, 0x0C, 0x00, 0x02, 0xFF,
    0x83, 0xC6, 0x18, 0x08, 0x41, 0x03, 0x00, 0x84, 0x20, 0xD6, 0x9A, 0xA5, 0x14, 0x0B, 0x00, 0x82,
    0x20, 0xA5, 0x14, 0x03, 0xFF, 0x80, 0xDF, 0x02, 0xFF, 0x81, 0xBD, 0xF7, 0x60, 0x00, 0x83, 0x63,
    0x2C, 0x5A, 0xEB, 0x04, 0x00, 0x85, 0x4A, 0x69, 0x8C, 0x51, 0x18, 0xE3, 0x0A, 0x00, 0x8B, 0x10,
    0xA2, 0x63, 0x2C, 0x6B, 0x6D, 0x7B, 0xCF, 0x4A, 0x69, 0x00, 0x20, 0x0C, 0x00, 0x8B, 0x29, 0x65,
    0x6B, 0x4D, 0x6B, 0x6D, 0x73, 0xAE, 0x42, 0x28, 0x00, 0x20, 0x0E, 0x00, 0x85, 0x08, 0x41, 0x6B,
    0x4D, 0x31, 0xA6, 0x10, 0x00, 0x85, 0x63, 0x0C, 0x63, 0x2C, 0x00, 0x20, 0x05, 0x00, 0x84, 0x20,
    0x73, 0x8E, 0x4A, 0x49, 0x0C, 0x00, 0x83, 0x6B, 0x4D, 0x4A, 0x69, 0x06, 0x00, 0x83, 0x08, 0x61,
    0x4A, 0x69, 0x0C, 0x00, 0x89, 0x10, 0xA2, 0x63, 0x2C, 0xAD, 0x75, 0x73, 0xAE, 0x10, 0x82, 0x7F,
    0x00, 0x7F, 0x00, 0x7F, 0x00, 0x7F, 0x00, 0x7F, 0x00, 0x7F, 0x00, 0x7F, 0x00, 0x7F, 0x00, 0x7F,
    0x00, 0x7F, 0x00, 0x7F, 0x00, 0x7F, 0x00, 0x7F, 0x00, 0x7F, 0x00, 0x7F, 0x00, 0x7F, 0x00, 0x7F,
    0x00, 0x7F, 0x00, 0x7F, 0x00, 0x7F, 0x00, 0x7F, 0x00, 0x7F, 0x00, 0x7F, 0x00, 0x7F, 0x00, 0x7F,
    0x00, 0x7F, 0x00, 0x7F, 0x00, 0x7F, 0x00, 0x7F, 0x00, 0x7F, 0x00, 0x7F, 0x00, 0x7F, 0x00, 0x7F,
    0x00, 0x7F, 0x00, 0x7F, 0x00, 0x7F, 0x00, 0x7F, 0x00, 0x7F, 0x00, 0x7F, 0x00, 0x7F, 0x00, 0x7F,
    0x00, 0x7F, 0x00, 0x7F, 0x00, 0x7F, 0x00, 0x7F, 0x00, 0x7F, 0x00, 0x7F, 0x00, 0x7F, 0x00, 0x7F,
    0x00, 0x7F, 0x00, 0x7F, 0x00, 0x7F, 0x00, 0x7F, 0x00, 0x7F, 0x00, 0x7F, 0x00, 0x7F, 0x00, 0x7F,
    0x00, 0x7F, 0x00, 0x6A, 0x00, 0x02, 0xFD, 0x06, 0x00, 0x00, 0x08, 0x00, 0x01, 0xFF, 0x28, 0x00,
    0x05, 0xFA, 0x3F, 0x0B, 0x00, 0x7F, 0x00, 0x7F, 0x00, 0x7F, 0x00, 0x7F, 0x00, 0x7F, 0x00, 0x7F,
    0x00, 0x7F, 0x00, 0x7F, 0x00, 0x7F, 0x00, 0x7F, 0x00, 0x7F, 0x00, 0x7F, 0x00, 0x7F, 0x00, 0x7F,
    0x00, 0x7F, 0x00, 0x7F, 0x00, 0x7F, 0x00, 0x7F, 0x00, 0x7F, 0x00, 0x7F, 0x00, 0x7F, 0x00, 0x7F,
    0x00, 0x7F, 0x00, 0x7F, 0x00, 0x7F, 0x00, 0x7F, 0x00, 0x7F, 0x00, 0x7F, 0x00, 0x7F, 0x00, 0x7F,
    0x00, 0x7F, 0x00, 0x7F, 0x00, 0x7F, 0x00, 0x7F, 0x00, 0x7F, 0x00, 0x7F, 0x00, 0x7F, 0x00, 0x7F,
    0x00, 0x7F, 0x00, 0x7F, 0x00, 0x7F, 0x00, 0x7F, 0x00, 0x7F, 0x00, 0x7F, 0x00, 0x7F, 0x00, 0x7F,
    0x00, 0x7F, 0x00, 0x7F, 0x00, 0x7F, 0x00, 0x7F, 0x00, 0x7F, 0x00, 0x7F, 0x00, 0x7F, 0x00, 0x7F,
    0x00, 0x7F, 0x00, 0x7F, 0x00, 0x7F, 0x00, 0x7F, 0x00, 0x6C, 0x00, 0x83, 0x42, 0x08, 0xEF, 0x5D,
    0x7F, 0xFF, 0x17, 0xFF, 0x81, 0x8C, 0x51, 0x62, 0x00, 0x83, 0x21, 0x24, 0xFF, 0xDF, 0x7F, 0xFF,
    0x1B, 0xFF, 0x81, 0x7B, 0xEF, 0x60, 0x00, 0x81, 0xAD, 0x55, 0x7F, 0xFF, 0x1D, 0xFF, 0x81, 0xDE,
    0xFB, 0x60, 0x00, 0x81, 0xF7, 0xBE, 0x7F, 0xFF, 0x1F, 0xFF, 0x60, 0x00, 0x81, 0xF7, 0xBE, 0x7F,
    0xFF, 0x1F, 0xFF, 0x60, 0x00, 0x81, 0xF7, 0xBE, 0x7F, 0xFF, 0x1F, 0xFF, 0x60, 0x00, 0x81, 0xF7,
    0xBE, 0x7F, 0xFF, 0x1F, 0xFF, 0x60, 0x00, 0x81, 0xF7, 0xBE, 0x7F, 0xFF, 0x1F, 0xFF, 0x60, 0x00,
    0x81, 0xF7, 0xBE, 0x12, 0xFF, 0x87, 0xEF, 0x7D, 0x94, 0x92, 0x7B, 0xEF, 0xE7, 0x1C, 0x68, 0xFF,
    0x85, 0xC6, 0x38, 0x7B, 0xCF, 0x9C, 0xF3, 0x16, 0xFF, 0x60, 0x00, 0x81, 0xF7, 0xBE, 0x10, 0xFF,
    0x83, 0xDE, 0xFB, 0x18, 0xE3, 0x04, 0x00, 0x83, 0x08, 0x41, 0xAD, 0x55, 0x64, 0xFF, 0x83, 0x7B,
    0xEF, 0x00, 0x20, 0x04, 0x00, 0x83, 0x31, 0xA6, 0xF7, 0xBE, 0x12, 0xFF, 0x60, 0x00, 0x81, 0xF7,
    0xBE, 0x10, 0xFF, 0x81, 0x39, 0xC7, 0x08, 0x00, 0x83, 0x10, 0xA2, 0xEF, 0x5D, 0x60, 0xFF, 0x81,
    0xCE, 0x79, 0x0A, 0x00, 0x81, 0x6B, 0x4D, 0x12, 0xFF, 0x60, 0x00, 0x81, 0xF7, 0xBE, 0x10, 0xFF,
    0x81, 0x08, 0x61, 0x08, 0x00, 0x83, 0x08, 0x61, 0xC6, 0x38, 0x60, 0xFF, 0x81, 0x18, 0xE3, 0x0A,
    0x00, 0x83, 0x42, 0x28, 0xFF, 0xDF, 0x10, 0xFF, 0x60, 0x00, 0x81, 0xF7, 0xBE, 0x10, 0xFF, 0x81,
    0x08, 0x61, 0x08, 0x00, 0x83, 0x08, 0x41, 0xC6, 0x38, 0x5E, 0xFF, 0x81, 0x84, 0x10, 0x0C, 0x00,
    0x81, 0x5A, 0xCB, 0x12, 0xFF, 0x60, 0x00, 0x81, 0xF7, 0xBE, 0x10, 0xFF, 0x81, 0x08, 0x41, 0x08,
    0x00, 0x83, 0x08, 0x41, 0xC6, 0x38, 0x5C, 0xFF, 0x83, 0xEF, 0x7D, 0x08, 0x41, 0x0C, 0x00, 0x81,
    0xDE, 0xFB, 0x12, 0xFF, 0x60, 0x00, 0x81, 0xF7, 0xBE, 0x10, 0xFF, 0x81, 0x08, 0x41, 0x08, 0x00,
    0x83, 0x08, 0x41, 0xC6, 0x38, 0x5C, 0xFF, 0x81, 0x29, 0x65, 0x0C, 0x00, 0x81, 0x73, 0x8E, 0x14,
    0xFF, 0x60, 0x00, 0x81, 0xF7, 0xBE, 0x10, 0xFF, 0x81, 0x08, 0x41, 0x08, 0x00, 0x83, 0x08, 0x41,
    0xC6, 0x38, 0x5A, 0xFF, 0x81, 0x6B, 0x6D, 0x0C, 0x00, 0x81, 0x21, 0x24, 0x16, 0xFF, 0x60, 0x00,
    0x81, 0xF7, 0xBE, 0x10, 0xFF, 0x81, 0x08, 0x41, 0x08, 0x00, 0x83, 0x08, 0x41, 0xC6, 0x38, 0x58,
    0xFF, 0x83, 0xC6, 0x18, 0x00, 0x20, 0x0A, 0x00, 0x83, 0x08, 0x41, 0xBD, 0xF7, 0x16, 0xFF, 0x60,
    0x00, 0x81, 0xF7, 0xBE, 0x10, 0xFF, 0x81, 0x08, 0x41, 0x08, 0x00, 0x83, 0x08, 0x41, 0xC6, 0x38,
    0x56, 0xFF, 0x83, 0xF7, 0x9E, 0x08, 0x61, 0x0C, 0x00, 0x81, 0x6B, 0x6D, 0x18, 0xFF, 0x60, 0x00,
    0x81, 0xF7, 0xBE, 0x10, 0xFF, 0x81, 0x08, 0x41, 0x08, 0x00, 0x83, 0x08, 0x41, 0xC6, 0x38, 0x54,
    0xFF, 0x83, 0xF7, 0xBE, 0x31, 0x86, 0x0C, 0x00, 0x81, 0x18, 0xE3, 0x1A, 0xFF, 0x60, 0x00, 0x81,
    0xF7, 0xBE, 0x10, 0xFF, 0x81, 0x08, 0x41, 0x08, 0x00, 0x83, 0x08, 0x41, 0xC6, 0x38, 0x54, 0xFF,
    0x81, 0x4A, 0x69, 0x0C, 0x00, 0x83, 0x08, 0x61, 0xCE, 0x79, 0x1A, 0xFF, 0x60, 0x00, 0x81, 0xF7,
    0xBE, 0x10, 0xFF, 0x81, 0x08, 0x41, 0x08, 0x00, 0x83, 0x08, 0x41, 0xC6, 0x38, 0x52, 0xFF, 0x81,
    0x6B, 0x4D, 0x0E, 0x00, 0x81, 0x9C, 0xD3, 0x1C, 0xFF, 0x60, 0x00, 0x81, 0xF7, 0xBE, 0x10, 0xFF,
    0x81, 0x08, 0x41, 0x08, 0x00, 0x83, 0x08, 0x41, 0xC6, 0x38, 0x50, 0xFF, 0x83, 0x84, 0x10, 0x00,
    0x20, 0x0C, 0x00, 0x81, 0x6B, 0x6D, 0x1E, 0xFF, 0x60, 0x00, 0x81, 0xF7, 0xBE, 0x10, 0xFF, 0x81,
    0x08, 0x41, 0x08, 0x00, 0x83, 0x08, 0x41, 0xC6, 0x38, 0x4E, 0xFF, 0x81, 0x7B, 0xEF, 0x0E, 0x00,
    0x83, 0x39, 0xE7, 0xF7, 0xBE, 0x1E, 0xFF, 0x60, 0x00, 0x81, 0xF7, 0xBE, 0x10, 0xFF, 0x81, 0x08,
    0x41, 0x08, 0x00, 0x83, 0x08, 0x41, 0xC6, 0x38, 0x4C, 0xFF, 0x81, 0x94, 0xB2, 0x0E, 0x00, 0x83,
    0x18, 0xC3, 0xEF, 0x7D, 0x20, 0xFF, 0x60, 0x00, 0x81, 0xF7, 0xBE, 0x10, 0xFF, 0x81, 0x08, 0x41,
    0x08, 0x00, 0x83, 0x08, 0x41, 0xC6, 0x38, 0x4A, 0xFF, 0x81, 0x7B, 0xEF, 0x0E, 0x00, 0x83, 0x10,
    0xA2, 0xE7, 0x3C, 0x22, 0xFF, 0x60, 0x00, 0x81, 0xF7, 0xBE, 0x10, 0xFF, 0x81, 0x08, 0x41, 0x08,
    0x00, 0x83, 0x08, 0x41, 0xC6, 0x38, 0x46, 0xFF, 0x83, 0xF7, 0xBE, 0x63, 0x0C, 0x0E, 0x00, 0x83,
    0x08, 0x61, 0xCE, 0x79, 0x24, 0xFF, 0x60, 0x00, 0x81, 0xF7, 0xBE, 0x10, 0xFF, 0x81, 0x08, 0x41,
    0x08, 0x00, 0x83, 0x08, 0x41, 0xC6, 0x38, 0x45, 0xFF, 0x82, 0xDF, 0x39, 0xE7, 0x0E, 0x00, 0x83,
    0x08, 0x41, 0xC6, 0x38, 0x26, 0xFF, 0x60, 0x00, 0x81, 0xF7, 0xBE, 0x10, 0xFF, 0x81, 0x08, 0x41,
    0x08, 0x00, 0x83, 0x08, 0x41, 0xC6, 0x38, 0x42, 0xFF, 0x83, 0xD6, 0xBA, 0x21, 0x24, 0x0E, 0x00,
    0x83, 0x10, 0x82, 0xCE, 0x79, 0x28, 0xFF, 0x60, 0x00, 0x81, 0xF7, 0xBE, 0x10, 0xFF, 0x81, 0x08,
    0x41, 0x08, 0x00, 0x83, 0x08, 0x41, 0xC6, 0x38, 0x40, 0xFF, 0x83, 0xA5, 0x14, 0x08, 0x61, 0x0E,
    0x00, 0x83, 0x08, 0x61, 0xC6, 0x38, 0x2A, 0xFF, 0x60, 0x00, 0x81, 0xF7, 0xBE, 0x10, 0xFF, 0x81,
    0x08, 0x41, 0x08, 0x00, 0x83, 0x08, 0x41, 0xC6, 0x38, 0x3C, 0xFF, 0x83, 0xF7, 0x9E, 0x5A, 0xEB,
    0x10, 0x00, 0x83, 0x18, 0xE3, 0xD6, 0x9A, 0x2C, 0xFF, 0x60, 0x00, 0x81, 0xF7, 0xBE, 0x10, 0xFF,
    0x81, 0x08, 0x41, 0x08, 0x00, 0x83, 0x08, 0x41, 0xC6, 0x38, 0x3A, 0xFF, 0x83, 0xB5, 0x96, 0x18,
    0xE3, 0x10, 0x00, 0x83, 0x31, 0x86, 0xEF, 0x7D, 0x2E, 0xFF, 0x60, 0x00, 0x81, 0xF7, 0xBE, 0x10,
    0xFF, 0x81, 0x08, 0x41, 0x08, 0x00, 0x83, 0x08, 0x41, 0xC6, 0x38, 0x36, 0xFF, 0x85, 0xEF, 0x5D,
    0x52, 0x8A, 0x00, 0x20, 0x10, 0x00, 0x83, 0x52, 0x8A, 0xFF, 0xDF, 0x08, 0xFF, 0x85, 0xEF, 0x5D,
    0x52, 0xAA, 0x42, 0x08, 0x22, 0xFF, 0x60, 0x00, 0x81, 0xF7, 0xBE, 0x10, 0xFF, 0x81, 0x08, 0x41,
    0x08, 0x00, 0x83, 0x08, 0x41, 0xC6, 0x38, 0x34, 0xFF, 0x83, 0x8C, 0x71, 0x10, 0x82, 0x12, 0x00,
    0x81, 0x7B, 0xCF, 0x0A, 0xFF, 0x83, 0xA5, 0x14, 0x10, 0xA2, 0x04, 0x00, 0x81, 0x63, 0x2C, 0x20,
    0xFF, 0x60, 0x00, 0x81, 0xF7, 0xBE, 0x10, 0xFF, 0x81, 0x08, 0x41, 0x08, 0x00, 0x83, 0x08, 0x41,
    0xC6, 0x38, 0x30, 0xFF, 0x83, 0xAD, 0x75, 0x29, 0x65, 0x12, 0x00, 0x83, 0x18, 0xE3, 0xBD, 0xD7,
    0x08, 0xFF, 0x83, 0x9C, 0xF3, 0x31, 0xA6, 0x0A, 0x00, 0x81, 0xAD, 0x55, 0x1E, 0xFF, 0x60, 0x00,
    0x81, 0xF7, 0xBE, 0x10, 0xFF, 0x81, 0x08, 0x41, 0x08, 0x00, 0x83, 0x08, 0x41, 0xC6, 0x38, 0x2B,
    0xFF, 0x84, 0xDF, 0xAD, 0x75, 0x31, 0xA6, 0x14, 0x00, 0x83, 0x4A, 0x49, 0xEF, 0x7D, 0x0A, 0xFF,
    0x81, 0x31, 0xA6, 0x0E, 0x00, 0x81, 0xD6, 0xBA, 0x1C, 0xFF, 0x60, 0x00, 0x81, 0xF7, 0xBE, 0x10,
    0xFF, 0x81, 0x08, 0x41, 0x08, 0x00, 0x83, 0x08, 0x41, 0xC6, 0x38, 0x26, 0xFF, 0x85, 0xEF, 0x7D,
    0x8C, 0x51, 0x21, 0x24, 0x14, 0x00, 0x83, 0x10, 0xA2, 0x9C, 0xF3, 0x10, 0xFF, 0x81, 0x21, 0x04,
    0x0C, 0x00, 0x83, 0x18, 0xE3, 0xE7, 0x3C, 0x1A, 0xFF, 0x60, 0x00, 0x81, 0xF7, 0xBE, 0x10, 0xFF,
    0x81, 0x08, 0x41, 0x08, 0x00, 0x83, 0x08, 0x41, 0xC6, 0x38, 0x22, 0xFF, 0x85, 0xC6, 0x18, 0x5A,
    0xEB, 0x10, 0x82, 0x16, 0x00, 0x83, 0x5A, 0xCB, 0xEF, 0x7D, 0x12, 0xFF, 0x83, 0xE7, 0x1C, 0x10,
    0xA2, 0x0C, 0x00, 0x81, 0x42, 0x28, 0x1A, 0xFF, 0x60, 0x00, 0x81, 0xF7, 0xBE, 0x10, 0xFF, 0x81,
    0x08, 0x41, 0x08, 0x00, 0x83, 0x08, 0x41, 0xC6, 0x38, 0x1C, 0xFF, 0x85, 0xCE, 0x79, 0x84, 0x30,
    0x29, 0x65, 0x18, 0x00, 0x83, 0x29, 0x45, 0xAD, 0x55, 0x18, 0xFF, 0x81, 0xC6, 0x38, 0x0E, 0x00,
    0x81, 0xA5, 0x34, 0x18, 0xFF, 0x60, 0x00, 0x81, 0xF7, 0xBE, 0x10, 0xFF, 0x81, 0x08, 0x61, 0x08,
    0x00, 0x83, 0x08, 0x41, 0xC6, 0x38, 0x14, 0xFF, 0x87, 0xE7, 0x3C, 0xAD, 0x75, 0x63, 0x2C, 0x29,
    0x65, 0x1A, 0x00, 0x85, 0x10, 0xA2, 0x8C, 0x71, 0xF7, 0xBE, 0x1C, 0xFF, 0x81, 0x94, 0xB2, 0x0C,
    0x00, 0x83, 0x10, 0x82, 0xE7, 0x1C, 0x16, 0xFF, 0x60, 0x00, 0x81, 0xF7, 0xBE, 0x10, 0xFF, 0x81,
    0x08, 0x41, 0x08, 0x00, 0x83, 0x08, 0x41, 0xCE, 0x59, 0x0A, 0xFF, 0x8B, 0xDE, 0xFB, 0xB5, 0xB6,
    0x84, 0x30, 0x5A, 0xEB, 0x31, 0x86, 0x08, 0x41, 0x1C, 0x00, 0x85, 0x18, 0xE3, 0x8C, 0x71, 0xF7,
    0x9E, 0x21, 0xFF, 0x82, 0xDF, 0x4A, 0x49, 0x0C, 0x00, 0x81, 0x4A, 0x49, 0x16, 0xFF, 0x60, 0x00,
    0x81, 0xF7, 0xBE, 0x10, 0xFF, 0x81, 0x08, 0x41, 0x09, 0x00, 0x8E, 0x20, 0x5A, 0xCB, 0x73, 0x8E,
    0x52, 0xAA, 0x4A, 0x49, 0x29, 0x65, 0x18, 0xC3, 0x00, 0x20, 0x22, 0x00, 0x85, 0x29, 0x45, 0x8C,
    0x51, 0xF7, 0xBE, 0x27, 0xFF, 0x82, 0xDF, 0x10, 0xA2, 0x0C, 0x00, 0x81, 0xAD, 0x75, 0x14, 0xFF,
    0x60, 0x00, 0x81, 0xF7, 0xBE, 0x10, 0xFF, 0x81, 0x08, 0x41, 0x36, 0x00, 0x83, 0x42, 0x08, 0xAD,
    0x55, 0x2E, 0xFF, 0x81, 0xCE, 0x79, 0x0C, 0x00, 0x83, 0x08, 0x41, 0xFF, 0xDF, 0x12, 0xFF, 0x60,
    0x00, 0x81, 0xF7, 0xBE, 0x10, 0xFF, 0x81, 0x08, 0x41, 0x30, 0x00, 0x85, 0x18, 0xE3, 0x6B, 0x6D,
    0xCE, 0x59, 0x34, 0xFF, 0x81, 0x5A, 0xEB, 0x0C, 0x00, 0x81, 0x6B, 0x6D, 0x12, 0xFF, 0x60, 0x00,
    0x81, 0xF7, 0xBE, 0x10, 0xFF, 0x81, 0x08, 0x41, 0x2A, 0x00, 0x87, 0x21, 0x24, 0x73, 0x8E, 0xBD,
    0xF7, 0xFF, 0xDF, 0x38, 0xFF, 0x83, 0xEF, 0x5D, 0x08, 0x61, 0x0A, 0x00, 0x83, 0x4A, 0x49, 0xFF,
    0xDF, 0x10, 0xFF, 0x60, 0x00, 0x81, 0xF7, 0xBE, 0x10, 0xFF, 0x81, 0x08, 0x61, 0x22, 0x00, 0x87,
    0x21, 0x04, 0x4A, 0x69, 0x8C, 0x71, 0xD6, 0xBA, 0x42, 0xFF, 0x81, 0x9C, 0xF3, 0x0A, 0x00, 0x81,
    0x52, 0xAA, 0x12, 0xFF, 0x60, 0x00, 0x81, 0xF7, 0xBE, 0x10, 0xFF, 0x81, 0x08, 0x41, 0x16, 0x00,
    0x8B, 0x10, 0x82, 0x29, 0x45, 0x4A, 0x69, 0x73, 0x8E, 0xA5, 0x14, 0xDE, 0xFB, 0x4C, 0xFF, 0x81,
    0x4A, 0x49, 0x06, 0x00, 0x83, 0x08, 0x61, 0xD6, 0x9A, 0x12, 0xFF, 0x60, 0x00, 0x81, 0xF7, 0xBE,
    0x10, 0xFF, 0x99, 0x5A, 0xEB, 0x52, 0xAA, 0x52, 0xAA, 0x52, 0xAA, 0x52, 0x8A, 0x4A, 0x49, 0x5A,
    0xEB, 0x63, 0x2C, 0x7B, 0xCF, 0x8C, 0x51, 0xAD, 0x75, 0xD6, 0xBA, 0xF7, 0xBE, 0x57, 0xFF, 0x88,
    0xDF, 0x84, 0x30, 0x4A, 0x69, 0x5A, 0xEB, 0xE7, 0x3C, 0x14, 0xFF, 0x60, 0x00, 0x81, 0xF7, 0xBE,
    0x7F, 0xFF, 0x1F, 0xFF, 0x60, 0x00, 0x81, 0xF7, 0xBE, 0x7F, 0xFF, 0x1F, 0xFF, 0x60, 0x00, 0x81,
    0xF7, 0xBE, 0x7F, 0xFF, 0x1F, 0xFF, 0x60, 0x00, 0x81, 0xF7, 0xBE, 0x7F, 0xFF, 0x1F, 0xFF, 0x60,
    0x00, 0x81, 0xF7, 0xBE, 0x7F, 0xFF, 0x1F, 0xFF, 0x60, 0x00, 0x81, 0xC6, 0x38, 0x7F, 0xFF, 0x1D,
    0xFF, 0x81, 0xEF, 0x5D, 0x60, 0x00, 0x81, 0x39, 0xE7, 0x7F, 0xFF, 0x1D, 0xFF, 0x81, 0xA5, 0x14,
    0x62, 0x00, 0x81, 0x73, 0x8E, 0x7F, 0xFF, 0x19, 0xFF, 0x83, 0xC6, 0x38, 0x08, 0x61, 0x64, 0x00,
    0xFF, 0x31, 0x86, 0x7B, 0xEF, 0x94, 0xB2, 0x9C, 0xD3, 0x9C, 0xD3, 0x9C, 0xD3, 0x9C, 0xD3, 0x9C,
    0xD3, 0x9C, 0xD3, 0x9C, 0xD3, 0x9C, 0xD3, 0x9C, 0xD3, 0x9C, 0xD3, 0x9C, 0xD3, 0x9C, 0xD3, 0x9C,
    0xD3, 0x9C, 0xD3, 0x9C, 0xD3, 0x9C, 0xD3, 0x9C, 0xD3, 0x9C, 0xD3, 0x9C, 0xD3, 0x9C, 0xD3, 0x9C,
    0xD3, 0x9C, 0xD3, 0x9C, 0xD3, 0x9C, 0xD3, 0x9C, 0xD3, 0x9C, 0xD3, 0x9C, 0xD3, 0x9C, 0xD3, 0x9C,
    0xD3, 0x9C, 0xD3, 0x9C, 0xD3, 0x9C, 0xD3, 0x9C, 0xD3, 0x9C, 0xD3, 0x9C, 0xD3, 0x9C, 0xD3, 0x9C,
    0xD3, 0x9C, 0xD3, 0x9C, 0xD3, 0x9C, 0xD3, 0x9C, 0xD3, 0x9C, 0xD3, 0x9C, 0xD3, 0x9C, 0xD3, 0x9C,
    0xD3, 0x9C, 0xD3, 0x9C, 0xD3, 0x9C, 0xD3, 0x9C, 0xD3, 0x9C, 0xD3, 0x9C, 0xD3, 0x9C, 0xD3, 0x9C,
    0xD3, 0x9C, 0xD3, 0x9C, 0xD3, 0x9C, 0xD3, 0x9C, 0xD3, 0x9C, 0xD3, 0x9C, 0xD3, 0x9C, 0xD3, 0x9C,
    0xD3, 0x99, 0x9C, 0xD3, 0x9C, 0xD3, 0x9C, 0xD3, 0x9C, 0xD3, 0x9C, 0xD3, 0x9C, 0xD3, 0x9C, 0xD3,
    0x9C, 0xD3, 0x94, 0xB2, 0x9C, 0xD3, 0x8C, 0x71, 0x4A, 0x69, 0x00, 0x20, 0x7F, 0x00, 0x7F, 0x00,
    0x7F, 0x00, 0x7F, 0x00, 0x7F, 0x00, 0x7F, 0x00, 0x7F, 0x00, 0x7F, 0x00, 0x7F, 0x00, 0x7F, 0x00,
    0x6C, 0x00, 0x83, 0x18, 0xE3, 0x18, 0xC3, 0x04, 0x00, 0x85, 0x18, 0xC3, 0x31, 0x86, 0x08, 0x41,
    0x0B, 0x00, 0x88, 0x20, 0x21, 0x04, 0x21, 0x04, 0x21, 0x04, 0x00, 0x20, 0x0E, 0x00, 0x89, 0x08,
    0x61, 0x21, 0x04, 0x21, 0x04, 0x21, 0x04, 0x08, 0x41, 0x12, 0x00, 0x89, 0x18, 0xE3, 0x21, 0x04,
    0x21, 0x04, 0x21, 0x04, 0x10, 0xA2, 0x11, 0x00, 0x82, 0x20, 0x08, 0x41, 0x12, 0x00, 0x81, 0x29,
    0x45, 0x08, 0x00, 0x83, 0x21, 0x24, 0x10, 0x82, 0x0E, 0x00, 0x85, 0x10, 0x82, 0x39, 0xE7, 0x21,
    0x04, 0x62, 0x00, 0x83, 0xF7, 0x9E, 0xEF, 0x5D, 0x02, 0x00, 0x87, 0x18, 0xE3, 0xF7, 0x9E, 0xCE,
    0x79, 0x08, 0x61, 0x0A, 0x00, 0x83, 0x29, 0x65, 0xF7, 0x9E, 0x04, 0xFF, 0x83, 0xD6, 0xBA, 0x29,
    0x65, 0x0C, 0x00, 0x81, 0x6B, 0x6D, 0x06, 0xFF, 0x83, 0xF7, 0x9E, 0x63, 0x2C, 0x0E, 0x00, 0x83,
    0x10, 0xA2, 0xF7, 0xBE, 0x06, 0xFF, 0x83, 0xC6, 0x18, 0x00, 0x20, 0x0E, 0x00, 0x83, 0x73, 0x8E,
    0x63, 0x0C, 0x12, 0x00, 0x02, 0xFF, 0x81, 0x4A, 0x49, 0x06, 0x00, 0x02, 0xFF, 0x81, 0x94, 0xB2,
    0x0C, 0x00, 0x83, 0x39, 0xC7, 0xEF, 0x7D, 0x04, 0xFF, 0x81, 0xB5, 0xB6, 0x60, 0x00, 0x83, 0xF7,
    0xBE, 0xEF, 0x5D, 0x02, 0x00, 0x81, 0xC6, 0x18, 0x02, 0xFF, 0x81, 0x21, 0x24, 0x0C, 0x00, 0x87,
    0x29, 0x65, 0xFF, 0xDF, 0xB5, 0xB6, 0x5A, 0xCB, 0x02, 0xFF, 0x81, 0xC6, 0x18, 0x0C, 0x00, 0x81,
    0x73, 0x8E, 0x02, 0xFF, 0x85, 0x8C, 0x51, 0x6B, 0x6D, 0xDE, 0xDB, 0x02, 0xFF, 0x81, 0x6B, 0x4D,
    0x0C, 0x00, 0x8B, 0x18, 0xC3, 0xFF, 0xDF, 0xBD, 0xF7, 0x52, 0x8A, 0x5A, 0xCB, 0x4A, 0x49, 0x10,
    0x00, 0x04, 0xFF, 0x12, 0x00, 0x04, 0xFF, 0x81, 0x52, 0xAA, 0x04, 0x00, 0x02, 0xFF, 0x81, 0x9C,
    0xD3, 0x0A, 0x00, 0x8B, 0x08, 0x41, 0xBD, 0xF7, 0xFF, 0xDF, 0x29, 0x65, 0x73, 0x8E, 0xB5, 0xB6,
    0x60, 0x00, 0x85, 0xF7, 0xBE, 0xE7, 0x3C, 0x94, 0xB2, 0x02, 0xFF, 0x81, 0x31, 0xA6, 0x0E, 0x00,
    0x85, 0x29, 0x65, 0xFF, 0xDF, 0x7B, 0xEF, 0x02, 0x00, 0x02, 0xFF, 0x81, 0x9C, 0xF3, 0x0C, 0x00,
    0x81, 0x6B, 0x6D, 0x02, 0xFF, 0x81, 0x31, 0xA6, 0x02, 0x00, 0x87, 0x10, 0x82, 0xD6, 0xBA, 0xE7,
    0x1C, 0x10, 0xA2, 0x0A, 0x00, 0x81, 0x10, 0xA2, 0x02, 0xFF, 0x81, 0x8C, 0x51, 0x14, 0x00, 0x81,
    0x6B, 0x6D, 0x04, 0xFF, 0x81, 0x63, 0x2C, 0x10, 0x00, 0x06, 0xFF, 0x81, 0x52, 0xAA, 0x02, 0x00,
    0x02, 0xFF, 0x81, 0x9C, 0xD3, 0x0B, 0x00, 0x86, 0x20, 0xB5, 0xB6, 0xFF, 0xDF, 0x39, 0xE7, 0x64,
    0x00, 0x83, 0xF7, 0xBE, 0xFF, 0xDF, 0x02, 0xFF, 0x81, 0xA5, 0x34, 0x10, 0x00, 0x8B, 0x29, 0x65,
    0xF7, 0xBE, 0xF7, 0xBE, 0xFF, 0xDF, 0xEF, 0x5D, 0x18, 0xC3, 0x0C, 0x00, 0x81, 0x6B, 0x6D, 0x02,
    0xFF, 0x81, 0x39, 0xC7, 0x04, 0x00, 0x85, 0xB5, 0xB6, 0xF7, 0xBE, 0x31, 0x86, 0x0A, 0x00, 0x87,
    0x10, 0xA2, 0xF7, 0xBE, 0xFF, 0xDF, 0xFF, 0xDF, 0x02, 0xFF, 0x81, 0x39, 0xC7, 0x0C, 0x00, 0x8B,
    0x08, 0x41, 0xDE, 0xFB, 0xBD, 0xD7, 0xBD, 0xD7, 0xE7, 0x1C, 0x08, 0x41, 0x0E, 0x00, 0x02, 0xFF,
    0x87, 0xD6, 0x9A, 0xDE, 0xDB, 0xFF, 0xDF, 0x6B, 0x4D, 0x02, 0xFF, 0x81, 0x9C, 0xD3, 0x0C, 0x00,
    0x83, 0x29, 0x45, 0xEF, 0x5D, 0x02, 0xFF, 0x83, 0xD6, 0xBA, 0x29, 0x65, 0x60, 0x00, 0x85, 0xF7,
    0xBE, 0xE7, 0x1C, 0x9C, 0xF3, 0x02, 0xFF, 0x81, 0x39, 0xC7, 0x0E, 0x00, 0x8B, 0x29, 0x65, 0xF7,
    0xBE, 0xB5, 0x96, 0x4A, 0x49, 0xF7, 0x9E, 0x94, 0x92, 0x0C, 0x00, 0x81, 0x6B, 0x6D, 0x02, 0xFF,
    0x81, 0x39, 0xC7, 0x04, 0x00, 0x85, 0xC6, 0x38, 0xEF, 0x7D, 0x21, 0x24, 0x0A, 0x00, 0x8B, 0x10,
    0xA2, 0xFF, 0xDF, 0xE7, 0x3C, 0xB5, 0xB6, 0xC6, 0x38, 0x21, 0x24, 0x0C, 0x00, 0x81, 0x4A, 0x49,
    0x02, 0xFF, 0x83, 0x5A, 0xEB, 0x6B, 0x4D, 0x02, 0xFF, 0x81, 0x4A, 0x69, 0x0E, 0x00, 0x02, 0xFF,
    0x85, 0xBD, 0xD7, 0x10, 0xA2, 0xD6, 0x9A, 0x04, 0xFF, 0x81, 0x9C, 0xD3, 0x0F, 0x00, 0x86, 0x20,
    0x63, 0x0C, 0xF7, 0xBE, 0xE7, 0x1C, 0x60, 0x00, 0x87, 0xF7, 0xBE, 0xEF, 0x5D, 0x00, 0x20, 0xD6,
    0xBA, 0x02, 0xFF, 0x81, 0x18, 0xE3, 0x0C, 0x00, 0x85, 0x29, 0x65, 0xFF, 0xDF, 0x7B, 0xEF, 0x02,
    0x00, 0x81, 0xFF, 0xDF, 0x02, 0xFF, 0x0C, 0x00, 0x81, 0x6B, 0x6D, 0x02, 0xFF, 0x85, 0x5A, 0xCB,
    0x21, 0x04, 0x73, 0xAE, 0x02, 0xFF, 0x81, 0xB5, 0x96, 0x0C, 0x00, 0x85, 0x10, 0xA2, 0xFF, 0xDF,
    0x94, 0x92, 0x12, 0x00, 0x81, 0xD6, 0xBA, 0x03, 0xFF, 0x82, 0xDF, 0xFF, 0xDF, 0x02, 0xFF, 0x81,
    0xBD, 0xF7, 0x0E, 0x00, 0x02, 0xFF, 0x87, 0xC6, 0x18, 0x08, 0x41, 0x08, 0x61, 0xC6, 0x38, 0x02,
    0xFF, 0x81, 0x9C, 0xD3, 0x0C, 0x00, 0x83, 0x39, 0xE7, 0x29, 0x45, 0x02, 0x00, 0x81, 0xCE, 0x59,
    0x02, 0xFF, 0x60, 0x00, 0x83, 0xF7, 0xBE, 0xEF, 0x5D, 0x02, 0x00, 0x87, 0x31, 0xA6, 0xFF, 0xDF,
    0xE7, 0x1C, 0x10, 0xA2, 0x0A, 0x00, 0x83, 0x29, 0x65, 0xF7, 0xBE, 0x06, 0xFF, 0x81, 0x94, 0x92,
    0x0C, 0x00, 0x81, 0x73, 0x8E, 0x08, 0xFF, 0x83, 0xC6, 0x18, 0x08, 0x41, 0x0C, 0x00, 0x81, 0x10,
    0xA2, 0x02, 0xFF, 0x81, 0x94, 0x92, 0x10, 0x00, 0x81, 0x63, 0x0C, 0x02, 0xFF, 0x87, 0x84, 0x10,
    0x63, 0x2C, 0x63, 0x2C, 0x7B, 0xEF, 0x02, 0xFF, 0x81, 0x42, 0x08, 0x0C, 0x00, 0x02, 0xFF, 0x83,
    0xC6, 0x18, 0x08, 0x41, 0x03, 0x00, 0x84, 0x20, 0xD6, 0x9A, 0xA5, 0x14, 0x0B, 0x00, 0x82, 0x20,
    0xA5, 0x14, 0x03, 0xFF, 0x80, 0xDF, 0x02, 0xFF, 0x81, 0xBD, 0xF7, 0x60, 0x00, 0x83, 0x63, 0x2C,
    0x5A, 0xEB, 0x04, 0x00, 0x85, 0x4A, 0x69, 0x8C, 0x51, 0x18, 0xE3, 0x0A, 0x00, 0x8B, 0x10, 0xA2,
    0x63, 0x2C, 0x6B, 0x6D, 0x7B, 0xCF, 0x4A, 0x69, 0x00, 0x20, 0x0C, 0x00, 0x8B, 0x29, 0x65, 0x6B,
    0x4D, 0x6B, 0x6D, 0x73, 0xAE, 0x42, 0x28, 0x00, 0x20, 0x0E, 0x00, 0x85, 0x08, 0x41, 0x6B, 0x4D,
    0x31, 0xA6, 0x10, 0x00, 0x85, 0x63, 0x0C, 0x63, 0x2C, 0x00, 0x20, 0x05, 0x00, 0x84, 0x20, 0x73,
    0x8E, 0x4A, 0x49, 0x0C, 0x00, 0x83, 0x6B, 0x4D, 0x4A, 0x69, 0x06, 0x00, 0x83, 0x08, 0x61, 0x4A,
    0x69, 0x0C, 0x00, 0x89, 0x10, 0xA2, 0x63, 0x2C, 0xAD, 0x75, 0x73, 0xAE, 0x10, 0x82, 0x7F, 0x00,
    0x7F, 0x00, 0x7F, 0x00, 0x7F, 0x00, 0x7F, 0x00, 0x7F, 0x00, 0x7F, 0x00, 0x7F, 0x00, 0x7F, 0x00,
    0x7F, 0x00, 0x7F, 0x00, 0x7F, 0x00, 0x7F, 0x00, 0x7F, 0x00, 0x7F, 0x00, 0x7F, 0x00, 0x7F, 0x00,
    0x7F, 0x00, 0x7F, 0x00, 0x7F, 0x00, 0x7F, 0x00, 0x7F, 0x00, 0x7F, 0x00, 0x7F, 0x00, 0x7F, 0x00,
    0x7F, 0x00, 0x7F, 0x00, 0x7F, 0x00, 0x7F, 0x00, 0x7F, 0x00, 0x7F, 0x00, 0x7F, 0x00, 0x7F, 0x00,
    0x7F, 0x00, 0x7F, 0x00, 0x7F, 0x00, 0x7F, 0x00, 0x7F, 0x00, 0x7F, 0x00, 0x7F, 0x00, 0x7F, 0x00,
    0x7F, 0x00, 0x7F, 0x00, 0x7F, 0x00, 0x7F, 0x00, 0x7F, 0x00, 0x7F, 0x00, 0x7F, 0x00, 0x7F, 0x00,
    0x7F, 0x00, 0x7F, 0x00, 0x7F, 0x00, 0x7F, 0x00, 0x7F, 0x00, 0x7F, 0x00, 0x7F, 0x00, 0x7F, 0x00,
    0x7F, 0x00, 0x6A, 0x00, 0x02, 0xFD, 0x06, 0x00, 0x00, 0x08, 0x00, 0x01, 0xFF, 0x28, 0x00, 0x05,
    0xFA, 0x3F, 0x0B, 0x00, 0x7F, 0x00, 0x7F, 0x00, 0x7F, 0x00, 0x7F, 0x00, 0x7F, 0x00, 0x7F, 0x00,
    0x7F, 0x00, 0x7F, 0x00, 0x7F, 0x00, 0x7F, 0x00, 0x7F, 0x00, 0x7F, 0x00, 0x7F, 0x00, 0x7F, 0x00,
    0x7F, 0x00, 0x7F, 0x00, 0x7F, 0x00, 0x7F, 0x00, 0x7F, 0x00, 0x7F, 0x00, 0x7F, 0x00, 0x7F, 0x00,
    0x7F, 0x00, 0x7F, 0x00, 0x7F, 0x00, 0x7F, 0x00, 0x7F, 0x00, 0x7F, 0x00, 0x7F, 0x00, 0x7F, 0x00,
    0x7F, 0x00, 0x7F, 0x00, 0x7F, 0x00, 0x7F, 0x00, 0x7F, 0x00, 0x7F, 0x00, 0x7F, 0x00, 0x7F, 0x00,
    0x7F, 0x00, 0x7F, 0x00, 0x7F, 0x00, 0x7F, 0x00, 0x7F, 0x00, 0x7F, 0x00, 0x7F, 0x00, 0x7F, 0x00,
    0x7F, 0x00, 0x7F, 0x00, 0x7F, 0x00, 0x7F, 0x00, 0x7F, 0x00, 0x7F, 0x00, 0x7F, 0x00, 0x7F, 0x00,
    0x7F, 0x00, 0x7F, 0x00, 0x7F, 0x00, 0x7F, 0x00, 0x6C, 0x00, 0x83, 0x42, 0x08, 0xEF, 0x5D, 0x7F,
    0xFF, 0x17, 0xFF, 0x81, 0x8C, 0x51, 0x62, 0x00, 0x83, 0x21, 0x24, 0xFF, 0xDF, 0x7F, 0xFF, 0x1B,
    0xFF, 0x81, 0x7B, 0xEF, 0x60, 0x00, 0x81, 0xAD, 0x55, 0x7F, 0xFF, 0x1D, 0xFF, 0x81, 0xDE, 0xFB,
    0x60, 0x00, 0x81, 0xF7, 0xBE, 0x7F, 0xFF, 0x1F, 0xFF, 0x60, 0x00, 0x81, 0xF7, 0xBE, 0x7F, 0xFF,
    0x1F, 0xFF, 0x60, 0x00, 0x81, 0xF7, 0xBE, 0x7F, 0xFF, 0x1F, 0xFF, 0x60, 0x00, 0x81, 0xF7, 0xBE,
    0x7F, 0xFF, 0x1F, 0xFF, 0x60, 0x00, 0x81, 0xF7, 0xBE, 0x7F, 0xFF, 0x1F, 0xFF, 0x60, 0x00, 0x81,
    0xF7, 0xBE, 0x12, 0xFF, 0x87, 0xEF, 0x7D, 0x94, 0x92, 0x7B, 0xEF, 0xE7, 0x1C, 0x68, 0xFF, 0x85,
    0xC6, 0x38, 0x7B, 0xCF, 0x9C, 0xF3, 0x16, 0xFF, 0x60, 0x00, 0x81, 0xF7, 0xBE, 0x10, 0xFF, 0x83,
    0xDE, 0xFB, 0x18, 0xE3, 0x04, 0x00, 0x83, 0x08, 0x41, 0xAD, 0x55, 0x64, 0xFF, 0x83, 0x7B, 0xEF,
    0x00, 0x20, 0x04, 0x00, 0x83, 0x31, 0xA6, 0xF7, 0xBE, 0x12, 0xFF, 0x60, 0x00, 0x81, 0xF7, 0xBE,
    0x10, 0xFF, 0x81, 0x39, 0xC7, 0x08, 0x00, 0x83, 0x10, 0xA2, 0xEF, 0x5D, 0x60, 0xFF, 0x81, 0xCE,
    0x79, 0x0A, 0x00, 0x81, 0x6B, 0x4D, 0x12, 0xFF, 0x60, 0x00, 0x81, 0xF7, 0xBE, 0x10, 0xFF, 0x81,
    0x08, 0x61, 0x08, 0x00, 0x83, 0x08, 0x61, 0xC6, 0x38, 0x60, 0xFF, 0x81, 0x18, 0xE3, 0x0A, 0x00,
    0x83, 0x42, 0x28, 0xFF, 0xDF, 0x10, 0xFF, 0x60, 0x00, 0x81, 0xF7, 0xBE, 0x10, 0xFF, 0x81, 0x08,
    0x61, 0x08, 0x00, 0x83, 0x08, 0x41, 0xC6, 0x38, 0x5E, 0xFF, 0x81, 0x84, 0x10, 0x0C, 0x00, 0x81,
    0x5A, 0xCB, 0x12, 0xFF, 0x60, 0x00, 0x81, 0xF7, 0xBE, 0x10, 0xFF, 0x81, 0x08, 0x41, 0x08, 0x00,
    0x83, 0x08, 0x41, 0xC6, 0x38, 0x5C, 0xFF, 0x83, 0xEF, 0x7D, 0x08, 0x41, 0x0C, 0x00, 0x81, 0xDE,
    0xFB, 0x12, 0xFF, 0x60, 0x00, 0x81, 0xF7, 0xBE, 0x10, 0xFF, 0x81, 0x08, 0x41, 0x08, 0x00, 0x83,
    0x08, 0x41, 0xC6, 0x38, 0x5C, 0xFF, 0x81, 0x29, 0x65, 0x0C, 0x00, 0x81, 0x73, 0x8E, 0x14, 0xFF,
    0x60, 0x00, 0x81, 0xF7, 0xBE, 0x10, 0xFF, 0x81, 0x08, 0x41, 0x08, 0x00, 0x83, 0x08, 0x41, 0xC6,
    0x38, 0x5A, 0xFF, 0x81, 0x6B, 0x6D, 0x0C, 0x00, 0x81, 0x21, 0x24, 0x16, 0xFF, 0x60, 0x00, 0x81,
    0xF7, 0xBE, 0x10, 0xFF, 0x81, 0x08, 0x41, 0x08, 0x00, 0x83, 0x08, 0x41, 0xC6, 0x38, 0x58, 0xFF,
    0x83, 0xC6, 0x18, 0x00, 0x20, 0x0A, 0x00, 0x83, 0x08, 0x41, 0xBD, 0xF7, 0x16, 0xFF, 0x60, 0x00,
    0x81, 0xF7, 0xBE, 0x10, 0xFF, 0x81, 0x08, 0x41, 0x08, 0x00, 0x83, 0x08, 0x41, 0xC6, 0x38, 0x56,
    0xFF, 0x83, 0xF7, 0x9E, 0x08, 0x61, 0x0C, 0x00, 0x81, 0x6B, 0x6D, 0x18, 0xFF, 0x60, 0x00, 0x81,
    0xF7, 0xBE, 0x10, 0xFF, 0x81, 0x08, 0x41, 0x08, 0x00, 0x83, 0x08, 0x41, 0xC6, 0x38, 0x54, 0xFF,
    0x83, 0xF7, 0xBE, 0x31, 0x86, 0x0C, 0x00, 0x81, 0x18, 0xE3, 0x1A, 0xFF, 0x60, 0x00, 0x81, 0xF7,
    0xBE, 0x10, 0xFF, 0x81, 0x08, 0x41, 0x08, 0x00, 0x83, 0x08, 0x41, 0xC6, 0x38, 0x54, 0xFF, 0x81,
    0x4A, 0x69, 0x0C, 0x00, 0x83, 0x08, 0x61, 0xCE, 0x79, 0x1A, 0xFF, 0x60, 0x00, 0x81, 0xF7, 0xBE,
    0x10, 0xFF, 0x81, 0x08, 0x41, 0x08, 0x00, 0x83, 0x08, 0x41, 0xC6, 0x38, 0x52, 0xFF, 0x81, 0x6B,
    0x4D, 0x0E, 0x00, 0x81, 0x9C, 0xD3, 0x1C, 0xFF, 0x60, 0x00, 0x81, 0xF7, 0xBE, 0x10, 0xFF, 0x81,
    0x08, 0x41, 0x08, 0x00, 0x83, 0x08, 0x41, 0xC6, 0x38, 0x50, 0xFF, 0x83, 0x84, 0x10, 0x00, 0x20,
    0x0C, 0x00, 0x81, 0x6B, 0x6D, 0x1E, 0xFF, 0x60, 0x00, 0x81, 0xF7, 0xBE, 0x10, 0xFF, 0x81, 0x08,
    0x41, 0x08, 0x00, 0x83, 0x08, 0x41, 0xC6, 0x38, 0x4E, 0xFF, 0x81, 0x7B, 0xEF, 0x0E, 0x00, 0x83,
    0x39, 0xE7, 0xF7, 0xBE, 0x1E, 0xFF, 0x60, 0x00, 0x81, 0xF7, 0xBE, 0x10, 0xFF, 0x81, 0x08, 0x41,
    0x08, 0x00, 0x83, 0x08, 0x41, 0xC6, 0x38, 0x4C, 0xFF, 0x81, 0x94, 0xB2, 0x0E, 0x00, 0x83, 0x18,
    0xC3, 0xEF, 0x7D, 0x20, 0xFF, 0x60, 0x00, 0x81, 0xF7, 0xBE, 0x10, 0xFF, 0x81, 0x08, 0x41, 0x08,
    0x00, 0x83, 0x08, 0x41, 0xC6, 0x38, 0x4A, 0xFF, 0x81, 0x7B, 0xEF, 0x0E, 0x00, 0x83, 0x10, 0xA2,
    0xE7, 0x3C, 0x22, 0xFF, 0x60, 0x00, 0x81, 0xF7, 0xBE, 0x10, 0xFF, 0x81, 0x08, 0x41, 0x08, 0x00,
    0x83, 0x08, 0x41, 0xC6, 0x38, 0x46, 0xFF, 0x83, 0xF7, 0xBE, 0x63, 0x0C, 0x0E, 0x00, 0x83, 0x08,
    0x61, 0xCE, 0x79, 0x24, 0xFF, 0x60, 0x00, 0x81, 0xF7, 0xBE, 0x10, 0xFF, 0x81, 0x08, 0x41, 0x08,
    0x00, 0x83, 0x08, 0x41, 0xC6, 0x38, 0x45, 0xFF, 0x82, 0xDF, 0x39, 0xE7, 0x0E, 0x00, 0x83, 0x08,
    0x41, 0xC6, 0x38, 0x26, 0xFF, 0x60, 0x00, 0x81, 0xF7, 0xBE, 0x10, 0xFF, 0x81, 0x08, 0x41, 0x08,
    0x00, 0x83, 0x08, 0x41, 0xC6, 0x38, 0x42, 0xFF, 0x83, 0xD6, 0xBA, 0x21, 0x24, 0x0E, 0x00, 0x83,
    0x10, 0x82, 0xCE, 0x79, 0x28, 0xFF, 0x60, 0x00, 0x81, 0xF7, 0xBE, 0x10, 0xFF, 0x81, 0x08, 0x41,
    0x08, 0x00, 0x83, 0x08, 0x41, 0xC6, 0x38, 0x40, 0xFF, 0x83, 0xA5, 0x14, 0x08, 0x61, 0x0E, 0x00,
    0x83, 0x08, 0x61, 0xC6, 0x38, 0x2A, 0xFF, 0x60, 0x00, 0x81, 0xF7, 0xBE, 0x10, 0xFF, 0x81, 0x08,
    0x41, 0x08, 0x00, 0x83, 0x08, 0x41, 0xC6, 0x38, 0x3C, 0xFF, 0x83, 0xF7, 0x9E, 0x5A, 0xEB, 0x10,
    0x00, 0x83, 0x18, 0xE3, 0xD6, 0x9A, 0x2C, 0xFF, 0x60, 0x00, 0x81, 0xF7, 0xBE, 0x10, 0xFF, 0x81,
    0x08, 0x41, 0x08, 0x00, 0x83, 0x08, 0x41, 0xC6, 0x38, 0x3A, 0xFF, 0x83, 0xB5, 0x96, 0x18, 0xE3,
    0x10, 0x00, 0x83, 0x31, 0x86, 0xEF, 0x7D, 0x2E, 0xFF, 0x60, 0x00, 0x81, 0xF7, 0xBE, 0x10, 0xFF,
    0x81, 0x08, 0x41, 0x08, 0x00, 0x83, 0x08, 0x41, 0xC6, 0x38, 0x36, 0xFF, 0x85, 0xEF, 0x5D, 0x52,
    0x8A, 0x00, 0x20, 0x10, 0x00, 0x83, 0x52, 0x8A, 0xFF, 0xDF, 0x08, 0xFF, 0x85, 0xEF, 0x5D, 0x52,
    0xAA, 0x42, 0x08, 0x22, 0xFF, 0x60, 0x00, 0x81, 0xF7, 0xBE, 0x10, 0xFF, 0x81, 0x08, 0x41, 0x08,
    0x00, 0x83, 0x08, 0x41, 0xC6, 0x38, 0x34, 0xFF, 0x83, 0x8C, 0x71, 0x10, 0x82, 0x12, 0x00, 0x81,
    0x7B, 0xCF, 0x0A, 0xFF, 0x83, 0xA5, 0x14, 0x10, 0xA2, 0x04, 0x00, 0x81, 0x63, 0x2C, 0x20, 0xFF,
    0x60, 0x00, 0x81, 0xF7, 0xBE, 0x10, 0xFF, 0x81, 0x08, 0x41, 0x08, 0x00, 0x83, 0x08, 0x41, 0xC6,
    0x38, 0x30, 0xFF, 0x83, 0xAD, 0x75, 0x29, 0x65, 0x12, 0x00, 0x83, 0x18, 0xE3, 0xBD, 0xD7, 0x08,
    0xFF, 0x83, 0x9C, 0xF3, 0x31, 0xA6, 0x0A, 0x00, 0x81, 0xAD, 0x55, 0x1E, 0xFF, 0x60, 0x00, 0x81,
    0xF7, 0xBE, 0x10, 0xFF, 0x81, 0x08, 0x41, 0x08, 0x00, 0x83, 0x08, 0x41, 0xC6, 0x38, 0x2B, 0xFF,
    0x84, 0xDF, 0xAD, 0x75, 0x31, 0xA6, 0x14, 0x00, 0x83, 0x4A, 0x49, 0xEF, 0x7D, 0x0A, 0xFF, 0x81,
    0x31, 0xA6, 0x0E, 0x00, 0x81, 0xD6, 0xBA, 0x1C, 0xFF, 0x60, 0x00, 0x81, 0xF7, 0xBE, 0x10, 0xFF,
    0x81, 0x08, 0x41, 0x08, 0x00, 0x83, 0x08, 0x41, 0xC6, 0x38, 0x26, 0xFF, 0x85, 0xEF, 0x7D, 0x8C,
    0x51, 0x21, 0x24, 0x14, 0x00, 0x83, 0x10, 0xA2, 0x9C, 0xF3, 0x10, 0xFF, 0x81, 0x21, 0x04, 0x0C,
    0x00, 0x83, 0x18, 0xE3, 0xE7, 0x3C, 0x1A, 0xFF, 0x60, 0x00, 0x81, 0xF7, 0xBE, 0x10, 0xFF, 0x81,
    0x08, 0x41, 0x08, 0x00, 0x83, 0x08, 0x41, 0xC6, 0x38, 0x22, 0xFF, 0x85, 0xC6, 0x18, 0x5A, 0xEB,
    0x10, 0x82, 0x16, 0x00, 0x83, 0x5A, 0xCB, 0xEF, 0x7D, 0x12, 0xFF, 0x83, 0xE7, 0x1C, 0x10, 0xA2,
    0x0C, 0x00, 0x81, 0x42, 0x28, 0x1A, 0xFF, 0x60, 0x00, 0x81, 0xF7, 0xBE, 0x10, 0xFF, 0x81, 0x08,
    0x41, 0x08, 0x00, 0x83, 0x08, 0x41, 0xC6, 0x38, 0x1C, 0xFF, 0x85, 0xCE, 0x79, 0x84, 0x30, 0x29,
    0x65, 0x18, 0x00, 0x83, 0x29, 0x45, 0xAD, 0x55, 0x18, 0xFF, 0x81, 0xC6, 0x38, 0x0E, 0x00, 0x81,
    0xA5, 0x34, 0x18, 0xFF, 0x60, 0x00, 0x81, 0xF7, 0xBE, 0x10, 0xFF, 0x81, 0x08, 0x61, 0x08, 0x00,
    0x83, 0x08, 0x41, 0xC6, 0x38, 0x14, 0xFF, 0x87, 0xE7, 0x3C, 0xAD, 0x75, 0x63, 0x2C, 0x29, 0x65,
    0x1A, 0x00, 0x85, 0x10, 0xA2, 0x8C, 0x71, 0xF7, 0xBE, 0x1C, 0xFF, 0x81, 0x94, 0xB2, 0x0C, 0x00,
    0x83, 0x10, 0x82, 0xE7, 0x1C, 0x16, 0xFF, 0x60, 0x00, 0x81, 0xF7, 0xBE, 0x10, 0xFF, 0x81, 0x08,
    0x41, 0x08, 0x00, 0x83, 0x08, 0x41, 0xCE, 0x59, 0x0A, 0xFF, 0x8B, 0xDE, 0xFB, 0xB5, 0xB6, 0x84,
    0x30, 0x5A, 0xEB, 0x31, 0x86, 0x08, 0x41, 0x1C, 0x00, 0x85, 0x18, 0xE3, 0x8C, 0x71, 0xF7, 0x9E,
    0x21, 0xFF, 0x82, 0xDF, 0x4A, 0x49, 0x0C, 0x00, 0x81, 0x4A, 0x49, 0x16, 0xFF, 0x60, 0x00, 0x81,
    0xF7, 0xBE, 0x10, 0xFF, 0x81, 0x08, 0x41, 0x09, 0x00, 0x8E, 0x20, 0x5A, 0xCB, 0x73, 0x8E, 0x52,
    0xAA, 0x4A, 0x49, 0x29, 0x65, 0x18, 0xC3, 0x00, 0x20, 0x22, 0x00, 0x85, 0x29, 0x45, 0x8C, 0x51,
    0xF7, 0xBE, 0x27, 0xFF, 0x82, 0xDF, 0x10, 0xA2, 0x0C, 0x00, 0x81, 0xAD, 0x75, 0x14, 0xFF, 0x60,
    0x00, 0x81, 0xF7, 0xBE, 0x10, 0xFF, 0x81, 0x08, 0x41, 0x36, 0x00, 0x83, 0x42, 0x08, 0xAD, 0x55,
    0x2E, 0xFF, 0x81, 0xCE, 0x79, 0x0C, 0x00, 0x83, 0x08, 0x41, 0xFF, 0xDF, 0x12, 0xFF, 0x60, 0x00,
    0x81, 0xF7, 0xBE, 0x10, 0xFF, 0x81, 0x08, 0x41, 0x30, 0x00, 0x85, 0x18, 0xE3, 0x6B, 0x6D, 0xCE,
    0x59, 0x34, 0xFF, 0x81, 0x5A, 0xEB, 0x0C, 0x00, 0x81, 0x6B, 0x6D, 0x12, 0xFF, 0x60, 0x00, 0x81,
    0xF7, 0xBE, 0x10, 0xFF, 0x81, 0x08, 0x41, 0x2A, 0x00, 0x87, 0x21, 0x24, 0x73, 0x8E, 0xBD, 0xF7,
    0xFF, 0xDF, 0x38, 0xFF, 0x83, 0xEF, 0x5D, 0x08, 0x61, 0x0A, 0x00, 0x83, 0x4A, 0x49, 0xFF, 0xDF,
    0x10, 0xFF, 0x60, 0x00, 0x81, 0xF7, 0xBE, 0x10, 0xFF, 0x81, 0x08, 0x61, 0x22, 0x00, 0x87, 0x21,
    0x04, 0x4A, 0x69, 0x8C, 0x71, 0xD6, 0xBA, 0x42, 0xFF, 0x81, 0x9C, 0xF3, 0x0A, 0x00, 0x81, 0x52,
    0xAA, 0x12, 0xFF, 0x60, 0x00, 0x81, 0xF7, 0xBE, 0x10, 0xFF, 0x81, 0x08, 0x41, 0x16, 0x00, 0x8B,
    0x10, 0x82, 0x29, 0x45, 0x4A, 0x69, 0x73, 0x8E, 0xA5, 0x14, 0xDE, 0xFB, 0x4C, 0xFF, 0x81, 0x4A,
    0x49, 0x06, 0x00, 0x83, 0x08, 0x61, 0xD6, 0x9A, 0x12, 0xFF, 0x60, 0x00, 0x81, 0xF7, 0xBE, 0x10,
    0xFF, 0x99, 0x5A, 0xEB, 0x52, 0xAA, 0x52, 0xAA, 0x52, 0xAA, 0x52, 0x8A, 0x4A, 0x49, 0x5A, 0xEB,
    0x63, 0x2C, 0x7B, 0xCF, 0x8C, 0x51, 0xAD, 0x75, 0xD6, 0xBA, 0xF7, 0xBE, 0x57, 0xFF, 0x88, 0xDF,
    0x84, 0x30, 0x4A, 0x69, 0x5A, 0xEB, 0xE7, 0x3C, 0x14, 0xFF, 0x60, 0x00, 0x81, 0xF7, 0xBE, 0x7F,
    0xFF, 0x1F, 0xFF, 0x60, 0x00, 0x81, 0xF7, 0xBE, 0x7F, 0xFF, 0x1F, 0xFF, 0x60, 0x00, 0x81, 0xF7,
    0xBE, 0x7F, 0xFF, 0x1F, 0xFF, 0x60, 0x00, 0x81, 0xF7, 0xBE, 0x7F, 0xFF, 0x1F, 0xFF, 0x60, 0x00,
    0x81, 0xF7, 0xBE, 0x7F, 0xFF, 0x1F, 0xFF, 0x60, 0x00, 0x81, 0xC6, 0x38, 0x7F, 0xFF, 0x1D, 0xFF,
    0x81, 0xEF, 0x5D, 0x60, 0x00, 0x81, 0x39, 0xE7, 0x7F, 0xFF, 0x1D, 0xFF, 0x81, 0xA5, 0x14, 0x62,
    0x00, 0x81, 0x73, 0x8E, 0x7F, 0xFF, 0x19, 0xFF, 0x83, 0xC6, 0x38, 0x08, 0x61, 0x64, 0x00, 0xFF,
    0x31, 0x86, 0x7B, 0xEF, 0x94, 0xB2, 0x9C, 0xD3, 0x9C, 0xD3, 0x9C, 0xD3, 0x9C, 0xD3, 0x9C, 0xD3,
    0x9C, 0xD3, 0x9C, 0xD3, 0x9C, 0xD3, 0x9C, 0xD3, 0x9C, 0xD3, 0x9C, 0xD3, 0x9C, 0xD3, 0x9C, 0xD3,
    0x9C, 0xD3, 0x9C, 0xD3, 0x9C, 0xD3, 0x9C, 0xD3, 0x9C, 0xD3, 0x9C, 0xD3, 0x9C, 0xD3, 0x9C, 0xD3,
    0x9C, 0xD3, 0x9C, 0xD3, 0x9C, 0xD3, 0x9C, 0xD3, 0x9C, 0xD3, 0x9C, 0xD3, 0x9C, 0xD3, 0x9C, 0xD3,
    0x9C, 0xD3, 0x9C, 0xD3, 0x9C, 0xD3, 0x9C, 0xD3, 0x9C, 0xD3, 0x9C, 0xD3, 0x9C, 0xD3, 0x9C, 0xD3,
    0x9C, 0xD3, 0x9C, 0xD3, 0x9C, 0xD3, 0x9C, 0xD3, 0x9C, 0xD3, 0x9C, 0xD3, 0x9C, 0xD3, 0x9C, 0xD3,
    0x9C, 0xD3, 0x9C, 0xD3, 0x9C, 0xD3, 0x9C, 0xD3, 0x9C, 0xD3, 0x9C, 0xD3, 0x9C, 0xD3, 0x9C, 0xD3,
    0x9C, 0xD3, 0x9C, 0xD3, 0x9C, 0xD3, 0x9C, 0xD3, 0x9C, 0xD3, 0x9C, 0xD3, 0x9C, 0xD3, 0x9C, 0xD3,
    0x99, 0x9C, 0xD3, 0x9C, 0xD3, 0x9C, 0xD3, 0x9C, 0xD3, 0x9C, 0xD3, 0x9C, 0xD3, 0x9C, 0xD3, 0x9C,
    0xD3, 0x94, 0xB2, 0x9C, 0xD3, 0x8C, 0x71, 0x4A, 0x69, 0x00, 0x20, 0x7F, 0x00, 0x7F, 0x00, 0x7F,
    0x00, 0x7F, 0x00, 0x7F, 0x00, 0x7F, 0x00, 0x7F, 0x00, 0x7F, 0x00, 0x7F, 0x00, 0x7F, 0x00, 0x6C,
    0x00, 0x83, 0x18, 0xE3, 0x18, 0xC3, 0x04, 0x00, 0x85, 0x18, 0xC3, 0x31, 0x86, 0x08, 0x41, 0x0B,
    0x00, 0x88, 0x20, 0x21, 0x04, 0x21, 0x04, 0x21, 0x04, 0x00, 0x20, 0x0E, 0x00, 0x89, 0x08, 0x61,
    0x21, 0x04, 0x21, 0x04, 0x21, 0x04, 0x08, 0x41, 0x12, 0x00, 0x89, 0x18, 0xE3, 0x21, 0x04, 0x21,
    0x04, 0x21, 0x04, 0x10, 0xA2, 0x11, 0x00, 0x82, 0x20, 0x08, 0x41, 0x12, 0x00, 0x81, 0x29, 0x45,
    0x08, 0x00, 0x83, 0x21, 0x24, 0x10, 0x82, 0x0E, 0x00, 0x85, 0x10, 0x82, 0x39, 0xE7, 0x21, 0x04,
    0x62, 0x00, 0x83, 0xF7, 0x9E, 0xEF, 0x5D, 0x02, 0x00, 0x87, 0x18, 0xE3, 0xF7, 0x9E, 0xCE, 0x79,
    0x08, 0x61, 0x0A, 0x00, 0x83, 0x29, 0x65, 0xF7, 0x9E, 0x04, 0xFF, 0x83, 0xD6, 0xBA, 0x29, 0x65,
    0x0C, 0x00, 0x81, 0x6B, 0x6D, 0x06, 0xFF, 0x83, 0xF7, 0x9E, 0x63, 0x2C, 0x0E, 0x00, 0x83, 0x10,
    0xA2, 0xF7, 0xBE, 0x06, 0xFF, 0x83, 0xC6, 0x18, 0x00, 0x20, 0x0E, 0x00, 0x83, 0x73, 0x8E, 0x63,
    0x0C, 0x12, 0x00, 0x02, 0xFF, 0x81, 0x4A, 0x49, 0x06, 0x00, 0x02, 0xFF, 0x81, 0x94, 0xB2, 0x0C,
    0x00, 0x83, 0x39, 0xC7, 0xEF, 0x7D, 0x04, 0xFF, 0x81, 0xB5, 0xB6, 0x60, 0x00, 0x83, 0xF7, 0xBE,
    0xEF, 0x5D, 0x02, 0x00, 0x81, 0xC6, 0x18, 0x02, 0xFF, 0x81, 0x21, 0x24, 0x0C, 0x00, 0x87, 0x29,
    0x65, 0xFF, 0xDF, 0xB5, 0xB6, 0x5A, 0xCB, 0x02, 0xFF, 0x81, 0xC6, 0x18, 0x0C, 0x00, 0x81, 0x73,
    0x8E, 0x02, 0xFF, 0x85, 0x8C, 0x51, 0x6B, 0x6D, 0xDE, 0xDB, 0x02, 0xFF, 0x81, 0x6B, 0x4D, 0x0C,
    0x00, 0x8B, 0x18, 0xC3, 0xFF, 0xDF, 0xBD, 0xF7, 0x52, 0x8A, 0x5A, 0xCB, 0x4A, 0x49, 0x10, 0x00,
    0x04, 0xFF, 0x12, 0x00, 0x04, 0xFF, 0x81, 0x52, 0xAA, 0x04, 0x00, 0x02, 0xFF, 0x81, 0x9C, 0xD3,
    0x0A, 0x00, 0x8B, 0x08, 0x41, 0xBD, 0xF7, 0xFF, 0xDF, 0x29, 0x65, 0x73, 0x8E, 0xB5, 0xB6, 0x60,
    0x00, 0x85, 0xF7, 0xBE, 0xE7, 0x3C, 0x94, 0xB2, 0x02, 0xFF, 0x81, 0x31, 0xA6, 0x0E, 0x00, 0x85,
    0x29, 0x65, 0xFF, 0xDF, 0x7B, 0xEF, 0x02, 0x00, 0x02, 0xFF, 0x81, 0x9C, 0xF3, 0x0C, 0x00, 0x81,
    0x6B, 0x6D, 0x02, 0xFF, 0x81, 0x31, 0xA6, 0x02, 0x00, 0x87, 0x10, 0x82, 0xD6, 0xBA, 0xE7, 0x1C,
    0x10, 0xA2, 0x0A, 0x00, 0x81, 0x10, 0xA2, 0x02, 0xFF, 0x81, 0x8C, 0x51, 0x14, 0x00, 0x81, 0x6B,
    0x6D, 0x04, 0xFF, 0x81, 0x63, 0x2C, 0x10, 0x00, 0x06, 0xFF, 0x81, 0x52, 0xAA, 0x02, 0x00, 0x02,
    0xFF, 0x81, 0x9C, 0xD3, 0x0B, 0x00, 0x86, 0x20, 0xB5, 0xB6, 0xFF, 0xDF, 0x39, 0xE7, 0x64, 0x00,
    0x83, 0xF7, 0xBE, 0xFF, 0xDF, 0x02, 0xFF, 0x81, 0xA5, 0x34, 0x10, 0x00, 0x8B, 0x29, 0x65, 0xF7,
    0xBE, 0xF7, 0xBE, 0xFF, 0xDF, 0xEF, 0x5D, 0x18, 0xC3, 0x0C, 0x00, 0x81, 0x6B, 0x6D, 0x02, 0xFF,
    0x81, 0x39, 0xC7, 0x04, 0x00, 0x85, 0xB5, 0xB6, 0xF7, 0xBE, 0x31, 0x86, 0x0A, 0x00, 0x87, 0x10,
    0xA2, 0xF7, 0xBE, 0xFF, 0xDF, 0xFF, 0xDF, 0x02, 0xFF, 0x81, 0x39, 0xC7, 0x0C, 0x00, 0x8B, 0x08,
    0x41, 0xDE, 0xFB, 0xBD, 0xD7, 0xBD, 0xD7, 0xE7, 0x1C, 0x08, 0x41, 0x0E, 0x00, 0x02, 0xFF, 0x87,
    0xD6, 0x9A, 0xDE, 0xDB, 0xFF, 0xDF, 0x6B, 0x4D, 0x02, 0xFF, 0x81, 0x9C, 0xD3, 0x0C, 0x00, 0x83,
    0x29, 0x45, 0xEF, 0x5D, 0x02, 0xFF, 0x83, 0xD6, 0xBA, 0x29, 0x65, 0x60, 0x00, 0x85, 0xF7, 0xBE,
    0xE7, 0x1C, 0x9C, 0xF3, 0x02, 0xFF, 0x81, 0x39, 0xC7, 0x0E, 0x00, 0x8B, 0x29, 0x65, 0xF7, 0xBE,
    0xB5, 0x96, 0x4A, 0x49, 0xF7, 0x9E, 0x94, 0x92, 0x0C, 0x00, 0x81, 0x6B, 0x6D, 0x02, 0xFF, 0x81,
    0x39, 0xC7, 0x04, 0x00, 0x85, 0xC6, 0x38, 0xEF, 0x7D, 0x21, 0x24, 0x0A, 0x00, 0x8B, 0x10, 0xA2,
    0xFF, 0xDF, 0xE7, 0x3C, 0xB5, 0xB6, 0xC6, 0x38, 0x21, 0x24, 0x0C, 0x00, 0x81, 0x4A, 0x49, 0x02,
    0xFF, 0x83, 0x5A, 0xEB, 0x6B, 0x4D, 0x02, 0xFF, 0x81, 0x4A, 0x69, 0x0E, 0x00, 0x02, 0xFF, 0x85,
    0xBD, 0xD7, 0x10, 0xA2, 0xD6, 0x9A, 0x04, 0xFF, 0x81, 0x9C, 0xD3, 0x0F, 0x00, 0x86, 0x20, 0x63,
    0x0C, 0xF7, 0xBE, 0xE7, 0x1C, 0x60, 0x00, 0x87, 0xF7, 0xBE, 0xEF, 0x5D, 0x00, 0x20, 0xD6, 0xBA,
    0x02, 0xFF, 0x81, 0x18, 0xE3, 0x0C, 0x00, 0x85, 0x29, 0x65, 0xFF, 0xDF, 0x7B, 0xEF, 0x02, 0x00,
    0x81, 0xFF, 0xDF, 0x02, 0xFF, 0x0C, 0x00, 0x81, 0x6B, 0x6D, 0x02, 0xFF, 0x85, 0x5A, 0xCB, 0x21,
    0x04, 0x73, 0xAE, 0x02, 0xFF, 0x81, 0xB5, 0x96, 0x0C, 0x00, 0x85, 0x10, 0xA2, 0xFF, 0xDF, 0x94,
    0x92, 0x12, 0x00, 0x81, 0xD6, 0xBA, 0x03, 0xFF, 0x82, 0xDF, 0xFF, 0xDF, 0x02, 0xFF, 0x81, 0xBD,
    0xF7, 0x0E, 0x00, 0x02, 0xFF, 0x87, 0xC6, 0x18, 0x08, 0x41, 0x08, 0x61, 0xC6, 0x38, 0x02, 0xFF,
    0x81, 0x9C, 0xD3, 0x0C, 0x00, 0x83, 0x39, 0xE7, 0x29, 0x45, 0x02, 0x00, 0x81, 0xCE, 0x59, 0x02,
    0xFF, 0x60, 0x00, 0x83, 0xF7, 0xBE, 0xEF, 0x5D, 0x02, 0x00, 0x87, 0x31, 0xA6, 0xFF, 0xDF, 0xE7,
    0x1C, 0x10, 0xA2, 0x0A, 0x00, 0x83, 0x29, 0x65, 0xF7, 0xBE, 0x06, 0xFF, 0x81, 0x94, 0x92, 0x0C,
    0x00, 0x81, 0x73, 0x8E, 0x08, 0xFF, 0x83, 0xC6, 0x18, 0x08, 0x41, 0x0C, 0x00, 0x81, 0x10, 0xA2,
    0x02, 0xFF, 0x81, 0x94, 0x92, 0x10, 0x00, 0x81, 0x63, 0x0C, 0x02, 0xFF, 0x87, 0x84, 0x10, 0x63,
    0x2C, 0x63, 0x2C, 0x7B, 0xEF, 0x02, 0xFF, 0x81, 0x42, 0x08, 0x0C, 0x00, 0x02, 0xFF, 0x83, 0xC6,
    0x18, 0x08, 0x41, 0x03, 0x00, 0x84, 0x20, 0xD6, 0x9A, 0xA5, 0x14, 0x0B, 0x00, 0x82, 0x20, 0xA5,
    0x14, 0x03, 0xFF, 0x80, 0xDF, 0x02, 0xFF, 0x81, 0xBD, 0xF7, 0x60, 0x00, 0x83, 0x63, 0x2C, 0x5A,
    0xEB, 0x04, 0x00, 0x85, 0x4A, 0x69, 0x8C, 0x51, 0x18, 0xE3, 0x0A, 0x00, 0x8B, 0x10, 0xA2, 0x63,
    0x2C, 0x6B, 0x6D, 0x7B, 0xCF, 0x4A, 0x69, 0x00, 0x20, 0x0C, 0x00, 0x8B, 0x29, 0x65, 0x6B, 0x4D,
    0x6B, 0x6D, 0x73, 0xAE, 0x42, 0x28, 0x00, 0x20, 0x0E, 0x00, 0x85, 0x08, 0x41, 0x6B, 0x4D, 0x31,
    0xA6, 0x10, 0x00, 0x85, 0x63, 0x0C, 0x63, 0x2C, 0x00, 0x20, 0x05, 0x00, 0x84, 0x20, 0x73, 0x8E,
    0x4A, 0x49, 0x0C, 0x00, 0x83, 0x6B, 0x4D, 0x4A, 0x69, 0x06, 0x00, 0x83, 0x08, 0x61, 0x4A, 0x69,
    0x0C, 0x00, 0x89, 0x10, 0xA2, 0x63, 0x2C, 0xAD, 0x75, 0x73, 0xAE, 0x10, 0x82, 0x7F, 0x00, 0x7F,
    0x00, 0x7F, 0x00, 0x7F, 0x00, 0x7F, 0x00, 0x7F, 0x00, 0x7F, 0x00, 0x7F, 0x00, 0x7F, 0x00, 0x7F,
    0x00, 0x7F, 0x00, 0x7F, 0x00, 0x7F, 0x00, 0x7F, 0x00, 0x7F, 0x00, 0x7F, 0x00, 0x7F, 0x00, 0x7F,
    0x00, 0x7F, 0x00, 0x7F, 0x00, 0x7F, 0x00, 0x7F, 0x00, 0x7F, 0x00, 0x7F, 0x00, 0x7F, 0x00, 0x7F,
    0x00, 0x7F, 0x00, 0x7F, 0x00, 0x7F, 0x00, 0x7F, 0x00, 0x7F, 0x00, 0x7F, 0x00, 0x7F, 0x00, 0x7F,
    0x00, 0x7F, 0x00, 0x7F, 0x00, 0x7F, 0x00, 0x7F, 0x00, 0x7F, 0x00, 0x7F, 0x00, 0x7F, 0x00, 0x7F,
    0x00, 0x7F, 0x00, 0x7F, 0x00, 0x7F, 0x00, 0x7F, 0x00, 0x7F, 0x00, 0x7F, 0x00, 0x7F, 0x00, 0x7F,
    0x00, 0x7F, 0x00, 0x7F, 0x00, 0x7F, 0x00, 0x7F, 0x00, 0x7F, 0x00, 0x7F, 0x00, 0x7F, 0x00, 0x7F,
    0x00, 0x6A, 0x00,
};
// clang-format on
