// Copyright 2025 QMK -- generated source code only, image retains original copyright
// SPDX-License-Identifier: GPL-2.0-or-later

// This file was auto-generated by `painter_convert_graphics` with arguments:
//    format | rgb565
//    output | gfx
//    input  | boot.gif

// Image's metadata
// ----------------
// Width: 128
// Height: 128
//        Frame:    0|   1|   2|   3|   4|   5|   6|   7|   8|   9|  10|  11|  12|  13|  14|  15|  16|  17|  18
// Duration(ms):  100| 100| 100| 100| 100| 100| 100| 100| 100| 100| 100| 100| 100| 100| 100| 100| 100| 100| 100
//  Compression:    1|   1|   1|   1|   1|   1|   1|   1|   1|   1|   1|   1|   1|   1|   1|   1|   1|   1|   1 >> See qp.h, painter_compression_t
//        Delta:    0|   0|   0|   0|   0|   0|   0|   0|   0|   0|   0|   0|   0|   0|   0|   0|   0|   0|   0

#include <qp.h>

const uint32_t gfx_boot_length = 98528;

// clang-format off
const uint8_t gfx_boot[98528] = {
    0x00, 0xFF, 0x12, 0x00, 0x00, 0x51, 0x47, 0x46, 0x01, 0xE0, 0x80, 0x01, 0x00, 0x1F, 0x7F, 0xFE,
    0xFF, 0x80, 0x00, 0x80, 0x00, 0x13, 0x00, 0x01, 0xFE, 0x4C, 0x00, 0x00, 0x68, 0x00, 0x00, 0x00,
    0x7E, 0x02, 0x00, 0x00, 0x01, 0x05, 0x00, 0x00, 0x74, 0x08, 0x00, 0x00, 0x76, 0x0D, 0x00, 0x00,
    0xE9, 0x13, 0x00, 0x00, 0x4A, 0x1C, 0x00, 0x00, 0x81, 0x28, 0x00, 0x00, 0xF6, 0x38, 0x00, 0x00,
    0xE5, 0x4C, 0x00, 0x00, 0x1D, 0x64, 0x00, 0x00, 0x15, 0x7E, 0x00, 0x00, 0xB9, 0x99, 0x00, 0x00,
    0x4F, 0xB6, 0x00, 0x00, 0x12, 0xD4, 0x00, 0x00, 0xA9, 0xF3, 0x00, 0x00, 0x55, 0x15, 0x01, 0x00,
    0x47, 0x38, 0x01, 0x00, 0x88, 0x5C, 0x01, 0x00, 0x02, 0xFD, 0x06, 0x00, 0x00, 0x08, 0x00, 0x01,
    0xFF, 0x64, 0x00, 0x05, 0xFA, 0x06, 0x02, 0x00, 0x7F, 0x00, 0x7F, 0x00, 0x7F, 0x00, 0x7F, 0x00,
    0x7F, 0x00, 0x7F, 0x00, 0x7F, 0x00, 0x7F, 0x00, 0x7F, 0x00, 0x7F, 0x00, 0x7F, 0x00, 0x7F, 0x00,
    0x7F, 0x00, 0x7F, 0x00, 0x7F, 0x00, 0x7F, 0x00, 0x7F, 0x00, 0x7F, 0x00, 0x7F, 0x00, 0x7F, 0x00,
    0x7F, 0x00, 0x7F, 0x00, 0x7F, 0x00, 0x7F, 0x00, 0x7F, 0x00, 0x7F, 0x00, 0x7F, 0x00, 0x7F, 0x00,
    0x7F, 0x00, 0x7F, 0x00, 0x7F, 0x00, 0x7F, 0x00, 0x7F, 0x00, 0x7F, 0x00, 0x7F, 0x00, 0x7F, 0x00,
    0x7F, 0x00, 0x7F, 0x00, 0x7F, 0x00, 0x7F, 0x00, 0x7F, 0x00, 0x7F, 0x00, 0x7F, 0x00, 0x7F, 0x00,
    0x7F, 0x00, 0x7F, 0x00, 0x7F, 0x00, 0x7F, 0x00, 0x7F, 0x00, 0x7F, 0x00, 0x7F, 0x00, 0x7F, 0x00,
    0x7F, 0x00, 0x7F, 0x00, 0x7F, 0x00, 0x7F, 0x00, 0x7F, 0x00, 0x7F, 0x00, 0x7F, 0x00, 0x7F, 0x00,
    0x7F, 0x00, 0x7F, 0x00, 0x7F, 0x00, 0x7F, 0x00, 0x7F, 0x00, 0x7F, 0x00, 0x7F, 0x00, 0x7F, 0x00,
    0x7F, 0x00, 0x7F, 0x00, 0x7F, 0x00, 0x7F, 0x00, 0x7F, 0x00, 0x7F, 0x00, 0x7F, 0x00, 0x7F, 0x00,
    0x7F, 0x00, 0x7F, 0x00, 0x7F, 0x00, 0x7F, 0x00, 0x7F, 0x00, 0x7F, 0x00, 0x7F, 0x00, 0x7F, 0x00,
    0x7F, 0x00, 0x7F, 0x00, 0x7F, 0x00, 0x7F, 0x00, 0x7F, 0x00, 0x7F, 0x00, 0x7F, 0x00, 0x7F, 0x00,
    0x7F, 0x00, 0x7F, 0x00, 0x7F, 0x00, 0x7F, 0x00, 0x7F, 0x00, 0x7F, 0x00, 0x7F, 0x00, 0x7F, 0x00,
    0x7F, 0x00, 0x7F, 0x00, 0x7F, 0x00, 0x7F, 0x00, 0x7F, 0x00, 0x7F, 0x00, 0x7F, 0x00, 0x7F, 0x00,
    0x7F, 0x00, 0x7F, 0x00, 0x7F, 0x00, 0x7F, 0x00, 0x7F, 0x00, 0x7F, 0x00, 0x7F, 0x00, 0x7F, 0x00,
    0x7F, 0x00, 0x7F, 0x00, 0x7F, 0x00, 0x7F, 0x00, 0x7F, 0x00, 0x7F, 0x00, 0x7F, 0x00, 0x7F, 0x00,
    0x7F, 0x00, 0x7F, 0x00, 0x7F, 0x00, 0x7F, 0x00, 0x7F, 0x00, 0x7F, 0x00, 0x7F, 0x00, 0x7F, 0x00,
    0x7F, 0x00, 0x7F, 0x00, 0x7F, 0x00, 0x7F, 0x00, 0x7F, 0x00, 0x7F, 0x00, 0x7F, 0x00, 0x7F, 0x00,
    0x7F, 0x00, 0x7F, 0x00, 0x7F, 0x00, 0x7F, 0x00, 0x7F, 0x00, 0x7F, 0x00, 0x7F, 0x00, 0x7F, 0x00,
    0x7F, 0x00, 0x7F, 0x00, 0x7F, 0x00, 0x7F, 0x00, 0x7F, 0x00, 0x7F, 0x00, 0x7F, 0x00, 0x7F, 0x00,
    0x7F, 0x00, 0x7F, 0x00, 0x7F, 0x00, 0x7F, 0x00, 0x7F, 0x00, 0x7F, 0x00, 0x7F, 0x00, 0x7F, 0x00,
    0x7F, 0x00, 0x7F, 0x00, 0x7F, 0x00, 0x7F, 0x00, 0x7F, 0x00, 0x7F, 0x00, 0x7F, 0x00, 0x7F, 0x00,
    0x7F, 0x00, 0x7F, 0x00, 0x7F, 0x00, 0x7F, 0x00, 0x7F, 0x00, 0x7F, 0x00, 0x7F, 0x00, 0x7F, 0x00,
    0x7F, 0x00, 0x7F, 0x00, 0x7F, 0x00, 0x7F, 0x00, 0x7F, 0x00, 0x7F, 0x00, 0x7F, 0x00, 0x7F, 0x00,
    0x7F, 0x00, 0x7F, 0x00, 0x7F, 0x00, 0x7F, 0x00, 0x7F, 0x00, 0x7F, 0x00, 0x7F, 0x00, 0x7F, 0x00,
    0x7F, 0x00, 0x7F, 0x00, 0x7F, 0x00, 0x7F, 0x00, 0x7F, 0x00, 0x7F, 0x00, 0x7F, 0x00, 0x7F, 0x00,
    0x7F, 0x00, 0x7F, 0x00, 0x7F, 0x00, 0x7F, 0x00, 0x7F, 0x00, 0x7F, 0x00, 0x7F, 0x00, 0x7F, 0x00,
    0x7F, 0x00, 0x7F, 0x00, 0x7F, 0x00, 0x7F, 0x00, 0x7F, 0x00, 0x7F, 0x00, 0x7F, 0x00, 0x7F, 0x00,
    0x7F, 0x00, 0x7F, 0x00, 0x7F, 0x00, 0x7F, 0x00, 0x7F, 0x00, 0x7F, 0x00, 0x7F, 0x00, 0x7F, 0x00,
    0x7F, 0x00, 0x7F, 0x00, 0x7F, 0x00, 0x7F, 0x00, 0x7F, 0x00, 0x7F, 0x00, 0x7F, 0x00, 0x7F, 0x00,
    0x7F, 0x00, 0x7F, 0x00, 0x7F, 0x00, 0x7F, 0x00, 0x7F, 0x00, 0x7F, 0x00, 0x7F, 0x00, 0x7F, 0x00,
    0x7F, 0x00, 0x7F, 0x00, 0x7F, 0x00, 0x7F, 0x00, 0x7F, 0x00, 0x7F, 0x00, 0x7F, 0x00, 0x7F, 0x00,
    0x7F, 0x00, 0x7F, 0x00, 0x7F, 0x00, 0x7F, 0x00, 0x7F, 0x00, 0x7F, 0x00, 0x02, 0x00, 0x02, 0xFD,
    0x06, 0x00, 0x00, 0x08, 0x00, 0x01, 0xFF, 0x64, 0x00, 0x05, 0xFA, 0x73, 0x02, 0x00, 0x7F, 0x00,
    0x7F, 0x00, 0x7F, 0x00, 0x7F, 0x00, 0x7F, 0x00, 0x7F, 0x00, 0x7F, 0x00, 0x7F, 0x00, 0x7F, 0x00,
    0x7F, 0x00, 0x7F, 0x00, 0x7F, 0x00, 0x7F, 0x00, 0x7F, 0x00, 0x7F, 0x00, 0x7F, 0x00, 0x7F, 0x00,
    0x7F, 0x00, 0x7F, 0x00, 0x7F, 0x00, 0x7F, 0x00, 0x7F, 0x00, 0x7F, 0x00, 0x7F, 0x00, 0x7F, 0x00,
    0x7F, 0x00, 0x7F, 0x00, 0x7F, 0x00, 0x7F, 0x00, 0x7F, 0x00, 0x7F, 0x00, 0x7F, 0x00, 0x7F, 0x00,
    0x7F, 0x00, 0x7F, 0x00, 0x7F, 0x00, 0x7F, 0x00, 0x7F, 0x00, 0x7F, 0x00, 0x7F, 0x00, 0x7F, 0x00,
    0x7F, 0x00, 0x7F, 0x00, 0x7F, 0x00, 0x7F, 0x00, 0x7F, 0x00, 0x7F, 0x00, 0x7F, 0x00, 0x7F, 0x00,
    0x7F, 0x00, 0x7F, 0x00, 0x7F, 0x00, 0x7F, 0x00, 0x7F, 0x00, 0x7F, 0x00, 0x7F, 0x00, 0x7F, 0x00,
    0x7F, 0x00, 0x7F, 0x00, 0x7F, 0x00, 0x7F, 0x00, 0x7F, 0x00, 0x7F, 0x00, 0x7F, 0x00, 0x7F, 0x00,
    0x7F, 0x00, 0x7F, 0x00, 0x7F, 0x00, 0x7F, 0x00, 0x7F, 0x00, 0x7F, 0x00, 0x7F, 0x00, 0x7F, 0x00,
    0x7F, 0x00, 0x7F, 0x00, 0x7F, 0x00, 0x7F, 0x00, 0x7F, 0x00, 0x7F, 0x00, 0x7F, 0x00, 0x7F, 0x00,
    0x7F, 0x00, 0x7F, 0x00, 0x7F, 0x00, 0x7F, 0x00, 0x7F, 0x00, 0x7F, 0x00, 0x7F, 0x00, 0x7F, 0x00,
    0x7F, 0x00, 0x7F, 0x00, 0x7F, 0x00, 0x7F, 0x00, 0x7F, 0x00, 0x7F, 0x00, 0x7F, 0x00, 0x7F, 0x00,
    0x7F, 0x00, 0x7F, 0x00, 0x7F, 0x00, 0x7F, 0x00, 0x7F, 0x00, 0x7F, 0x00, 0x7F, 0x00, 0x7F, 0x00,
    0x7F, 0x00, 0x7F, 0x00, 0x7F, 0x00, 0x7F, 0x00, 0x7F, 0x00, 0x7F, 0x00, 0x7F, 0x00, 0x7F, 0x00,
    0x7F, 0x00, 0x7F, 0x00, 0x7F, 0x00, 0x7F, 0x00, 0x7F, 0x00, 0x7F, 0x00, 0x7F, 0x00, 0x7F, 0x00,
    0x7F, 0x00, 0x7F, 0x00, 0x7F, 0x00, 0x7F, 0x00, 0x7F, 0x00, 0x7F, 0x00, 0x7F, 0x00, 0x7F, 0x00,
    0x7F, 0x00, 0x7F, 0x00, 0x7F, 0x00, 0x7F, 0x00, 0x7F, 0x00, 0x7F, 0x00, 0x7F, 0x00, 0x7F, 0x00,
    0x7F, 0x00, 0x7F, 0x00, 0x7F, 0x00, 0x7F, 0x00, 0x7F, 0x00, 0x7F, 0x00, 0x7F, 0x00, 0x7F, 0x00,
    0x7F, 0x00, 0x7F, 0x00, 0x7F, 0x00, 0x7F, 0x00, 0x7F, 0x00, 0x7F, 0x00, 0x7F, 0x00, 0x7F, 0x00,
    0x7F, 0x00, 0x7F, 0x00, 0x7F, 0x00, 0x7F, 0x00, 0x7F, 0x00, 0x7F, 0x00, 0x7F, 0x00, 0x7F, 0x00,
    0x7F, 0x00, 0x7F, 0x00, 0x7F, 0x00, 0x7F, 0x00, 0x7F, 0x00, 0x7F, 0x00, 0x7F, 0x00, 0x7F, 0x00,
    0x7F, 0x00, 0x7F, 0x00, 0x7F, 0x00, 0x7F, 0x00, 0x7F, 0x00, 0x7F, 0x00, 0x7F, 0x00, 0x7F, 0x00,
    0x7F, 0x00, 0x7F, 0x00, 0x7F, 0x00, 0x7F, 0x00, 0x7F, 0x00, 0x7F, 0x00, 0x7F, 0x00, 0x7F, 0x00,
    0x7F, 0x00, 0x7F, 0x00, 0x7F, 0x00, 0x7F, 0x00, 0x7F, 0x00, 0x7F, 0x00, 0x7F, 0x00, 0x7F, 0x00,
    0x7F, 0x00, 0x7F, 0x00, 0x7F, 0x00, 0x7F, 0x00, 0x7F, 0x00, 0x7F, 0x00, 0x7F, 0x00, 0x7F, 0x00,
    0x7F, 0x00, 0x7F, 0x00, 0x7F, 0x00, 0x7F, 0x00, 0x7F, 0x00, 0x7F, 0x00, 0x7F, 0x00, 0x7F, 0x00,
    0x7F, 0x00, 0x7F, 0x00, 0x7F, 0x00, 0x7F, 0x00, 0x7F, 0x00, 0x7F, 0x00, 0x7F, 0x00, 0x7F, 0x00,
    0x7F, 0x00, 0x7F, 0x00, 0x7F, 0x00, 0x7F, 0x00, 0x6D, 0x00, 0x83, 0x10, 0xA2, 0x00, 0x20, 0x7F,
    0x00, 0x6F, 0x00, 0x85, 0x10, 0xA2, 0x21, 0x04, 0x18, 0xC3, 0x06, 0x00, 0x87, 0x42, 0x08, 0xB5,
    0xB6, 0x73, 0xAE, 0x08, 0x61, 0x7F, 0x00, 0x6B, 0x00, 0x8F, 0x52, 0x8A, 0xCE, 0x79, 0xEF, 0x5D,
    0xD6, 0x9A, 0x63, 0x0C, 0x08, 0x61, 0x73, 0xAE, 0xE7, 0x3C, 0x02, 0xFF, 0x83, 0xDE, 0xDB, 0x39,
    0xC7, 0x7F, 0x00, 0x6B, 0x00, 0x81, 0xC6, 0x38, 0x06, 0xFF, 0x85, 0xD6, 0x9A, 0xAD, 0x75, 0xF7,
    0xBE, 0x04, 0xFF, 0x83, 0xBD, 0xD7, 0x21, 0x24, 0x7F, 0x00, 0x6B, 0x00, 0x81, 0xC6, 0x38, 0x0D,
    0xFF, 0x84, 0xDF, 0xB5, 0xB6, 0x39, 0xE7, 0x7F, 0x00, 0x6D, 0x00, 0x83, 0x73, 0xAE, 0xEF, 0x5D,
    0x07, 0xFF, 0x86, 0xDF, 0xE7, 0x3C, 0xA5, 0x34, 0x21, 0x04, 0x7F, 0x00, 0x6F, 0x00, 0x8F, 0x08,
    0x61, 0x6B, 0x6D, 0xAD, 0x75, 0xDE, 0xDB, 0xCE, 0x79, 0x94, 0x92, 0x5A, 0xEB, 0x10, 0xA2, 0x7F,
    0x00, 0x7F, 0x00, 0x7F, 0x00, 0x7F, 0x00, 0x7F, 0x00, 0x7F, 0x00, 0x7F, 0x00, 0x7F, 0x00, 0x7F,
    0x00, 0x7F, 0x00, 0x7F, 0x00, 0x7F, 0x00, 0x7F, 0x00, 0x7F, 0x00, 0x7F, 0x00, 0x7F, 0x00, 0x7F,
    0x00, 0x7F, 0x00, 0x7F, 0x00, 0x7F, 0x00, 0x7F, 0x00, 0x7F, 0x00, 0x7F, 0x00, 0x7F, 0x00, 0x08,
    0x00, 0x02, 0xFD, 0x06, 0x00, 0x00, 0x08, 0x00, 0x01, 0xFF, 0x64, 0x00, 0x05, 0xFA, 0x63, 0x03,
    0x00, 0x7F, 0x00, 0x7F, 0x00, 0x7F, 0x00, 0x7F, 0x00, 0x7F, 0x00, 0x7F, 0x00, 0x7F, 0x00, 0x7F,
    0x00, 0x7F, 0x00, 0x7F, 0x00, 0x7F, 0x00, 0x7F, 0x00, 0x7F, 0x00, 0x7F, 0x00, 0x7F, 0x00, 0x7F,
    0x00, 0x7F, 0x00, 0x7F, 0x00, 0x7F, 0x00, 0x7F, 0x00, 0x7F, 0x00, 0x7F, 0x00, 0x7F, 0x00, 0x7F,
    0x00, 0x7F, 0x00, 0x7F, 0x00, 0x7F, 0x00, 0x7F, 0x00, 0x7F, 0x00, 0x7F, 0x00, 0x7F, 0x00, 0x7F,
    0x00, 0x7F, 0x00, 0x7F, 0x00, 0x7F, 0x00, 0x7F, 0x00, 0x7F, 0x00, 0x7F, 0x00, 0x7F, 0x00, 0x7F,
    0x00, 0x7F, 0x00, 0x7F, 0x00, 0x7F, 0x00, 0x7F, 0x00, 0x7F, 0x00, 0x7F, 0x00, 0x7F, 0x00, 0x7F,
    0x00, 0x7F, 0x00, 0x7F, 0x00, 0x7F, 0x00, 0x7F, 0x00, 0x7F, 0x00, 0x7F, 0x00, 0x7F, 0x00, 0x7F,
    0x00, 0x7F, 0x00, 0x7F, 0x00, 0x7F, 0x00, 0x7F, 0x00, 0x7F, 0x00, 0x7F, 0x00, 0x7F, 0x00, 0x7F,
    0x00, 0x7F, 0x00, 0x7F, 0x00, 0x7F, 0x00, 0x7F, 0x00, 0x7F, 0x00, 0x7F, 0x00, 0x7F, 0x00, 0x7F,
    0x00, 0x7F, 0x00, 0x7F, 0x00, 0x7F, 0x00, 0x7F, 0x00, 0x7F, 0x00, 0x7F, 0x00, 0x7F, 0x00, 0x7F,
    0x00, 0x7F, 0x00, 0x7F, 0x00, 0x7F, 0x00, 0x7F, 0x00, 0x7F, 0x00, 0x7F, 0x00, 0x7F, 0x00, 0x7F,
    0x00, 0x7F, 0x00, 0x7F, 0x00, 0x7F, 0x00, 0x7F, 0x00, 0x7F, 0x00, 0x7F, 0x00, 0x7F, 0x00, 0x7F,
    0x00, 0x7F, 0x00, 0x7F, 0x00, 0x7F, 0x00, 0x7F, 0x00, 0x7F, 0x00, 0x7F, 0x00, 0x7F, 0x00, 0x7F,
    0x00, 0x7F, 0x00, 0x7F, 0x00, 0x7F, 0x00, 0x7F, 0x00, 0x7F, 0x00, 0x7F, 0x00, 0x7F, 0x00, 0x7F,
    0x00, 0x7F, 0x00, 0x7F, 0x00, 0x7F, 0x00, 0x7F, 0x00, 0x7F, 0x00, 0x7F, 0x00, 0x7F, 0x00, 0x7F,
    0x00, 0x7F, 0x00, 0x7F, 0x00, 0x7F, 0x00, 0x7F, 0x00, 0x7F, 0x00, 0x7F, 0x00, 0x7F, 0x00, 0x7F,
    0x00, 0x7F, 0x00, 0x7F, 0x00, 0x7F, 0x00, 0x7F, 0x00, 0x7F, 0x00, 0x7F, 0x00, 0x7F, 0x00, 0x7F,
    0x00, 0x7F, 0x00, 0x7F, 0x00, 0x7F, 0x00, 0x7F, 0x00, 0x7F, 0x00, 0x7F, 0x00, 0x7F, 0x00, 0x7F,
    0x00, 0x7F, 0x00, 0x7F, 0x00, 0x7F, 0x00, 0x7F, 0x00, 0x7F, 0x00, 0x7F, 0x00, 0x7F, 0x00, 0x7F,
    0x00, 0x7F, 0x00, 0x7F, 0x00, 0x7F, 0x00, 0x7F, 0x00, 0x7F, 0x00, 0x7F, 0x00, 0x7F, 0x00, 0x7F,
    0x00, 0x7F, 0x00, 0x7F, 0x00, 0x7F, 0x00, 0x7F, 0x00, 0x7F, 0x00, 0x7F, 0x00, 0x7F, 0x00, 0x7F,
    0x00, 0x7F, 0x00, 0x7F, 0x00, 0x7F, 0x00, 0x7F, 0x00, 0x7F, 0x00, 0x7F, 0x00, 0x7F, 0x00, 0x7F,
    0x00, 0x7F, 0x00, 0x7F, 0x00, 0x7F, 0x00, 0x7F, 0x00, 0x7F, 0x00, 0x7F, 0x00, 0x7F, 0x00, 0x7F,
    0x00, 0x7F, 0x00, 0x7F, 0x00, 0x7F, 0x00, 0x7F, 0x00, 0x7F, 0x00, 0x7F, 0x00, 0x7F, 0x00, 0x7F,
    0x00, 0x7F, 0x00, 0x69, 0x00, 0x85, 0x08, 0x61, 0x4A, 0x49, 0x29, 0x45, 0x7F, 0x00, 0x79, 0x00,
    0x89, 0x10, 0x82, 0x8C, 0x71, 0xE7, 0x3C, 0xCE, 0x59, 0x31, 0xA6, 0x7F, 0x00, 0x77, 0x00, 0x83,
    0x52, 0xAA, 0xE7, 0x1C, 0x02, 0xFF, 0x83, 0xEF, 0x5D, 0x4A, 0x69, 0x7F, 0x00, 0x75, 0x00, 0x85,
    0x18, 0xC3, 0xAD, 0x55, 0xFF, 0xDF, 0x02, 0xFF, 0x83, 0xD6, 0x9A, 0x31, 0x86, 0x7F, 0x00, 0x74,
    0x00, 0x81, 0x20, 0x7B, 0x02, 0xEF, 0x80, 0x5D, 0x02, 0xFF, 0x85, 0xEF, 0x5D, 0x73, 0x8E, 0x00,
    0x20, 0x7F, 0x00, 0x73, 0x00, 0x83, 0x63, 0x2C, 0xDE, 0xFB, 0x04, 0xFF, 0x83, 0xBD, 0xF7, 0x10,
    0xA2, 0x7F, 0x00, 0x73, 0x00, 0x83, 0x52, 0x8A, 0xD6, 0xBA, 0x06, 0xFF, 0x81, 0xAD, 0x75, 0x7F,
    0x00, 0x73, 0x00, 0x83, 0x42, 0x08, 0xDE, 0xDB, 0x07, 0xFF, 0x82, 0xDF, 0x94, 0x92, 0x7F, 0x00,
    0x71, 0x00, 0x83, 0x39, 0xE7, 0xCE, 0x59, 0x04, 0xFF, 0x81, 0xF7, 0xBE, 0x02, 0xFF, 0x83, 0xF7,
    0x9E, 0x6B, 0x4D, 0x7F, 0x00, 0x6F, 0x00, 0x83, 0x39, 0xC7, 0xBD, 0xF7, 0x04, 0xFF, 0x89, 0xCE,
    0x59, 0xA5, 0x34, 0xFF, 0xDF, 0xEF, 0x7D, 0x5A, 0xEB, 0x7F, 0x00, 0x6D, 0x00, 0x85, 0x39, 0xE7,
    0xB5, 0xB6, 0xFF, 0xDF, 0x02, 0xFF, 0x8B, 0xCE, 0x79, 0x4A, 0x49, 0x8C, 0x51, 0xF7, 0xBE, 0xEF,
    0x7D, 0x5A, 0xEB, 0x7F, 0x00, 0x6B, 0x00, 0x85, 0x39, 0xC7, 0xBD, 0xD7, 0xFF, 0xDF, 0x02, 0xFF,
    0x8D, 0xD6, 0x9A, 0x4A, 0x49, 0x00, 0x20, 0x8C, 0x71, 0xF7, 0xBE, 0xEF, 0x7D, 0x5A, 0xCB, 0x7F,
    0x00, 0x69, 0x00, 0x85, 0x39, 0xE7, 0xB5, 0xB6, 0xFF, 0xDF, 0x02, 0xFF, 0x83, 0xD6, 0xBA, 0x4A,
    0x69, 0x04, 0x00, 0x87, 0x84, 0x10, 0xEF, 0x7D, 0xDE, 0xFB, 0x4A, 0x49, 0x7F, 0x00, 0x67, 0x00,
    0x85, 0x42, 0x28, 0xC6, 0x18, 0xFF, 0xDF, 0x02, 0xFF, 0x83, 0xD6, 0xBA, 0x5A, 0xCB, 0x06, 0x00,
    0x87, 0x39, 0xC7, 0x84, 0x10, 0x6B, 0x4D, 0x10, 0xA2, 0x7F, 0x00, 0x65, 0x00, 0x83, 0x42, 0x28,
    0xD6, 0x9A, 0x04, 0xFF, 0x83, 0xDE, 0xDB, 0x52, 0x8A, 0x7F, 0x00, 0x67, 0x00, 0x85, 0x08, 0x41,
    0x18, 0xE3, 0x10, 0x82, 0x06, 0x00, 0x83, 0x42, 0x28, 0xE7, 0x3C, 0x04, 0xFF, 0x83, 0xD6, 0xBA,
    0x52, 0x8A, 0x7F, 0x00, 0x67, 0x00, 0x8F, 0x42, 0x28, 0xBD, 0xD7, 0xE7, 0x1C, 0xC6, 0x38, 0x52,
    0xAA, 0x08, 0x41, 0x63, 0x0C, 0xE7, 0x3C, 0x04, 0xFF, 0x83, 0xD6, 0xBA, 0x4A, 0x49, 0x7F, 0x00,
    0x69, 0x00, 0x81, 0xB5, 0xB6, 0x06, 0xFF, 0x85, 0xD6, 0x9A, 0x9C, 0xF3, 0xEF, 0x5D, 0x03, 0xFF,
    0x84, 0xDF, 0xBD, 0xD7, 0x42, 0x08, 0x7F, 0x00, 0x6B, 0x00, 0x81, 0xBD, 0xF7, 0x07, 0xFF, 0x82,
    0xDF, 0xFF, 0xDF, 0x03, 0xFF, 0x84, 0xDF, 0xA5, 0x14, 0x29, 0x65, 0x7F, 0x00, 0x6D, 0x00, 0x85,
    0x6B, 0x4D, 0xE7, 0x1C, 0xFF, 0xDF, 0x05, 0xFF, 0x86, 0xDF, 0xE7, 0x1C, 0x9C, 0xD3, 0x10, 0xA2,
    0x7F, 0x00, 0x70, 0x00, 0x8C, 0x20, 0x5A, 0xCB, 0x94, 0xB2, 0xC6, 0x18, 0xB5, 0xB6, 0x84, 0x30,
    0x52, 0x8A, 0x7F, 0x00, 0x7F, 0x00, 0x7F, 0x00, 0x7F, 0x00, 0x7F, 0x00, 0x7F, 0x00, 0x7F, 0x00,
    0x7F, 0x00, 0x7F, 0x00, 0x7F, 0x00, 0x7F, 0x00, 0x7F, 0x00, 0x7F, 0x00, 0x7F, 0x00, 0x7F, 0x00,
    0x7F, 0x00, 0x7F, 0x00, 0x7F, 0x00, 0x7F, 0x00, 0x7F, 0x00, 0x7F, 0x00, 0x7F, 0x00, 0x7F, 0x00,
    0x7F, 0x00, 0x0A, 0x00, 0x02, 0xFD, 0x06, 0x00, 0x00, 0x08, 0x00, 0x01, 0xFF, 0x64, 0x00, 0x05,
    0xFA, 0xF2, 0x04, 0x00, 0x7F, 0x00, 0x7F, 0x00, 0x7F, 0x00, 0x7F, 0x00, 0x7F, 0x00, 0x7F, 0x00,
    0x7F, 0x00, 0x7F, 0x00, 0x7F, 0x00, 0x7F, 0x00, 0x7F, 0x00, 0x7F, 0x00, 0x7F, 0x00, 0x7F, 0x00,
    0x7F, 0x00, 0x7F, 0x00, 0x7F, 0x00, 0x7F, 0x00, 0x7F, 0x00, 0x7F, 0x00, 0x7F, 0x00, 0x7F, 0x00,
    0x7F, 0x00, 0x7F, 0x00, 0x7F, 0x00, 0x7F, 0x00, 0x7F, 0x00, 0x7F, 0x00, 0x7F, 0x00, 0x7F, 0x00,
    0x7F, 0x00, 0x7F, 0x00, 0x7F, 0x00, 0x7F, 0x00, 0x7F, 0x00, 0x7F, 0x00, 0x7F, 0x00, 0x7F, 0x00,
    0x7F, 0x00, 0x7F, 0x00, 0x7F, 0x00, 0x7F, 0x00, 0x7F, 0x00, 0x7F, 0x00, 0x7F, 0x00, 0x7F, 0x00,
    0x7F, 0x00, 0x7F, 0x00, 0x7F, 0x00, 0x7F, 0x00, 0x7F, 0x00, 0x7F, 0x00, 0x7F, 0x00, 0x7F, 0x00,
    0x7F, 0x00, 0x7F, 0x00, 0x7F, 0x00, 0x7F, 0x00, 0x7F, 0x00, 0x7F, 0x00, 0x7F, 0x00, 0x7F, 0x00,
    0x7F, 0x00, 0x7F, 0x00, 0x7F, 0x00, 0x7F, 0x00, 0x7F, 0x00, 0x7F, 0x00, 0x7F, 0x00, 0x7F, 0x00,
    0x7F, 0x00, 0x7F, 0x00, 0x7F, 0x00, 0x7F, 0x00, 0x7F, 0x00, 0x7F, 0x00, 0x7F, 0x00, 0x7F, 0x00,
    0x7F, 0x00, 0x7F, 0x00, 0x7F, 0x00, 0x7F, 0x00, 0x7F, 0x00, 0x7F, 0x00, 0x7F, 0x00, 0x7F, 0x00,
    0x7F, 0x00, 0x7F, 0x00, 0x7F, 0x00, 0x7F, 0x00, 0x7F, 0x00, 0x7F, 0x00, 0x7F, 0x00, 0x7F, 0x00,
    0x7F, 0x00, 0x7F, 0x00, 0x7F, 0x00, 0x7F, 0x00, 0x7F, 0x00, 0x7F, 0x00, 0x7F, 0x00, 0x7F, 0x00,
    0x7F, 0x00, 0x7F, 0x00, 0x7F, 0x00, 0x7F, 0x00, 0x7F, 0x00, 0x7F, 0x00, 0x7F, 0x00, 0x7F, 0x00,
    0x7F, 0x00, 0x7F, 0x00, 0x7F, 0x00, 0x7F, 0x00, 0x7F, 0x00, 0x7F, 0x00, 0x7F, 0x00, 0x7F, 0x00,
    0x7F, 0x00, 0x7F, 0x00, 0x7F, 0x00, 0x7F, 0x00, 0x7F, 0x00, 0x7F, 0x00, 0x7F, 0x00, 0x7F, 0x00,
    0x7F, 0x00, 0x7F, 0x00, 0x7F, 0x00, 0x7F, 0x00, 0x7F, 0x00, 0x7F, 0x00, 0x7F, 0x00, 0x7F, 0x00,
    0x7F, 0x00, 0x7F, 0x00, 0x7F, 0x00, 0x7F, 0x00, 0x7F, 0x00, 0x7F, 0x00, 0x7F, 0x00, 0x7F, 0x00,
    0x7F, 0x00, 0x7F, 0x00, 0x7F, 0x00, 0x7F, 0x00, 0x7F, 0x00, 0x7F, 0x00, 0x7F, 0x00, 0x7F, 0x00,
    0x7F, 0x00, 0x7F, 0x00, 0x7F, 0x00, 0x7F, 0x00, 0x7F, 0x00, 0x7F, 0x00, 0x7F, 0x00, 0x7F, 0x00,
    0x7F, 0x00, 0x7F, 0x00, 0x7F, 0x00, 0x7F, 0x00, 0x7F, 0x00, 0x7F, 0x00, 0x7F, 0x00, 0x7F, 0x00,
    0x7F, 0x00, 0x7F, 0x00, 0x7F, 0x00, 0x7F, 0x00, 0x7F, 0x00, 0x7F, 0x00, 0x7F, 0x00, 0x7F, 0x00,
    0x7F, 0x00, 0x7F, 0x00, 0x7F, 0x00, 0x7F, 0x00, 0x7F, 0x00, 0x7F, 0x00, 0x7F, 0x00, 0x7F, 0x00,
    0x7F, 0x00, 0x7F, 0x00, 0x7F, 0x00, 0x7F, 0x00, 0x7F, 0x00, 0x7F, 0x00, 0x7F, 0x00, 0x7F, 0x00,
    0x7F, 0x00, 0x7F, 0x00, 0x7F, 0x00, 0x6A, 0x00, 0x84, 0x20, 0x31, 0x86, 0x18, 0xE3, 0x7F, 0x00,
    0x79, 0x00, 0x89, 0x08, 0x61, 0x84, 0x10, 0xDE, 0xFB, 0xBD, 0xF7, 0x29, 0x45, 0x04, 0x00, 0x83,
    0x08, 0x61, 0x08, 0x41, 0x7F, 0x00, 0x6F, 0x00, 0x83, 0x4A, 0x69, 0xDE, 0xFB, 0x02, 0xFF, 0x8F,
    0xE7, 0x3C, 0x42, 0x28, 0x10, 0x82, 0x7B, 0xEF, 0xBD, 0xD7, 0xB5, 0x96, 0x6B, 0x4D, 0x00, 0x20,
    0x7F, 0x00, 0x69, 0x00, 0x85, 0x08, 0x61, 0xA5, 0x14, 0xFF, 0xDF, 0x02, 0xFF, 0x87, 0xCE, 0x59,
    0x29, 0x45, 0x73, 0xAE, 0xEF, 0x5D, 0x03, 0xFF, 0x84, 0xDF, 0xDE, 0xDB, 0x5A, 0xEB, 0x7F, 0x00,
    0x68, 0x00, 0x84, 0x20, 0x73, 0x8E, 0xE7, 0x1C, 0x02, 0xFF, 0x87, 0xE7, 0x3C, 0x6B, 0x6D, 0x18,
    0xC3, 0xCE, 0x59, 0x03, 0xFF, 0x80, 0xDF, 0x03, 0xFF, 0x82, 0xDF, 0x9C, 0xF3, 0x7F, 0x00, 0x67,
    0x00, 0x83, 0x5A, 0xEB, 0xDE, 0xDB, 0x04, 0xFF, 0x87, 0xBD, 0xD7, 0x10, 0x82, 0x5A, 0xCB, 0xF7,
    0xBE, 0x02, 0xFF, 0x87, 0xC6, 0x18, 0xEF, 0x7D, 0xFF, 0xDF, 0xA5, 0x34, 0x7F, 0x00, 0x65, 0x00,
    0x83, 0x52, 0x8A, 0xD6, 0xBA, 0x06, 0xFF, 0x85, 0xA5, 0x34, 0x08, 0x61, 0x9C, 0xD3, 0x02, 0xFF,
    0x89, 0xF7, 0x9E, 0xB5, 0xB6, 0xF7, 0xBE, 0xFF, 0xDF, 0x94, 0xB2, 0x7F, 0x00, 0x63, 0x00, 0x83,
    0x29, 0x65, 0xCE, 0x59, 0x06, 0xFF, 0x87, 0xF7, 0xBE, 0x84, 0x10, 0x29, 0x45, 0xC6, 0x38, 0x03,
    0xFF, 0x82, 0xDF, 0xF7, 0x9E, 0x02, 0xFF, 0x83, 0xE7, 0x1C, 0x5A, 0xCB, 0x7F, 0x00, 0x61, 0x00,
    0x83, 0x31, 0xA6, 0xBD, 0xF7, 0x03, 0xFF, 0x82, 0xDF, 0xEF, 0x5D, 0x02, 0xFF, 0x87, 0xF7, 0x9E,
    0x6B, 0x4D, 0x4A, 0x69, 0xE7, 0x3C, 0x06, 0xFF, 0x83, 0xEF, 0x7D, 0x84, 0x30, 0x7F, 0x00, 0x61,
    0x00, 0x85, 0x31, 0xA6, 0xB5, 0xB6, 0xFF, 0xDF, 0x02, 0xFF, 0x8D, 0xBD, 0xF7, 0x9C, 0xD3, 0xF7,
    0xBE, 0xF7, 0x9E, 0x73, 0xAE, 0x9C, 0xD3, 0xFF, 0xDF, 0x04, 0xFF, 0x85, 0xEF, 0x5D, 0x94, 0x92,
    0x21, 0x04, 0x7F, 0x00, 0x5F, 0x00, 0x85, 0x31, 0xA6, 0xAD, 0x75, 0xFF, 0xDF, 0x02, 0xFF, 0x8D,
    0xCE, 0x79, 0x42, 0x28, 0x8C, 0x51, 0xF7, 0xBE, 0xFF, 0xDF, 0xE7, 0x1C, 0xFF, 0xDF, 0x03, 0xFF,
    0x8C, 0xDF, 0xD6, 0xBA, 0x7B, 0xCF, 0x18, 0xE3, 0x31, 0xA6, 0x4A, 0x69, 0x18, 0xC3, 0x7F, 0x00,
    0x59, 0x00, 0x85, 0x31, 0xA6, 0xB5, 0xB6, 0xF7, 0xBE, 0x02, 0xFF, 0x89, 0xD6, 0x9A, 0x4A, 0x69,
    0x52, 0xAA, 0xBD, 0xD7, 0xFF, 0xDF, 0x08, 0xFF, 0x8D, 0xD6, 0x9A, 0x52, 0x8A, 0x08, 0x41, 0x39,
    0xC7, 0xC6, 0x18, 0xE7, 0x1C, 0x73, 0x8E, 0x7F, 0x00, 0x57, 0x00, 0x85, 0x31, 0xA6, 0xB5, 0x96,
    0xFF, 0xDF, 0x02, 0xFF, 0x89, 0xD6, 0xBA, 0x5A, 0xCB, 0x94, 0x92, 0xE7, 0x1C, 0xFF, 0xDF, 0x03,
    0xFF, 0x82, 0xDF, 0xF7, 0x9E, 0x04, 0xFF, 0x8D, 0x9C, 0xF3, 0x10, 0x82, 0x08, 0x61, 0x94, 0x92,
    0xF7, 0xBE, 0xF7, 0xBE, 0x84, 0x30, 0x7F, 0x00, 0x55, 0x00, 0x85, 0x39, 0xC7, 0xBD, 0xD7, 0xFF,
    0xDF, 0x02, 0xFF, 0x87, 0xD6, 0xBA, 0x6B, 0x4D, 0xBD, 0xD7, 0xFF, 0xDF, 0x06, 0xFF, 0x83, 0xEF,
    0x7D, 0xB5, 0xB6, 0x04, 0xFF, 0x81, 0x6B, 0x4D, 0x02, 0x00, 0x83, 0x4A, 0x49, 0xDE, 0xDB, 0x02,
    0xFF, 0x83, 0xD6, 0xBA, 0x42, 0x08, 0x7F, 0x00, 0x53, 0x00, 0x85, 0x39, 0xC7, 0xC6, 0x18, 0xFF,
    0xDF, 0x02, 0xFF, 0x87, 0xD6, 0xBA, 0x52, 0x8A, 0xA5, 0x34, 0xFF, 0xDF, 0x02, 0xFF, 0x89, 0xDE,
    0xFB, 0xCE, 0x59, 0xFF, 0xDF, 0xEF, 0x7D, 0xB5, 0x96, 0x03, 0xFF, 0x8C, 0xDF, 0x63, 0x0C, 0x10,
    0xA2, 0xAD, 0x55, 0xFF, 0xDF, 0xF7, 0xBE, 0x8C, 0x71, 0x7F, 0x00, 0x48, 0x00, 0x84, 0x20, 0x10,
    0xA2, 0x08, 0x41, 0x06, 0x00, 0x83, 0x42, 0x08, 0xD6, 0xBA, 0x04, 0xFF, 0x87, 0xD6, 0x9A, 0x52,
    0x8A, 0x29, 0x45, 0xC6, 0x38, 0x02, 0xFF, 0x8B, 0xE7, 0x1C, 0x4A, 0x69, 0x8C, 0x51, 0xF7, 0xBE,
    0xF7, 0x9E, 0xC6, 0x18, 0x02, 0xFF, 0x87, 0xE7, 0x3C, 0x39, 0xE7, 0x6B, 0x6D, 0xF7, 0x9E, 0x02,
    0xFF, 0x83, 0xC6, 0x38, 0x29, 0x65, 0x7F, 0x00, 0x45, 0x00, 0x8F, 0x39, 0xC7, 0xB5, 0x96, 0xD6,
    0x9A, 0xBD, 0xF7, 0x52, 0xAA, 0x00, 0x20, 0x52, 0x8A, 0xE7, 0x3C, 0x03, 0xFF, 0x84, 0xDF, 0xC6,
    0x18, 0x39, 0xE7, 0x02, 0x00, 0x83, 0x21, 0x04, 0xBD, 0xD7, 0x04, 0xFF, 0x89, 0xAD, 0x55, 0x8C,
    0x71, 0xF7, 0xBE, 0xF7, 0x9E, 0xC6, 0x38, 0x02, 0xFF, 0x85, 0xE7, 0x3C, 0x52, 0x8A, 0xD6, 0x9A,
    0x02, 0xFF, 0x83, 0xE7, 0x3C, 0x63, 0x0C, 0x7F, 0x00, 0x47, 0x00, 0x81, 0xB5, 0x96, 0x05, 0xFF,
    0x86, 0xDF, 0xBD, 0xD7, 0x94, 0x92, 0xEF, 0x5D, 0x03, 0xFF, 0x84, 0xDF, 0xAD, 0x75, 0x39, 0xC7,
    0x06, 0x00, 0x83, 0x5A, 0xEB, 0xDE, 0xFB, 0x03, 0xFF, 0x88, 0xDF, 0xE7, 0x3C, 0xFF, 0xDF, 0xEF,
    0x7D, 0xB5, 0xB6, 0x04, 0xFF, 0x81, 0xDE, 0xFB, 0x03, 0xFF, 0x84, 0xDF, 0x9C, 0xF3, 0x10, 0x82,
    0x7F, 0x00, 0x47, 0x00, 0x81, 0xBD, 0xD7, 0x06, 0xFF, 0x83, 0xF7, 0xBE, 0xFF, 0xDF, 0x02, 0xFF,
    0x85, 0xF7, 0xBE, 0x9C, 0xD3, 0x21, 0x24, 0x08, 0x00, 0x85, 0x08, 0x41, 0x63, 0x0C, 0xDE, 0xFB,
    0x06, 0xFF, 0x85, 0xEF, 0x7D, 0x8C, 0x51, 0xE7, 0x3C, 0x06, 0xFF, 0x83, 0xC6, 0x38, 0x42, 0x08,
    0x7F, 0x00, 0x49, 0x00, 0x85, 0x63, 0x2C, 0xDE, 0xFB, 0xFF, 0xDF, 0x04, 0xFF, 0x87, 0xF7, 0xBE,
    0xDE, 0xDB, 0x8C, 0x71, 0x08, 0x41, 0x0E, 0x00, 0x95, 0x63, 0x0C, 0xC6, 0x38, 0xF7, 0x9E, 0xFF,
    0xDF, 0xD6, 0xBA, 0x4A, 0x49, 0x94, 0x92, 0xEF, 0x5D, 0xEF, 0x5D, 0xBD, 0xF7, 0x4A, 0x69, 0x7F,
    0x00, 0x4C, 0x00, 0x8C, 0x20, 0x52, 0x8A, 0x94, 0x92, 0xAD, 0x75, 0xA5, 0x14, 0x84, 0x10, 0x4A,
    0x49, 0x14, 0x00, 0x91, 0x29, 0x65, 0x73, 0xAE, 0x8C, 0x51, 0x5A, 0xCB, 0x00, 0x20, 0x10, 0xA2,
    0x5A, 0xEB, 0x63, 0x2C, 0x21, 0x24, 0x7F, 0x00, 0x7F, 0x00, 0x7F, 0x00, 0x7F, 0x00, 0x7F, 0x00,
    0x7F, 0x00, 0x7F, 0x00, 0x7F, 0x00, 0x7F, 0x00, 0x7F, 0x00, 0x7F, 0x00, 0x7F, 0x00, 0x7F, 0x00,
    0x7F, 0x00, 0x7F, 0x00, 0x7F, 0x00, 0x7F, 0x00, 0x7F, 0x00, 0x7F, 0x00, 0x7F, 0x00, 0x7F, 0x00,
    0x7F, 0x00, 0x7F, 0x00, 0x63, 0x00, 0x02, 0xFD, 0x06, 0x00, 0x00, 0x08, 0x00, 0x01, 0xFF, 0x64,
    0x00, 0x05, 0xFA, 0x63, 0x06, 0x00, 0x7F, 0x00, 0x7F, 0x00, 0x7F, 0x00, 0x7F, 0x00, 0x7F, 0x00,
    0x7F, 0x00, 0x7F, 0x00, 0x7F, 0x00, 0x7F, 0x00, 0x7F, 0x00, 0x7F, 0x00, 0x7F, 0x00, 0x7F, 0x00,
    0x7F, 0x00, 0x7F, 0x00, 0x7F, 0x00, 0x7F, 0x00, 0x7F, 0x00, 0x7F, 0x00, 0x7F, 0x00, 0x7F, 0x00,
    0x7F, 0x00, 0x7F, 0x00, 0x7F, 0x00, 0x7F, 0x00, 0x7F, 0x00, 0x7F, 0x00, 0x7F, 0x00, 0x7F, 0x00,
    0x7F, 0x00, 0x7F, 0x00, 0x7F, 0x00, 0x7F, 0x00, 0x7F, 0x00, 0x7F, 0x00, 0x7F, 0x00, 0x7F, 0x00,
    0x7F, 0x00, 0x7F, 0x00, 0x7F, 0x00, 0x7F, 0x00, 0x7F, 0x00, 0x7F, 0x00, 0x7F, 0x00, 0x7F, 0x00,
    0x7F, 0x00, 0x7F, 0x00, 0x7F, 0x00, 0x7F, 0x00, 0x7F, 0x00, 0x7F, 0x00, 0x7F, 0x00, 0x7F, 0x00,
    0x7F, 0x00, 0x7F, 0x00, 0x7F, 0x00, 0x7F, 0x00, 0x7F, 0x00, 0x7F, 0x00, 0x7F, 0x00, 0x7F, 0x00,
    0x7F, 0x00, 0x7F, 0x00, 0x7F, 0x00, 0x7F, 0x00, 0x7F, 0x00, 0x7F, 0x00, 0x7F, 0x00, 0x7F, 0x00,
    0x7F, 0x00, 0x7F, 0x00, 0x7F, 0x00, 0x7F, 0x00, 0x7F, 0x00, 0x7F, 0x00, 0x7F, 0x00, 0x7F, 0x00,
    0x7F, 0x00, 0x7F, 0x00, 0x7F, 0x00, 0x7F, 0x00, 0x7F, 0x00, 0x7F, 0x00, 0x7F, 0x00, 0x7F, 0x00,
    0x7F, 0x00, 0x7F, 0x00, 0x7F, 0x00, 0x7F, 0x00, 0x7F, 0x00, 0x7F, 0x00, 0x7F, 0x00, 0x7F, 0x00,
    0x7F, 0x00, 0x7F, 0x00, 0x7F, 0x00, 0x7F, 0x00, 0x7F, 0x00, 0x7F, 0x00, 0x7F, 0x00, 0x7F, 0x00,
    0x7F, 0x00, 0x7F, 0x00, 0x7F, 0x00, 0x7F, 0x00, 0x7F, 0x00, 0x7F, 0x00, 0x7F, 0x00, 0x7F, 0x00,
    0x7F, 0x00, 0x7F, 0x00, 0x7F, 0x00, 0x7F, 0x00, 0x7F, 0x00, 0x7F, 0x00, 0x7F, 0x00, 0x7F, 0x00,
    0x7F, 0x00, 0x7F, 0x00, 0x7F, 0x00, 0x7F, 0x00, 0x7F, 0x00, 0x7F, 0x00, 0x7F, 0x00, 0x7F, 0x00,
    0x7F, 0x00, 0x7F, 0x00, 0x7F, 0x00, 0x7F, 0x00, 0x7F, 0x00, 0x7F, 0x00, 0x7F, 0x00, 0x7F, 0x00,
    0x7F, 0x00, 0x7F, 0x00, 0x7F, 0x00, 0x7F, 0x00, 0x7F, 0x00, 0x7F, 0x00, 0x7F, 0x00, 0x7F, 0x00,
    0x7F, 0x00, 0x7F, 0x00, 0x7F, 0x00, 0x7F, 0x00, 0x7F, 0x00, 0x7F, 0x00, 0x7F, 0x00, 0x7F, 0x00,
    0x7F, 0x00, 0x7F, 0x00, 0x7F, 0x00, 0x7F, 0x00, 0x7F, 0x00, 0x7F, 0x00, 0x7F, 0x00, 0x7F, 0x00,
    0x7F, 0x00, 0x7F, 0x00, 0x7F, 0x00, 0x7F, 0x00, 0x7F, 0x00, 0x7F, 0x00, 0x7F, 0x00, 0x7F, 0x00,
    0x7F, 0x00, 0x7F, 0x00, 0x7F, 0x00, 0x7F, 0x00, 0x7F, 0x00, 0x7F, 0x00, 0x7F, 0x00, 0x7F, 0x00,
    0x7F, 0x00, 0x7F, 0x00, 0x7F, 0x00, 0x7F, 0x00, 0x7F, 0x00, 0x7F, 0x00, 0x7F, 0x00, 0x7F, 0x00,
    0x7F, 0x00, 0x7F, 0x00, 0x7F, 0x00, 0x7F, 0x00, 0x7F, 0x00, 0x7F, 0x00, 0x7F, 0x00, 0x7F, 0x00,
    0x7F, 0x00, 0x7F, 0x00, 0x7F, 0x00, 0x02, 0x00, 0x87, 0x18, 0xC3, 0x6B, 0x4D, 0x52, 0xAA, 0x08,
    0x61, 0x7F, 0x00, 0x61, 0x00, 0x83, 0x21, 0x24, 0x10, 0xA2, 0x12, 0x00, 0x89, 0x21, 0x24, 0xC6,
    0x38, 0xF7, 0xBE, 0xEF, 0x7D, 0x84, 0x30, 0x7F, 0x00, 0x5D, 0x00, 0x89, 0x08, 0x41, 0x7B, 0xEF,
    0xDE, 0xDB, 0xBD, 0xF7, 0x21, 0x24, 0x04, 0x00, 0x83, 0x08, 0x41, 0x00, 0x20, 0x06, 0x00, 0x83,
    0x08, 0x41, 0xAD, 0x75, 0x06, 0xFF, 0x81, 0xA5, 0x34, 0x7F, 0x00, 0x5D, 0x00, 0x83, 0x4A, 0x49,
    0xDE, 0xDB, 0x02, 0xFF, 0x82, 0xE7, 0x1C, 0x42, 0x02, 0x08, 0x88, 0x61, 0x7B, 0xCF, 0xB5, 0x96,
    0xAD, 0x75, 0x63, 0x2C, 0x04, 0x00, 0x83, 0x4A, 0x49, 0xF7, 0x9E, 0x06, 0xFF, 0x81, 0x9C, 0xF3,
    0x7F, 0x00, 0x5B, 0x00, 0x85, 0x08, 0x61, 0x9C, 0xF3, 0xFF, 0xDF, 0x02, 0xFF, 0x93, 0xC6, 0x38,
    0x21, 0x24, 0x73, 0x8E, 0xEF, 0x5D, 0xFF, 0xDF, 0xFF, 0xDF, 0xDE, 0xDB, 0x5A, 0xCB, 0x10, 0xA2,
    0xB5, 0x96, 0x06, 0xFF, 0x83, 0xF7, 0x9E, 0x73, 0x8E, 0x7F, 0x00, 0x5B, 0x00, 0x83, 0x6B, 0x6D,
    0xE7, 0x1C, 0x02, 0xFF, 0x87, 0xE7, 0x1C, 0x6B, 0x4D, 0x18, 0xC3, 0xC6, 0x38, 0x02, 0xFF, 0x8B,
    0xF7, 0xBE, 0xFF, 0xDF, 0xFF, 0xDF, 0x9C, 0xD3, 0x4A, 0x69, 0xEF, 0x7D, 0x06, 0xFF, 0x83, 0xCE,
    0x59, 0x29, 0x65, 0x7F, 0x00, 0x59, 0x00, 0x83, 0x5A, 0xCB, 0xDE, 0xDB, 0x04, 0xFF, 0x87, 0xB5,
    0xB6, 0x08, 0x61, 0x52, 0x8A, 0xF7, 0x9E, 0x02, 0xFF, 0x89, 0xB5, 0xB6, 0xE7, 0x3C, 0xFF, 0xDF,
    0xAD, 0x55, 0xA5, 0x14, 0x06, 0xFF, 0x83, 0xE7, 0x1C, 0x63, 0x0C, 0x7F, 0x00, 0x59, 0x00, 0x83,
    0x42, 0x28, 0xD6, 0x9A, 0x05, 0xFF, 0x86, 0xDF, 0xA5, 0x14, 0x08, 0x61, 0x94, 0x92, 0x02, 0xFF,
    0x8B, 0xEF, 0x7D, 0xAD, 0x55, 0xF7, 0x9E, 0xF7, 0xBE, 0x9C, 0xF3, 0xD6, 0xBA, 0x04, 0xFF, 0x85,
    0xF7, 0x9E, 0x84, 0x30, 0x10, 0xA2, 0x7F, 0x00, 0x57, 0x00, 0x83, 0x21, 0x24, 0xC6, 0x18, 0x06,
    0xFF, 0x87, 0xF7, 0x9E, 0x73, 0xAE, 0x21, 0x24, 0xC6, 0x18, 0x02, 0xFF, 0x83, 0xEF, 0x7D, 0xEF,
    0x7D, 0x02, 0xFF, 0x85, 0xE7, 0x1C, 0x84, 0x10, 0xEF, 0x7D, 0x04, 0xFF, 0x87, 0xBD, 0xD7, 0x8C,
    0x71, 0xA5, 0x34, 0x4A, 0x49, 0x7F, 0x00, 0x53, 0x00, 0x93, 0x29, 0x65, 0xB5, 0xB6, 0xFF, 0xDF,
    0xFF, 0xDF, 0xE7, 0x1C, 0xFF, 0xDF, 0xF7, 0x9E, 0x63, 0x2C, 0x4A, 0x49, 0xE7, 0x3C, 0x06, 0xFF,
    0x85, 0xEF, 0x7D, 0x84, 0x10, 0x94, 0x92, 0x04, 0xFF, 0x85, 0xEF, 0x7D, 0xCE, 0x79, 0xFF, 0xDF,
    0x02, 0xFF, 0x83, 0xD6, 0x9A, 0x18, 0xC3, 0x7F, 0x00, 0x4F, 0x00, 0x85, 0x29, 0x65, 0xB5, 0x96,
    0xFF, 0xDF, 0x02, 0xFF, 0x8D, 0xB5, 0xB6, 0x94, 0xB2, 0xF7, 0xBE, 0xEF, 0x7D, 0x6B, 0x6D, 0x94,
    0xB2, 0xFF, 0xDF, 0x04, 0xFF, 0x87, 0xEF, 0x5D, 0x8C, 0x71, 0x31, 0x86, 0xCE, 0x59, 0x04, 0xFF,
    0x81, 0xF7, 0xBE, 0x06, 0xFF, 0x83, 0xEF, 0x5D, 0x42, 0x28, 0x09, 0x00, 0x82, 0x20, 0x00, 0x20,
    0x7F, 0x00, 0x41, 0x00, 0x85, 0x31, 0x86, 0xAD, 0x75, 0xF7, 0xBE, 0x02, 0xFF, 0x8D, 0xC6, 0x18,
    0x39, 0xE7, 0x8C, 0x51, 0xF7, 0xBE, 0xFF, 0xDF, 0xE7, 0x1C, 0xFF, 0xDF, 0x03, 0xFF, 0x8A, 0xDF,
    0xD6, 0x9A, 0x73, 0xAE, 0x18, 0xE3, 0x73, 0x8E, 0xEF, 0x7D, 0x07, 0xFF, 0x82, 0xDF, 0xEF, 0x7D,
    0x02, 0xFF, 0x83, 0xEF, 0x5D, 0x42, 0x08, 0x06, 0x00, 0x87, 0x29, 0x65, 0x9C, 0xF3, 0xAD, 0x55,
    0x42, 0x28, 0x7F, 0x00, 0x3D, 0x00, 0x85, 0x31, 0xA6, 0xB5, 0x96, 0xF7, 0xBE, 0x02, 0xFF, 0x89,
    0xD6, 0x9A, 0x42, 0x28, 0x4A, 0x69, 0xB5, 0xB6, 0xFF, 0xDF, 0x08, 0xFF, 0x89, 0xD6, 0x9A, 0x4A,
    0x69, 0x08, 0x41, 0x31, 0xA6, 0xCE, 0x59, 0x08, 0xFF, 0x83, 0xCE, 0x79, 0xC6, 0x38, 0x02, 0xFF,
    0x83, 0xE7, 0x3C, 0x21, 0x24, 0x04, 0x00, 0x89, 0x31, 0x86, 0xB5, 0x96, 0xF7, 0xBE, 0xFF, 0xDF,
    0x84, 0x30, 0x7F, 0x00, 0x3B, 0x00, 0x85, 0x31, 0x86, 0xAD, 0x75, 0xFF, 0xDF, 0x02, 0xFF, 0x89,
    0xD6, 0x9A, 0x5A, 0xCB, 0x8C, 0x51, 0xDE, 0xFB, 0xFF, 0xDF, 0x04, 0xFF, 0x83, 0xEF, 0x5D, 0xFF,
    0xDF, 0x02, 0xFF, 0x89, 0x94, 0x92, 0x08, 0x61, 0x08, 0x41, 0x8C, 0x71, 0xF7, 0xBE, 0x06, 0xFF,
    0x85, 0xEF, 0x5D, 0x63, 0x2C, 0xC6, 0x38, 0x02, 0xFF, 0x83, 0xDE, 0xDB, 0x10, 0x82, 0x02, 0x00,
    0x8B, 0x31, 0x86, 0xBD, 0xD7, 0xFF, 0xDF, 0xFF, 0xDF, 0xC6, 0x38, 0x42, 0x08, 0x7F, 0x00, 0x39,
    0x00, 0x85, 0x31, 0xA6, 0xB5, 0xB6, 0xFF, 0xDF, 0x02, 0xFF, 0x87, 0xD6, 0x9A, 0x63, 0x2C, 0xBD,
    0xD7, 0xF7, 0xBE, 0x06, 0xFF, 0x85, 0xEF, 0x7D, 0xAD, 0x75, 0xFF, 0xDF, 0x02, 0xFF, 0x81, 0x6B,
    0x4D, 0x02, 0x00, 0x83, 0x42, 0x28, 0xD6, 0xBA, 0x08, 0xFF, 0x85, 0xA5, 0x14, 0x29, 0x45, 0xDE,
    0xDB, 0x02, 0xFF, 0x87, 0xB5, 0x96, 0x00, 0x20, 0x42, 0x08, 0xBD, 0xF7, 0x04, 0xFF, 0x83, 0xCE,
    0x59, 0x4A, 0x69, 0x7F, 0x00, 0x39, 0x00, 0x85, 0x31, 0x86, 0xBD, 0xF7, 0xFF, 0xDF, 0x02, 0xFF,
    0x87, 0xD6, 0x9A, 0x52, 0x8A, 0xA5, 0x14, 0xFF, 0xDF, 0x02, 0xFF, 0x89, 0xDE, 0xFB, 0xC6, 0x38,
    0xFF, 0xDF, 0xEF, 0x7D, 0xAD, 0x75, 0x02, 0xFF, 0x89, 0xF7, 0x9E, 0x52, 0x8A, 0x10, 0x82, 0xA5,
    0x34, 0xFF, 0xDF, 0x06, 0xFF, 0x87, 0xEF, 0x5D, 0x42, 0x08, 0x39, 0xE7, 0xEF, 0x7D, 0x02, 0xFF,
    0x85, 0x9C, 0xF3, 0x42, 0x08, 0xC6, 0x18, 0x04, 0xFF, 0x83, 0xC6, 0x38, 0x42, 0x28, 0x7F, 0x00,
    0x2E, 0x00, 0x84, 0x20, 0x08, 0x61, 0x00, 0x20, 0x06, 0x00, 0x83, 0x39, 0xC7, 0xCE, 0x59, 0x04,
    0xFF, 0x87, 0xC6, 0x38, 0x4A, 0x49, 0x29, 0x65, 0xCE, 0x59, 0x02, 0xFF, 0x8B, 0xE7, 0x1C, 0x4A,
    0x49, 0x8C, 0x51, 0xF7, 0xBE, 0xF7, 0x9E, 0xBD, 0xD7, 0x02, 0xFF, 0x87, 0xE7, 0x1C, 0x31, 0x86,
    0x6B, 0x4D, 0xEF, 0x7D, 0x08, 0xFF, 0x81, 0xBD, 0xF7, 0x02, 0x00, 0x89, 0x4A, 0x49, 0xF7, 0x9E,
    0xFF, 0xDF, 0xA5, 0x34, 0xCE, 0x59, 0x04, 0xFF, 0x83, 0xC6, 0x18, 0x31, 0x86, 0x7F, 0x00, 0x2D,
    0x00, 0x89, 0x31, 0xA6, 0xAD, 0x75, 0xC6, 0x38, 0xBD, 0xD7, 0x52, 0x8A, 0x02, 0x00, 0x83, 0x4A,
    0x69, 0xE7, 0x1C, 0x03, 0xFF, 0x84, 0xDF, 0xB5, 0xB6, 0x31, 0xA6, 0x02, 0x00, 0x83, 0x18, 0xC3,
    0xB5, 0x96, 0x03, 0xFF, 0x8A, 0xDF, 0xA5, 0x34, 0x8C, 0x71, 0xF7, 0xBE, 0xF7, 0x9E, 0xBD, 0xD7,
    0x02, 0xFF, 0x85, 0xE7, 0x1C, 0x4A, 0x49, 0xCE, 0x79, 0x09, 0xFF, 0x82, 0xDF, 0x84, 0x30, 0x02,
    0x00, 0x87, 0x52, 0x8A, 0xF7, 0x9E, 0xFF, 0xDF, 0xF7, 0x9E, 0x03, 0xFF, 0x84, 0xDF, 0xBD, 0xD7,
    0x18, 0xC3, 0x7F, 0x00, 0x2F, 0x00, 0x83, 0xAD, 0x55, 0xFF, 0xDF, 0x03, 0xFF, 0x86, 0xDF, 0xAD,
    0x55, 0x8C, 0x51, 0xE7, 0x3C, 0x03, 0xFF, 0x84, 0xDF, 0xAD, 0x55, 0x31, 0x86, 0x06, 0x00, 0x83,
    0x5A, 0xCB, 0xDE, 0xDB, 0x03, 0xFF, 0x88, 0xDF, 0xE7, 0x1C, 0xFF, 0xDF, 0xEF, 0x7D, 0xB5, 0x96,
    0x03, 0xFF, 0x8A, 0xDF, 0xD6, 0xBA, 0xFF, 0xDF, 0xF7, 0xBE, 0xD6, 0x9A, 0xF7, 0xBE, 0x02, 0xFF,
    0x83, 0xE7, 0x1C, 0x31, 0xA6, 0x02, 0x00, 0x83, 0x52, 0x8A, 0xF7, 0x9E, 0x04, 0xFF, 0x85, 0xF7,
    0xBE, 0xA5, 0x34, 0x21, 0x04, 0x7F, 0x00, 0x31, 0x00, 0x81, 0xB5, 0x96, 0x06, 0xFF, 0x83, 0xF7,
    0x9E, 0xFF, 0xDF, 0x02, 0xFF, 0x85, 0xF7, 0xBE, 0x9C, 0xF3, 0x21, 0x24, 0x09, 0x00, 0x84, 0x20,
    0x5A, 0xCB, 0xDE, 0xDB, 0x06, 0xFF, 0x85, 0xEF, 0x7D, 0x84, 0x10, 0xE7, 0x3C, 0x06, 0xFF, 0x89,
    0xC6, 0x18, 0x7B, 0xCF, 0xEF, 0x5D, 0xFF, 0xDF, 0xAD, 0x75, 0x04, 0x00, 0x8B, 0x29, 0x45, 0xD6,
    0xBA, 0xFF, 0xDF, 0xEF, 0x7D, 0x9C, 0xD3, 0x21, 0x04, 0x7F, 0x00, 0x33, 0x00, 0x85, 0x5A, 0xEB,
    0xDE, 0xFB, 0xFF, 0xDF, 0x04, 0xFF, 0x87, 0xF7, 0xBE, 0xDE, 0xDB, 0x8C, 0x51, 0x08, 0x41, 0x0E,
    0x00, 0x9D, 0x5A, 0xCB, 0xC6, 0x18, 0xEF, 0x7D, 0xFF, 0xDF, 0xCE, 0x79, 0x42, 0x08, 0x8C, 0x71,
    0xE7, 0x1C, 0xEF, 0x5D, 0xBD, 0xF7, 0x4A, 0x49, 0x29, 0x45, 0xAD, 0x55, 0xBD, 0xF7, 0x4A, 0x69,
    0x06, 0x00, 0x87, 0x5A, 0xCB, 0x9C, 0xD3, 0x73, 0x8E, 0x10, 0x82, 0x7F, 0x00, 0x36, 0x00, 0x8C,
    0x20, 0x52, 0x8A, 0x8C, 0x71, 0xA5, 0x14, 0x9C, 0xF3, 0x84, 0x10, 0x42, 0x28, 0x14, 0x00, 0x91,
    0x21, 0x24, 0x73, 0x8E, 0x84, 0x30, 0x52, 0xAA, 0x00, 0x20, 0x10, 0x82, 0x52, 0xAA, 0x5A, 0xEB,
    0x21, 0x24, 0x04, 0x00, 0x83, 0x10, 0x82, 0x18, 0xE3, 0x7F, 0x00, 0x7F, 0x00, 0x7F, 0x00, 0x7F,
    0x00, 0x7F, 0x00, 0x7F, 0x00, 0x7F, 0x00, 0x7F, 0x00, 0x7F, 0x00, 0x7F, 0x00, 0x7F, 0x00, 0x7F,
    0x00, 0x7F, 0x00, 0x7F, 0x00, 0x7F, 0x00, 0x7F, 0x00, 0x7F, 0x00, 0x7F, 0x00, 0x7F, 0x00, 0x7F,
    0x00, 0x7F, 0x00, 0x7F, 0x00, 0x7F, 0x00, 0x5B, 0x00, 0x02, 0xFD, 0x06, 0x00, 0x00, 0x08, 0x00,
    0x01, 0xFF, 0x64, 0x00, 0x05, 0xFA, 0x51, 0x08, 0x00, 0x7F, 0x00, 0x7F, 0x00, 0x7F, 0x00, 0x7F,
    0x00, 0x7F, 0x00, 0x7F, 0x00, 0x7F, 0x00, 0x7F, 0x00, 0x7F, 0x00, 0x7F, 0x00, 0x7F, 0x00, 0x7F,
    0x00, 0x7F, 0x00, 0x7F, 0x00, 0x7F, 0x00, 0x7F, 0x00, 0x7F, 0x00, 0x7F, 0x00, 0x7F, 0x00, 0x7F,
    0x00, 0x7F, 0x00, 0x7F, 0x00, 0x7F, 0x00, 0x7F, 0x00, 0x7F, 0x00, 0x7F, 0x00, 0x7F, 0x00, 0x7F,
    0x00, 0x7F, 0x00, 0x7F, 0x00, 0x7F, 0x00, 0x7F, 0x00, 0x7F, 0x00, 0x7F, 0x00, 0x7F, 0x00, 0x7F,
    0x00, 0x7F, 0x00, 0x7F, 0x00, 0x7F, 0x00, 0x7F, 0x00, 0x7F, 0x00, 0x7F, 0x00, 0x7F, 0x00, 0x7F,
    0x00, 0x7F, 0x00, 0x7F, 0x00, 0x7F, 0x00, 0x7F, 0x00, 0x7F, 0x00, 0x7F, 0x00, 0x7F, 0x00, 0x7F,
    0x00, 0x7F, 0x00, 0x7F, 0x00, 0x7F, 0x00, 0x7F, 0x00, 0x7F, 0x00, 0x7F, 0x00, 0x7F, 0x00, 0x7F,
    0x00, 0x7F, 0x00, 0x7F, 0x00, 0x7F, 0x00, 0x7F, 0x00, 0x7F, 0x00, 0x7F, 0x00, 0x7F, 0x00, 0x7F,
    0x00, 0x7F, 0x00, 0x7F, 0x00, 0x7F, 0x00, 0x7F, 0x00, 0x7F, 0x00, 0x7F, 0x00, 0x7F, 0x00, 0x7F,
    0x00, 0x7F, 0x00, 0x7F, 0x00, 0x7F, 0x00, 0x7F, 0x00, 0x7F, 0x00, 0x7F, 0x00, 0x7F, 0x00, 0x7F,
    0x00, 0x7F, 0x00, 0x7F, 0x00, 0x7F, 0x00, 0x7F, 0x00, 0x7F, 0x00, 0x7F, 0x00, 0x7F, 0x00, 0x7F,
    0x00, 0x7F, 0x00, 0x7F, 0x00, 0x7F, 0x00, 0x7F, 0x00, 0x7F, 0x00, 0x7F, 0x00, 0x7F, 0x00, 0x7F,
    0x00, 0x7F, 0x00, 0x7F, 0x00, 0x7F, 0x00, 0x7F, 0x00, 0x7F, 0x00, 0x7F, 0x00, 0x7F, 0x00, 0x7F,
    0x00, 0x7F, 0x00, 0x7F, 0x00, 0x7F, 0x00, 0x7F, 0x00, 0x7F, 0x00, 0x7F, 0x00, 0x7F, 0x00, 0x7F,
    0x00, 0x7F, 0x00, 0x7F, 0x00, 0x7F, 0x00, 0x7F, 0x00, 0x7F, 0x00, 0x7F, 0x00, 0x7F, 0x00, 0x7F,
    0x00, 0x7F, 0x00, 0x7F, 0x00, 0x7F, 0x00, 0x7F, 0x00, 0x7F, 0x00, 0x7F, 0x00, 0x7F, 0x00, 0x7F,
    0x00, 0x7F, 0x00, 0x7F, 0x00, 0x7F, 0x00, 0x7F, 0x00, 0x7F, 0x00, 0x7F, 0x00, 0x7F, 0x00, 0x7F,
    0x00, 0x7F, 0x00, 0x7F, 0x00, 0x7F, 0x00, 0x7F, 0x00, 0x7F, 0x00, 0x7F, 0x00, 0x7F, 0x00, 0x7F,
    0x00, 0x7F, 0x00, 0x7F, 0x00, 0x7F, 0x00, 0x7F, 0x00, 0x7F, 0x00, 0x7F, 0x00, 0x7F, 0x00, 0x7F,
    0x00, 0x7F, 0x00, 0x7F, 0x00, 0x7F, 0x00, 0x7F, 0x00, 0x7F, 0x00, 0x7F, 0x00, 0x7F, 0x00, 0x7F,
    0x00, 0x7F, 0x00, 0x7F, 0x00, 0x7F, 0x00, 0x7F, 0x00, 0x7F, 0x00, 0x7F, 0x00, 0x7F, 0x00, 0x7F,
    0x00, 0x7F, 0x00, 0x7F, 0x00, 0x7F, 0x00, 0x7F, 0x00, 0x7F, 0x00, 0x7F, 0x00, 0x7F, 0x00, 0x7F,
    0x00, 0x7F, 0x00, 0x7F, 0x00, 0x7F, 0x00, 0x7F, 0x00, 0x7F, 0x00, 0x7F, 0x00, 0x7F, 0x00, 0x7F,
    0x00, 0x7F, 0x00, 0x7F, 0x00, 0x7F, 0x00, 0x7F, 0x00, 0x02, 0x00, 0x87, 0x10, 0xA2, 0x5A, 0xEB,
    0x52, 0x8A, 0x08, 0x61, 0x7F, 0x00, 0x61, 0x00, 0x83, 0x18, 0xC3, 0x08, 0x61, 0x12, 0x00, 0x82,
    0x18, 0xE3, 0xBD, 0x02, 0xF7, 0x84, 0x9E, 0xEF, 0x7D, 0x84, 0x10, 0x7F, 0x00, 0x5D, 0x00, 0x89,
    0x08, 0x41, 0x7B, 0xEF, 0xDE, 0xDB, 0xB5, 0xB6, 0x21, 0x04, 0x05, 0x00, 0x82, 0x20, 0x00, 0x20,
    0x07, 0x00, 0x84, 0x20, 0xAD, 0x55, 0xFF, 0xDF, 0x04, 0xFF, 0x81, 0xA5, 0x34, 0x7F, 0x00, 0x5D,
    0x00, 0x83, 0x4A, 0x49, 0xD6, 0xBA, 0x02, 0xFF, 0x8D, 0xE7, 0x1C, 0x39, 0xE7, 0x08, 0x41, 0x73,
    0xAE, 0xAD, 0x75, 0xAD, 0x55, 0x63, 0x0C, 0x04, 0x00, 0x83, 0x4A, 0x49, 0xEF, 0x7D, 0x06, 0xFF,
    0x81, 0x9C, 0xD3, 0x7F, 0x00, 0x5B, 0x00, 0x85, 0x08, 0x41, 0x94, 0x92, 0xF7, 0xBE, 0x02, 0xFF,
    0x93, 0xC6, 0x18, 0x21, 0x04, 0x6B, 0x4D, 0xE7, 0x3C, 0xFF, 0xDF, 0xFF, 0xDF, 0xDE, 0xDB, 0x52,
    0xAA, 0x10, 0x82, 0xAD, 0x75, 0x06, 0xFF, 0x83, 0xEF, 0x7D, 0x6B, 0x4D, 0x7F, 0x00, 0x5B, 0x00,
    0x83, 0x6B, 0x4D, 0xDE, 0xFB, 0x02, 0xFF, 0x87, 0xE7, 0x1C, 0x63, 0x2C, 0x10, 0x82, 0xBD, 0xF7,
    0x02, 0xFF, 0x8B, 0xF7, 0xBE, 0xFF, 0xDF, 0xFF, 0xDF, 0x94, 0xB2, 0x4A, 0x69, 0xEF, 0x5D, 0x06,
    0xFF, 0x83, 0xC6, 0x18, 0x21, 0x24, 0x7F, 0x00, 0x59, 0x00, 0x83, 0x52, 0xAA, 0xD6, 0xBA, 0x04,
    0xFF, 0x87, 0xB5, 0xB6, 0x08, 0x41, 0x4A, 0x49, 0xEF, 0x7D, 0x02, 0xFF, 0x89, 0xB5, 0x96, 0xE7,
    0x1C, 0xFF, 0xDF, 0xA5, 0x34, 0x9C, 0xF3, 0x06, 0xFF, 0x83, 0xDE, 0xFB, 0x5A, 0xCB, 0x7F, 0x00,
    0x59, 0x00, 0x83, 0x39, 0xE7, 0xCE, 0x59, 0x05, 0xFF, 0x86, 0xDF, 0x9C, 0xD3, 0x08, 0x41, 0x8C,
    0x51, 0x02, 0xFF, 0x8B, 0xEF, 0x7D, 0xA5, 0x14, 0xF7, 0x9E, 0xF7, 0xBE, 0x9C, 0xD3, 0xD6, 0x9A,
    0x04, 0xFF, 0x85, 0xF7, 0x9E, 0x84, 0x10, 0x08, 0x61, 0x7F, 0x00, 0x57, 0x00, 0x85, 0x21, 0x04,
    0xBD, 0xD7, 0xFF, 0xDF, 0x04, 0xFF, 0x87, 0xF7, 0x9E, 0x73, 0x8E, 0x21, 0x04, 0xBD, 0xF7, 0x02,
    0xFF, 0x83, 0xE7, 0x3C, 0xEF, 0x5D, 0x02, 0xFF, 0x85, 0xE7, 0x1C, 0x7B, 0xCF, 0xEF, 0x7D, 0x04,
    0xFF, 0x87, 0xB5, 0xB6, 0x84, 0x10, 0x94, 0xB2, 0x42, 0x28, 0x06, 0x00, 0x87, 0x08, 0x41, 0x4A,
    0x69, 0x63, 0x0C, 0x31, 0xA6, 0x7F, 0x00, 0x45, 0x00, 0x93, 0x29, 0x45, 0xB5, 0x96, 0xFF, 0xDF,
    0xFF, 0xDF, 0xD6, 0xBA, 0xF7, 0xBE, 0xEF, 0x7D, 0x63, 0x0C, 0x42, 0x28, 0xE7, 0x1C, 0x06, 0xFF,
    0x85, 0xEF, 0x5D, 0x7B, 0xEF, 0x8C, 0x51, 0x04, 0xFF, 0x85, 0xE7, 0x3C, 0xCE, 0x59, 0xFF, 0xDF,
    0x02, 0xFF, 0x83, 0xD6, 0x9A, 0x10, 0xA2, 0x02, 0x00, 0x85, 0x31, 0xA6, 0xB5, 0x96, 0xEF, 0x7D,
    0x02, 0xFF, 0x91, 0xDE, 0xDB, 0x73, 0xAE, 0x08, 0x41, 0x4A, 0x49, 0x84, 0x30, 0x42, 0x28, 0x00,
    0x20, 0x18, 0xC3, 0x10, 0x82, 0x7F, 0x00, 0x33, 0x00, 0x95, 0x29, 0x65, 0xAD, 0x75, 0xFF, 0xDF,
    0xFF, 0xDF, 0xAD, 0x55, 0x94, 0x92, 0xF7, 0xBE, 0xEF, 0x7D, 0x6B, 0x4D, 0x8C, 0x71, 0xFF, 0xDF,
    0x04, 0xFF, 0x87, 0xE7, 0x3C, 0x84, 0x30, 0x29, 0x45, 0xC6, 0x18, 0x04, 0xFF, 0x81, 0xEF, 0x7D,
    0x06, 0xFF, 0x89, 0xEF, 0x5D, 0x39, 0xC7, 0x31, 0xA6, 0xC6, 0x38, 0xFF, 0xDF, 0x06, 0xFF, 0x91,
    0xDE, 0xDB, 0x4A, 0x69, 0xCE, 0x59, 0xFF, 0xDF, 0xCE, 0x59, 0x9C, 0xD3, 0xC6, 0x38, 0xB5, 0xB6,
    0x5A, 0xEB, 0x06, 0x00, 0x87, 0x21, 0x24, 0x4A, 0x69, 0x4A, 0x69, 0x29, 0x45, 0x7F, 0x00, 0x21,
    0x00, 0x85, 0x29, 0x65, 0xAD, 0x55, 0xF7, 0xBE, 0x02, 0xFF, 0x8D, 0xBD, 0xD7, 0x31, 0xA6, 0x8C,
    0x51, 0xF7, 0xBE, 0xFF, 0xDF, 0xDE, 0xFB, 0xF7, 0xBE, 0x03, 0xFF, 0x8A, 0xDF, 0xD6, 0x9A, 0x73,
    0x8E, 0x18, 0xC3, 0x6B, 0x6D, 0xEF, 0x7D, 0x07, 0xFF, 0x82, 0xDF, 0xE7, 0x3C, 0x02, 0xFF, 0x8D,
    0xEF, 0x5D, 0x39, 0xC7, 0x9C, 0xD3, 0xFF, 0xDF, 0xFF, 0xDF, 0xB5, 0xB6, 0xE7, 0x3C, 0x02, 0xFF,
    0x85, 0xDE, 0xFB, 0x84, 0x30, 0xF7, 0x9E, 0x05, 0xFF, 0x80, 0xDF, 0x04, 0xFF, 0x91, 0xCE, 0x59,
    0x31, 0x86, 0x21, 0x24, 0x7B, 0xEF, 0xCE, 0x59, 0xEF, 0x7D, 0xF7, 0x9E, 0xCE, 0x59, 0x63, 0x2C,
    0x7F, 0x00, 0x1D, 0x00, 0x85, 0x31, 0x86, 0xAD, 0x75, 0xF7, 0xBE, 0x02, 0xFF, 0x89, 0xC6, 0x38,
    0x42, 0x08, 0x42, 0x28, 0xB5, 0xB6, 0xFF, 0xDF, 0x08, 0xFF, 0x89, 0xCE, 0x79, 0x4A, 0x49, 0x08,
    0x41, 0x31, 0xA6, 0xCE, 0x59, 0x08, 0xFF, 0x83, 0xCE, 0x59, 0xBD, 0xF7, 0x02, 0xFF, 0x85, 0xE7,
    0x3C, 0x39, 0xE7, 0xD6, 0x9A, 0x02, 0xFF, 0x8B, 0xD6, 0x9A, 0xBD, 0xD7, 0xF7, 0xBE, 0xFF, 0xDF,
    0xAD, 0x75, 0xAD, 0x75, 0x06, 0xFF, 0x8D, 0xF7, 0xBE, 0xDE, 0xDB, 0xFF, 0xDF, 0xEF, 0x7D, 0x6B,
    0x6D, 0xAD, 0x75, 0xF7, 0x9E, 0x08, 0xFF, 0x83, 0xD6, 0x9A, 0x63, 0x2C, 0x7F, 0x00, 0x19, 0x00,
    0x91, 0x29, 0x65, 0xAD, 0x75, 0xF7, 0xBE, 0xFF, 0xDF, 0xCE, 0x79, 0x4A, 0x69, 0x84, 0x10, 0xDE,
    0xDB, 0xFF, 0xDF, 0x03, 0xFF, 0x84, 0xDF, 0xE7, 0x3C, 0xFF, 0xDF, 0x02, 0xFF, 0x89, 0x8C, 0x51,
    0x08, 0x41, 0x08, 0x41, 0x8C, 0x51, 0xF7, 0xBE, 0x06, 0xFF, 0x85, 0xEF, 0x5D, 0x63, 0x0C, 0xC6,
    0x38, 0x02, 0xFF, 0x85, 0xD6, 0xBA, 0x5A, 0xEB, 0xF7, 0xBE, 0x02, 0xFF, 0x8B, 0xEF, 0x7D, 0xFF,
    0xDF, 0xFF, 0xDF, 0xC6, 0x38, 0x5A, 0xEB, 0xD6, 0x9A, 0x05, 0xFF, 0x8C, 0xDF, 0xAD, 0x75, 0x8C,
    0x51, 0xF7, 0xBE, 0xFF, 0xDF, 0xCE, 0x59, 0xFF, 0xDF, 0x02, 0xFF, 0x87, 0xEF, 0x7D, 0xB5, 0x96,
    0xC6, 0x38, 0xFF, 0xDF, 0x02, 0xFF, 0x83, 0xD6, 0xBA, 0x08, 0x61, 0x7F, 0x00, 0x15, 0x00, 0x8F,
    0x31, 0x86, 0xB5, 0x96, 0xFF, 0xDF, 0xFF, 0xDF, 0xCE, 0x59, 0x63, 0x0C, 0xB5, 0xB6, 0xF7, 0x9E,
    0x06, 0xFF, 0x85, 0xEF, 0x5D, 0xA5, 0x14, 0xF7, 0xBE, 0x02, 0xFF, 0x81, 0x63, 0x2C, 0x02, 0x00,
    0x83, 0x39, 0xE7, 0xD6, 0x9A, 0x08, 0xFF, 0x85, 0xA5, 0x14, 0x21, 0x24, 0xD6, 0xBA, 0x02, 0xFF,
    0x85, 0xAD, 0x75, 0x63, 0x0C, 0xFF, 0xDF, 0x06, 0xFF, 0x87, 0xC6, 0x38, 0x52, 0x8A, 0x9C, 0xD3,
    0xF7, 0x9E, 0x04, 0xFF, 0x85, 0xCE, 0x79, 0x42, 0x08, 0xA5, 0x34, 0x0A, 0xFF, 0x87, 0xA5, 0x14,
    0x10, 0xA2, 0x73, 0x8E, 0xF7, 0x9E, 0x02, 0xFF, 0x83, 0xE7, 0x1C, 0x08, 0x61, 0x0C, 0x00, 0x87,
    0x10, 0xA2, 0x5A, 0xCB, 0x5A, 0xEB, 0x08, 0x61, 0x7E, 0x00, 0x8F, 0x29, 0x45, 0xB5, 0xB6, 0xFF,
    0xDF, 0xFF, 0xDF, 0xC6, 0x38, 0x42, 0x28, 0x9C, 0xF3, 0xFF, 0xDF, 0x02, 0xFF, 0x89, 0xD6, 0xBA,
    0xC6, 0x18, 0xFF, 0xDF, 0xEF, 0x5D, 0xA5, 0x34, 0x02, 0xFF, 0x89, 0xEF, 0x7D, 0x4A, 0x49, 0x10,
    0x82, 0xA5, 0x14, 0xFF, 0xDF, 0x06, 0xFF, 0x87, 0xEF, 0x5D, 0x39, 0xE7, 0x39, 0xC7, 0xEF, 0x7D,
    0x02, 0xFF, 0x85, 0x9C, 0xF3, 0x6B, 0x4D, 0xFF, 0xDF, 0x04, 0xFF, 0x87, 0xC6, 0x38, 0x4A, 0x49,
    0x84, 0x30, 0xEF, 0x7D, 0x04, 0xFF, 0x87, 0xF7, 0xBE, 0x63, 0x2C, 0x18, 0xE3, 0xC6, 0x18, 0x08,
    0xFF, 0x87, 0xF7, 0x9E, 0x5A, 0xEB, 0x08, 0x61, 0xA5, 0x34, 0x03, 0xFF, 0x82, 0xDF, 0xA5, 0x34,
    0x0C, 0x00, 0x89, 0x18, 0xE3, 0x84, 0x30, 0xE7, 0x3C, 0xEF, 0x7D, 0x42, 0x28, 0x72, 0x00, 0x83,
    0x08, 0x41, 0x00, 0x20, 0x06, 0x00, 0x83, 0x31, 0xA6, 0xC6, 0x18, 0x03, 0xFF, 0x88, 0xDF, 0xBD,
    0xF7, 0x39, 0xC7, 0x29, 0x45, 0xC6, 0x38, 0x02, 0xFF, 0x8B, 0xDE, 0xFB, 0x42, 0x08, 0x8C, 0x51,
    0xF7, 0xBE, 0xEF, 0x7D, 0xB5, 0xB6, 0x02, 0xFF, 0x87, 0xDE, 0xDB, 0x21, 0x24, 0x63, 0x2C, 0xEF,
    0x7D, 0x08, 0xFF, 0x81, 0xB5, 0xB6, 0x02, 0x00, 0x89, 0x42, 0x28, 0xF7, 0x9E, 0xFF, 0xDF, 0x9C,
    0xD3, 0xC6, 0x38, 0x04, 0xFF, 0x87, 0xEF, 0x5D, 0x73, 0x8E, 0xA5, 0x34, 0xEF, 0x7D, 0x06, 0xFF,
    0x87, 0xBD, 0xD7, 0x10, 0x82, 0x42, 0x08, 0xE7, 0x1C, 0x05, 0xFF, 0x80, 0xDF, 0x02, 0xFF, 0x87,
    0xF7, 0x9E, 0x73, 0xAE, 0x7B, 0xEF, 0xE7, 0x3C, 0x02, 0xFF, 0x83, 0xDE, 0xFB, 0x4A, 0x49, 0x08,
    0x00, 0x87, 0x08, 0x41, 0x42, 0x28, 0xAD, 0x75, 0xF7, 0x9E, 0x02, 0xFF, 0x83, 0xEF, 0x5D, 0x39,
    0xE7, 0x6E, 0x00, 0x89, 0x31, 0x86, 0xAD, 0x55, 0xC6, 0x38, 0xB5, 0x96, 0x4A, 0x69, 0x02, 0x00,
    0x83, 0x4A, 0x69, 0xDE, 0xFB, 0x03, 0xFF, 0x84, 0xDF, 0xAD, 0x75, 0x29, 0x45, 0x02, 0x00, 0x83,
    0x18, 0xC3, 0xAD, 0x75, 0x02, 0xFF, 0x8B, 0xF7, 0xBE, 0x94, 0x92, 0x8C, 0x71, 0xF7, 0xBE, 0xEF,
    0x7D, 0xBD, 0xD7, 0x02, 0xFF, 0x85, 0xDE, 0xFB, 0x39, 0xE7, 0xC6, 0x38, 0x08, 0xFF, 0x83, 0xF7,
    0xBE, 0x84, 0x10, 0x02, 0x00, 0x87, 0x52, 0x8A, 0xF7, 0x9E, 0xFF, 0xDF, 0xEF, 0x7D, 0x03, 0xFF,
    0x80, 0xDF, 0x05, 0xFF, 0x80, 0xDF, 0x05, 0xFF, 0x80, 0xDF, 0x02, 0xFF, 0x83, 0xEF, 0x7D, 0x63,
    0x2C, 0x02, 0x00, 0x83, 0x4A, 0x49, 0xE7, 0x3C, 0x02, 0xFF, 0x85, 0xF7, 0x9E, 0xAD, 0x75, 0xE7,
    0x1C, 0x03, 0xFF, 0x82, 0xDF, 0xFF, 0xDF, 0x04, 0xFF, 0x8F, 0xF7, 0x9E, 0xB5, 0xB6, 0x6B, 0x6D,
    0x52, 0xAA, 0x6B, 0x4D, 0xAD, 0x55, 0xC6, 0x18, 0xEF, 0x7D, 0x04, 0xFF, 0x83, 0xDE, 0xDB, 0x6B,
    0x4D, 0x70, 0x00, 0x83, 0xA5, 0x34, 0xFF, 0xDF, 0x03, 0xFF, 0x86, 0xDF, 0x9C, 0xF3, 0x84, 0x10,
    0xE7, 0x3C, 0x03, 0xFF, 0x84, 0xDF, 0xA5, 0x34, 0x29, 0x45, 0x06, 0x00, 0x83, 0x52, 0xAA, 0xD6,
    0xBA, 0x03, 0xFF, 0x88, 0xDF, 0xDE, 0xFB, 0xFF, 0xDF, 0xEF, 0x7D, 0xAD, 0x75, 0x02, 0xFF, 0x8B,
    0xF7, 0xBE, 0xD6, 0x9A, 0xFF, 0xDF, 0xF7, 0xBE, 0xCE, 0x79, 0xF7, 0xBE, 0x02, 0xFF, 0x83, 0xDE,
    0xFB, 0x29, 0x65, 0x02, 0x00, 0x83, 0x4A, 0x69, 0xF7, 0x9E, 0x04, 0xFF, 0x95, 0xF7, 0xBE, 0xA5,
    0x14, 0xB5, 0x96, 0xEF, 0x7D, 0xF7, 0x9E, 0xEF, 0x5D, 0xB5, 0xB6, 0xA5, 0x14, 0xCE, 0x79, 0xA5,
    0x14, 0x18, 0xC3, 0x02, 0x00, 0x95, 0x31, 0x86, 0xC6, 0x38, 0xEF, 0x5D, 0xAD, 0x55, 0x29, 0x65,
    0x84, 0x30, 0xE7, 0x3C, 0xF7, 0xBE, 0xF7, 0x9E, 0xDE, 0xDB, 0xEF, 0x7D, 0x05, 0xFF, 0x84, 0xDF,
    0xFF, 0xDF, 0xFF, 0xDF, 0x06, 0xFF, 0x85, 0xEF, 0x7D, 0xAD, 0x75, 0x42, 0x28, 0x72, 0x00, 0x81,
    0xAD, 0x75, 0x06, 0xFF, 0x83, 0xEF, 0x7D, 0xF7, 0xBE, 0x02, 0xFF, 0x85, 0xF7, 0x9E, 0x9C, 0xD3,
    0x21, 0x04, 0x09, 0x00, 0x84, 0x20, 0x52, 0xAA, 0xD6, 0xBA, 0x06, 0xFF, 0x85, 0xEF, 0x7D, 0x7B,
    0xEF, 0xE7, 0x1C, 0x06, 0xFF, 0x89, 0xBD, 0xF7, 0x73, 0x8E, 0xEF, 0x5D, 0xFF, 0xDF, 0xA5, 0x34,
    0x04, 0x00, 0x9B, 0x21, 0x24, 0xD6, 0x9A, 0xFF, 0xDF, 0xEF, 0x7D, 0x94, 0xB2, 0x18, 0xE3, 0x21,
    0x04, 0x5A, 0xEB, 0x63, 0x2C, 0x52, 0xAA, 0x21, 0x24, 0x10, 0x82, 0x31, 0xA6, 0x18, 0xE3, 0x06,
    0x00, 0x85, 0x42, 0x08, 0x52, 0xAA, 0x29, 0x45, 0x02, 0x00, 0x9F, 0x10, 0x82, 0x52, 0x8A, 0x63,
    0x2C, 0x63, 0x0C, 0x42, 0x28, 0x73, 0x8E, 0xC6, 0x18, 0xEF, 0x7D, 0xF7, 0xBE, 0xF7, 0xBE, 0xF7,
    0xBE, 0xF7, 0x9E, 0xD6, 0x9A, 0xAD, 0x55, 0x63, 0x0C, 0x18, 0xE3, 0x74, 0x00, 0x91, 0x52, 0xAA,
    0xDE, 0xDB, 0xFF, 0xDF, 0xFF, 0xDF, 0xFF, 0xDF, 0xF7, 0xBE, 0xD6, 0xBA, 0x84, 0x10, 0x08, 0x41,
    0x0E, 0x00, 0x9D, 0x52, 0xAA, 0xBD, 0xF7, 0xEF, 0x7D, 0xFF, 0xDF, 0xCE, 0x59, 0x39, 0xE7, 0x8C,
    0x51, 0xE7, 0x1C, 0xE7, 0x3C, 0xB5, 0xB6, 0x4A, 0x49, 0x21, 0x24, 0xA5, 0x34, 0xB5, 0xB6, 0x4A,
    0x49, 0x06, 0x00, 0x87, 0x52, 0x8A, 0x8C, 0x71, 0x6B, 0x4D, 0x10, 0x82, 0x2C, 0x00, 0x8F, 0x21,
    0x24, 0x63, 0x0C, 0x6B, 0x4D, 0x6B, 0x6D, 0x6B, 0x4D, 0x63, 0x2C, 0x31, 0xA6, 0x00, 0x20, 0x7A,
    0x00, 0x8B, 0x4A, 0x49, 0x8C, 0x51, 0x9C, 0xF3, 0x9C, 0xD3, 0x7B, 0xEF, 0x39, 0xE7, 0x14, 0x00,
    0x91, 0x21, 0x24, 0x6B, 0x6D, 0x84, 0x10, 0x52, 0x8A, 0x00, 0x20, 0x10, 0x82, 0x4A, 0x69, 0x52,
    0xAA, 0x18, 0xE3, 0x04, 0x00, 0x83, 0x08, 0x41, 0x10, 0xA2, 0x7F, 0x00, 0x7F, 0x00, 0x7F, 0x00,
    0x7F, 0x00, 0x7F, 0x00, 0x7F, 0x00, 0x7F, 0x00, 0x7F, 0x00, 0x7F, 0x00, 0x7F, 0x00, 0x7F, 0x00,
    0x7F, 0x00, 0x7F, 0x00, 0x7F, 0x00, 0x7F, 0x00, 0x7F, 0x00, 0x7F, 0x00, 0x7F, 0x00, 0x7F, 0x00,
    0x7F, 0x00, 0x7F, 0x00, 0x7F, 0x00, 0x7F, 0x00, 0x5B, 0x00, 0x02, 0xFD, 0x06, 0x00, 0x00, 0x08,
    0x00, 0x01, 0xFF, 0x64, 0x00, 0x05, 0xFA, 0x27, 0x0C, 0x00, 0x7F, 0x00, 0x7F, 0x00, 0x7F, 0x00,
    0x7F, 0x00, 0x7F, 0x00, 0x7F, 0x00, 0x7F, 0x00, 0x7F, 0x00, 0x7F, 0x00, 0x7F, 0x00, 0x7F, 0x00,
    0x7F, 0x00, 0x7F, 0x00, 0x7F, 0x00, 0x7F, 0x00, 0x7F, 0x00, 0x7F, 0x00, 0x7F, 0x00, 0x7F, 0x00,
    0x7F, 0x00, 0x7F, 0x00, 0x7F, 0x00, 0x7F, 0x00, 0x7F, 0x00, 0x7F, 0x00, 0x7F, 0x00, 0x7F, 0x00,
    0x7F, 0x00, 0x7F, 0x00, 0x7F, 0x00, 0x7F, 0x00, 0x7F, 0x00, 0x7F, 0x00, 0x7F, 0x00, 0x7F, 0x00,
    0x7F, 0x00, 0x7F, 0x00, 0x7F, 0x00, 0x7F, 0x00, 0x7F, 0x00, 0x7F, 0x00, 0x7F, 0x00, 0x7F, 0x00,
    0x7F, 0x00, 0x7F, 0x00, 0x7F, 0x00, 0x7F, 0x00, 0x7F, 0x00, 0x7F, 0x00, 0x7F, 0x00, 0x7F, 0x00,
    0x7F, 0x00, 0x7F, 0x00, 0x7F, 0x00, 0x7F, 0x00, 0x7F, 0x00, 0x7F, 0x00, 0x7F, 0x00, 0x7F, 0x00,
    0x7F, 0x00, 0x7F, 0x00, 0x7F, 0x00, 0x7F, 0x00, 0x7F, 0x00, 0x7F, 0x00, 0x7F, 0x00, 0x7F, 0x00,
    0x7F, 0x00, 0x7F, 0x00, 0x7F, 0x00, 0x7F, 0x00, 0x7F, 0x00, 0x7F, 0x00, 0x7F, 0x00, 0x7F, 0x00,
    0x7F, 0x00, 0x7F, 0x00, 0x7F, 0x00, 0x7F, 0x00, 0x7F, 0x00, 0x7F, 0x00, 0x7F, 0x00, 0x7F, 0x00,
    0x7F, 0x00, 0x7F, 0x00, 0x7F, 0x00, 0x7F, 0x00, 0x7F, 0x00, 0x7F, 0x00, 0x7F, 0x00, 0x7F, 0x00,
    0x7F, 0x00, 0x7F, 0x00, 0x7F, 0x00, 0x7F, 0x00, 0x7F, 0x00, 0x7F, 0x00, 0x7F, 0x00, 0x7F, 0x00,
    0x7F, 0x00, 0x7F, 0x00, 0x7F, 0x00, 0x7F, 0x00, 0x7F, 0x00, 0x7F, 0x00, 0x53, 0x00, 0x85, 0x18,
    0xE3, 0x29, 0x45, 0x08, 0x61, 0x7F, 0x00, 0x79, 0x00, 0x89, 0x52, 0x8A, 0xBD, 0xD7, 0xD6, 0x9A,
    0x94, 0xB2, 0x42, 0x08, 0x7F, 0x00, 0x75, 0x00, 0x83, 0x08, 0x61, 0xA5, 0x14, 0x06, 0xFF, 0x83,
    0xCE, 0x59, 0x39, 0xE7, 0x7F, 0x00, 0x75, 0x00, 0x8B, 0x6B, 0x4D, 0xC6, 0x38, 0xD6, 0x9A, 0xFF,
    0xDF, 0xFF, 0xDF, 0x94, 0x92, 0x7F, 0x00, 0x77, 0x00, 0x85, 0x10, 0x82, 0x8C, 0x51, 0xFF, 0xDF,
    0x02, 0xFF, 0x81, 0x9C, 0xD3, 0x7F, 0x00, 0x77, 0x00, 0x83, 0x42, 0x08, 0xDE, 0xDB, 0x02, 0xFF,
    0x83, 0xD6, 0x9A, 0x4A, 0x49, 0x7F, 0x00, 0x77, 0x00, 0x89, 0x5A, 0xEB, 0xEF, 0x5D, 0xF7, 0x9E,
    0x6B, 0x6D, 0x00, 0x20, 0x7F, 0x00, 0x77, 0x00, 0x87, 0x73, 0x8E, 0xF7, 0xBE, 0xEF, 0x7D, 0x52,
    0x8A, 0x7F, 0x00, 0x78, 0x00, 0x82, 0x20, 0x8C, 0x51, 0x02, 0xFF, 0x83, 0xE7, 0x1C, 0x39, 0xC7,
    0x7F, 0x00, 0x77, 0x00, 0x83, 0x21, 0x04, 0xBD, 0xF7, 0x02, 0xFF, 0x83, 0xCE, 0x79, 0x08, 0x41,
    0x7F, 0x00, 0x77, 0x00, 0x83, 0x4A, 0x49, 0xE7, 0x1C, 0x02, 0xFF, 0x81, 0x9C, 0xF3, 0x7F, 0x00,
    0x79, 0x00, 0x87, 0x7B, 0xEF, 0xF7, 0xBE, 0xF7, 0xBE, 0x73, 0x8E, 0x7F, 0x00, 0x79, 0x00, 0x83,
    0x63, 0x2C, 0xEF, 0x7D, 0x02, 0xFF, 0x81, 0x9C, 0xD3, 0x7F, 0x00, 0x79, 0x00, 0x83, 0x21, 0x24,
    0xBD, 0xF7, 0x02, 0xFF, 0x83, 0xEF, 0x5D, 0x63, 0x0C, 0x7F, 0x00, 0x79, 0x00, 0x83, 0x52, 0x8A,
    0xDE, 0xFB, 0x02, 0xFF, 0x83, 0xAD, 0x55, 0x10, 0xA2, 0x7F, 0x00, 0x77, 0x00, 0x83, 0x18, 0xC3,
    0xB5, 0x96, 0x02, 0xFF, 0x83, 0xD6, 0x9A, 0x29, 0x45, 0x7F, 0x00, 0x77, 0x00, 0x83, 0x10, 0x82,
    0xA5, 0x34, 0x02, 0xFF, 0x83, 0xDE, 0xFB, 0x31, 0x86, 0x7F, 0x00, 0x77, 0x00, 0x83, 0x10, 0xA2,
    0xAD, 0x75, 0x02, 0xFF, 0x83, 0xD6, 0x9A, 0x29, 0x45, 0x7F, 0x00, 0x77, 0x00, 0x83, 0x18, 0xC3,
    0xB5, 0xB6, 0x02, 0xFF, 0x83, 0xB5, 0xB6, 0x18, 0xC3, 0x7F, 0x00, 0x77, 0x00, 0x83, 0x29, 0x65,
    0xC6, 0x38, 0x02, 0xFF, 0x83, 0xA5, 0x14, 0x08, 0x61, 0x7F, 0x00, 0x77, 0x00, 0x89, 0x42, 0x28,
    0xDE, 0xFB, 0xFF, 0xDF, 0x8C, 0x51, 0x00, 0x20, 0x7F, 0x00, 0x77, 0x00, 0x87, 0x5A, 0xEB, 0xEF,
    0x5D, 0xF7, 0x9E, 0x63, 0x0C, 0x7F, 0x00, 0x78, 0x00, 0x82, 0x20, 0x84, 0x10, 0x02, 0xFF, 0x83,
    0xE7, 0x3C, 0x39, 0xE7, 0x7F, 0x00, 0x77, 0x00, 0x83, 0x18, 0xC3, 0xAD, 0x55, 0x02, 0xFF, 0x83,
    0xCE, 0x79, 0x08, 0x61, 0x7F, 0x00, 0x77, 0x00, 0x83, 0x42, 0x08, 0xDE, 0xFB, 0x02, 0xFF, 0x81,
    0xAD, 0x55, 0x7F, 0x00, 0x79, 0x00, 0x87, 0x84, 0x10, 0xF7, 0xBE, 0xF7, 0x9E, 0x6B, 0x6D, 0x7F,
    0x00, 0x77, 0x00, 0x83, 0x18, 0xE3, 0xB5, 0xB6, 0x02, 0xFF, 0x83, 0xD6, 0x9A, 0x21, 0x24, 0x7F,
    0x00, 0x77, 0x00, 0x87, 0x4A, 0x49, 0xDE, 0xDB, 0xFF, 0xDF, 0x9C, 0xD3, 0x7F, 0x00, 0x79, 0x00,
    0x87, 0x73, 0x8E, 0xEF, 0x7D, 0xEF, 0x5D, 0x63, 0x0C, 0x7F, 0x00, 0x79, 0x00, 0x8D, 0x84, 0x10,
    0xF7, 0xBE, 0xDE, 0xFB, 0x42, 0x28, 0x08, 0x41, 0x08, 0x41, 0x00, 0x20, 0x7F, 0x00, 0x73, 0x00,
    0x91, 0x73, 0xAE, 0xEF, 0x7D, 0xF7, 0x9E, 0xBD, 0xF7, 0xAD, 0x75, 0xAD, 0x75, 0x9C, 0xD3, 0x5A,
    0xEB, 0x10, 0x82, 0x7F, 0x00, 0x6F, 0x00, 0x85, 0x42, 0x08, 0xC6, 0x38, 0xFF, 0xDF, 0x07, 0xFF,
    0x86, 0xDF, 0xE7, 0x3C, 0x8C, 0x51, 0x00, 0x20, 0x7F, 0x00, 0x6E, 0x00, 0x8C, 0x20, 0x52, 0x8A,
    0xAD, 0x55, 0xC6, 0x38, 0xCE, 0x79, 0xCE, 0x79, 0xE7, 0x3C, 0x02, 0xFF, 0x83, 0xDE, 0xFB, 0x4A,
    0x69, 0x24, 0x00, 0x89, 0x08, 0x41, 0x42, 0x28, 0x7B, 0xEF, 0x6B, 0x4D, 0x18, 0xC3, 0x7F, 0x00,
    0x44, 0x00, 0x8E, 0x20, 0x21, 0x04, 0x29, 0x45, 0x29, 0x45, 0x73, 0x8E, 0xF7, 0xBE, 0xF7, 0xBE,
    0x84, 0x10, 0x22, 0x00, 0x8B, 0x21, 0x24, 0x84, 0x30, 0xDE, 0xFB, 0xFF, 0xDF, 0xE7, 0x3C, 0x6B,
    0x6D, 0x7F, 0x00, 0x4B, 0x00, 0x87, 0x29, 0x65, 0xE7, 0x3C, 0xFF, 0xDF, 0xA5, 0x14, 0x20, 0x00,
    0x85, 0x29, 0x45, 0xA5, 0x14, 0xF7, 0xBE, 0x05, 0xFF, 0x82, 0xDF, 0x94, 0xB2, 0x7F, 0x00, 0x4B,
    0x00, 0x83, 0x18, 0xC3, 0xCE, 0x59, 0x02, 0xFF, 0x83, 0xB5, 0xB6, 0x08, 0x41, 0x1C, 0x00, 0x85,
    0x10, 0xA2, 0x94, 0xB2, 0xFF, 0xDF, 0x06, 0xFF, 0x83, 0xEF, 0x7D, 0x6B, 0x6D, 0x7F, 0x00, 0x4B,
    0x00, 0x83, 0x08, 0x41, 0xA5, 0x34, 0x02, 0xFF, 0x83, 0xEF, 0x7D, 0x73, 0xAE, 0x1C, 0x00, 0x83,
    0x7B, 0xCF, 0xF7, 0x9E, 0x02, 0xFF, 0x83, 0xDE, 0xFB, 0xD6, 0xBA, 0x02, 0xFF, 0x83, 0xCE, 0x79,
    0x39, 0xC7, 0x7F, 0x00, 0x4D, 0x00, 0x83, 0x4A, 0x69, 0xDE, 0xFB, 0x02, 0xFF, 0x83, 0xEF, 0x5D,
    0x5A, 0xEB, 0x18, 0x00, 0x83, 0x42, 0x08, 0xCE, 0x79, 0x02, 0xFF, 0x83, 0xDE, 0xDB, 0xA5, 0x14,
    0x02, 0xFF, 0x85, 0xF7, 0xBE, 0x8C, 0x71, 0x08, 0x41, 0x7F, 0x00, 0x4F, 0x00, 0x83, 0x7B, 0xEF,
    0xF7, 0x9E, 0x02, 0xFF, 0x81, 0xBD, 0xD7, 0x18, 0x00, 0x89, 0x8C, 0x71, 0xF7, 0xBE, 0xF7, 0x9E,
    0xA5, 0x34, 0xEF, 0x5D, 0x02, 0xFF, 0x83, 0xCE, 0x59, 0x39, 0xC7, 0x7F, 0x00, 0x51, 0x00, 0x83,
    0x08, 0x61, 0xAD, 0x75, 0x02, 0xFF, 0x83, 0xD6, 0x9A, 0x00, 0x20, 0x14, 0x00, 0x83, 0x39, 0xC7,
    0xD6, 0x9A, 0x02, 0xFF, 0x83, 0xE7, 0x1C, 0xD6, 0x9A, 0x02, 0xFF, 0x83, 0xE7, 0x3C, 0x5A, 0xEB,
    0x7F, 0x00, 0x54, 0x00, 0x82, 0x20, 0x9C, 0xD3, 0x02, 0xFF, 0x83, 0xD6, 0x9A, 0x08, 0x41, 0x14,
    0x00, 0x83, 0x7B, 0xCF, 0xF7, 0x9E, 0x02, 0xFF, 0x89, 0xF7, 0xBE, 0xFF, 0xDF, 0xF7, 0xBE, 0x8C,
    0x51, 0x10, 0x82, 0x7F, 0x00, 0x54, 0x00, 0x82, 0x20, 0x9C, 0xF3, 0x02, 0xFF, 0x83, 0xD6, 0x9A,
    0x00, 0x20, 0x12, 0x00, 0x83, 0x08, 0x41, 0xB5, 0x96, 0x07, 0xFF, 0x84, 0xDF, 0xB5, 0x96, 0x18,
    0xC3, 0x7F, 0x00, 0x56, 0x00, 0x82, 0x20, 0x9C, 0xD3, 0x02, 0xFF, 0x83, 0xE7, 0x3C, 0x42, 0x08,
    0x12, 0x00, 0x83, 0x39, 0xC7, 0xD6, 0x9A, 0x05, 0xFF, 0x84, 0xDF, 0xBD, 0xD7, 0x29, 0x45, 0x7F,
    0x00, 0x23, 0x00, 0x87, 0x10, 0x82, 0x5A, 0xCB, 0x4A, 0x49, 0x08, 0x41, 0x2E, 0x00, 0x83, 0x6B,
    0x4D, 0xEF, 0x7D, 0x02, 0xFF, 0x85, 0xD6, 0x9A, 0x4A, 0x69, 0x08, 0x41, 0x09, 0x00, 0x88, 0x20,
    0x29, 0x45, 0x73, 0xAE, 0xC6, 0x38, 0xFF, 0xDF, 0x02, 0xFF, 0x85, 0xF7, 0xBE, 0xB5, 0xB6, 0x31,
    0x86, 0x7F, 0x00, 0x0D, 0x00, 0x83, 0x10, 0xA2, 0x08, 0x41, 0x12, 0x00, 0x89, 0x18, 0xC3, 0xBD,
    0xD7, 0xF7, 0x9E, 0xEF, 0x5D, 0x7B, 0xEF, 0x2E, 0x00, 0x85, 0x10, 0x82, 0xA5, 0x34, 0xFF, 0xDF,
    0x02, 0xFF, 0x91, 0xEF, 0x7D, 0xCE, 0x59, 0xAD, 0x75, 0x9C, 0xD3, 0x9C, 0xD3, 0xB5, 0x96, 0xC6,
    0x38, 0xE7, 0x3C, 0xFF, 0xDF, 0x04, 0xFF, 0x85, 0xF7, 0x9E, 0x8C, 0x51, 0x10, 0xA2, 0x7F, 0x00,
    0x0C, 0x00, 0x88, 0x20, 0x7B, 0xCF, 0xD6, 0xBA, 0xB5, 0x96, 0x21, 0x04, 0x05, 0x00, 0x80, 0x20,
    0x09, 0x00, 0x84, 0x20, 0xAD, 0x55, 0xFF, 0xDF, 0x04, 0xFF, 0x81, 0xA5, 0x14, 0x30, 0x00, 0x85,
    0x21, 0x04, 0x8C, 0x51, 0xE7, 0x1C, 0x07, 0xFF, 0x82, 0xDF, 0xFF, 0xDF, 0x06, 0xFF, 0x83, 0xF7,
    0x9E, 0xEF, 0x5D, 0x02, 0xFF, 0x83, 0xE7, 0x1C, 0x4A, 0x69, 0x7F, 0x00, 0x0D, 0x00, 0x83, 0x42,
    0x28, 0xD6, 0xBA, 0x02, 0xFF, 0x8D, 0xE7, 0x1C, 0x39, 0xC7, 0x08, 0x41, 0x73, 0xAE, 0xAD, 0x55,
    0xA5, 0x34, 0x63, 0x0C, 0x04, 0x00, 0x83, 0x4A, 0x49, 0xEF, 0x7D, 0x06, 0xFF, 0x81, 0x9C, 0xD3,
    0x32, 0x00, 0x9D, 0x08, 0x61, 0x4A, 0x49, 0x8C, 0x51, 0xB5, 0xB6, 0xD6, 0xBA, 0xDE, 0xDB, 0xDE,
    0xDB, 0xD6, 0xBA, 0xB5, 0x96, 0x94, 0x92, 0x63, 0x2C, 0x94, 0xB2, 0xFF, 0xDF, 0xD6, 0xBA, 0x39,
    0xC7, 0x7F, 0x00, 0x0B, 0x00, 0x85, 0x08, 0x41, 0x8C, 0x51, 0xF7, 0xBE, 0x02, 0xFF, 0x93, 0xBD,
    0xF7, 0x18, 0xE3, 0x63, 0x2C, 0xE7, 0x3C, 0xFF, 0xDF, 0xFF, 0xDF, 0xDE, 0xDB, 0x52, 0xAA, 0x10,
    0x82, 0xAD, 0x75, 0x06, 0xFF, 0x83, 0xEF, 0x7D, 0x6B, 0x4D, 0x37, 0x00, 0x8E, 0x20, 0x18, 0xC3,
    0x21, 0x24, 0x29, 0x45, 0x29, 0x45, 0x21, 0x24, 0x10, 0xA2, 0x08, 0x41, 0x02, 0x00, 0x87, 0x8C,
    0x71, 0xFF, 0xDF, 0xD6, 0x9A, 0x31, 0xA6, 0x7F, 0x00, 0x0B, 0x00, 0x83, 0x6B, 0x4D, 0xDE, 0xFB,
    0x02, 0xFF, 0x87, 0xDE, 0xFB, 0x5A, 0xEB, 0x08, 0x61, 0xBD, 0xD7, 0x02, 0xFF, 0x8B, 0xEF, 0x7D,
    0xF7, 0xBE, 0xFF, 0xDF, 0x94, 0xB2, 0x42, 0x28, 0xE7, 0x3C, 0x06, 0xFF, 0x83, 0xBD, 0xF7, 0x21,
    0x04, 0x48, 0x00, 0x87, 0x8C, 0x51, 0xFF, 0xDF, 0xD6, 0x9A, 0x31, 0xA6, 0x7F, 0x00, 0x09, 0x00,
    0x83, 0x52, 0xAA, 0xD6, 0xBA, 0x04, 0xFF, 0x87, 0xB5, 0x96, 0x08, 0x41, 0x42, 0x28, 0xEF, 0x5D,
    0x02, 0xFF, 0x89, 0xAD, 0x75, 0xDE, 0xDB, 0xFF, 0xDF, 0xA5, 0x34, 0x94, 0xB2, 0x06, 0xFF, 0x83,
    0xDE, 0xFB, 0x5A, 0xCB, 0x4A, 0x00, 0x87, 0x84, 0x30, 0xFF, 0xDF, 0xD6, 0xBA, 0x39, 0xC7, 0x7F,
    0x00, 0x07, 0x00, 0x83, 0x39, 0xC7, 0xC6, 0x38, 0x05, 0xFF, 0x86, 0xDF, 0x8C, 0x71, 0x08, 0x41,
    0x84, 0x10, 0x02, 0xFF, 0x8B, 0xEF, 0x5D, 0x94, 0xB2, 0xEF, 0x7D, 0xF7, 0xBE, 0x94, 0xB2, 0xCE,
    0x79, 0x04, 0xFF, 0x85, 0xF7, 0x9E, 0x7B, 0xCF, 0x08, 0x61, 0x4A, 0x00, 0x87, 0x8C, 0x51, 0xFF,
    0xDF, 0xD6, 0x9A, 0x31, 0xA6, 0x7F, 0x00, 0x05, 0x00, 0x85, 0x18, 0xE3, 0xB5, 0xB6, 0xFF, 0xDF,
    0x04, 0xFF, 0x87, 0xF7, 0x9E, 0x6B, 0x6D, 0x18, 0xE3, 0xB5, 0xB6, 0x02, 0xFF, 0x83, 0xE7, 0x3C,
    0xE7, 0x3C, 0x02, 0xFF, 0x85, 0xDE, 0xDB, 0x73, 0x8E, 0xEF, 0x5D, 0x04, 0xFF, 0x87, 0xAD, 0x75,
    0x7B, 0xCF, 0x8C, 0x71, 0x42, 0x08, 0x06, 0x00, 0x87, 0x08, 0x41, 0x4A, 0x49, 0x63, 0x0C, 0x29,
    0x65, 0x3A, 0x00, 0x87, 0x94, 0xB2, 0xFF, 0xDF, 0xD6, 0x9A, 0x31, 0x86, 0x7F, 0x00, 0x03, 0x00,
    0x93, 0x29, 0x45, 0xAD, 0x55, 0xFF, 0xDF, 0xFF, 0xDF, 0xCE, 0x79, 0xF7, 0x9E, 0xEF, 0x7D, 0x63,
    0x0C, 0x42, 0x08, 0xDE, 0xFB, 0x06, 0xFF, 0x85, 0xE7, 0x3C, 0x73, 0xAE, 0x8C, 0x51, 0x04, 0xFF,
    0x85, 0xE7, 0x3C, 0xC6, 0x38, 0xFF, 0xDF, 0x02, 0xFF, 0x83, 0xCE, 0x59, 0x10, 0x82, 0x02, 0x00,
    0x99, 0x31, 0x86, 0xAD, 0x75, 0xEF, 0x7D, 0xFF, 0xDF, 0xD6, 0xBA, 0x73, 0x8E, 0x08, 0x41, 0x42,
    0x28, 0x84, 0x30, 0x42, 0x08, 0x00, 0x20, 0x10, 0xA2, 0x08, 0x61, 0x29, 0x00, 0x82, 0x20, 0xC6,
    0x18, 0x02, 0xFF, 0x83, 0xC6, 0x18, 0x21, 0x24, 0x7F, 0x00, 0x96, 0x00, 0x29, 0x65, 0xAD, 0x75,
    0xFF, 0xDF, 0xFF, 0xDF, 0xA5, 0x34, 0x8C, 0x51, 0xF7, 0x9E, 0xEF, 0x7D, 0x63, 0x2C, 0x8C, 0x71,
    0xFF, 0xDF, 0x04, 0xFF, 0x87, 0xE7, 0x3C, 0x84, 0x10, 0x21, 0x24, 0xBD, 0xD7, 0x04, 0xFF, 0x81,
    0xEF, 0x7D, 0x06, 0xFF, 0x89, 0xE7, 0x3C, 0x31, 0x86, 0x31, 0x86, 0xC6, 0x18, 0xFF, 0xDF, 0x03,
    0xFF, 0x80, 0xDF, 0x02, 0xFF, 0x91, 0xD6, 0xBA, 0x4A, 0x49, 0xC6, 0x38, 0xFF, 0xDF, 0xC6, 0x38,
    0x94, 0xB2, 0xC6, 0x18, 0xB5, 0x96, 0x5A, 0xCB, 0x06, 0x00, 0x87, 0x21, 0x04, 0x4A, 0x69, 0x4A,
    0x69, 0x21, 0x24, 0x18, 0x00, 0x83, 0x31, 0xA6, 0xDE, 0xFB, 0x02, 0xFF, 0x83, 0x9C, 0xF3, 0x08,
    0x41, 0x7E, 0x00, 0x95, 0x29, 0x65, 0xAD, 0x55, 0xF7, 0xBE, 0xFF, 0xDF, 0xB5, 0x96, 0x31, 0x86,
    0x8C, 0x51, 0xF7, 0xBE, 0xFF, 0xDF, 0xD6, 0xBA, 0xF7, 0x9E, 0x03, 0xFF, 0x8A, 0xDF, 0xCE, 0x79,
    0x6B, 0x6D, 0x10, 0xA2, 0x6B, 0x4D, 0xEF, 0x5D, 0x07, 0xFF, 0x82, 0xDF, 0xE7, 0x1C, 0x02, 0xFF,
    0x8D, 0xE7, 0x3C, 0x31, 0x86, 0x94, 0xB2, 0xFF, 0xDF, 0xFF, 0xDF, 0xB5, 0x96, 0xDE, 0xFB, 0x02,
    0xFF, 0x85, 0xDE, 0xFB, 0x84, 0x10, 0xEF, 0x7D, 0x03, 0xFF, 0x82, 0xDF, 0xFF, 0xDF, 0x04, 0xFF,
    0x91, 0xC6, 0x38, 0x29, 0x65, 0x21, 0x24, 0x7B, 0xCF, 0xC6, 0x38, 0xF7, 0x9E, 0xEF, 0x7D, 0xC6,
    0x38, 0x63, 0x0C, 0x16, 0x00, 0x87, 0x84, 0x30, 0xFF, 0xDF, 0xEF, 0x7D, 0x73, 0x8E, 0x7E, 0x00,
    0x91, 0x31, 0x86, 0xAD, 0x75, 0xF7, 0xBE, 0xFF, 0xDF, 0xC6, 0x18, 0x31, 0xA6, 0x42, 0x08, 0xB5,
    0x96, 0xFF, 0xDF, 0x08, 0xFF, 0x89, 0xCE, 0x59, 0x42, 0x28, 0x00, 0x20, 0x31, 0x86, 0xC6, 0x38,
    0x08, 0xFF, 0x83, 0xCE, 0x59, 0xB5, 0xB6, 0x02, 0xFF, 0x85, 0xE7, 0x3C, 0x31, 0xA6, 0xCE, 0x79,
    0x02, 0xFF, 0x8B, 0xD6, 0x9A, 0xB5, 0x96, 0xF7, 0xBE, 0xFF, 0xDF, 0xAD, 0x55, 0xAD, 0x55, 0x06,
    0xFF, 0x8D, 0xF7, 0x9E, 0xD6, 0xBA, 0xFF, 0xDF, 0xEF, 0x7D, 0x6B, 0x4D, 0xAD, 0x75, 0xEF, 0x7D,
    0x08, 0xFF, 0x83, 0xD6, 0x9A, 0x63, 0x2C, 0x12, 0x00, 0x83, 0x21, 0x24, 0xCE, 0x79, 0x02, 0xFF,
    0x83, 0xC6, 0x38, 0x29, 0x65, 0x7C, 0x00, 0x91, 0x29, 0x65, 0xAD, 0x55, 0xF7, 0xBE, 0xFF, 0xDF,
    0xC6, 0x38, 0x42, 0x28, 0x7B, 0xEF, 0xD6, 0xBA, 0xFF, 0xDF, 0x03, 0xFF, 0x84, 0xDF, 0xE7, 0x1C,
    0xF7, 0xBE, 0x02, 0xFF, 0x89, 0x84, 0x10, 0x00, 0x20, 0x00, 0x20, 0x84, 0x10, 0xF7, 0x9E, 0x06,
    0xFF, 0x85, 0xE7, 0x3C, 0x5A, 0xEB, 0xC6, 0x18, 0x02, 0xFF, 0x85, 0xCE, 0x79, 0x5A, 0xCB, 0xEF,
    0x7D, 0x02, 0xFF, 0x8B, 0xE7, 0x3C, 0xF7, 0xBE, 0xFF, 0xDF, 0xC6, 0x38, 0x5A, 0xCB, 0xCE, 0x79,
    0x05, 0xFF, 0x8C, 0xDF, 0xA5, 0x34, 0x84, 0x10, 0xF7, 0x9E, 0xF7, 0xBE, 0xCE, 0x59, 0xFF, 0xDF,
    0x02, 0xFF, 0x87, 0xEF, 0x7D, 0xB5, 0x96, 0xC6, 0x38, 0xFF, 0xDF, 0x02, 0xFF, 0x83, 0xD6, 0xBA,
    0x08, 0x41, 0x0E, 0x00, 0x8B, 0x10, 0x82, 0x8C, 0x51, 0xF7, 0xBE, 0xF7, 0xBE, 0x7B, 0xEF, 0x00,
    0x20, 0x7A, 0x00, 0x8F, 0x29, 0x65, 0xB5, 0x96, 0xFF, 0xDF, 0xFF, 0xDF, 0xC6, 0x38, 0x5A, 0xCB,
    0xAD, 0x75, 0xF7, 0x9E, 0x06, 0xFF, 0x89, 0xE7, 0x3C, 0x9C, 0xD3, 0xF7, 0xBE, 0xFF, 0xDF, 0x63,
    0x0C, 0x02, 0x00, 0x83, 0x39, 0xC7, 0xCE, 0x79, 0x07, 0xFF, 0x86, 0xDF, 0x9C, 0xD3, 0x18, 0xE3,
    0xD6, 0x9A, 0x02, 0xFF, 0x85, 0xAD, 0x55, 0x63, 0x0C, 0xFF, 0xDF, 0x06, 0xFF, 0x87, 0xC6, 0x38,
    0x4A, 0x69, 0x94, 0x92, 0xF7, 0x9E, 0x04, 0xFF, 0x87, 0xCE, 0x59, 0x39, 0xC7, 0xA5, 0x14, 0xFF,
    0xDF, 0x07, 0xFF, 0x88, 0xDF, 0xA5, 0x14, 0x10, 0xA2, 0x6B, 0x6D, 0xF7, 0x9E, 0x02, 0xFF, 0x83,
    0xDE, 0xFB, 0x08, 0x41, 0x0C, 0x00, 0x85, 0x10, 0xA2, 0x7B, 0xCF, 0xE7, 0x3C, 0x02, 0xFF, 0x83,
    0xC6, 0x18, 0x31, 0x86, 0x7A, 0x00, 0x8F, 0x29, 0x45, 0xB5, 0x96, 0xFF, 0xDF, 0xFF, 0xDF, 0xC6,
    0x18, 0x42, 0x08, 0x9C, 0xD3, 0xFF, 0xDF, 0x02, 0xFF, 0x89, 0xD6, 0xBA, 0xBD, 0xF7, 0xFF, 0xDF,
    0xE7, 0x1C, 0xA5, 0x14, 0x02, 0xFF, 0x82, 0xEF, 0x5D, 0x42, 0x02, 0x08, 0x84, 0x61, 0x9C, 0xF3,
    0xFF, 0xDF, 0x06, 0xFF, 0x87, 0xE7, 0x3C, 0x31, 0xA6, 0x31, 0xA6, 0xEF, 0x5D, 0x02, 0xFF, 0x85,
    0x9C, 0xD3, 0x63, 0x2C, 0xFF, 0xDF, 0x04, 0xFF, 0x87, 0xC6, 0x18, 0x42, 0x28, 0x84, 0x10, 0xEF,
    0x5D, 0x04, 0xFF, 0x87, 0xF7, 0xBE, 0x63, 0x0C, 0x18, 0xC3, 0xC6, 0x18, 0x08, 0xFF, 0x8D, 0xF7,
    0x9E, 0x5A, 0xCB, 0x08, 0x61, 0xA5, 0x14, 0xFF, 0xDF, 0xFF, 0xDF, 0xA5, 0x14, 0x0C, 0x00, 0x85,
    0x18, 0xC3, 0x84, 0x10, 0xEF, 0x5D, 0x02, 0xFF, 0x83, 0xE7, 0x1C, 0x52, 0xAA, 0x70, 0x00, 0x81,
    0x08, 0x41, 0x08, 0x00, 0x8F, 0x29, 0x45, 0xBD, 0xD7, 0xFF, 0xDF, 0xFF, 0xDF, 0xBD, 0xD7, 0x31,
    0xA6, 0x29, 0x45, 0xC6, 0x38, 0x02, 0xFF, 0x8B, 0xDE, 0xFB, 0x42, 0x08, 0x8C, 0x51, 0xF7, 0xBE,
    0xEF, 0x5D, 0xAD, 0x75, 0x02, 0xFF, 0x87, 0xDE, 0xDB, 0x21, 0x04, 0x63, 0x0C, 0xEF, 0x5D, 0x08,
    0xFF, 0x81, 0xB5, 0xB6, 0x02, 0x00, 0x89, 0x42, 0x28, 0xF7, 0x9E, 0xF7, 0xBE, 0x94, 0x92, 0xC6,
    0x38, 0x04, 0xFF, 0x87, 0xEF, 0x5D, 0x63, 0x2C, 0xA5, 0x14, 0xEF, 0x7D, 0x06, 0xFF, 0x87, 0xBD,
    0xD7, 0x08, 0x61, 0x39, 0xE7, 0xDE, 0xFB, 0x05, 0xFF, 0x80, 0xDF, 0x02, 0xFF, 0x87, 0xF7, 0x9E,
    0x73, 0x8E, 0x73, 0xAE, 0xE7, 0x1C, 0x02, 0xFF, 0x83, 0xDE, 0xFB, 0x42, 0x08, 0x08, 0x00, 0x87,
    0x08, 0x41, 0x42, 0x08, 0xAD, 0x55, 0xEF, 0x7D, 0x02, 0xFF, 0x85, 0xEF, 0x5D, 0x6B, 0x6D, 0x00,
    0x20, 0x6C, 0x00, 0x89, 0x29, 0x65, 0xA5, 0x34, 0xC6, 0x18, 0xAD, 0x75, 0x42, 0x28, 0x02, 0x00,
    0x83, 0x4A, 0x49, 0xD6, 0xBA, 0x03, 0xFF, 0x84, 0xDF, 0xAD, 0x55, 0x29, 0x45, 0x02, 0x00, 0x83,
    0x10, 0xA2, 0xAD, 0x75, 0x02, 0xFF, 0x8B, 0xF7, 0x9E, 0x8C, 0x71, 0x8C, 0x51, 0xF7, 0xBE, 0xEF,
    0x7D, 0xB5, 0x96, 0x02, 0xFF, 0x85, 0xDE, 0xDB, 0x39, 0xC7, 0xC6, 0x38, 0x03, 0xFF, 0x80, 0xDF,
    0x04, 0xFF, 0x83, 0xF7, 0xBE, 0x84, 0x10, 0x02, 0x00, 0x87, 0x4A, 0x69, 0xF7, 0x9E, 0xFF, 0xDF,
    0xEF, 0x5D, 0x03, 0xFF, 0x80, 0xDF, 0x04, 0xFF, 0x81, 0xF7, 0xBE, 0x05, 0xFF, 0x80, 0xDF, 0x02,
    0xFF, 0x83, 0xEF, 0x7D, 0x63, 0x0C, 0x02, 0x00, 0x83, 0x42, 0x28, 0xE7, 0x1C, 0x02, 0xFF, 0x85,
    0xF7, 0x9E, 0xAD, 0x55, 0xDE, 0xFB, 0x02, 0xFF, 0x83, 0xF7, 0xBE, 0xFF, 0xDF, 0x04, 0xFF, 0x8F,
    0xEF, 0x7D, 0xAD, 0x75, 0x63, 0x0C, 0x52, 0x8A, 0x63, 0x2C, 0xA5, 0x14, 0xC6, 0x18, 0xEF, 0x7D,
    0x04, 0xFF, 0x83, 0xD6, 0xBA, 0x63, 0x0C, 0x70, 0x00, 0x83, 0xA5, 0x34, 0xFF, 0xDF, 0x02, 0xFF,
    0x87, 0xF7, 0xBE, 0x94, 0x92, 0x84, 0x10, 0xE7, 0x1C, 0x03, 0xFF, 0x84, 0xDF, 0xA5, 0x34, 0x29,
    0x45, 0x06, 0x00, 0x83, 0x52, 0xAA, 0xD6, 0xBA, 0x02, 0xFF, 0x97, 0xF7, 0xBE, 0xDE, 0xFB, 0xFF,
    0xDF, 0xEF, 0x7D, 0xA5, 0x34, 0xFF, 0xDF, 0xF7, 0xBE, 0xCE, 0x79, 0xFF, 0xDF, 0xF7, 0xBE, 0xC6,
    0x38, 0xF7, 0x9E, 0x02, 0xFF, 0x83, 0xDE, 0xFB, 0x21, 0x24, 0x02, 0x00, 0x83, 0x4A, 0x49, 0xF7,
    0x9E, 0x04, 0xFF, 0x95, 0xF7, 0x9E, 0x9C, 0xF3, 0xAD, 0x75, 0xEF, 0x5D, 0xF7, 0x9E, 0xE7, 0x3C,
    0xB5, 0x96, 0x9C, 0xD3, 0xCE, 0x59, 0x9C, 0xF3, 0x10, 0xA2, 0x02, 0x00, 0x95, 0x29, 0x65, 0xC6,
    0x18, 0xEF, 0x5D, 0xA5, 0x14, 0x29, 0x45, 0x84, 0x10, 0xE7, 0x1C, 0xF7, 0xBE, 0xF7, 0x9E, 0xD6,
    0xBA, 0xEF, 0x7D, 0x05, 0xFF, 0x84, 0xDF, 0xFF, 0xDF, 0xFF, 0xDF, 0x05, 0xFF, 0x86, 0xDF, 0xEF,
    0x5D, 0xAD, 0x75, 0x42, 0x08, 0x72, 0x00, 0x81, 0xAD, 0x55, 0x06, 0xFF, 0x83, 0xEF, 0x5D, 0xF7,
    0xBE, 0x02, 0xFF, 0x85, 0xEF, 0x7D, 0x9C, 0xD3, 0x18, 0xE3, 0x09, 0x00, 0x84, 0x20, 0x52, 0x8A,
    0xD6, 0xBA, 0x06, 0xFF, 0x85, 0xEF, 0x7D, 0x7B, 0xCF, 0xE7, 0x1C, 0x05, 0xFF, 0x8A, 0xDF, 0xB5,
    0xB6, 0x63, 0x2C, 0xE7, 0x3C, 0xFF, 0xDF, 0xA5, 0x34, 0x04, 0x00, 0x9B, 0x21, 0x04, 0xCE, 0x59,
    0xFF, 0xDF, 0xEF, 0x7D, 0x94, 0x92, 0x18, 0xC3, 0x18, 0xE3, 0x5A, 0xCB, 0x63, 0x2C, 0x52, 0x8A,
    0x21, 0x04, 0x08, 0x61, 0x31, 0x86, 0x18, 0xE3, 0x06, 0x00, 0x85, 0x39, 0xE7, 0x52, 0xAA, 0x21,
    0x24, 0x02, 0x00, 0x9F, 0x10, 0x82, 0x4A, 0x69, 0x63, 0x2C, 0x63, 0x0C, 0x42, 0x08, 0x6B, 0x6D,
    0xBD, 0xF7, 0xEF, 0x5D, 0xF7, 0xBE, 0xF7, 0xBE, 0xF7, 0xBE, 0xEF, 0x7D, 0xCE, 0x79, 0xA5, 0x34,
    0x5A, 0xCB, 0x18, 0xC3, 0x74, 0x00, 0x91, 0x52, 0x8A, 0xD6, 0xBA, 0xFF, 0xDF, 0xFF, 0xDF, 0xFF,
    0xDF, 0xF7, 0x9E, 0xD6, 0x9A, 0x7B, 0xEF, 0x00, 0x20, 0x0E, 0x00, 0x9D, 0x52, 0x8A, 0xBD, 0xD7,
    0xEF, 0x7D, 0xF7, 0xBE, 0xC6, 0x38, 0x39, 0xE7, 0x8C, 0x51, 0xE7, 0x1C, 0xE7, 0x1C, 0xB5, 0x96,
    0x42, 0x28, 0x21, 0x04, 0xA5, 0x14, 0xB5, 0xB6, 0x42, 0x28, 0x06, 0x00, 0x87, 0x4A, 0x69, 0x84,
    0x10, 0x63, 0x2C, 0x08, 0x61, 0x2C, 0x00, 0x8D, 0x18, 0xE3, 0x5A, 0xEB, 0x6B, 0x4D, 0x6B, 0x4D,
    0x6B, 0x4D, 0x63, 0x0C, 0x29, 0x65, 0x7C, 0x00, 0x8B, 0x42, 0x28, 0x84, 0x30, 0x9C, 0xD3, 0x94,
    0x92, 0x7B, 0xCF, 0x39, 0xC7, 0x14, 0x00, 0x91, 0x21, 0x04, 0x6B, 0x4D, 0x84, 0x10, 0x4A, 0x69,
    0x00, 0x20, 0x10, 0x82, 0x4A, 0x69, 0x52, 0x8A, 0x18, 0xE3, 0x04, 0x00, 0x83, 0x08, 0x41, 0x10,
    0x82, 0x7F, 0x00, 0x7F, 0x00, 0x7F, 0x00, 0x7F, 0x00, 0x7F, 0x00, 0x7F, 0x00, 0x7F, 0x00, 0x7F,
    0x00, 0x7F, 0x00, 0x7F, 0x00, 0x7F, 0x00, 0x7F, 0x00, 0x7F, 0x00, 0x7F, 0x00, 0x7F, 0x00, 0x7F,
    0x00, 0x7F, 0x00, 0x7F, 0x00, 0x7F, 0x00, 0x7F, 0x00, 0x7F, 0x00, 0x7F, 0x00, 0x7F, 0x00, 0x5B,
    0x00, 0x02, 0xFD, 0x06, 0x00, 0x00, 0x08, 0x00, 0x01, 0xFF, 0x64, 0x00, 0x05, 0xFA, 0x65, 0x10,
    0x00, 0x7F, 0x00, 0x7F, 0x00, 0x7F, 0x00, 0x7F, 0x00, 0x7F, 0x00, 0x7F, 0x00, 0x7F, 0x00, 0x7F,
    0x00, 0x7F, 0x00, 0x7F, 0x00, 0x7F, 0x00, 0x7F, 0x00, 0x7F, 0x00, 0x7F, 0x00, 0x7F, 0x00, 0x7F,
    0x00, 0x7F, 0x00, 0x7F, 0x00, 0x7F, 0x00, 0x7F, 0x00, 0x7F, 0x00, 0x7F, 0x00, 0x7F, 0x00, 0x7F,
    0x00, 0x7F, 0x00, 0x7F, 0x00, 0x7F, 0x00, 0x7F, 0x00, 0x7F, 0x00, 0x7F, 0x00, 0x7F, 0x00, 0x7F,
    0x00, 0x7F, 0x00, 0x7F, 0x00, 0x7F, 0x00, 0x7F, 0x00, 0x7F, 0x00, 0x7F, 0x00, 0x7F, 0x00, 0x7F,
    0x00, 0x7F, 0x00, 0x7F, 0x00, 0x7F, 0x00, 0x7F, 0x00, 0x7F, 0x00, 0x7F, 0x00, 0x7F, 0x00, 0x7F,
    0x00, 0x7F, 0x00, 0x7F, 0x00, 0x7F, 0x00, 0x7F, 0x00, 0x7F, 0x00, 0x7F, 0x00, 0x7F, 0x00, 0x7F,
    0x00, 0x7F, 0x00, 0x7F, 0x00, 0x7F, 0x00, 0x7F, 0x00, 0x7F, 0x00, 0x7F, 0x00, 0x7F, 0x00, 0x7F,
    0x00, 0x7F, 0x00, 0x7F, 0x00, 0x7F, 0x00, 0x7F, 0x00, 0x7F, 0x00, 0x29, 0x00, 0x89, 0x18, 0xC3,
    0x73, 0x8E, 0x8C, 0x71, 0x6B, 0x6D, 0x10, 0xA2, 0x7F, 0x00, 0x75, 0x00, 0x82, 0x31, 0xA6, 0xBD,
    0x02, 0xF7, 0x88, 0xBE, 0xFF, 0xDF, 0xF7, 0x9E, 0xCE, 0x79, 0x63, 0x0C, 0x7F, 0x00, 0x73, 0x00,
    0x89, 0x8C, 0x51, 0xF7, 0xBE, 0xFF, 0xDF, 0xEF, 0x7D, 0xFF, 0xDF, 0x02, 0xFF, 0x83, 0xE7, 0x1C,
    0x63, 0x0C, 0x7F, 0x00, 0x6F, 0x00, 0x83, 0x08, 0x41, 0xBD, 0xF7, 0x02, 0xFF, 0x87, 0xCE, 0x79,
    0x63, 0x0C, 0x9C, 0xF3, 0xEF, 0x5D, 0x02, 0xFF, 0x83, 0xC6, 0x18, 0x21, 0x04, 0x7F, 0x00, 0x6D,
    0x00, 0x83, 0x08, 0x41, 0xB5, 0xB6, 0x02, 0xFF, 0x87, 0xCE, 0x59, 0x31, 0xA6, 0x18, 0xC3, 0xAD,
    0x55, 0x02, 0xFF, 0x83, 0xE7, 0x1C, 0x31, 0xA6, 0x7F, 0x00, 0x6F, 0x00, 0x8B, 0x7B, 0xEF, 0xF7,
    0x9E, 0xF7, 0xBE, 0xB5, 0x96, 0x84, 0x10, 0xEF, 0x7D, 0x02, 0xFF, 0x83, 0xBD, 0xF7, 0x21, 0x04,
    0x7F, 0x00, 0x6F, 0x00, 0x85, 0x29, 0x45, 0xBD, 0xD7, 0xFF, 0xDF, 0x03, 0xFF, 0x80, 0xDF, 0x02,
    0xFF, 0x8B, 0xEF, 0x7D, 0x8C, 0x51, 0x8C, 0x71, 0xA5, 0x34, 0x94, 0xB2, 0x4A, 0x69, 0x7F, 0x00,
    0x6B, 0x00, 0x85, 0x31, 0x86, 0xB5, 0x96, 0xFF, 0xDF, 0x06, 0xFF, 0x83, 0xF7, 0x9E, 0xFF, 0xDF,
    0x03, 0xFF, 0x84, 0xDF, 0xDE, 0xFB, 0x63, 0x2C, 0x7F, 0x00, 0x69, 0x00, 0x93, 0x10, 0xA2, 0xA5,
    0x14, 0xFF, 0xDF, 0xF7, 0x9E, 0xDE, 0xFB, 0xE7, 0x3C, 0xE7, 0x3C, 0xE7, 0x1C, 0xD6, 0x9A, 0xEF,
    0x5D, 0x02, 0xFF, 0x85, 0xDE, 0xDB, 0x63, 0x2C, 0x00, 0x20, 0x7F, 0x00, 0x65, 0x00, 0x95, 0x63,
    0x2C, 0xE7, 0x3C, 0xFF, 0xDF, 0xB5, 0xB6, 0x42, 0x28, 0x4A, 0x69, 0x4A, 0x69, 0x42, 0x28, 0x31,
    0x86, 0x7B, 0xCF, 0xE7, 0x3C, 0x02, 0xFF, 0x87, 0xE7, 0x1C, 0xAD, 0x55, 0x63, 0x2C, 0x21, 0x24,
    0x7F, 0x00, 0x5F, 0x00, 0x83, 0x21, 0x04, 0xBD, 0xF7, 0x02, 0xFF, 0x83, 0xDE, 0xFB, 0x52, 0xAA,
    0x0A, 0x00, 0x97, 0x08, 0x61, 0x84, 0x10, 0xE7, 0x1C, 0xFF, 0xDF, 0xFF, 0xDF, 0xEF, 0x7D, 0xC6,
    0x18, 0x9C, 0xF3, 0x6B, 0x4D, 0x4A, 0x69, 0x29, 0x65, 0x08, 0x41, 0x7F, 0x00, 0x55, 0x00, 0x89,
    0x6B, 0x6D, 0xEF, 0x7D, 0xF7, 0xBE, 0x94, 0x92, 0x08, 0x41, 0x0C, 0x00, 0x89, 0x08, 0x61, 0x52,
    0xAA, 0xAD, 0x55, 0xE7, 0x3C, 0xFF, 0xDF, 0x03, 0xFF, 0x8E, 0xDF, 0xEF, 0x7D, 0xDE, 0xFB, 0xC6,
    0x18, 0x9C, 0xF3, 0x73, 0x8E, 0x39, 0xC7, 0x08, 0x41, 0x7F, 0x00, 0x4D, 0x00, 0x83, 0x18, 0xC3,
    0xBD, 0xD7, 0x02, 0xFF, 0x83, 0xCE, 0x79, 0x42, 0x08, 0x12, 0x00, 0x8D, 0x08, 0x61, 0x31, 0xA6,
    0x8C, 0x71, 0xBD, 0xF7, 0xE7, 0x1C, 0xEF, 0x7D, 0xFF, 0xDF, 0x03, 0xFF, 0x8A, 0xDF, 0xF7, 0x9E,
    0xD6, 0x9A, 0x94, 0x92, 0x4A, 0x49, 0x18, 0xC3, 0x7F, 0x00, 0x49, 0x00, 0x89, 0x5A, 0xEB, 0xEF,
    0x7D, 0xF7, 0xBE, 0x8C, 0x71, 0x08, 0x41, 0x18, 0x00, 0x8D, 0x08, 0x61, 0x31, 0x86, 0x52, 0xAA,
    0x84, 0x30, 0xB5, 0xB6, 0xDE, 0xDB, 0xFF, 0xDF, 0x04, 0xFF, 0x87, 0xE7, 0x1C, 0xA5, 0x34, 0x5A,
    0xCB, 0x08, 0x61, 0x7F, 0x00, 0x45, 0x00, 0x87, 0x8C, 0x71, 0xFF, 0xDF, 0xE7, 0x1C, 0x42, 0x28,
    0x22, 0x00, 0x89, 0x08, 0x41, 0x21, 0x24, 0x5A, 0xCB, 0xBD, 0xD7, 0xE7, 0x3C, 0x04, 0xFF, 0x87,
    0xEF, 0x7D, 0xB5, 0xB6, 0x52, 0x8A, 0x08, 0x41, 0x7F, 0x00, 0x41, 0x00, 0x89, 0x7B, 0xCF, 0xF7,
    0xBE, 0xF7, 0x9E, 0x7B, 0xEF, 0x00, 0x20, 0x26, 0x00, 0x89, 0x18, 0xC3, 0x4A, 0x69, 0x94, 0xB2,
    0xD6, 0xBA, 0xFF, 0xDF, 0x02, 0xFF, 0x87, 0xE7, 0x3C, 0xAD, 0x55, 0x5A, 0xEB, 0x21, 0x24, 0x7F,
    0x00, 0x3D, 0x00, 0x83, 0x31, 0x86, 0xD6, 0x9A, 0x02, 0xFF, 0x83, 0xBD, 0xD7, 0x21, 0x24, 0x2A,
    0x00, 0x95, 0x10, 0x82, 0x42, 0x28, 0x94, 0x92, 0xDE, 0xFB, 0xFF, 0xDF, 0xFF, 0xDF, 0xEF, 0x5D,
    0xC6, 0x38, 0x8C, 0x51, 0x42, 0x28, 0x10, 0xA2, 0x7F, 0x00, 0x37, 0x00, 0x83, 0x21, 0x04, 0xC6,
    0x38, 0x02, 0xFF, 0x83, 0xBD, 0xD7, 0x21, 0x04, 0x2E, 0x00, 0x89, 0x10, 0x82, 0x52, 0x8A, 0x9C,
    0xF3, 0xD6, 0x9A, 0xF7, 0xBE, 0x02, 0xFF, 0x8F, 0xF7, 0xBE, 0xDE, 0xFB, 0xB5, 0xB6, 0x8C, 0x51,
    0x63, 0x2C, 0x39, 0xC7, 0x21, 0x04, 0x00, 0x20, 0x0A, 0x00, 0x89, 0x21, 0x04, 0x4A, 0x49, 0x5A,
    0xEB, 0x39, 0xE7, 0x08, 0x61, 0x7F, 0x00, 0x19, 0x00, 0x8F, 0x4A, 0x49, 0xEF, 0x5D, 0xFF, 0xDF,
    0x94, 0xB2, 0x08, 0x41, 0x18, 0xE3, 0x29, 0x45, 0x08, 0x61, 0x2C, 0x00, 0x8B, 0x10, 0x82, 0x42,
    0x08, 0x84, 0x30, 0xC6, 0x18, 0xEF, 0x7D, 0xFF, 0xDF, 0x02, 0xFF, 0x8D, 0xF7, 0xBE, 0xEF, 0x5D,
    0xD6, 0xBA, 0xBD, 0xF7, 0x94, 0xB2, 0x63, 0x2C, 0x21, 0x24, 0x02, 0x00, 0x8F, 0x18, 0xE3, 0x73,
    0xAE, 0xBD, 0xF7, 0xDE, 0xFB, 0xEF, 0x5D, 0xD6, 0x9A, 0x8C, 0x71, 0x21, 0x04, 0x7F, 0x00, 0x17,
    0x00, 0x83, 0x31, 0xA6, 0xDE, 0xFB, 0x02, 0xFF, 0x8B, 0xC6, 0x18, 0x7B, 0xCF, 0xB5, 0xB6, 0xD6,
    0x9A, 0x94, 0xB2, 0x42, 0x08, 0x30, 0x00, 0x8D, 0x21, 0x24, 0x63, 0x2C, 0x9C, 0xF3, 0xC6, 0x18,
    0xDE, 0xFB, 0xEF, 0x7D, 0xFF, 0xDF, 0x04, 0xFF, 0x89, 0xEF, 0x5D, 0xBD, 0xF7, 0x73, 0x8E, 0xA5,
    0x34, 0xEF, 0x7D, 0x03, 0xFF, 0x82, 0xDF, 0xF7, 0x9E, 0x02, 0xFF, 0x85, 0xF7, 0x9E, 0x8C, 0x51,
    0x08, 0x41, 0x7F, 0x00, 0x16, 0x00, 0x84, 0x20, 0x9C, 0xD3, 0xF7, 0xBE, 0x02, 0xFF, 0x81, 0xF7,
    0xBE, 0x06, 0xFF, 0x83, 0xC6, 0x38, 0x31, 0xA6, 0x34, 0x00, 0x8D, 0x18, 0xC3, 0x42, 0x28, 0x6B,
    0x6D, 0x8C, 0x71, 0xC6, 0x18, 0xE7, 0x1C, 0xFF, 0xDF, 0x02, 0xFF, 0x81, 0xF7, 0xBE, 0x03, 0xFF,
    0x88, 0xDF, 0xD6, 0xBA, 0x8C, 0x51, 0x7B, 0xCF, 0xD6, 0x9A, 0x02, 0xFF, 0x83, 0xDE, 0xFB, 0x42,
    0x08, 0x7F, 0x00, 0x17, 0x00, 0x91, 0x21, 0x04, 0x9C, 0xD3, 0xE7, 0x1C, 0xF7, 0x9E, 0xEF, 0x5D,
    0xD6, 0xBA, 0xFF, 0xDF, 0xFF, 0xDF, 0x8C, 0x71, 0x3D, 0x00, 0x8E, 0x20, 0x42, 0x08, 0x94, 0xB2,
    0xDE, 0xDB, 0xEF, 0x7D, 0xE7, 0x1C, 0xAD, 0x55, 0x31, 0x86, 0x04, 0x00, 0x87, 0x6B, 0x4D, 0xEF,
    0x5D, 0xFF, 0xDF, 0x94, 0x92, 0x7F, 0x00, 0x1A, 0x00, 0x8A, 0x20, 0x39, 0xE7, 0x5A, 0xEB, 0x4A,
    0x69, 0x8C, 0x51, 0xF7, 0xBE, 0x02, 0xFF, 0x81, 0x9C, 0xD3, 0x42, 0x00, 0x85, 0x29, 0x45, 0x52,
    0x8A, 0x39, 0xC7, 0x08, 0x00, 0x83, 0x10, 0xA2, 0xC6, 0x38, 0x02, 0xFF, 0x83, 0xBD, 0xF7, 0x10,
    0xA2, 0x7F, 0x00, 0x1D, 0x00, 0x83, 0x39, 0xE7, 0xD6, 0xBA, 0x02, 0xFF, 0x83, 0xCE, 0x79, 0x42,
    0x28, 0x52, 0x00, 0x87, 0xA5, 0x14, 0xFF, 0xDF, 0xE7, 0x3C, 0x31, 0xA6, 0x7F, 0x00, 0x1D, 0x00,
    0x87, 0x5A, 0xCB, 0xEF, 0x5D, 0xF7, 0x9E, 0x6B, 0x4D, 0x54, 0x00, 0x87, 0x84, 0x10, 0xF7, 0x9E,
    0xEF, 0x7D, 0x39, 0xE7, 0x7F, 0x00, 0x1D, 0x00, 0x87, 0x6B, 0x6D, 0xF7, 0x9E, 0xEF, 0x7D, 0x4A,
    0x69, 0x54, 0x00, 0x87, 0x8C, 0x51, 0xF7, 0xBE, 0xEF, 0x5D, 0x39, 0xE7, 0x7F, 0x00, 0x1C, 0x00,
    0x82, 0x20, 0x84, 0x30, 0x02, 0xFF, 0x83, 0xE7, 0x1C, 0x31, 0x86, 0x54, 0x00, 0x81, 0xB5, 0x96,
    0x02, 0xFF, 0x83, 0xD6, 0xBA, 0x29, 0x65, 0x7F, 0x00, 0x1B, 0x00, 0x83, 0x18, 0xE3, 0xB5, 0xB6,
    0x02, 0xFF, 0x83, 0xCE, 0x59, 0x00, 0x20, 0x52, 0x00, 0x83, 0x42, 0x08, 0xD6, 0xBA, 0x02, 0xFF,
    0x83, 0xAD, 0x75, 0x08, 0x41, 0x7F, 0x00, 0x1B, 0x00, 0x87, 0x42, 0x28, 0xE7, 0x1C, 0xFF, 0xDF,
    0x94, 0xB2, 0x53, 0x00, 0x88, 0x20, 0x94, 0x92, 0xF7, 0xBE, 0xEF, 0x7D, 0x73, 0x8E, 0x7F, 0x00,
    0x1D, 0x00, 0x87, 0x73, 0x8E, 0xF7, 0x9E, 0xF7, 0xBE, 0x6B, 0x6D, 0x52, 0x00, 0x83, 0x6B, 0x4D,
    0xEF, 0x5D, 0x02, 0xFF, 0x83, 0xBD, 0xF7, 0x21, 0x04, 0x7F, 0x00, 0x1D, 0x00, 0x83, 0x5A, 0xEB,
    0xEF, 0x5D, 0x02, 0xFF, 0x81, 0x9C, 0xD3, 0x50, 0x00, 0x83, 0x73, 0xAE, 0xEF, 0x7D, 0x02, 0xFF,
    0x83, 0xE7, 0x1C, 0x5A, 0xEB, 0x7F, 0x00, 0x1F, 0x00, 0x83, 0x21, 0x24, 0xB5, 0xB6, 0x02, 0xFF,
    0x83, 0xEF, 0x5D, 0x5A, 0xEB, 0x4A, 0x00, 0x85, 0x4A, 0x49, 0xAD, 0x75, 0xF7, 0x9E, 0x02, 0xFF,
    0x85, 0xE7, 0x1C, 0x6B, 0x6D, 0x00, 0x20, 0x7F, 0x00, 0x21, 0x00, 0x83, 0x52, 0xAA, 0xDE, 0xFB,
    0x02, 0xFF, 0x83, 0xA5, 0x34, 0x10, 0x82, 0x42, 0x00, 0x89, 0x10, 0xA2, 0x52, 0x8A, 0xA5, 0x14,
    0xE7, 0x3C, 0xFF, 0xDF, 0x02, 0xFF, 0x85, 0xDE, 0xDB, 0x6B, 0x4D, 0x08, 0x41, 0x7F, 0x00, 0x23,
    0x00, 0x83, 0x10, 0xA2, 0xAD, 0x75, 0x02, 0xFF, 0x83, 0xCE, 0x59, 0x21, 0x24, 0x38, 0x00, 0x8F,
    0x08, 0x61, 0x4A, 0x69, 0x6B, 0x4D, 0x7B, 0xCF, 0xA5, 0x14, 0xC6, 0x38, 0xE7, 0x3C, 0xFF, 0xDF,
    0x02, 0xFF, 0x87, 0xF7, 0x9E, 0xAD, 0x55, 0x52, 0x8A, 0x00, 0x20, 0x7F, 0x00, 0x25, 0x00, 0x83,
    0x08, 0x61, 0x9C, 0xF3, 0x02, 0xFF, 0x83, 0xD6, 0xBA, 0x29, 0x65, 0x34, 0x00, 0x8D, 0x08, 0x61,
    0x63, 0x2C, 0xBD, 0xD7, 0xDE, 0xFB, 0xEF, 0x7D, 0xF7, 0x9E, 0xFF, 0xDF, 0x03, 0xFF, 0x88, 0xDF,
    0xEF, 0x5D, 0xBD, 0xF7, 0x73, 0x8E, 0x08, 0x61, 0x7F, 0x00, 0x29, 0x00, 0x83, 0x10, 0x82, 0xAD,
    0x55, 0x02, 0xFF, 0x83, 0xCE, 0x59, 0x21, 0x24, 0x34, 0x00, 0x83, 0x6B, 0x4D, 0xE7, 0x1C, 0x04,
    0xFF, 0x8D, 0xF7, 0xBE, 0xF7, 0x9E, 0xDE, 0xFB, 0xBD, 0xD7, 0x94, 0x92, 0x52, 0xAA, 0x10, 0x82,
    0x7F, 0x00, 0x2D, 0x00, 0x83, 0x18, 0xC3, 0xB5, 0x96, 0x02, 0xFF, 0x83, 0xB5, 0x96, 0x18, 0xC3,
    0x32, 0x00, 0x83, 0x10, 0xA2, 0xC6, 0x18, 0x02, 0xFF, 0x8B, 0xEF, 0x5D, 0xA5, 0x34, 0x6B, 0x4D,
    0x42, 0x08, 0x29, 0x45, 0x10, 0x82, 0x7F, 0x00, 0x33, 0x00, 0x83, 0x29, 0x45, 0xC6, 0x18, 0x02,
    0xFF, 0x83, 0xA5, 0x14, 0x08, 0x61, 0x32, 0x00, 0x83, 0x21, 0x04, 0xE7, 0x1C, 0x02, 0xFF, 0x81,
    0xAD, 0x75, 0x7F, 0x00, 0x3D, 0x00, 0x89, 0x42, 0x28, 0xDE, 0xFB, 0xFF, 0xDF, 0x84, 0x30, 0x00,
    0x20, 0x32, 0x00, 0x83, 0x10, 0x82, 0xB5, 0xB6, 0x02, 0xFF, 0x83, 0xE7, 0x1C, 0x4A, 0x69, 0x7F,
    0x00, 0x3B, 0x00, 0x87, 0x5A, 0xEB, 0xEF, 0x5D, 0xF7, 0x9E, 0x5A, 0xEB, 0x36, 0x00, 0x83, 0x6B,
    0x4D, 0xEF, 0x5D, 0x02, 0xFF, 0x83, 0xDE, 0xDB, 0x21, 0x24, 0x7F, 0x00, 0x39, 0x00, 0x87, 0x84,
    0x10, 0xFF, 0xDF, 0xE7, 0x3C, 0x39, 0xC7, 0x36, 0x00, 0x89, 0x18, 0xC3, 0x8C, 0x71, 0xEF, 0x5D,
    0xE7, 0x3C, 0x29, 0x65, 0x7F, 0x00, 0x37, 0x00, 0x83, 0x10, 0xA2, 0xA5, 0x34, 0x02, 0xFF, 0x83,
    0xCE, 0x79, 0x08, 0x61, 0x38, 0x00, 0x87, 0x10, 0xA2, 0x63, 0x0C, 0x6B, 0x6D, 0x00, 0x20, 0x7F,
    0x00, 0x37, 0x00, 0x83, 0x39, 0xE7, 0xDE, 0xDB, 0x02, 0xFF, 0x81, 0xA5, 0x34, 0x7F, 0x00, 0x79,
    0x00, 0x87, 0x7B, 0xEF, 0xF7, 0xBE, 0xF7, 0x9E, 0x6B, 0x4D, 0x7F, 0x00, 0x77, 0x00, 0x83, 0x18,
    0xC3, 0xB5, 0x96, 0x02, 0xFF, 0x83, 0xCE, 0x79, 0x21, 0x04, 0x7F, 0x00, 0x77, 0x00, 0x87, 0x42,
    0x08, 0xDE, 0xDB, 0xFF, 0xDF, 0x94, 0xB2, 0x7F, 0x00, 0x79, 0x00, 0x87, 0x6B, 0x6D, 0xEF, 0x7D,
    0xEF, 0x5D, 0x63, 0x0C, 0x7F, 0x00, 0x79, 0x00, 0x8D, 0x7B, 0xEF, 0xF7, 0x9E, 0xDE, 0xFB, 0x42,
    0x28, 0x00, 0x20, 0x08, 0x41, 0x00, 0x20, 0x7F, 0x00, 0x73, 0x00, 0x91, 0x73, 0x8E, 0xEF, 0x7D,
    0xF7, 0x9E, 0xBD, 0xD7, 0xAD, 0x75, 0xAD, 0x75, 0x94, 0xB2, 0x5A, 0xCB, 0x10, 0x82, 0x7F, 0x00,
    0x6F, 0x00, 0x85, 0x39, 0xE7, 0xC6, 0x38, 0xFF, 0xDF, 0x07, 0xFF, 0x84, 0xDF, 0xE7, 0x3C, 0x8C,
    0x51, 0x7F, 0x00, 0x71, 0x00, 0x8B, 0x4A, 0x69, 0xAD, 0x55, 0xC6, 0x18, 0xCE, 0x59, 0xCE, 0x59,
    0xE7, 0x3C, 0x02, 0xFF, 0x83, 0xDE, 0xFB, 0x4A, 0x49, 0x24, 0x00, 0x89, 0x08, 0x41, 0x42, 0x08,
    0x7B, 0xCF, 0x63, 0x2C, 0x18, 0xC3, 0x7F, 0x00, 0x44, 0x00, 0x8E, 0x20, 0x18, 0xC3, 0x21, 0x24,
    0x21, 0x24, 0x6B, 0x6D, 0xF7, 0xBE, 0xF7, 0xBE, 0x7B, 0xEF, 0x22, 0x00, 0x8B, 0x21, 0x04, 0x84,
    0x10, 0xDE, 0xDB, 0xF7, 0xBE, 0xE7, 0x1C, 0x6B, 0x4D, 0x7F, 0x00, 0x4B, 0x00, 0x87, 0x29, 0x45,
    0xE7, 0x1C, 0xFF, 0xDF, 0x9C, 0xF3, 0x20, 0x00, 0x85, 0x21, 0x24, 0x9C, 0xF3, 0xF7, 0xBE, 0x05,
    0xFF, 0x82, 0xDF, 0x94, 0x92, 0x7F, 0x00, 0x4B, 0x00, 0x83, 0x18, 0xC3, 0xC6, 0x38, 0x02, 0xFF,
    0x83, 0xB5, 0x96, 0x00, 0x20, 0x1C, 0x00, 0x85, 0x10, 0x82, 0x94, 0x92, 0xF7, 0xBE, 0x06, 0xFF,
    0x83, 0xEF, 0x7D, 0x6B, 0x6D, 0x7F, 0x00, 0x4B, 0x00, 0x89, 0x08, 0x41, 0xA5, 0x14, 0xFF, 0xDF,
    0xEF, 0x7D, 0x73, 0xAE, 0x1C, 0x00, 0x83, 0x7B, 0xCF, 0xEF, 0x7D, 0x02, 0xFF, 0x83, 0xD6, 0xBA,
    0xD6, 0x9A, 0x02, 0xFF, 0x83, 0xCE, 0x79, 0x39, 0xC7, 0x7F, 0x00, 0x4D, 0x00, 0x83, 0x4A, 0x69,
    0xDE, 0xDB, 0x02, 0xFF, 0x83, 0xEF, 0x5D, 0x5A, 0xCB, 0x18, 0x00, 0x83, 0x39, 0xE7, 0xCE, 0x79,
    0x02, 0xFF, 0x8B, 0xD6, 0xBA, 0x9C, 0xF3, 0xFF, 0xDF, 0xF7, 0xBE, 0x8C, 0x51, 0x00, 0x20, 0x7F,
    0x00, 0x4F, 0x00, 0x83, 0x73, 0x8E, 0xEF, 0x7D, 0x02, 0xFF, 0x81, 0xB5, 0xB6, 0x18, 0x00, 0x89,
    0x8C, 0x51, 0xF7, 0xBE, 0xF7, 0x9E, 0xA5, 0x14, 0xE7, 0x3C, 0x02, 0xFF, 0x83, 0xCE, 0x79, 0x39,
    0xC7, 0x7F, 0x00, 0x51, 0x00, 0x83, 0x08, 0x41, 0xAD, 0x75, 0x02, 0xFF, 0x83, 0xCE, 0x79, 0x00,
    0x20, 0x14, 0x00, 0x83, 0x31, 0xA6, 0xCE, 0x79, 0x02, 0xFF, 0x83, 0xDE, 0xFB, 0xD6, 0x9A, 0x02,
    0xFF, 0x83, 0xE7, 0x1C, 0x5A, 0xEB, 0x7F, 0x00, 0x54, 0x00, 0x82, 0x20, 0x9C, 0xD3, 0x02, 0xFF,
    0x83, 0xD6, 0x9A, 0x00, 0x20, 0x14, 0x00, 0x83, 0x73, 0xAE, 0xF7, 0x9E, 0x02, 0xFF, 0x89, 0xEF,
    0x7D, 0xFF, 0xDF, 0xF7, 0xBE, 0x84, 0x30, 0x08, 0x61, 0x7F, 0x00, 0x54, 0x00, 0x82, 0x20, 0x9C,
    0xF3, 0x02, 0xFF, 0x83, 0xCE, 0x79, 0x00, 0x20, 0x13, 0x00, 0x82, 0x20, 0xAD, 0x75, 0x07, 0xFF,
    0x84, 0xDF, 0xAD, 0x75, 0x10, 0xA2, 0x7F, 0x00, 0x56, 0x00, 0x82, 0x20, 0x94, 0xB2, 0x02, 0xFF,
    0x83, 0xE7, 0x3C, 0x39, 0xE7, 0x12, 0x00, 0x83, 0x31, 0xA6, 0xCE, 0x79, 0x05, 0xFF, 0x84, 0xDF,
    0xB5, 0xB6, 0x29, 0x45, 0x7F, 0x00, 0x23, 0x00, 0x87, 0x08, 0x61, 0x52, 0x8A, 0x42, 0x28, 0x08,
    0x41, 0x2E, 0x00, 0x83, 0x63, 0x2C, 0xEF, 0x7D, 0x02, 0xFF, 0x85, 0xD6, 0x9A, 0x4A, 0x49, 0x08,
    0x41, 0x09, 0x00, 0x88, 0x20, 0x21, 0x24, 0x73, 0x8E, 0xC6, 0x18, 0xFF, 0xDF, 0x02, 0xFF, 0x85,
    0xF7, 0x9E, 0xAD, 0x75, 0x29, 0x65, 0x7F, 0x00, 0x0D, 0x00, 0x83, 0x10, 0x82, 0x08, 0x41, 0x12,
    0x00, 0x89, 0x18, 0xC3, 0xBD, 0xD7, 0xF7, 0x9E, 0xEF, 0x5D, 0x7B, 0xCF, 0x2E, 0x00, 0x85, 0x10,
    0x82, 0x9C, 0xF3, 0xFF, 0xDF, 0x02, 0xFF, 0x91, 0xEF, 0x7D, 0xCE, 0x59, 0xAD, 0x55, 0x94, 0xB2,
    0x9C, 0xD3, 0xAD, 0x75, 0xC6, 0x38, 0xE7, 0x1C, 0xF7, 0xBE, 0x04, 0xFF, 0x85, 0xF7, 0x9E, 0x84,
    0x30, 0x10, 0x82, 0x7F, 0x00, 0x0D, 0x00, 0x87, 0x73, 0xAE, 0xD6, 0xBA, 0xB5, 0x96, 0x18, 0xE3,
    0x0F, 0x00, 0x84, 0x20, 0xA5, 0x34, 0xFF, 0xDF, 0x04, 0xFF, 0x81, 0xA5, 0x14, 0x30, 0x00, 0x87,
    0x18, 0xE3, 0x84, 0x30, 0xE7, 0x1C, 0xFF, 0xDF, 0x03, 0xFF, 0x84, 0xDF, 0xFF, 0xDF, 0xFF, 0xDF,
    0x06, 0xFF, 0x83, 0xEF, 0x7D, 0xEF, 0x5D, 0x02, 0xFF, 0x83, 0xDE, 0xFB, 0x4A, 0x49, 0x7F, 0x00,
    0x0D, 0x00, 0x83, 0x42, 0x08, 0xD6, 0x9A, 0x02, 0xFF, 0x8D, 0xDE, 0xFB, 0x39, 0xC7, 0x08, 0x41,
    0x73, 0x8E, 0xAD, 0x55, 0xA5, 0x14, 0x5A, 0xEB, 0x04, 0x00, 0x83, 0x42, 0x08, 0xEF, 0x5D, 0x05,
    0xFF, 0x82, 0xDF, 0x94, 0xB2, 0x32, 0x00, 0x9D, 0x08, 0x61, 0x4A, 0x49, 0x8C, 0x51, 0xAD, 0x75,
    0xD6, 0xBA, 0xDE, 0xDB, 0xDE, 0xDB, 0xD6, 0x9A, 0xAD, 0x75, 0x8C, 0x71, 0x63, 0x0C, 0x94, 0xB2,
    0xFF, 0xDF, 0xD6, 0xBA, 0x39, 0xC7, 0x7F, 0x00, 0x0C, 0x00, 0x84, 0x20, 0x84, 0x30, 0xF7, 0x9E,
    0x02, 0xFF, 0x93, 0xBD, 0xF7, 0x18, 0xE3, 0x63, 0x0C, 0xE7, 0x3C, 0xFF, 0xDF, 0xFF, 0xDF, 0xD6,
    0xBA, 0x52, 0x8A, 0x10, 0x82, 0xA5, 0x34, 0x06, 0xFF, 0x83, 0xEF, 0x5D, 0x63, 0x2C, 0x37, 0x00,
    0x8E, 0x20, 0x10, 0xA2, 0x21, 0x24, 0x29, 0x65, 0x29, 0x45, 0x21, 0x24, 0x10, 0xA2, 0x08, 0x41,
    0x02, 0x00, 0x87, 0x8C, 0x51, 0xFF, 0xDF, 0xD6, 0x9A, 0x31, 0x86, 0x7F, 0x00, 0x0B, 0x00, 0x83,
    0x63, 0x2C, 0xDE, 0xDB, 0x02, 0xFF, 0x87, 0xDE, 0xFB, 0x5A, 0xCB, 0x08, 0x61, 0xB5, 0xB6, 0x02,
    0xFF, 0x8B, 0xEF, 0x7D, 0xF7, 0x9E, 0xF7, 0xBE, 0x94, 0x92, 0x42, 0x08, 0xE7, 0x3C, 0x06, 0xFF,
    0x83, 0xBD, 0xD7, 0x18, 0xE3, 0x48, 0x00, 0x87, 0x8C, 0x51, 0xFF, 0xDF, 0xD6, 0x9A, 0x31, 0x86,
    0x7F, 0x00, 0x09, 0x00, 0x83, 0x4A, 0x69, 0xD6, 0x9A, 0x04, 0xFF, 0x87, 0xB5, 0x96, 0x08, 0x41,
    0x42, 0x08, 0xEF, 0x5D, 0x02, 0xFF, 0x89, 0xAD, 0x55, 0xD6, 0xBA, 0xFF, 0xDF, 0xA5, 0x34, 0x94,
    0x92, 0x06, 0xFF, 0x83, 0xDE, 0xFB, 0x5A, 0xCB, 0x4A, 0x00, 0x87, 0x84, 0x30, 0xFF, 0xDF, 0xD6,
    0x9A, 0x31, 0xA6, 0x7F, 0x00, 0x07, 0x00, 0x85, 0x31, 0xA6, 0xC6, 0x18, 0xFF, 0xDF, 0x02, 0xFF,
    0x87, 0xF7, 0xBE, 0x8C, 0x51, 0x08, 0x41, 0x7B, 0xEF, 0x02, 0xFF, 0x8B, 0xEF, 0x5D, 0x94, 0x92,
    0xEF, 0x7D, 0xF7, 0xBE, 0x94, 0x92, 0xCE, 0x79, 0x04, 0xFF, 0x85, 0xEF, 0x7D, 0x7B, 0xCF, 0x08,
    0x41, 0x4A, 0x00, 0x87, 0x84, 0x30, 0xFF, 0xDF, 0xD6, 0x9A, 0x31, 0xA6, 0x7F, 0x00, 0x05, 0x00,
    0x85, 0x10, 0xA2, 0xB5, 0x96, 0xFF, 0xDF, 0x04, 0xFF, 0x87, 0xF7, 0x9E, 0x6B, 0x4D, 0x18, 0xE3,
    0xB5, 0xB6, 0x02, 0xFF, 0x83, 0xE7, 0x1C, 0xE7, 0x3C, 0x02, 0xFF, 0x85, 0xDE, 0xDB, 0x6B, 0x6D,
    0xEF, 0x5D, 0x03, 0xFF, 0x88, 0xDF, 0xAD, 0x55, 0x73, 0xAE, 0x84, 0x30, 0x39, 0xE7, 0x07, 0x00,
    0x86, 0x20, 0x42, 0x28, 0x5A, 0xEB, 0x29, 0x45, 0x3A, 0x00, 0x87, 0x94, 0x92, 0xFF, 0xDF, 0xCE,
    0x79, 0x29, 0x65, 0x7F, 0x00, 0x03, 0x00, 0x93, 0x21, 0x24, 0xAD, 0x55, 0xFF, 0xDF, 0xF7, 0xBE,
    0xCE, 0x59, 0xF7, 0x9E, 0xEF, 0x7D, 0x63, 0x0C, 0x42, 0x08, 0xDE, 0xFB, 0x06, 0xFF, 0x87, 0xE7,
    0x3C, 0x73, 0xAE, 0x84, 0x30, 0xFF, 0xDF, 0x02, 0xFF, 0x85, 0xDE, 0xFB, 0xC6, 0x18, 0xFF, 0xDF,
    0x02, 0xFF, 0x83, 0xCE, 0x59, 0x10, 0x82, 0x02, 0x00, 0x93, 0x31, 0x86, 0xAD, 0x55, 0xEF, 0x5D,
    0xFF, 0xDF, 0xD6, 0x9A, 0x6B, 0x6D, 0x00, 0x20, 0x42, 0x08, 0x84, 0x10, 0x42, 0x08, 0x02, 0x00,
    0x83, 0x10, 0x82, 0x08, 0x41, 0x2A, 0x00, 0x81, 0xBD, 0xF7, 0x02, 0xFF, 0x83, 0xC6, 0x18, 0x21,
    0x24, 0x7F, 0x00, 0x96, 0x00, 0x29, 0x45, 0xAD, 0x75, 0xFF, 0xDF, 0xFF, 0xDF, 0xA5, 0x14, 0x84,
    0x10, 0xF7, 0x9E, 0xEF, 0x7D, 0x63, 0x2C, 0x8C, 0x51, 0xF7, 0xBE, 0x04, 0xFF, 0x87, 0xE7, 0x3C,
    0x7B, 0xEF, 0x21, 0x24, 0xB5, 0xB6, 0x04, 0xFF, 0x81, 0xE7, 0x3C, 0x06, 0xFF, 0x89, 0xE7, 0x3C,
    0x31, 0x86, 0x31, 0x86, 0xC6, 0x18, 0xFF, 0xDF, 0x03, 0xFF, 0x80, 0xDF, 0x02, 0xFF, 0x91, 0xD6,
    0x9A, 0x42, 0x28, 0xC6, 0x18, 0xFF, 0xDF, 0xC6, 0x18, 0x94, 0x92, 0xBD, 0xD7, 0xAD, 0x75, 0x52,
    0xAA, 0x06, 0x00, 0x87, 0x18, 0xE3, 0x4A, 0x49, 0x4A, 0x49, 0x21, 0x04, 0x18, 0x00, 0x83, 0x31,
    0x86, 0xDE, 0xFB, 0x02, 0xFF, 0x83, 0x9C, 0xD3, 0x08, 0x41, 0x7E, 0x00, 0x95, 0x29, 0x65, 0xA5,
    0x34, 0xF7, 0xBE, 0xFF, 0xDF, 0xAD, 0x75, 0x29, 0x65, 0x84, 0x30, 0xF7, 0xBE, 0xF7, 0xBE, 0xD6,
    0x9A, 0xF7, 0x9E, 0x03, 0xFF, 0x8A, 0xDF, 0xCE, 0x59, 0x6B, 0x6D, 0x10, 0xA2, 0x63, 0x2C, 0xEF,
    0x5D, 0x03, 0xFF, 0x80, 0xDF, 0x03, 0xFF, 0x82, 0xDF, 0xDE, 0xDB, 0x02, 0xFF, 0x8D, 0xE7, 0x3C,
    0x31, 0xA6, 0x94, 0x92, 0xFF, 0xDF, 0xF7, 0xBE, 0xB5, 0x96, 0xD6, 0xBA, 0x02, 0xFF, 0x85, 0xDE,
    0xDB, 0x7B, 0xCF, 0xEF, 0x7D, 0x03, 0xFF, 0x82, 0xDF, 0xFF, 0xDF, 0x04, 0xFF, 0x91, 0xC6, 0x18,
    0x29, 0x65, 0x21, 0x04, 0x73, 0xAE, 0xC6, 0x38, 0xEF, 0x7D, 0xEF, 0x7D, 0xC6, 0x18, 0x63, 0x0C,
    0x16, 0x00, 0x87, 0x84, 0x10, 0xFF, 0xDF, 0xEF, 0x7D, 0x6B, 0x6D, 0x7E, 0x00, 0x91, 0x29, 0x65,
    0xAD, 0x75, 0xF7, 0xBE, 0xFF, 0xDF, 0xBD, 0xD7, 0x31, 0x86, 0x39, 0xE7, 0xB5, 0x96, 0xFF, 0xDF,
    0x08, 0xFF, 0x89, 0xC6, 0x38, 0x42, 0x08, 0x00, 0x20, 0x29, 0x65, 0xC6, 0x18, 0x08, 0xFF, 0x83,
    0xC6, 0x38, 0xAD, 0x75, 0x02, 0xFF, 0x85, 0xE7, 0x3C, 0x31, 0xA6, 0xCE, 0x59, 0x02, 0xFF, 0x8D,
    0xCE, 0x79, 0xAD, 0x75, 0xF7, 0x9E, 0xFF, 0xDF, 0xA5, 0x34, 0xA5, 0x34, 0xFF, 0xDF, 0x04, 0xFF,
    0x8D, 0xF7, 0x9E, 0xD6, 0x9A, 0xFF, 0xDF, 0xEF, 0x7D, 0x63, 0x2C, 0xAD, 0x55, 0xEF, 0x7D, 0x03,
    0xFF, 0x80, 0xDF, 0x04, 0xFF, 0x83, 0xCE, 0x79, 0x63, 0x0C, 0x12, 0x00, 0x83, 0x21, 0x24, 0xCE,
    0x59, 0x02, 0xFF, 0x83, 0xC6, 0x38, 0x29, 0x65, 0x7C, 0x00, 0x91, 0x29, 0x65, 0xAD, 0x55, 0xF7,
    0xBE, 0xFF, 0xDF, 0xC6, 0x18, 0x42, 0x08, 0x7B, 0xEF, 0xD6, 0xBA, 0xFF, 0xDF, 0x03, 0xFF, 0x84,
    0xDF, 0xDE, 0xFB, 0xF7, 0xBE, 0x02, 0xFF, 0x89, 0x7B, 0xEF, 0x00, 0x20, 0x00, 0x20, 0x84, 0x10,
    0xF7, 0x9E, 0x06, 0xFF, 0x85, 0xE7, 0x1C, 0x5A, 0xCB, 0xC6, 0x18, 0x02, 0xFF, 0x85, 0xCE, 0x59,
    0x52, 0xAA, 0xEF, 0x7D, 0x02, 0xFF, 0x8B, 0xE7, 0x3C, 0xF7, 0xBE, 0xFF, 0xDF, 0xC6, 0x18, 0x52,
    0xAA, 0xCE, 0x79, 0x05, 0xFF, 0x8C, 0xDF, 0xA5, 0x34, 0x7B, 0xCF, 0xF7, 0x9E, 0xF7, 0xBE, 0xC6,
    0x18, 0xFF, 0xDF, 0x02, 0xFF, 0x87, 0xEF, 0x7D, 0xAD, 0x55, 0xC6, 0x18, 0xFF, 0xDF, 0x02, 0xFF,
    0x83, 0xD6, 0xBA, 0x00, 0x20, 0x0E, 0x00, 0x8B, 0x10, 0x82, 0x8C, 0x51, 0xF7, 0xBE, 0xF7, 0x9E,
    0x7B, 0xEF, 0x00, 0x20, 0x7A, 0x00, 0x8F, 0x29, 0x65, 0xB5, 0x96, 0xFF, 0xDF, 0xFF, 0xDF, 0xC6,
    0x18, 0x52, 0x8A, 0xA5, 0x34, 0xF7, 0x9E, 0x03, 0xFF, 0x80, 0xDF, 0x02, 0xFF, 0x89, 0xE7, 0x1C,
    0x94, 0x92, 0xF7, 0x9E, 0xFF, 0xDF, 0x63, 0x0C, 0x02, 0x00, 0x83, 0x31, 0xA6, 0xCE, 0x79, 0x07,
    0xFF, 0x86, 0xDF, 0x94, 0xB2, 0x18, 0xE3, 0xD6, 0x9A, 0x02, 0xFF, 0x85, 0xA5, 0x34, 0x63, 0x0C,
    0xFF, 0xDF, 0x06, 0xFF, 0x87, 0xC6, 0x18, 0x4A, 0x49, 0x8C, 0x71, 0xF7, 0x9E, 0x04, 0xFF, 0x87,
    0xC6, 0x38, 0x31, 0xA6, 0x9C, 0xF3, 0xFF, 0xDF, 0x07, 0xFF, 0x88, 0xDF, 0x9C, 0xF3, 0x10, 0x82,
    0x6B, 0x4D, 0xEF, 0x7D, 0x02, 0xFF, 0x83, 0xDE, 0xDB, 0x00, 0x20, 0x0C, 0x00, 0x85, 0x10, 0x82,
    0x73, 0x8E, 0xE7, 0x3C, 0x02, 0xFF, 0x83, 0xBD, 0xF7, 0x29, 0x65, 0x7A, 0x00, 0x8F, 0x21, 0x24,
    0xB5, 0x96, 0xFF, 0xDF, 0xFF, 0xDF, 0xBD, 0xF7, 0x39, 0xE7, 0x94, 0xB2, 0xFF, 0xDF, 0x02, 0xFF,
    0x89, 0xD6, 0x9A, 0xBD, 0xD7, 0xFF, 0xDF, 0xDE, 0xFB, 0x9C, 0xF3, 0x02, 0xFF, 0x89, 0xE7, 0x3C,
    0x39, 0xE7, 0x08, 0x41, 0x9C, 0xF3, 0xFF, 0xDF, 0x06, 0xFF, 0x87, 0xE7, 0x1C, 0x31, 0x86, 0x31,
    0x86, 0xEF, 0x5D, 0x02, 0xFF, 0x85, 0x94, 0xB2, 0x63, 0x0C, 0xF7, 0x9E, 0x04, 0xFF, 0x84, 0xC6,
    0x38, 0x42, 0x28, 0x7B, 0x02, 0xEF, 0x80, 0x5D, 0x04, 0xFF, 0x87, 0xF7, 0xBE, 0x63, 0x0C, 0x10,
    0xA2, 0xBD, 0xF7, 0x08, 0xFF, 0x8D, 0xF7, 0x9E, 0x5A, 0xCB, 0x08, 0x41, 0x9C, 0xF3, 0xFF, 0xDF,
    0xFF, 0xDF, 0x9C, 0xD3, 0x0C, 0x00, 0x85, 0x18, 0xC3, 0x7B, 0xCF, 0xE7, 0x3C, 0x02, 0xFF, 0x83,
    0xDE, 0xFB, 0x52, 0x8A, 0x71, 0x00, 0x80, 0x20, 0x08, 0x00, 0x83, 0x21, 0x24, 0xBD, 0xD7, 0x03,
    0xFF, 0x88, 0xDF, 0xB5, 0xB6, 0x31, 0xA6, 0x21, 0x24, 0xC6, 0x38, 0x02, 0xFF, 0x8B, 0xDE, 0xFB,
    0x39, 0xE7, 0x8C, 0x51, 0xF7, 0xBE, 0xE7, 0x1C, 0xA5, 0x34, 0x02, 0xFF, 0x87, 0xD6, 0xBA, 0x18,
    0xE3, 0x5A, 0xCB, 0xE7, 0x3C, 0x08, 0xFF, 0x81, 0xB5, 0x96, 0x02, 0x00, 0x89, 0x42, 0x28, 0xF7,
    0x9E, 0xF7, 0xBE, 0x8C, 0x71, 0xC6, 0x38, 0x04, 0xFF, 0x87, 0xEF, 0x5D, 0x63, 0x0C, 0x9C, 0xF3,
    0xEF, 0x7D, 0x06, 0xFF, 0x87, 0xB5, 0x96, 0x08, 0x61, 0x39, 0xE7, 0xDE, 0xFB, 0x05, 0xFF, 0x8A,
    0xDF, 0xFF, 0xDF, 0xF7, 0x9E, 0x6B, 0x6D, 0x73, 0x8E, 0xE7, 0x1C, 0x02, 0xFF, 0x83, 0xDE, 0xDB,
    0x39, 0xE7, 0x09, 0x00, 0x86, 0x20, 0x42, 0x08, 0xA5, 0x14, 0xEF, 0x7D, 0x02, 0xFF, 0x85, 0xE7,
    0x3C, 0x63, 0x2C, 0x00, 0x20, 0x6C, 0x00, 0x89, 0x29, 0x45, 0xA5, 0x34, 0xC6, 0x18, 0xAD, 0x55,
    0x42, 0x08, 0x02, 0x00, 0x83, 0x42, 0x08, 0xCE, 0x79, 0x03, 0xFF, 0x84, 0xDF, 0xA5, 0x34, 0x21,
    0x04, 0x02, 0x00, 0x83, 0x10, 0xA2, 0xAD, 0x55, 0x02, 0xFF, 0x8B, 0xF7, 0x9E, 0x84, 0x10, 0x84,
    0x30, 0xF7, 0xBE, 0xEF, 0x5D, 0xAD, 0x75, 0x02, 0xFF, 0x85, 0xD6, 0xBA, 0x31, 0xA6, 0xC6, 0x18,
    0x02, 0xFF, 0x83, 0xF7, 0xBE, 0xFF, 0xDF, 0x02, 0xFF, 0x83, 0xF7, 0xBE, 0x7B, 0xEF, 0x02, 0x00,
    0x87, 0x4A, 0x69, 0xF7, 0x9E, 0xFF, 0xDF, 0xEF, 0x5D, 0x03, 0xFF, 0x80, 0xDF, 0x04, 0xFF, 0x81,
    0xF7, 0xBE, 0x05, 0xFF, 0x80, 0xDF, 0x02, 0xFF, 0x83, 0xEF, 0x7D, 0x5A, 0xCB, 0x02, 0x00, 0x83,
    0x42, 0x28, 0xE7, 0x1C, 0x02, 0xFF, 0x85, 0xF7, 0x9E, 0xA5, 0x34, 0xDE, 0xFB, 0x02, 0xFF, 0x83,
    0xF7, 0xBE, 0xFF, 0xDF, 0x04, 0xFF, 0x8F, 0xEF, 0x5D, 0xA5, 0x34, 0x5A, 0xCB, 0x4A, 0x49, 0x5A,
    0xEB, 0x9C, 0xD3, 0xC6, 0x18, 0xEF, 0x5D, 0x04, 0xFF, 0x83, 0xD6, 0x9A, 0x5A, 0xCB, 0x70, 0x00,
    0x83, 0xA5, 0x14, 0xFF, 0xDF, 0x02, 0xFF, 0x87, 0xF7, 0xBE, 0x8C, 0x51, 0x7B, 0xEF, 0xE7, 0x1C,
    0x03, 0xFF, 0x84, 0xDF, 0xA5, 0x14, 0x21, 0x24, 0x06, 0x00, 0x83, 0x52, 0x8A, 0xD6, 0xBA, 0x02,
    0xFF, 0x97, 0xF7, 0x9E, 0xD6, 0xBA, 0xFF, 0xDF, 0xEF, 0x7D, 0xA5, 0x34, 0xFF, 0xDF, 0xF7, 0x9E,
    0xCE, 0x59, 0xFF, 0xDF, 0xF7, 0x9E, 0xBD, 0xF7, 0xEF, 0x7D, 0x02, 0xFF, 0x83, 0xDE, 0xDB, 0x21,
    0x04, 0x02, 0x00, 0x83, 0x42, 0x28, 0xF7, 0x9E, 0x04, 0xFF, 0x95, 0xF7, 0x9E, 0x9C, 0xD3, 0xAD,
    0x55, 0xEF, 0x5D, 0xF7, 0x9E, 0xE7, 0x3C, 0xAD, 0x75, 0x94, 0x92, 0xC6, 0x38, 0x9C, 0xF3, 0x10,
    0x82, 0x02, 0x00, 0x95, 0x29, 0x65, 0xC6, 0x18, 0xE7, 0x3C, 0x9C, 0xF3, 0x21, 0x24, 0x84, 0x10,
    0xE7, 0x1C, 0xF7, 0x9E, 0xEF, 0x7D, 0xD6, 0xBA, 0xEF, 0x5D, 0x05, 0xFF, 0x84, 0xDF, 0xFF, 0xDF,
    0xFF, 0xDF, 0x05, 0xFF, 0x86, 0xDF, 0xE7, 0x3C, 0xAD, 0x55, 0x42, 0x08, 0x72, 0x00, 0x81, 0xAD,
    0x55, 0x06, 0xFF, 0x83, 0xEF, 0x5D, 0xF7, 0xBE, 0x02, 0xFF, 0x85, 0xEF, 0x7D, 0x94, 0x92, 0x18,
    0xE3, 0x09, 0x00, 0x84, 0x20, 0x52, 0x8A, 0xD6, 0x9A, 0x06, 0xFF, 0x85, 0xEF, 0x7D, 0x73, 0xAE,
    0xDE, 0xFB, 0x05, 0xFF, 0x8A, 0xDF, 0xAD, 0x75, 0x63, 0x0C, 0xE7, 0x3C, 0xFF, 0xDF, 0x9C, 0xF3,
    0x04, 0x00, 0x9B, 0x18, 0xE3, 0xC6, 0x38, 0xFF, 0xDF, 0xEF, 0x7D, 0x94, 0x92, 0x18, 0xC3, 0x18,
    0xE3, 0x52, 0xAA, 0x63, 0x0C, 0x52, 0x8A, 0x18, 0xE3, 0x08, 0x61, 0x29, 0x65, 0x18, 0xC3, 0x06,
    0x00, 0x85, 0x39, 0xC7, 0x52, 0x8A, 0x21, 0x04, 0x02, 0x00, 0x9F, 0x08, 0x61, 0x4A, 0x49, 0x63,
    0x2C, 0x5A, 0xEB, 0x39, 0xE7, 0x6B, 0x4D, 0xBD, 0xD7, 0xE7, 0x3C, 0xF7, 0xBE, 0xF7, 0xBE, 0xF7,
    0xBE, 0xEF, 0x5D, 0xCE, 0x59, 0xA5, 0x14, 0x5A, 0xCB, 0x18, 0xC3, 0x74, 0x00, 0x8F, 0x4A, 0x69,
    0xD6, 0x9A, 0xF7, 0xBE, 0xFF, 0xDF, 0xFF, 0xDF, 0xF7, 0x9E, 0xCE, 0x79, 0x7B, 0xCF, 0x10, 0x00,
    0x9D, 0x4A, 0x69, 0xB5, 0xB6, 0xEF, 0x5D, 0xF7, 0xBE, 0xC6, 0x18, 0x39, 0xC7, 0x84, 0x30, 0xDE,
    0xFB, 0xE7, 0x1C, 0xAD, 0x75, 0x39, 0xE7, 0x21, 0x04, 0xA5, 0x14, 0xB5, 0x96, 0x42, 0x28, 0x06,
    0x00, 0x87, 0x42, 0x28, 0x7B, 0xEF, 0x63, 0x2C, 0x08, 0x41, 0x2C, 0x00, 0x8D, 0x18, 0xC3, 0x5A,
    0xCB, 0x6B, 0x4D, 0x6B, 0x4D, 0x6B, 0x4D, 0x5A, 0xEB, 0x29, 0x45, 0x7C, 0x00, 0x8B, 0x42, 0x08,
    0x84, 0x10, 0x94, 0xB2, 0x94, 0x92, 0x7B, 0xCF, 0x31, 0xA6, 0x14, 0x00, 0x87, 0x21, 0x04, 0x63,
    0x2C, 0x84, 0x10, 0x4A, 0x49, 0x02, 0x00, 0x87, 0x08, 0x61, 0x4A, 0x49, 0x52, 0x8A, 0x18, 0xC3,
    0x05, 0x00, 0x82, 0x20, 0x08, 0x61, 0x7F, 0x00, 0x7F, 0x00, 0x7F, 0x00, 0x7F, 0x00, 0x7F, 0x00,
    0x7F, 0x00, 0x7F, 0x00, 0x7F, 0x00, 0x7F, 0x00, 0x7F, 0x00, 0x7F, 0x00, 0x7F, 0x00, 0x7F, 0x00,
    0x7F, 0x00, 0x7F, 0x00, 0x7F, 0x00, 0x7F, 0x00, 0x7F, 0x00, 0x7F, 0x00, 0x7F, 0x00, 0x7F, 0x00,
    0x7F, 0x00, 0x7F, 0x00, 0x5B, 0x00, 0x02, 0xFD, 0x06, 0x00, 0x00, 0x08, 0x00, 0x01, 0xFF, 0x64,
    0x00, 0x05, 0xFA, 0xDF, 0x13, 0x00, 0x7F, 0x00, 0x7F, 0x00, 0x7F, 0x00, 0x7F, 0x00, 0x7F, 0x00,
    0x7F, 0x00, 0x7F, 0x00, 0x7F, 0x00, 0x7F, 0x00, 0x7F, 0x00, 0x7F, 0x00, 0x7F, 0x00, 0x7F, 0x00,
    0x7F, 0x00, 0x7F, 0x00, 0x7F, 0x00, 0x7F, 0x00, 0x7F, 0x00, 0x7F, 0x00, 0x7F, 0x00, 0x7F, 0x00,
    0x7F, 0x00, 0x7F, 0x00, 0x7F, 0x00, 0x7F, 0x00, 0x7F, 0x00, 0x7F, 0x00, 0x7F, 0x00, 0x7F, 0x00,
    0x7F, 0x00, 0x7F, 0x00, 0x7F, 0x00, 0x7F, 0x00, 0x7F, 0x00, 0x7F, 0x00, 0x7F, 0x00, 0x7F, 0x00,
    0x7F, 0x00, 0x7F, 0x00, 0x7F, 0x00, 0x7F, 0x00, 0x7F, 0x00, 0x7F, 0x00, 0x7F, 0x00, 0x7F, 0x00,
    0x7F, 0x00, 0x7F, 0x00, 0x7F, 0x00, 0x7F, 0x00, 0x7F, 0x00, 0x7F, 0x00, 0x7F, 0x00, 0x7F, 0x00,
    0x7F, 0x00, 0x7F, 0x00, 0x7F, 0x00, 0x7F, 0x00, 0x7F, 0x00, 0x7F, 0x00, 0x7F, 0x00, 0x7F, 0x00,
    0x7F, 0x00, 0x7F, 0x00, 0x7F, 0x00, 0x7F, 0x00, 0x7F, 0x00, 0x7F, 0x00, 0x7F, 0x00, 0x7F, 0x00,
    0x29, 0x00, 0x89, 0x18, 0xC3, 0x6B, 0x6D, 0x8C, 0x71, 0x6B, 0x4D, 0x10, 0x82, 0x7F, 0x00, 0x75,
    0x00, 0x8D, 0x31, 0x86, 0xBD, 0xD7, 0xF7, 0x9E, 0xFF, 0xDF, 0xF7, 0x9E, 0xCE, 0x59, 0x5A, 0xEB,
    0x7F, 0x00, 0x73, 0x00, 0x89, 0x8C, 0x51, 0xF7, 0xBE, 0xFF, 0xDF, 0xEF, 0x7D, 0xFF, 0xDF, 0x02,
    0xFF, 0x83, 0xE7, 0x1C, 0x5A, 0xEB, 0x06, 0x00, 0x87, 0x08, 0x61, 0x42, 0x28, 0x52, 0x8A, 0x18,
    0xC3, 0x7F, 0x00, 0x61, 0x00, 0x83, 0x08, 0x41, 0xB5, 0xB6, 0x02, 0xFF, 0x87, 0xC6, 0x38, 0x5A,
    0xCB, 0x9C, 0xD3, 0xEF, 0x5D, 0x02, 0xFF, 0x93, 0xBD, 0xF7, 0x21, 0x04, 0x10, 0x82, 0x6B, 0x4D,
    0xC6, 0x18, 0xE7, 0x1C, 0xE7, 0x3C, 0xD6, 0x9A, 0x73, 0xAE, 0x10, 0xA2, 0x7F, 0x00, 0x5E, 0x00,
    0x82, 0x20, 0xB5, 0x96, 0x02, 0xFF, 0x87, 0xC6, 0x38, 0x31, 0xA6, 0x18, 0xC3, 0xA5, 0x34, 0x02,
    0xFF, 0x87, 0xE7, 0x1C, 0x39, 0xE7, 0x94, 0xB2, 0xF7, 0x9E, 0x08, 0xFF, 0x85, 0xF7, 0xBE, 0x94,
    0xB2, 0x10, 0x82, 0x7F, 0x00, 0x5D, 0x00, 0x8B, 0x7B, 0xEF, 0xF7, 0x9E, 0xF7, 0xBE, 0xAD, 0x75,
    0x84, 0x10, 0xEF, 0x7D, 0x02, 0xFF, 0x85, 0xBD, 0xF7, 0x9C, 0xF3, 0xF7, 0xBE, 0x02, 0xFF, 0x87,
    0xE7, 0x1C, 0xAD, 0x55, 0x9C, 0xD3, 0xDE, 0xFB, 0x02, 0xFF, 0x83, 0xF7, 0x9E, 0x63, 0x0C, 0x7F,
    0x00, 0x5D, 0x00, 0x85, 0x29, 0x45, 0xBD, 0xD7, 0xFF, 0xDF, 0x03, 0xFF, 0x80, 0xDF, 0x02, 0xFF,
    0x85, 0xEF, 0x7D, 0xAD, 0x75, 0xF7, 0xBE, 0x02, 0xFF, 0x83, 0xEF, 0x5D, 0x6B, 0x6D, 0x04, 0x00,
    0x83, 0x29, 0x45, 0xE7, 0x3C, 0x02, 0xFF, 0x83, 0xC6, 0x18, 0x08, 0x61, 0x7F, 0x00, 0x5D, 0x00,
    0x85, 0x31, 0x86, 0xB5, 0x96, 0xFF, 0xDF, 0x05, 0xFF, 0x82, 0xDF, 0xFF, 0xDF, 0x05, 0xFF, 0x84,
    0xDF, 0xDE, 0xFB, 0x63, 0x2C, 0x04, 0x00, 0x81, 0xAD, 0x55, 0x02, 0xFF, 0x83, 0xDE, 0xFB, 0x42,
    0x08, 0x7F, 0x00, 0x5D, 0x00, 0x8B, 0x10, 0x82, 0x9C, 0xF3, 0xFF, 0xDF, 0xF7, 0x9E, 0xDE, 0xFB,
    0xF7, 0xBE, 0x02, 0xFF, 0x85, 0xF7, 0x9E, 0xD6, 0x9A, 0xEF, 0x5D, 0x02, 0xFF, 0x8D, 0xDE, 0xDB,
    0x63, 0x2C, 0x00, 0x20, 0x5A, 0xEB, 0xF7, 0xBE, 0xF7, 0x9E, 0x73, 0x8E, 0x7F, 0x00, 0x5D, 0x00,
    0x8B, 0x63, 0x2C, 0xE7, 0x3C, 0xFF, 0xDF, 0xB5, 0xB6, 0x52, 0x8A, 0xDE, 0xDB, 0x02, 0xFF, 0x87,
    0xBD, 0xD7, 0x39, 0xC7, 0x7B, 0xCF, 0xE7, 0x3C, 0x02, 0xFF, 0x87, 0xE7, 0x3C, 0xAD, 0x55, 0x6B,
    0x4D, 0xE7, 0x1C, 0x02, 0xFF, 0x83, 0xB5, 0xB6, 0x10, 0xA2, 0x7F, 0x00, 0x59, 0x00, 0x83, 0x18,
    0xE3, 0xBD, 0xF7, 0x02, 0xFF, 0x8B, 0xDE, 0xDB, 0x52, 0x8A, 0x52, 0xAA, 0xF7, 0x9E, 0xF7, 0xBE,
    0x7B, 0xEF, 0x02, 0x00, 0x8D, 0x08, 0x61, 0x7B, 0xEF, 0xE7, 0x1C, 0xFF, 0xDF, 0xFF, 0xDF, 0xEF,
    0x5D, 0xF7, 0x9E, 0x02, 0xFF, 0x87, 0xEF, 0x5D, 0x73, 0x8E, 0x29, 0x45, 0x08, 0x41, 0x7F, 0x00,
    0x55, 0x00, 0x8B, 0x6B, 0x6D, 0xEF, 0x7D, 0xF7, 0xBE, 0x8C, 0x71, 0x00, 0x20, 0x5A, 0xEB, 0x02,
    0xFF, 0x83, 0xEF, 0x5D, 0x4A, 0x49, 0x04, 0x00, 0x89, 0x08, 0x41, 0x52, 0x8A, 0xA5, 0x34, 0xE7,
    0x3C, 0xFF, 0xDF, 0x06, 0xFF, 0x8B, 0xE7, 0x1C, 0xC6, 0x18, 0x9C, 0xD3, 0x6B, 0x6D, 0x31, 0xA6,
    0x08, 0x41, 0x7F, 0x00, 0x4D, 0x00, 0x83, 0x18, 0xC3, 0xB5, 0xB6, 0x02, 0xFF, 0x83, 0xCE, 0x79,
    0x39, 0xE7, 0x02, 0x00, 0x87, 0x5A, 0xCB, 0xFF, 0xDF, 0xEF, 0x7D, 0x5A, 0xEB, 0x08, 0x00, 0x89,
    0x08, 0x61, 0x31, 0xA6, 0x8C, 0x51, 0xBD, 0xD7, 0xE7, 0x3C, 0x07, 0xFF, 0x8A, 0xDF, 0xEF, 0x7D,
    0xD6, 0x9A, 0x8C, 0x71, 0x4A, 0x49, 0x18, 0xC3, 0x7F, 0x00, 0x49, 0x00, 0x89, 0x5A, 0xEB, 0xEF,
    0x7D, 0xF7, 0xBE, 0x8C, 0x51, 0x00, 0x20, 0x02, 0x00, 0x83, 0x39, 0xE7, 0xDE, 0xFB, 0x02, 0xFF,
    0x81, 0x94, 0xB2, 0x0E, 0x00, 0x8D, 0x08, 0x41, 0x5A, 0xEB, 0xE7, 0x3C, 0xFF, 0xDF, 0xD6, 0xBA,
    0xD6, 0xBA, 0xFF, 0xDF, 0x03, 0xFF, 0x88, 0xDF, 0xE7, 0x1C, 0xA5, 0x34, 0x5A, 0xCB, 0x08, 0x41,
    0x7F, 0x00, 0x45, 0x00, 0x87, 0x8C, 0x51, 0xFF, 0xDF, 0xE7, 0x1C, 0x42, 0x28, 0x04, 0x00, 0x87,
    0x08, 0x41, 0x7B, 0xEF, 0xC6, 0x38, 0x52, 0x8A, 0x10, 0x00, 0x8F, 0x29, 0x45, 0xDE, 0xFB, 0xFF,
    0xDF, 0x94, 0xB2, 0x21, 0x24, 0x5A, 0xCB, 0xB5, 0xB6, 0xE7, 0x3C, 0x04, 0xFF, 0x87, 0xEF, 0x5D,
    0xB5, 0x96, 0x52, 0x8A, 0x08, 0x41, 0x7F, 0x00, 0x41, 0x00, 0x89, 0x73, 0xAE, 0xF7, 0xBE, 0xEF,
    0x7D, 0x7B, 0xCF, 0x00, 0x20, 0x04, 0x00, 0x83, 0x08, 0x41, 0x18, 0xE3, 0x12, 0x00, 0x89, 0x21,
    0x04, 0xDE, 0xDB, 0xFF, 0xDF, 0x9C, 0xF3, 0x00, 0x20, 0x02, 0x00, 0x89, 0x18, 0xC3, 0x4A, 0x69,
    0x94, 0xB2, 0xD6, 0x9A, 0xFF, 0xDF, 0x02, 0xFF, 0x87, 0xE7, 0x3C, 0xAD, 0x55, 0x5A, 0xEB, 0x21,
    0x04, 0x7F, 0x00, 0x3D, 0x00, 0x83, 0x29, 0x65, 0xCE, 0x79, 0x02, 0xFF, 0x83, 0xBD, 0xD7, 0x21,
    0x04, 0x1A, 0x00, 0x87, 0x29, 0x45, 0xDE, 0xFB, 0xFF, 0xDF, 0x94, 0x92, 0x08, 0x00, 0x95, 0x10,
    0x82, 0x42, 0x28, 0x94, 0x92, 0xDE, 0xFB, 0xFF, 0xDF, 0xFF, 0xDF, 0xEF, 0x5D, 0xC6, 0x18, 0x84,
    0x30, 0x42, 0x28, 0x10, 0xA2, 0x7F, 0x00, 0x37, 0x00, 0x83, 0x21, 0x04, 0xC6, 0x38, 0x02, 0xFF,
    0x83, 0xBD, 0xD7, 0x21, 0x04, 0x1A, 0x00, 0x87, 0x4A, 0x69, 0xE7, 0x3C, 0xF7, 0xBE, 0x84, 0x10,
    0x0C, 0x00, 0x89, 0x10, 0x82, 0x52, 0x8A, 0x9C, 0xF3, 0xD6, 0x9A, 0xF7, 0xBE, 0x02, 0xFF, 0x8F,
    0xF7, 0xBE, 0xDE, 0xFB, 0xB5, 0x96, 0x8C, 0x51, 0x63, 0x0C, 0x39, 0xC7, 0x21, 0x04, 0x00, 0x20,
    0x0A, 0x00, 0x89, 0x21, 0x04, 0x4A, 0x49, 0x5A, 0xCB, 0x39, 0xC7, 0x08, 0x61, 0x7F, 0x00, 0x19,
    0x00, 0x8F, 0x42, 0x28, 0xE7, 0x3C, 0xFF, 0xDF, 0x94, 0x92, 0x08, 0x41, 0x18, 0xC3, 0x29, 0x45,
    0x08, 0x61, 0x14, 0x00, 0x87, 0x84, 0x30, 0xF7, 0xBE, 0xEF, 0x7D, 0x5A, 0xCB, 0x10, 0x00, 0x8B,
    0x08, 0x61, 0x42, 0x08, 0x84, 0x10, 0xC6, 0x18, 0xEF, 0x5D, 0xFF, 0xDF, 0x02, 0xFF, 0x8D, 0xF7,
    0xBE, 0xEF, 0x5D, 0xD6, 0x9A, 0xBD, 0xF7, 0x94, 0xB2, 0x5A, 0xEB, 0x21, 0x04, 0x02, 0x00, 0x8F,
    0x18, 0xE3, 0x73, 0x8E, 0xBD, 0xD7, 0xDE, 0xFB, 0xE7, 0x3C, 0xD6, 0x9A, 0x8C, 0x51, 0x21, 0x04,
    0x7F, 0x00, 0x17, 0x00, 0x91, 0x31, 0xA6, 0xDE, 0xDB, 0xFF, 0xDF, 0xBD, 0xF7, 0x73, 0xAE, 0xB5,
    0x96, 0xD6, 0x9A, 0x94, 0x92, 0x39, 0xE7, 0x12, 0x00, 0x81, 0xA5, 0x34, 0x02, 0xFF, 0x83, 0xE7,
    0x1C, 0x29, 0x45, 0x16, 0x00, 0x8D, 0x21, 0x04, 0x63, 0x0C, 0x9C, 0xD3, 0xC6, 0x18, 0xDE, 0xFB,
    0xEF, 0x7D, 0xFF, 0xDF, 0x04, 0xFF, 0x89, 0xEF, 0x5D, 0xBD, 0xD7, 0x73, 0x8E, 0xA5, 0x34, 0xEF,
    0x7D, 0x03, 0xFF, 0x82, 0xDF, 0xF7, 0x9E, 0x02, 0xFF, 0x85, 0xF7, 0x9E, 0x84, 0x30, 0x08, 0x41,
    0x7F, 0x00, 0x16, 0x00, 0x88, 0x20, 0x94, 0xB2, 0xF7, 0xBE, 0xFF, 0xDF, 0xF7, 0x9E, 0x05, 0xFF,
    0x84, 0xDF, 0xC6, 0x38, 0x31, 0xA6, 0x10, 0x00, 0x81, 0xBD, 0xD7, 0x02, 0xFF, 0x85, 0xEF, 0x7D,
    0x8C, 0x51, 0x18, 0xC3, 0x1A, 0x00, 0x8D, 0x18, 0xC3, 0x42, 0x28, 0x6B, 0x4D, 0x8C, 0x71, 0xBD,
    0xF7, 0xDE, 0xFB, 0xFF, 0xDF, 0x02, 0xFF, 0x8D, 0xF7, 0x9E, 0xFF, 0xDF, 0xFF, 0xDF, 0xD6, 0xBA,
    0x8C, 0x51, 0x73, 0xAE, 0xCE, 0x79, 0x02, 0xFF, 0x83, 0xDE, 0xDB, 0x42, 0x08, 0x7F, 0x00, 0x17,
    0x00, 0x91, 0x21, 0x04, 0x94, 0xB2, 0xDE, 0xFB, 0xF7, 0x9E, 0xEF, 0x5D, 0xD6, 0xBA, 0xFF, 0xDF,
    0xFF, 0xDF, 0x8C, 0x71, 0x10, 0x00, 0x83, 0x84, 0x30, 0xEF, 0x7D, 0x02, 0xFF, 0x85, 0xF7, 0xBE,
    0x84, 0x30, 0x00, 0x20, 0x21, 0x00, 0x8E, 0x20, 0x39, 0xC7, 0x94, 0x92, 0xDE, 0xDB, 0xEF, 0x7D,
    0xE7, 0x1C, 0xA5, 0x34, 0x29, 0x65, 0x04, 0x00, 0x87, 0x6B, 0x4D, 0xEF, 0x5D, 0xFF, 0xDF, 0x8C,
    0x51, 0x7F, 0x00, 0x1B, 0x00, 0x89, 0x39, 0xC7, 0x5A, 0xEB, 0x4A, 0x49, 0x84, 0x30, 0xF7, 0xBE,
    0x02, 0xFF, 0x81, 0x9C, 0xD3, 0x10, 0x00, 0x85, 0x08, 0x61, 0x63, 0x2C, 0xCE, 0x59, 0x02, 0xFF,
    0x83, 0xEF, 0x5D, 0x52, 0x8A, 0x26, 0x00, 0x85, 0x29, 0x45, 0x4A, 0x69, 0x31, 0xA6, 0x08, 0x00,
    0x83, 0x10, 0x82, 0xC6, 0x18, 0x02, 0xFF, 0x83, 0xBD, 0xD7, 0x10, 0x82, 0x7F, 0x00, 0x1D, 0x00,
    0x83, 0x39, 0xE7, 0xD6, 0xBA, 0x02, 0xFF, 0x83, 0xCE, 0x79, 0x42, 0x08, 0x14, 0x00, 0x83, 0x52,
    0xAA, 0xDE, 0xFB, 0x02, 0xFF, 0x83, 0xBD, 0xD7, 0x10, 0x82, 0x34, 0x00, 0x87, 0x9C, 0xD3, 0xFF,
    0xDF, 0xE7, 0x1C, 0x31, 0xA6, 0x7F, 0x00, 0x1D, 0x00, 0x87, 0x5A, 0xCB, 0xEF, 0x5D, 0xF7, 0x9E,
    0x6B, 0x4D, 0x16, 0x00, 0x8B, 0x08, 0x61, 0x94, 0x92, 0xF7, 0xBE, 0xF7, 0x9E, 0x63, 0x2C, 0x00,
    0x20, 0x32, 0x00, 0x87, 0x7B, 0xCF, 0xF7, 0x9E, 0xEF, 0x7D, 0x39, 0xE7, 0x7F, 0x00, 0x1D, 0x00,
    0x87, 0x6B, 0x4D, 0xF7, 0x9E, 0xEF, 0x7D, 0x4A, 0x49, 0x18, 0x00, 0x83, 0x39, 0xE7, 0xCE, 0x79,
    0x02, 0xFF, 0x83, 0xD6, 0x9A, 0x42, 0x08, 0x32, 0x00, 0x87, 0x84, 0x10, 0xF7, 0xBE, 0xEF, 0x5D,
    0x39, 0xE7, 0x7F, 0x00, 0x1C, 0x00, 0x82, 0x20, 0x84, 0x30, 0x02, 0xFF, 0x83, 0xDE, 0xFB, 0x29,
    0x65, 0x1A, 0x00, 0x83, 0x73, 0x8E, 0xEF, 0x5D, 0x02, 0xFF, 0x89, 0xB5, 0xB6, 0x6B, 0x6D, 0x6B,
    0x6D, 0x4A, 0x49, 0x08, 0x41, 0x02, 0x00, 0x8D, 0x08, 0x41, 0x29, 0x65, 0x52, 0x8A, 0x5A, 0xCB,
    0x52, 0xAA, 0x39, 0xC7, 0x10, 0x82, 0x1A, 0x00, 0x87, 0xAD, 0x75, 0xFF, 0xDF, 0xD6, 0x9A, 0x29,
    0x45, 0x7F, 0x00, 0x1B, 0x00, 0x83, 0x18, 0xE3, 0xB5, 0x96, 0x02, 0xFF, 0x83, 0xCE, 0x59, 0x00,
    0x20, 0x1A, 0x00, 0x85, 0x10, 0xA2, 0x9C, 0xF3, 0xFF, 0xDF, 0x02, 0xFF, 0x9B, 0xF7, 0x9E, 0xF7,
    0x9E, 0xDE, 0xFB, 0x7B, 0xCF, 0x63, 0x2C, 0xBD, 0xD7, 0xD6, 0xBA, 0xE7, 0x3C, 0xEF, 0x5D, 0xEF,
    0x5D, 0xDE, 0xDB, 0xCE, 0x59, 0x8C, 0x51, 0x42, 0x08, 0x14, 0x00, 0x83, 0x39, 0xC7, 0xD6, 0x9A,
    0x02, 0xFF, 0x83, 0xAD, 0x55, 0x08, 0x41, 0x7F, 0x00, 0x1B, 0x00, 0x87, 0x42, 0x08, 0xE7, 0x1C,
    0xFF, 0xDF, 0x94, 0x92, 0x1E, 0x00, 0x89, 0x21, 0x04, 0xA5, 0x34, 0xEF, 0x7D, 0xF7, 0xBE, 0xF7,
    0xBE, 0x02, 0xFF, 0x83, 0xEF, 0x7D, 0xF7, 0x9E, 0x05, 0xFF, 0x84, 0xDF, 0xF7, 0xBE, 0xFF, 0xDF,
    0x06, 0xFF, 0x85, 0xDE, 0xFB, 0x8C, 0x71, 0x29, 0x65, 0x0F, 0x00, 0x88, 0x20, 0x94, 0x92, 0xF7,
    0xBE, 0xEF, 0x7D, 0x6B, 0x6D, 0x7F, 0x00, 0x1D, 0x00, 0x87, 0x6B, 0x4D, 0xEF, 0x7D, 0xF7, 0x9E,
    0x63, 0x2C, 0x21, 0x00, 0x88, 0x20, 0x42, 0x08, 0x4A, 0x69, 0x8C, 0x71, 0xF7, 0xBE, 0x04, 0xFF,
    0x8D, 0xEF, 0x5D, 0xB5, 0x96, 0x84, 0x10, 0x63, 0x2C, 0x73, 0xAE, 0xA5, 0x34, 0xCE, 0x79, 0x06,
    0xFF, 0x83, 0xD6, 0x9A, 0x52, 0x8A, 0x0C, 0x00, 0x83, 0x6B, 0x4D, 0xEF, 0x5D, 0x02, 0xFF, 0x83,
    0xBD, 0xF7, 0x21, 0x04, 0x7F, 0x00, 0x1D, 0x00, 0x83, 0x5A, 0xCB, 0xE7, 0x3C, 0x02, 0xFF, 0x81,
    0x94, 0xB2, 0x24, 0x00, 0x83, 0x5A, 0xCB, 0xDE, 0xFB, 0x04, 0xFF, 0x83, 0xD6, 0x9A, 0x29, 0x45,
    0x0C, 0x00, 0x85, 0x52, 0x8A, 0xCE, 0x59, 0xFF, 0xDF, 0x02, 0xFF, 0x83, 0xE7, 0x3C, 0x5A, 0xEB,
    0x08, 0x00, 0x83, 0x73, 0xAE, 0xEF, 0x7D, 0x02, 0xFF, 0x83, 0xE7, 0x1C, 0x5A, 0xCB, 0x7F, 0x00,
    0x1F, 0x00, 0x83, 0x21, 0x04, 0xB5, 0xB6, 0x02, 0xFF, 0x83, 0xEF, 0x5D, 0x5A, 0xCB, 0x20, 0x00,
    0x83, 0x21, 0x04, 0xC6, 0x18, 0x02, 0xFF, 0x89, 0xF7, 0x9E, 0xFF, 0xDF, 0xF7, 0xBE, 0xAD, 0x55,
    0x29, 0x65, 0x0C, 0x00, 0x85, 0x18, 0xE3, 0x84, 0x10, 0xEF, 0x7D, 0x02, 0xFF, 0x83, 0xDE, 0xDB,
    0x42, 0x08, 0x02, 0x00, 0x85, 0x42, 0x08, 0xAD, 0x75, 0xF7, 0x9E, 0x02, 0xFF, 0x85, 0xDE, 0xFB,
    0x6B, 0x4D, 0x00, 0x20, 0x7F, 0x00, 0x21, 0x00, 0x83, 0x52, 0x8A, 0xDE, 0xFB, 0x02, 0xFF, 0x83,
    0xA5, 0x14, 0x10, 0x82, 0x1E, 0x00, 0x89, 0x52, 0xAA, 0xE7, 0x3C, 0xF7, 0xBE, 0x9C, 0xD3, 0xCE,
    0x59, 0x03, 0xFF, 0x84, 0xDF, 0xAD, 0x75, 0x18, 0xE3, 0x0D, 0x00, 0x84, 0x20, 0x84, 0x30, 0xF7,
    0xBE, 0x02, 0xFF, 0x87, 0xAD, 0x55, 0x9C, 0xF3, 0xE7, 0x1C, 0xFF, 0xDF, 0x02, 0xFF, 0x85, 0xDE,
    0xDB, 0x63, 0x2C, 0x08, 0x41, 0x7F, 0x00, 0x23, 0x00, 0x83, 0x10, 0xA2, 0xA5, 0x34, 0x02, 0xFF,
    0x83, 0xC6, 0x38, 0x21, 0x24, 0x1E, 0x00, 0x91, 0x7B, 0xCF, 0xF7, 0xBE, 0xE7, 0x1C, 0x52, 0x8A,
    0x42, 0x28, 0xB5, 0xB6, 0xFF, 0xDF, 0xE7, 0x1C, 0x4A, 0x49, 0x08, 0x00, 0x89, 0x08, 0x41, 0x4A,
    0x49, 0x6B, 0x4D, 0x7B, 0xCF, 0xF7, 0x9E, 0x02, 0xFF, 0x83, 0xF7, 0xBE, 0xFF, 0xDF, 0x02, 0xFF,
    0x87, 0xF7, 0x9E, 0xA5, 0x34, 0x4A, 0x69, 0x00, 0x20, 0x7F, 0x00, 0x25, 0x00, 0x83, 0x08, 0x61,
    0x94, 0xB2, 0x02, 0xFF, 0x83, 0xD6, 0x9A, 0x29, 0x45, 0x1E, 0x00, 0x91, 0x73, 0xAE, 0xF7, 0x9E,
    0xEF, 0x5D, 0x73, 0xAE, 0x4A, 0x49, 0x94, 0x92, 0xFF, 0xDF, 0xEF, 0x5D, 0x52, 0x8A, 0x04, 0x00,
    0x8B, 0x08, 0x61, 0x63, 0x0C, 0xBD, 0xD7, 0xDE, 0xFB, 0xEF, 0x7D, 0xF7, 0x9E, 0x06, 0xFF, 0x87,
    0xEF, 0x7D, 0xBD, 0xF7, 0x6B, 0x6D, 0x08, 0x61, 0x7F, 0x00, 0x29, 0x00, 0x83, 0x10, 0x82, 0xA5,
    0x34, 0x02, 0xFF, 0x83, 0xC6, 0x38, 0x21, 0x24, 0x1E, 0x00, 0x83, 0x42, 0x28, 0xDE, 0xDB, 0x02,
    0xFF, 0x85, 0xE7, 0x3C, 0xDE, 0xDB, 0xF7, 0xBE, 0x02, 0xFF, 0x83, 0xCE, 0x59, 0x31, 0x86, 0x04,
    0x00, 0x83, 0x63, 0x2C, 0xE7, 0x1C, 0x04, 0xFF, 0x85, 0xF7, 0xBE, 0xF7, 0x9E, 0xEF, 0x7D, 0x02,
    0xFF, 0x8B, 0xF7, 0xBE, 0x84, 0x30, 0x7B, 0xEF, 0x94, 0xB2, 0x7B, 0xEF, 0x29, 0x65, 0x7F, 0x00,
    0x27, 0x00, 0x83, 0x10, 0xA2, 0xB5, 0x96, 0x02, 0xFF, 0x83, 0xB5, 0x96, 0x10, 0xA2, 0x1F, 0x00,
    0x8E, 0x20, 0x8C, 0x51, 0xEF, 0x5D, 0xFF, 0xDF, 0xFF, 0xDF, 0xF7, 0xBE, 0xCE, 0x79, 0x52, 0xAA,
    0x04, 0x00, 0x83, 0x10, 0xA2, 0xBD, 0xF7, 0x02, 0xFF, 0x89, 0xEF, 0x5D, 0xA5, 0x14, 0x63, 0x0C,
    0x42, 0x28, 0xA5, 0x14, 0x02, 0xFF, 0x8D, 0xF7, 0x9E, 0xC6, 0x38, 0xF7, 0xBE, 0xFF, 0xDF, 0xF7,
    0x9E, 0xAD, 0x55, 0x21, 0x04, 0x7F, 0x00, 0x25, 0x00, 0x83, 0x21, 0x24, 0xC6, 0x18, 0x02, 0xFF,
    0x83, 0xA5, 0x14, 0x08, 0x41, 0x20, 0x00, 0x8B, 0x08, 0x41, 0x4A, 0x49, 0x8C, 0x51, 0x94, 0x92,
    0x5A, 0xCB, 0x18, 0xC3, 0x06, 0x00, 0x83, 0x21, 0x24, 0xE7, 0x1C, 0x02, 0xFF, 0x81, 0xAD, 0x75,
    0x06, 0x00, 0x81, 0x9C, 0xF3, 0x08, 0xFF, 0x81, 0xDE, 0xFB, 0x02, 0xFF, 0x83, 0xEF, 0x7D, 0x63,
    0x0C, 0x7F, 0x00, 0x25, 0x00, 0x87, 0x42, 0x08, 0xDE, 0xFB, 0xFF, 0xDF, 0x84, 0x10, 0x34, 0x00,
    0x83, 0x10, 0x82, 0xB5, 0x96, 0x02, 0xFF, 0x83, 0xDE, 0xFB, 0x4A, 0x69, 0x04, 0x00, 0x81, 0x9C,
    0xF3, 0x06, 0xFF, 0x85, 0xC6, 0x38, 0x31, 0xA6, 0xDE, 0xFB, 0x02, 0xFF, 0x83, 0x8C, 0x51, 0x00,
    0x20, 0x7F, 0x00, 0x23, 0x00, 0x87, 0x5A, 0xCB, 0xEF, 0x5D, 0xF7, 0x9E, 0x5A, 0xCB, 0x36, 0x00,
    0x83, 0x63, 0x2C, 0xEF, 0x5D, 0x02, 0xFF, 0x89, 0xDE, 0xFB, 0x6B, 0x6D, 0x10, 0x82, 0x6B, 0x4D,
    0xF7, 0x9E, 0x03, 0xFF, 0x86, 0xDF, 0x8C, 0x51, 0x10, 0x82, 0xD6, 0x9A, 0x02, 0xFF, 0x83, 0x94,
    0x92, 0x08, 0x41, 0x7F, 0x00, 0x22, 0x00, 0x88, 0x20, 0x84, 0x10, 0xFF, 0xDF, 0xE7, 0x1C, 0x31,
    0xA6, 0x36, 0x00, 0x85, 0x18, 0xC3, 0x8C, 0x51, 0xE7, 0x3C, 0x02, 0xFF, 0x87, 0xEF, 0x5D, 0x94,
    0xB2, 0x29, 0x65, 0xCE, 0x59, 0x03, 0xFF, 0x8C, 0xDF, 0xAD, 0x55, 0x7B, 0xCF, 0xEF, 0x7D, 0xFF,
    0xDF, 0x7B, 0xCF, 0x00, 0x20, 0x7F, 0x00, 0x21, 0x00, 0x83, 0x10, 0xA2, 0xA5, 0x34, 0x02, 0xFF,
    0x83, 0xCE, 0x79, 0x08, 0x41, 0x38, 0x00, 0x85, 0x10, 0x82, 0x6B, 0x4D, 0xD6, 0x9A, 0x02, 0xFF,
    0x85, 0xF7, 0x9E, 0x8C, 0x71, 0x9C, 0xF3, 0x05, 0xFF, 0x82, 0xDF, 0xF7, 0x9E, 0x02, 0xFF, 0x83,
    0xDE, 0xDB, 0x42, 0x28, 0x7F, 0x00, 0x23, 0x00, 0x83, 0x39, 0xC7, 0xD6, 0xBA, 0x02, 0xFF, 0x81,
    0xA5, 0x14, 0x3D, 0x00, 0x84, 0x20, 0x4A, 0x49, 0xCE, 0x79, 0x02, 0xFF, 0x83, 0xE7, 0x1C, 0xB5,
    0x96, 0x02, 0xFF, 0x8B, 0xF7, 0x9E, 0xEF, 0x5D, 0xEF, 0x7D, 0xD6, 0x9A, 0x6B, 0x6D, 0x08, 0x61,
    0x7F, 0x00, 0x23, 0x00, 0x87, 0x73, 0xAE, 0xF7, 0x9E, 0xF7, 0x9E, 0x6B, 0x4D, 0x40, 0x00, 0x87,
    0x52, 0xAA, 0xFF, 0xDF, 0xFF, 0xDF, 0xE7, 0x3C, 0x02, 0xFF, 0x89, 0xC6, 0x18, 0x4A, 0x69, 0x52,
    0x8A, 0x31, 0xA6, 0x00, 0x20, 0x7F, 0x00, 0x23, 0x00, 0x83, 0x18, 0xC3, 0xAD, 0x75, 0x02, 0xFF,
    0x83, 0xCE, 0x79, 0x18, 0xE3, 0x40, 0x00, 0x83, 0x31, 0xA6, 0xFF, 0xDF, 0x05, 0xFF, 0x82, 0xDF,
    0x9C, 0xD3, 0x7F, 0x00, 0x2B, 0x00, 0x87, 0x42, 0x08, 0xD6, 0xBA, 0xFF, 0xDF, 0x94, 0xB2, 0x42,
    0x00, 0x83, 0x4A, 0x69, 0xFF, 0xDF, 0x04, 0xFF, 0x83, 0xEF, 0x5D, 0x52, 0x8A, 0x7F, 0x00, 0x2B,
    0x00, 0x87, 0x6B, 0x4D, 0xEF, 0x7D, 0xEF, 0x5D, 0x63, 0x0C, 0x42, 0x00, 0x83, 0x31, 0x86, 0xEF,
    0x5D, 0x02, 0xFF, 0x83, 0xF7, 0x9E, 0x8C, 0x71, 0x7F, 0x00, 0x2D, 0x00, 0x8B, 0x7B, 0xCF, 0xF7,
    0x9E, 0xDE, 0xFB, 0x42, 0x28, 0x00, 0x20, 0x00, 0x20, 0x3F, 0x00, 0x88, 0x20, 0x73, 0x8E, 0x9C,
    0xF3, 0x7B, 0xCF, 0x18, 0xC3, 0x7F, 0x00, 0x2D, 0x00, 0x91, 0x73, 0x8E, 0xEF, 0x7D, 0xF7, 0x9E,
    0xBD, 0xD7, 0xAD, 0x75, 0xAD, 0x75, 0x94, 0x92, 0x52, 0xAA, 0x08, 0x61, 0x3C, 0x00, 0x81, 0x08,
    0x41, 0x7F, 0x00, 0x31, 0x00, 0x85, 0x39, 0xE7, 0xC6, 0x18, 0xFF, 0xDF, 0x07, 0xFF, 0x84, 0xDF,
    0xE7, 0x3C, 0x8C, 0x51, 0x7F, 0x00, 0x71, 0x00, 0x8B, 0x4A, 0x69, 0xA5, 0x34, 0xC6, 0x18, 0xC6,
    0x38, 0xCE, 0x59, 0xE7, 0x1C, 0x02, 0xFF, 0x83, 0xDE, 0xFB, 0x4A, 0x49, 0x25, 0x00, 0x88, 0x20,
    0x42, 0x08, 0x73, 0xAE, 0x63, 0x0C, 0x18, 0xC3, 0x7F, 0x00, 0x45, 0x00, 0x8D, 0x10, 0xA2, 0x21,
    0x04, 0x21, 0x04, 0x6B, 0x6D, 0xF7, 0x9E, 0xF7, 0x9E, 0x7B, 0xEF, 0x22, 0x00, 0x8B, 0x18, 0xE3,
    0x7B, 0xEF, 0xDE, 0xDB, 0xF7, 0xBE, 0xE7, 0x1C, 0x6B, 0x4D, 0x7F, 0x00, 0x4B, 0x00, 0x87, 0x21,
    0x24, 0xDE, 0xFB, 0xFF, 0xDF, 0x9C, 0xD3, 0x20, 0x00, 0x85, 0x21, 0x04, 0x9C, 0xD3, 0xF7, 0xBE,
    0x04, 0xFF, 0x83, 0xF7, 0xBE, 0x8C, 0x51, 0x7F, 0x00, 0x4B, 0x00, 0x83, 0x10, 0xA2, 0xC6, 0x38,
    0x02, 0xFF, 0x83, 0xB5, 0x96, 0x00, 0x20, 0x1C, 0x00, 0x85, 0x10, 0x82, 0x8C, 0x71, 0xF7, 0xBE,
    0x03, 0xFF, 0x80, 0xDF, 0x02, 0xFF, 0x83, 0xEF, 0x7D, 0x6B, 0x6D, 0x7F, 0x00, 0x4C, 0x00, 0x88,
    0x20, 0xA5, 0x14, 0xFF, 0xDF, 0xEF, 0x7D, 0x73, 0xAE, 0x1C, 0x00, 0x83, 0x73, 0xAE, 0xEF, 0x7D,
    0x02, 0xFF, 0x83, 0xD6, 0x9A, 0xCE, 0x59, 0x02, 0xFF, 0x83, 0xCE, 0x59, 0x31, 0xA6, 0x7F, 0x00,
    0x4D, 0x00, 0x83, 0x4A, 0x49, 0xDE, 0xDB, 0x02, 0xFF, 0x83, 0xE7, 0x3C, 0x52, 0xAA, 0x18, 0x00,
    0x83, 0x39, 0xC7, 0xCE, 0x59, 0x02, 0xFF, 0x8B, 0xD6, 0xBA, 0x9C, 0xD3, 0xFF, 0xDF, 0xF7, 0xBE,
    0x84, 0x30, 0x00, 0x20, 0x7F, 0x00, 0x4F, 0x00, 0x87, 0x6B, 0x6D, 0xEF, 0x5D, 0xFF, 0xDF, 0xB5,
    0x96, 0x18, 0x00, 0x89, 0x8C, 0x51, 0xF7, 0xBE, 0xF7, 0x9E, 0x94, 0xB2, 0xE7, 0x1C, 0x02, 0xFF,
    0x83, 0xC6, 0x38, 0x31, 0xA6, 0x7F, 0x00, 0x51, 0x00, 0x83, 0x08, 0x41, 0xAD, 0x55, 0x02, 0xFF,
    0x83, 0xCE, 0x79, 0x00, 0x20, 0x14, 0x00, 0x83, 0x31, 0x86, 0xCE, 0x59, 0x02, 0xFF, 0x83, 0xD6,
    0xBA, 0xCE, 0x79, 0x02, 0xFF, 0x83, 0xE7, 0x1C, 0x5A, 0xCB, 0x7F, 0x00, 0x54, 0x00, 0x82, 0x20,
    0x9C, 0xD3, 0x02, 0xFF, 0x83, 0xD6, 0x9A, 0x00, 0x20, 0x14, 0x00, 0x8F, 0x73, 0x8E, 0xF7, 0x9E,
    0xFF, 0xDF, 0xE7, 0x3C, 0xFF, 0xDF, 0xF7, 0xBE, 0x84, 0x30, 0x08, 0x61, 0x7F, 0x00, 0x54, 0x00,
    0x82, 0x20, 0x9C, 0xD3, 0x02, 0xFF, 0x83, 0xCE, 0x79, 0x00, 0x20, 0x14, 0x00, 0x83, 0xAD, 0x55,
    0xFF, 0xDF, 0x05, 0xFF, 0x84, 0xDF, 0xAD, 0x55, 0x10, 0xA2, 0x7F, 0x00, 0x56, 0x00, 0x82, 0x20,
    0x94, 0x92, 0x02, 0xFF, 0x83, 0xE7, 0x3C, 0x39, 0xE7, 0x12, 0x00, 0x83, 0x31, 0x86, 0xCE, 0x79,
    0x05, 0xFF, 0x84, 0xDF, 0xB5, 0xB6, 0x21, 0x24, 0x7F, 0x00, 0x23, 0x00, 0x84, 0x08, 0x61, 0x4A,
    0x69, 0x42, 0x02, 0x08, 0x80, 0x41, 0x2E, 0x00, 0x83, 0x63, 0x2C, 0xEF, 0x7D, 0x02, 0xFF, 0x85,
    0xCE, 0x79, 0x42, 0x28, 0x00, 0x20, 0x0A, 0x00, 0x84, 0x21, 0x24, 0x73, 0x8E, 0xBD, 0x02, 0xF7,
    0x80, 0xBE, 0x02, 0xFF, 0x85, 0xF7, 0x9E, 0xAD, 0x55, 0x29, 0x45, 0x7F, 0x00, 0x0D, 0x00, 0x83,
    0x08, 0x61, 0x08, 0x41, 0x12, 0x00, 0x89, 0x10, 0xA2, 0xB5, 0xB6, 0xEF, 0x7D, 0xE7, 0x3C, 0x73,
    0xAE, 0x2E, 0x00, 0x85, 0x08, 0x61, 0x94, 0xB2, 0xF7, 0xBE, 0x02, 0xFF, 0x91, 0xEF, 0x7D, 0xC6,
    0x38, 0xA5, 0x34, 0x94, 0x92, 0x94, 0xB2, 0xAD, 0x55, 0xC6, 0x38, 0xDE, 0xFB, 0xF7, 0xBE, 0x04,
    0xFF, 0x85, 0xF7, 0x9E, 0x84, 0x30, 0x10, 0x82, 0x7F, 0x00, 0x0C, 0x00, 0x88, 0x20, 0x73, 0xAE,
    0xD6, 0x9A, 0xB5, 0x96, 0x18, 0xE3, 0x0F, 0x00, 0x84, 0x20, 0xA5, 0x14, 0xFF, 0xDF, 0x04, 0xFF,
    0x81, 0x9C, 0xF3, 0x30, 0x00, 0x87, 0x18, 0xC3, 0x84, 0x30, 0xDE, 0xFB, 0xFF, 0xDF, 0x03, 0xFF,
    0x86, 0xDF, 0xFF, 0xDF, 0xFF, 0xDF, 0xFF, 0xDF, 0x04, 0xFF, 0x83, 0xEF, 0x7D, 0xE7, 0x3C, 0x02,
    0xFF, 0x83, 0xDE, 0xFB, 0x42, 0x28, 0x7F, 0x00, 0x0D, 0x00, 0x83, 0x42, 0x08, 0xD6, 0x9A, 0x02,
    0xFF, 0x8D, 0xDE, 0xFB, 0x39, 0xC7, 0x08, 0x41, 0x6B, 0x6D, 0xA5, 0x34, 0xA5, 0x14, 0x5A, 0xCB,
    0x04, 0x00, 0x83, 0x39, 0xE7, 0xEF, 0x5D, 0x05, 0xFF, 0x82, 0xDF, 0x94, 0x92, 0x32, 0x00, 0x9D,
    0x08, 0x41, 0x42, 0x28, 0x84, 0x30, 0xAD, 0x55, 0xD6, 0x9A, 0xDE, 0xDB, 0xDE, 0xDB, 0xCE, 0x79,
    0xAD, 0x55, 0x8C, 0x71, 0x63, 0x0C, 0x94, 0x92, 0xFF, 0xDF, 0xD6, 0x9A, 0x31, 0xA6, 0x7F, 0x00,
    0x0C, 0x00, 0x84, 0x20, 0x84, 0x10, 0xF7, 0x9E, 0x02, 0xFF, 0x93, 0xBD, 0xD7, 0x18, 0xE3, 0x63,
    0x0C, 0xE7, 0x3C, 0xFF, 0xDF, 0xFF, 0xDF, 0xD6, 0xBA, 0x52, 0x8A, 0x08, 0x61, 0xA5, 0x14, 0x06,
    0xFF, 0x83, 0xEF, 0x5D, 0x63, 0x0C, 0x37, 0x00, 0x8E, 0x20, 0x10, 0xA2, 0x21, 0x24, 0x29, 0x65,
    0x29, 0x45, 0x21, 0x24, 0x10, 0xA2, 0x08, 0x41, 0x02, 0x00, 0x87, 0x8C, 0x51, 0xFF, 0xDF, 0xD6,
    0x9A, 0x31, 0x86, 0x7F, 0x00, 0x0B, 0x00, 0x83, 0x63, 0x2C, 0xDE, 0xDB, 0x02, 0xFF, 0x87, 0xDE,
    0xFB, 0x5A, 0xCB, 0x08, 0x41, 0xB5, 0xB6, 0x02, 0xFF, 0x8B, 0xEF, 0x5D, 0xF7, 0x9E, 0xF7, 0xBE,
    0x8C, 0x71, 0x42, 0x08, 0xE7, 0x1C, 0x06, 0xFF, 0x83, 0xBD, 0xD7, 0x18, 0xC3, 0x48, 0x00, 0x87,
    0x84, 0x30, 0xFF, 0xDF, 0xD6, 0x9A, 0x31, 0x86, 0x7F, 0x00, 0x09, 0x00, 0x83, 0x4A, 0x49, 0xCE,
    0x79, 0x04, 0xFF, 0x87, 0xAD, 0x75, 0x08, 0x41, 0x42, 0x08, 0xEF, 0x5D, 0x02, 0xFF, 0x89, 0xA5,
    0x34, 0xD6, 0x9A, 0xFF, 0xDF, 0xA5, 0x14, 0x8C, 0x51, 0x06, 0xFF, 0x83, 0xDE, 0xFB, 0x52, 0xAA,
    0x4A, 0x00, 0x87, 0x84, 0x30, 0xFF, 0xDF, 0xD6, 0x9A, 0x31, 0xA6, 0x7F, 0x00, 0x07, 0x00, 0x85,
    0x31, 0x86, 0xBD, 0xF7, 0xFF, 0xDF, 0x02, 0xFF, 0x87, 0xF7, 0xBE, 0x84, 0x30, 0x00, 0x20, 0x7B,
    0xEF, 0x02, 0xFF, 0x8B, 0xE7, 0x3C, 0x94, 0x92, 0xEF, 0x7D, 0xF7, 0xBE, 0x8C, 0x71, 0xCE, 0x59,
    0x04, 0xFF, 0x85, 0xEF, 0x7D, 0x73, 0xAE, 0x08, 0x41, 0x4A, 0x00, 0x87, 0x84, 0x30, 0xFF, 0xDF,
    0xD6, 0x9A, 0x31, 0xA6, 0x7F, 0x00, 0x05, 0x00, 0x85, 0x10, 0xA2, 0xB5, 0x96, 0xFF, 0xDF, 0x04,
    0xFF, 0x87, 0xF7, 0x9E, 0x6B, 0x4D, 0x18, 0xC3, 0xB5, 0xB6, 0x02, 0xFF, 0x83, 0xE7, 0x1C, 0xE7,
    0x1C, 0x02, 0xFF, 0x85, 0xD6, 0xBA, 0x6B, 0x4D, 0xEF, 0x5D, 0x04, 0xFF, 0x87, 0xAD, 0x55, 0x73,
    0x8E, 0x84, 0x10, 0x39, 0xC7, 0x07, 0x00, 0x86, 0x20, 0x42, 0x08, 0x5A, 0xCB, 0x21, 0x24, 0x3A,
    0x00, 0x87, 0x94, 0x92, 0xFF, 0xDF, 0xCE, 0x79, 0x29, 0x65, 0x7F, 0x00, 0x03, 0x00, 0x93, 0x21,
    0x24, 0xA5, 0x34, 0xFF, 0xDF, 0xF7, 0xBE, 0xC6, 0x38, 0xF7, 0x9E, 0xEF, 0x7D, 0x5A, 0xEB, 0x42,
    0x08, 0xDE, 0xFB, 0x06, 0xFF, 0x87, 0xE7, 0x3C, 0x73, 0x8E, 0x84, 0x30, 0xFF, 0xDF, 0x02, 0xFF,
    0x85, 0xDE, 0xDB, 0xBD, 0xD7, 0xFF, 0xDF, 0x02, 0xFF, 0x83, 0xC6, 0x18, 0x08, 0x61, 0x02, 0x00,
    0x93, 0x29, 0x65, 0xAD, 0x55, 0xE7, 0x3C, 0xF7, 0xBE, 0xD6, 0x9A, 0x6B, 0x6D, 0x00, 0x20, 0x39,
    0xE7, 0x84, 0x10, 0x39, 0xE7, 0x02, 0x00, 0x83, 0x08, 0x61, 0x08, 0x41, 0x2A, 0x00, 0x81, 0xBD,
    0xD7, 0x02, 0xFF, 0x83, 0xBD, 0xF7, 0x21, 0x04, 0x7F, 0x00, 0x8B, 0x00, 0x29, 0x45, 0xAD, 0x55,
    0xFF, 0xDF, 0xFF, 0xDF, 0xA5, 0x14, 0x7B, 0x02, 0xEF, 0x88, 0x7D, 0xEF, 0x7D, 0x5A, 0xEB, 0x84,
    0x10, 0xF7, 0x9E, 0x04, 0xFF, 0x87, 0xE7, 0x3C, 0x7B, 0xCF, 0x21, 0x04, 0xB5, 0x96, 0x03, 0xFF,
    0x82, 0xDF, 0xE7, 0x3C, 0x06, 0xFF, 0x89, 0xE7, 0x3C, 0x29, 0x65, 0x29, 0x65, 0xC6, 0x18, 0xFF,
    0xDF, 0x02, 0xFF, 0x81, 0xF7, 0xBE, 0x02, 0xFF, 0x91, 0xD6, 0x9A, 0x42, 0x08, 0xC6, 0x18, 0xFF,
    0xDF, 0xBD, 0xF7, 0x8C, 0x71, 0xBD, 0xD7, 0xAD, 0x55, 0x52, 0x8A, 0x06, 0x00, 0x87, 0x18, 0xE3,
    0x4A, 0x49, 0x42, 0x28, 0x18, 0xE3, 0x18, 0x00, 0x83, 0x29, 0x45, 0xDE, 0xDB, 0x02, 0xFF, 0x83,
    0x9C, 0xD3, 0x00, 0x20, 0x7E, 0x00, 0x95, 0x29, 0x45, 0xA5, 0x34, 0xF7, 0xBE, 0xFF, 0xDF, 0xAD,
    0x55, 0x29, 0x65, 0x84, 0x10, 0xF7, 0x9E, 0xF7, 0xBE, 0xCE, 0x79, 0xEF, 0x7D, 0x03, 0xFF, 0x8A,
    0xDF, 0xCE, 0x59, 0x6B, 0x4D, 0x10, 0x82, 0x63, 0x0C, 0xE7, 0x3C, 0x02, 0xFF, 0x87, 0xF7, 0xBE,
    0xFF, 0xDF, 0xFF, 0xDF, 0xDE, 0xDB, 0x02, 0xFF, 0x8D, 0xE7, 0x3C, 0x29, 0x65, 0x8C, 0x51, 0xFF,
    0xDF, 0xF7, 0xBE, 0xAD, 0x55, 0xD6, 0x9A, 0x02, 0xFF, 0x85, 0xDE, 0xDB, 0x73, 0xAE, 0xEF, 0x7D,
    0x03, 0xFF, 0x82, 0xDF, 0xFF, 0xDF, 0x03, 0xFF, 0x92, 0xDF, 0xC6, 0x18, 0x29, 0x45, 0x18, 0xE3,
    0x73, 0xAE, 0xC6, 0x18, 0xEF, 0x7D, 0xEF, 0x7D, 0xBD, 0xF7, 0x5A, 0xEB, 0x16, 0x00, 0x87, 0x7B,
    0xCF, 0xF7, 0xBE, 0xEF, 0x7D, 0x6B, 0x4D, 0x7E, 0x00, 0x91, 0x29, 0x65, 0xAD, 0x55, 0xF7, 0xBE,
    0xFF, 0xDF, 0xB5, 0xB6, 0x29, 0x65, 0x39, 0xC7, 0xB5, 0x96, 0xFF, 0xDF, 0x08, 0xFF, 0x89, 0xC6,
    0x18, 0x42, 0x08, 0x00, 0x20, 0x29, 0x45, 0xBD, 0xF7, 0x08, 0xFF, 0x83, 0xC6, 0x38, 0xAD, 0x75,
    0x02, 0xFF, 0x85, 0xE7, 0x1C, 0x31, 0x86, 0xCE, 0x59, 0x02, 0xFF, 0x8D, 0xCE, 0x59, 0xAD, 0x55,
    0xF7, 0x9E, 0xFF, 0xDF, 0xA5, 0x34, 0xA5, 0x14, 0xFF, 0xDF, 0x04, 0xFF, 0x8D, 0xF7, 0x9E, 0xD6,
    0x9A, 0xF7, 0xBE, 0xEF, 0x5D, 0x63, 0x2C, 0xA5, 0x34, 0xEF, 0x7D, 0x03, 0xFF, 0x80, 0xDF, 0x04,
    0xFF, 0x83, 0xCE, 0x79, 0x63, 0x0C, 0x12, 0x00, 0x83, 0x21, 0x04, 0xC6, 0x38, 0x02, 0xFF, 0x83,
    0xC6, 0x18, 0x29, 0x45, 0x7C, 0x00, 0x91, 0x29, 0x45, 0xAD, 0x55, 0xF7, 0xBE, 0xFF, 0xDF, 0xBD,
    0xF7, 0x39, 0xC7, 0x73, 0xAE, 0xD6, 0xBA, 0xFF, 0xDF, 0x03, 0xFF, 0x84, 0xDF, 0xDE, 0xDB, 0xF7,
    0xBE, 0x02, 0xFF, 0x89, 0x7B, 0xEF, 0x00, 0x20, 0x00, 0x20, 0x84, 0x10, 0xF7, 0x9E, 0x06, 0xFF,
    0x85, 0xE7, 0x1C, 0x5A, 0xCB, 0xC6, 0x18, 0x02, 0xFF, 0x85, 0xC6, 0x38, 0x52, 0x8A, 0xEF, 0x5D,
    0x02, 0xFF, 0x8B, 0xDE, 0xFB, 0xF7, 0x9E, 0xFF, 0xDF, 0xC6, 0x18, 0x52, 0xAA, 0xCE, 0x59, 0x05,
    0xFF, 0x8C, 0xDF, 0xA5, 0x14, 0x73, 0xAE, 0xF7, 0x9E, 0xF7, 0xBE, 0xC6, 0x18, 0xFF, 0xDF, 0x02,
    0xFF, 0x87, 0xEF, 0x7D, 0xA5, 0x34, 0xBD, 0xD7, 0xF7, 0xBE, 0x02, 0xFF, 0x83, 0xD6, 0xBA, 0x00,
    0x20, 0x0E, 0x00, 0x8B, 0x10, 0x82, 0x84, 0x30, 0xF7, 0xBE, 0xF7, 0x9E, 0x7B, 0xCF, 0x00, 0x20,
    0x7A, 0x00, 0x8F, 0x29, 0x65, 0xAD, 0x75, 0xF7, 0xBE, 0xFF, 0xDF, 0xBD, 0xF7, 0x4A, 0x49, 0xA5,
    0x14, 0xEF, 0x7D, 0x03, 0xFF, 0x80, 0xDF, 0x02, 0xFF, 0x89, 0xE7, 0x1C, 0x8C, 0x51, 0xEF, 0x7D,
    0xFF, 0xDF, 0x5A, 0xEB, 0x02, 0x00, 0x83, 0x31, 0xA6, 0xCE, 0x59, 0x07, 0xFF, 0x86, 0xDF, 0x94,
    0x92, 0x18, 0xC3, 0xCE, 0x79, 0x02, 0xFF, 0x85, 0xA5, 0x34, 0x63, 0x0C, 0xFF, 0xDF, 0x06, 0xFF,
    0x87, 0xC6, 0x18, 0x4A, 0x49, 0x8C, 0x71, 0xF7, 0x9E, 0x04, 0xFF, 0x87, 0xC6, 0x38, 0x31, 0xA6,
    0x9C, 0xD3, 0xFF, 0xDF, 0x03, 0xFF, 0x80, 0xDF, 0x03, 0xFF, 0x88, 0xDF, 0x9C, 0xD3, 0x10, 0xA2,
    0x63, 0x2C, 0xEF, 0x7D, 0x02, 0xFF, 0x83, 0xDE, 0xDB, 0x08, 0x41, 0x0C, 0x00, 0x85, 0x08, 0x61,
    0x6B, 0x6D, 0xE7, 0x3C, 0x02, 0xFF, 0x83, 0xBD, 0xD7, 0x29, 0x65, 0x7A, 0x00, 0x9B, 0x21, 0x24,
    0xAD, 0x75, 0xFF, 0xDF, 0xFF, 0xDF, 0xBD, 0xD7, 0x39, 0xC7, 0x94, 0x92, 0xFF, 0xDF, 0xFF, 0xDF,
    0xCE, 0x79, 0xBD, 0xD7, 0xFF, 0xDF, 0xDE, 0xFB, 0x9C, 0xF3, 0x02, 0xFF, 0x89, 0xE7, 0x1C, 0x31,
    0xA6, 0x08, 0x41, 0x9C, 0xD3, 0xFF, 0xDF, 0x06, 0xFF, 0x87, 0xE7, 0x1C, 0x29, 0x65, 0x29, 0x65,
    0xE7, 0x3C, 0x02, 0xFF, 0x85, 0x94, 0xB2, 0x5A, 0xEB, 0xF7, 0x9E, 0x04, 0xFF, 0x87, 0xC6, 0x18,
    0x42, 0x08, 0x7B, 0xCF, 0xEF, 0x5D, 0x04, 0xFF, 0x87, 0xF7, 0x9E, 0x5A, 0xCB, 0x10, 0x82, 0xBD,
    0xD7, 0x08, 0xFF, 0x8D, 0xEF, 0x7D, 0x52, 0xAA, 0x08, 0x41, 0x9C, 0xD3, 0xFF, 0xDF, 0xF7, 0xBE,
    0x94, 0xB2, 0x0C, 0x00, 0x85, 0x10, 0xA2, 0x73, 0xAE, 0xE7, 0x1C, 0x02, 0xFF, 0x83, 0xDE, 0xDB,
    0x4A, 0x69, 0x71, 0x00, 0x80, 0x20, 0x08, 0x00, 0x83, 0x21, 0x04, 0xB5, 0xB6, 0x03, 0xFF, 0x88,
    0xDF, 0xB5, 0x96, 0x31, 0x86, 0x21, 0x24, 0xC6, 0x18, 0x02, 0xFF, 0x8B, 0xD6, 0xBA, 0x39, 0xC7,
    0x84, 0x30, 0xF7, 0xBE, 0xE7, 0x1C, 0xA5, 0x34, 0x02, 0xFF, 0x87, 0xD6, 0xBA, 0x18, 0xC3, 0x5A,
    0xCB, 0xE7, 0x3C, 0x08, 0xFF, 0x81, 0xB5, 0x96, 0x02, 0x00, 0x89, 0x42, 0x08, 0xF7, 0x9E, 0xF7,
    0xBE, 0x8C, 0x51, 0xC6, 0x18, 0x04, 0xFF, 0x87, 0xE7, 0x3C, 0x5A, 0xEB, 0x9C, 0xF3, 0xEF, 0x7D,
    0x06, 0xFF, 0x87, 0xB5, 0x96, 0x08, 0x41, 0x39, 0xC7, 0xDE, 0xDB, 0x05, 0xFF, 0x8A, 0xDF, 0xFF,
    0xDF, 0xF7, 0x9E, 0x6B, 0x4D, 0x6B, 0x6D, 0xDE, 0xFB, 0x02, 0xFF, 0x83, 0xD6, 0xBA, 0x39, 0xC7,
    0x09, 0x00, 0x86, 0x20, 0x42, 0x08, 0xA5, 0x14, 0xEF, 0x7D, 0x02, 0xFF, 0x83, 0xE7, 0x1C, 0x5A,
    0xEB, 0x6E, 0x00, 0x89, 0x29, 0x45, 0xA5, 0x14, 0xBD, 0xF7, 0xA5, 0x34, 0x39, 0xE7, 0x02, 0x00,
    0x83, 0x42, 0x08, 0xCE, 0x59, 0x03, 0xFF, 0x84, 0xDF, 0xA5, 0x34, 0x21, 0x04, 0x02, 0x00, 0x83,
    0x10, 0xA2, 0xA5, 0x34, 0x02, 0xFF, 0x8B, 0xF7, 0x9E, 0x7B, 0xEF, 0x84, 0x10, 0xF7, 0x9E, 0xE7,
    0x3C, 0xA5, 0x34, 0x02, 0xFF, 0x85, 0xD6, 0xBA, 0x31, 0x86, 0xC6, 0x18, 0x02, 0xFF, 0x83, 0xF7,
    0x9E, 0xFF, 0xDF, 0x02, 0xFF, 0x83, 0xF7, 0xBE, 0x73, 0xAE, 0x02, 0x00, 0x87, 0x4A, 0x49, 0xF7,
    0x9E, 0xFF, 0xDF, 0xE7, 0x3C, 0x03, 0xFF, 0x80, 0xDF, 0x04, 0xFF, 0x81, 0xF7, 0xBE, 0x05, 0xFF,
    0x80, 0xDF, 0x02, 0xFF, 0x83, 0xEF, 0x7D, 0x52, 0xAA, 0x02, 0x00, 0x83, 0x42, 0x08, 0xE7, 0x1C,
    0x02, 0xFF, 0x85, 0xF7, 0x9E, 0xA5, 0x14, 0xDE, 0xDB, 0x02, 0xFF, 0x83, 0xF7, 0x9E, 0xFF, 0xDF,
    0x04, 0xFF, 0x8F, 0xEF, 0x5D, 0x9C, 0xF3, 0x52, 0xAA, 0x4A, 0x49, 0x5A, 0xCB, 0x94, 0xB2, 0xBD,
    0xF7, 0xEF, 0x5D, 0x04, 0xFF, 0x83, 0xD6, 0x9A, 0x52, 0x8A, 0x70, 0x00, 0x83, 0x9C, 0xF3, 0xFF,
    0xDF, 0x02, 0xFF, 0x87, 0xF7, 0xBE, 0x8C, 0x51, 0x7B, 0xCF, 0xE7, 0x1C, 0x02, 0xFF, 0x85, 0xF7,
    0xBE, 0xA5, 0x14, 0x21, 0x24, 0x06, 0x00, 0x83, 0x4A, 0x49, 0xD6, 0x9A, 0x02, 0xFF, 0x97, 0xF7,
    0x9E, 0xD6, 0x9A, 0xF7, 0xBE, 0xEF, 0x7D, 0xA5, 0x14, 0xFF, 0xDF, 0xEF, 0x7D, 0xCE, 0x59, 0xFF,
    0xDF, 0xF7, 0x9E, 0xB5, 0xB6, 0xEF, 0x7D, 0x02, 0xFF, 0x83, 0xDE, 0xDB, 0x18, 0xE3, 0x02, 0x00,
    0x83, 0x42, 0x28, 0xF7, 0x9E, 0x04, 0xFF, 0x95, 0xF7, 0x9E, 0x9C, 0xD3, 0xAD, 0x55, 0xEF, 0x5D,
    0xF7, 0x9E, 0xE7, 0x1C, 0xAD, 0x75, 0x8C, 0x51, 0xC6, 0x38, 0x94, 0xB2, 0x10, 0x82, 0x02, 0x00,
    0x95, 0x29, 0x45, 0xBD, 0xF7, 0xE7, 0x3C, 0x9C, 0xD3, 0x21, 0x04, 0x7B, 0xEF, 0xDE, 0xFB, 0xF7,
    0x9E, 0xEF, 0x7D, 0xD6, 0x9A, 0xEF, 0x5D, 0x05, 0xFF, 0x84, 0xDF, 0xFF, 0xDF, 0xFF, 0xDF, 0x05,
    0xFF, 0x86, 0xDF, 0xE7, 0x3C, 0xAD, 0x55, 0x39, 0xE7, 0x72, 0x00, 0x81, 0xAD, 0x55, 0x06, 0xFF,
    0x83, 0xEF, 0x5D, 0xF7, 0xBE, 0x02, 0xFF, 0x85, 0xEF, 0x5D, 0x8C, 0x71, 0x18, 0xE3, 0x09, 0x00,
    0x86, 0x20, 0x52, 0x8A, 0xD6, 0x9A, 0xFF, 0xDF, 0x04, 0xFF, 0x85, 0xEF, 0x7D, 0x73, 0x8E, 0xDE,
    0xFB, 0x05, 0xFF, 0x8A, 0xDF, 0xAD, 0x55, 0x5A, 0xCB, 0xE7, 0x1C, 0xFF, 0xDF, 0x9C, 0xF3, 0x04,
    0x00, 0x9B, 0x18, 0xE3, 0xC6, 0x38, 0xF7, 0xBE, 0xEF, 0x5D, 0x8C, 0x71, 0x18, 0xC3, 0x18, 0xE3,
    0x52, 0xAA, 0x63, 0x0C, 0x4A, 0x69, 0x18, 0xE3, 0x08, 0x61, 0x29, 0x65, 0x10, 0xA2, 0x06, 0x00,
    0x85, 0x39, 0xC7, 0x52, 0x8A, 0x21, 0x04, 0x02, 0x00, 0x9F, 0x08, 0x61, 0x4A, 0x49, 0x63, 0x0C,
    0x5A, 0xEB, 0x39, 0xC7, 0x6B, 0x4D, 0xBD, 0xD7, 0xE7, 0x1C, 0xF7, 0xBE, 0xF7, 0xBE, 0xF7, 0xBE,
    0xE7, 0x3C, 0xCE, 0x59, 0xA5, 0x14, 0x52, 0xAA, 0x18, 0xC3, 0x74, 0x00, 0x8F, 0x4A, 0x49, 0xCE,
    0x79, 0xF7, 0xBE, 0xFF, 0xDF, 0xFF, 0xDF, 0xF7, 0x9E, 0xCE, 0x79, 0x7B, 0xCF, 0x10, 0x00, 0x9D,
    0x4A, 0x49, 0xB5, 0xB6, 0xEF, 0x5D, 0xF7, 0xBE, 0xC6, 0x18, 0x31, 0xA6, 0x84, 0x10, 0xDE, 0xFB,
    0xE7, 0x1C, 0xAD, 0x55, 0x31, 0xA6, 0x18, 0xE3, 0x9C, 0xD3, 0xAD, 0x75, 0x42, 0x08, 0x06, 0x00,
    0x87, 0x42, 0x28, 0x7B, 0xCF, 0x63, 0x0C, 0x08, 0x41, 0x2C, 0x00, 0x8D, 0x10, 0xA2, 0x52, 0x8A,
    0x6B, 0x4D, 0x6B, 0x4D, 0x6B, 0x4D, 0x52, 0xAA, 0x21, 0x24, 0x7C, 0x00, 0x8B, 0x39, 0xE7, 0x84,
    0x10, 0x94, 0xB2, 0x94, 0x92, 0x73, 0xAE, 0x31, 0x86, 0x14, 0x00, 0x87, 0x21, 0x04, 0x63, 0x2C,
    0x7B, 0xEF, 0x42, 0x28, 0x02, 0x00, 0x87, 0x08, 0x61, 0x42, 0x28, 0x4A, 0x69, 0x18, 0xC3, 0x05,
    0x00, 0x82, 0x20, 0x08, 0x41, 0x7F, 0x00, 0x7F, 0x00, 0x7F, 0x00, 0x7F, 0x00, 0x7F, 0x00, 0x7F,
    0x00, 0x7F, 0x00, 0x7F, 0x00, 0x7F, 0x00, 0x7F, 0x00, 0x7F, 0x00, 0x7F, 0x00, 0x7F, 0x00, 0x7F,
    0x00, 0x7F, 0x00, 0x7F, 0x00, 0x7F, 0x00, 0x7F, 0x00, 0x7F, 0x00, 0x7F, 0x00, 0x7F, 0x00, 0x7F,
    0x00, 0x7F, 0x00, 0x5B, 0x00, 0x02, 0xFD, 0x06, 0x00, 0x00, 0x08, 0x00, 0x01, 0xFF, 0x64, 0x00,
    0x05, 0xFA, 0x28, 0x17, 0x00, 0x7F, 0x00, 0x7F, 0x00, 0x7F, 0x00, 0x7F, 0x00, 0x7F, 0x00, 0x7F,
    0x00, 0x7F, 0x00, 0x7F, 0x00, 0x7F, 0x00, 0x7F, 0x00, 0x7F, 0x00, 0x7F, 0x00, 0x7F, 0x00, 0x7F,
    0x00, 0x7F, 0x00, 0x7F, 0x00, 0x7F, 0x00, 0x7F, 0x00, 0x7F, 0x00, 0x7F, 0x00, 0x7F, 0x00, 0x7F,
    0x00, 0x7F, 0x00, 0x7F, 0x00, 0x7F, 0x00, 0x7F, 0x00, 0x7F, 0x00, 0x7F, 0x00, 0x7F, 0x00, 0x7F,
    0x00, 0x7F, 0x00, 0x7F, 0x00, 0x7F, 0x00, 0x7F, 0x00, 0x7F, 0x00, 0x7F, 0x00, 0x7F, 0x00, 0x3E,
    0x00, 0x8A, 0x20, 0x18, 0xC3, 0x29, 0x65, 0x31, 0xA6, 0x29, 0x45, 0x10, 0xA2, 0x7F, 0x00, 0x71,
    0x00, 0x99, 0x42, 0x08, 0x84, 0x30, 0xB5, 0x96, 0xC6, 0x18, 0xCE, 0x79, 0xD6, 0x9A, 0xCE, 0x59,
    0xBD, 0xF7, 0xB5, 0x96, 0x94, 0x92, 0x63, 0x0C, 0x39, 0xE7, 0x10, 0x82, 0x7F, 0x00, 0x63, 0x00,
    0x87, 0x10, 0x82, 0x73, 0xAE, 0xD6, 0x9A, 0xF7, 0x9E, 0x05, 0xFF, 0x84, 0xDF, 0xF7, 0xBE, 0xFF,
    0xDF, 0x04, 0xFF, 0x8D, 0xF7, 0xBE, 0xEF, 0x7D, 0xD6, 0xBA, 0xAD, 0x75, 0x7B, 0xEF, 0x4A, 0x69,
    0x21, 0x24, 0x7F, 0x00, 0x5D, 0x00, 0x83, 0x73, 0xAE, 0xE7, 0x3C, 0x02, 0xFF, 0x95, 0xEF, 0x7D,
    0xC6, 0x18, 0xAD, 0x55, 0x94, 0xB2, 0x8C, 0x51, 0x9C, 0xD3, 0xAD, 0x75, 0xBD, 0xF7, 0xDE, 0xFB,
    0xF7, 0xBE, 0xFF, 0xDF, 0x02, 0xFF, 0x8B, 0xF7, 0x9E, 0xDE, 0xFB, 0xB5, 0xB6, 0x84, 0x10, 0x39,
    0xC7, 0x08, 0x61, 0x7F, 0x00, 0x55, 0x00, 0x83, 0x31, 0xA6, 0xD6, 0xBA, 0x02, 0xFF, 0x85, 0xD6,
    0x9A, 0x6B, 0x4D, 0x18, 0xC3, 0x0A, 0x00, 0x8D, 0x10, 0x82, 0x39, 0xC7, 0x63, 0x0C, 0x9C, 0xF3,
    0xC6, 0x18, 0xE7, 0x3C, 0xFF, 0xDF, 0x02, 0xFF, 0x89, 0xF7, 0xBE, 0xD6, 0x9A, 0x94, 0x92, 0x4A,
    0x49, 0x10, 0xA2, 0x7F, 0x00, 0x50, 0x00, 0x88, 0x20, 0x8C, 0x71, 0xFF, 0xDF, 0xE7, 0x3C, 0x63,
    0x0C, 0x16, 0x00, 0x89, 0x18, 0xC3, 0x42, 0x28, 0x84, 0x30, 0xC6, 0x38, 0xF7, 0x9E, 0x03, 0xFF,
    0x88, 0xDF, 0xE7, 0x1C, 0xAD, 0x55, 0x52, 0x8A, 0x00, 0x20, 0x7F, 0x00, 0x4B, 0x00, 0x83, 0x29,
    0x45, 0xCE, 0x79, 0x02, 0xFF, 0x83, 0xAD, 0x75, 0x18, 0xC3, 0x1C, 0x00, 0x89, 0x08, 0x61, 0x52,
    0xAA, 0xAD, 0x55, 0xE7, 0x1C, 0xFF, 0xDF, 0x02, 0xFF, 0x87, 0xEF, 0x7D, 0xAD, 0x75, 0x4A, 0x69,
    0x08, 0x61, 0x7F, 0x00, 0x47, 0x00, 0x87, 0x63, 0x2C, 0xEF, 0x7D, 0xFF, 0xDF, 0x63, 0x2C, 0x22,
    0x00, 0x89, 0x10, 0xA2, 0x4A, 0x69, 0x8C, 0x71, 0xD6, 0x9A, 0xFF, 0xDF, 0x02, 0xFF, 0x87, 0xE7,
    0x3C, 0xA5, 0x34, 0x52, 0x8A, 0x08, 0x41, 0x7F, 0x00, 0x41, 0x00, 0x83, 0x08, 0x61, 0xA5, 0x34,
    0x02, 0xFF, 0x83, 0xD6, 0xBA, 0x29, 0x65, 0x26, 0x00, 0x91, 0x08, 0x61, 0x39, 0xE7, 0x8C, 0x71,
    0xDE, 0xDB, 0xF7, 0xBE, 0xFF, 0xDF, 0xE7, 0x1C, 0x94, 0xB2, 0x31, 0xA6, 0x7F, 0x00, 0x3F, 0x00,
    0x83, 0x39, 0xC7, 0xD6, 0x9A, 0x02, 0xFF, 0x83, 0xA5, 0x14, 0x08, 0x61, 0x2B, 0x00, 0x90, 0x20,
    0x4A, 0x49, 0x9C, 0xD3, 0xDE, 0xFB, 0xFF, 0xDF, 0xF7, 0xBE, 0xCE, 0x59, 0x73, 0x8E, 0x18, 0xC3,
    0x7F, 0x00, 0x3B, 0x00, 0x87, 0x63, 0x2C, 0xEF, 0x5D, 0xFF, 0xDF, 0x52, 0xAA, 0x30, 0x00, 0x87,
    0x08, 0x61, 0x52, 0xAA, 0xB5, 0x96, 0xEF, 0x7D, 0x02, 0xFF, 0x87, 0xEF, 0x7D, 0xAD, 0x55, 0x39,
    0xE7, 0x00, 0x20, 0x7F, 0x00, 0x36, 0x00, 0x88, 0x20, 0x94, 0x92, 0xFF, 0xDF, 0xDE, 0xDB, 0x21,
    0x24, 0x34, 0x00, 0x87, 0x18, 0xE3, 0x7B, 0xCF, 0xCE, 0x59, 0xF7, 0xBE, 0x02, 0xFF, 0x85, 0xCE,
    0x79, 0x6B, 0x6D, 0x18, 0xC3, 0x7F, 0x00, 0x33, 0x00, 0x83, 0x21, 0x04, 0xBD, 0xF7, 0x02, 0xFF,
    0x83, 0xB5, 0xB6, 0x08, 0x41, 0x38, 0x00, 0x85, 0x31, 0xA6, 0x9C, 0xF3, 0xEF, 0x7D, 0x02, 0xFF,
    0x85, 0xEF, 0x7D, 0x94, 0xB2, 0x29, 0x65, 0x7F, 0x00, 0x31, 0x00, 0x87, 0x52, 0xAA, 0xE7, 0x1C,
    0xFF, 0xDF, 0x84, 0x30, 0x3C, 0x00, 0x85, 0x08, 0x41, 0x6B, 0x6D, 0xD6, 0x9A, 0x03, 0xFF, 0x84,
    0xDF, 0xB5, 0xB6, 0x39, 0xE7, 0x7F, 0x00, 0x2F, 0x00, 0x87, 0x8C, 0x71, 0xFF, 0xDF, 0xF7, 0x9E,
    0x31, 0xA6, 0x40, 0x00, 0x85, 0x31, 0x86, 0xAD, 0x75, 0xF7, 0xBE, 0x02, 0xFF, 0x83, 0xD6, 0xBA,
    0x63, 0x2C, 0x7F, 0x00, 0x2B, 0x00, 0x83, 0x21, 0x04, 0xCE, 0x59, 0x02, 0xFF, 0x83, 0xBD, 0xF7,
    0x08, 0x61, 0x42, 0x00, 0x85, 0x18, 0xE3, 0x94, 0x92, 0xEF, 0x5D, 0x02, 0xFF, 0x85, 0xE7, 0x1C,
    0x73, 0xAE, 0x00, 0x20, 0x7F, 0x00, 0x05, 0x00, 0x89, 0x10, 0xA2, 0x6B, 0x4D, 0x8C, 0x51, 0x63,
    0x2C, 0x10, 0x82, 0x18, 0x00, 0x87, 0x6B, 0x6D, 0xEF, 0x7D, 0xF7, 0xBE, 0x7B, 0xCF, 0x46, 0x00,
    0x85, 0x10, 0xA2, 0x73, 0x8E, 0xDE, 0xDB, 0x02, 0xFF, 0x85, 0xEF, 0x5D, 0x84, 0x30, 0x00, 0x20,
    0x7F, 0x00, 0x8E, 0x00, 0x29, 0x65, 0xBD, 0xD7, 0xF7, 0x9E, 0xFF, 0xDF, 0xEF, 0x7D, 0xC6, 0x38,
    0x5A, 0xEB, 0x15, 0x00, 0x88, 0x20, 0xAD, 0x75, 0xFF, 0xDF, 0xDE, 0xDB, 0x29, 0x65, 0x49, 0x00,
    0x84, 0x20, 0x5A, 0xEB, 0xD6, 0xBA, 0x02, 0xFF, 0x85, 0xEF, 0x7D, 0x8C, 0x51, 0x10, 0xA2, 0x7E,
    0x00, 0x89, 0x84, 0x30, 0xF7, 0xBE, 0xFF, 0xDF, 0xEF, 0x7D, 0xFF, 0xDF, 0x02, 0xFF, 0x83, 0xE7,
    0x1C, 0x5A, 0xCB, 0x06, 0x00, 0x87, 0x08, 0x61, 0x39, 0xE7, 0x4A, 0x69, 0x10, 0xA2, 0x04, 0x00,
    0x89, 0x4A, 0x49, 0xDE, 0xFB, 0xFF, 0xDF, 0xA5, 0x34, 0x08, 0x41, 0x4C, 0x00, 0x83, 0x5A, 0xCB,
    0xD6, 0xBA, 0x02, 0xFF, 0x85, 0xEF, 0x7D, 0x8C, 0x71, 0x10, 0xA2, 0x7A, 0x00, 0x83, 0x08, 0x41,
    0xB5, 0x96, 0x02, 0xFF, 0x87, 0xC6, 0x38, 0x52, 0xAA, 0x94, 0xB2, 0xEF, 0x5D, 0x02, 0xFF, 0x9B,
    0xBD, 0xD7, 0x18, 0xE3, 0x10, 0x82, 0x63, 0x2C, 0xC6, 0x18, 0xDE, 0xFB, 0xE7, 0x1C, 0xD6, 0x9A,
    0x73, 0xAE, 0x10, 0xA2, 0xA5, 0x14, 0xFF, 0xDF, 0xEF, 0x5D, 0x5A, 0xCB, 0x50, 0x00, 0x83, 0x42,
    0x28, 0xD6, 0x9A, 0x02, 0xFF, 0x85, 0xEF, 0x7D, 0x7B, 0xEF, 0x08, 0x61, 0x79, 0x00, 0x8C, 0x20,
    0xAD, 0x75, 0xFF, 0xDF, 0xC6, 0x38, 0x31, 0x86, 0x18, 0xC3, 0xA5, 0x34, 0x02, 0xFF, 0x87, 0xE7,
    0x1C, 0x39, 0xC7, 0x94, 0x92, 0xEF, 0x7D, 0x08, 0xFF, 0x85, 0xF7, 0xBE, 0xA5, 0x34, 0xEF, 0x5D,
    0x02, 0xFF, 0x83, 0xB5, 0xB6, 0x08, 0x61, 0x52, 0x00, 0x83, 0x39, 0xE7, 0xDE, 0xDB, 0x02, 0xFF,
    0x85, 0xE7, 0x3C, 0x7B, 0xCF, 0x08, 0x41, 0x78, 0x00, 0x88, 0x7B, 0xCF, 0xF7, 0x9E, 0xF7, 0xBE,
    0xA5, 0x34, 0x7B, 0x02, 0xEF, 0x80, 0x7D, 0x02, 0xFF, 0x85, 0xC6, 0x18, 0x9C, 0xD3, 0xF7, 0xBE,
    0x02, 0xFF, 0x87, 0xE7, 0x1C, 0xA5, 0x34, 0x94, 0x92, 0xDE, 0xFB, 0x06, 0xFF, 0x83, 0xEF, 0x5D,
    0x52, 0x8A, 0x56, 0x00, 0x83, 0x39, 0xE7, 0xDE, 0xFB, 0x02, 0xFF, 0x83, 0xE7, 0x3C, 0x63, 0x0C,
    0x78, 0x00, 0x89, 0x21, 0x24, 0xB5, 0xB6, 0xFF, 0xDF, 0xFF, 0xDF, 0xFF, 0xDF, 0x02, 0xFF, 0x85,
    0xEF, 0x7D, 0xAD, 0x55, 0xF7, 0xBE, 0x02, 0xFF, 0x83, 0xEF, 0x5D, 0x6B, 0x4D, 0x04, 0x00, 0x83,
    0x21, 0x04, 0xE7, 0x1C, 0x03, 0xFF, 0x84, 0xDF, 0x94, 0xB2, 0x08, 0x41, 0x58, 0x00, 0x83, 0x52,
    0xAA, 0xE7, 0x1C, 0x02, 0xFF, 0x83, 0xD6, 0x9A, 0x42, 0x28, 0x78, 0x00, 0x85, 0x31, 0x86, 0xAD,
    0x75, 0xFF, 0xDF, 0x05, 0xFF, 0x82, 0xDF, 0xFF, 0xDF, 0x05, 0xFF, 0x84, 0xDF, 0xDE, 0xFB, 0x63,
    0x2C, 0x02, 0x00, 0x83, 0x18, 0xC3, 0xE7, 0x1C, 0x02, 0xFF, 0x83, 0xE7, 0x3C, 0x52, 0xAA, 0x5B,
    0x00, 0x8A, 0x20, 0x7B, 0xEF, 0xF7, 0xBE, 0xFF, 0xDF, 0xC6, 0x38, 0x21, 0x24, 0x76, 0x00, 0x8B,
    0x10, 0x82, 0x9C, 0xF3, 0xFF, 0xDF, 0xF7, 0x9E, 0xDE, 0xDB, 0xF7, 0xBE, 0x02, 0xFF, 0x85, 0xF7,
    0x9E, 0xD6, 0x9A, 0xEF, 0x5D, 0x02, 0xFF, 0x85, 0xDE, 0xDB, 0x63, 0x2C, 0xAD, 0x55, 0x04, 0xFF,
    0x83, 0xF7, 0x9E, 0x6B, 0x6D, 0x5C, 0x00, 0x8B, 0x08, 0x61, 0x9C, 0xD3, 0xF7, 0xBE, 0xFF, 0xDF,
    0xA5, 0x14, 0x00, 0x20, 0x74, 0x00, 0x8B, 0x5A, 0xEB, 0xE7, 0x1C, 0xFF, 0xDF, 0xB5, 0x96, 0x4A,
    0x69, 0xDE, 0xDB, 0x02, 0xFF, 0x87, 0xB5, 0xB6, 0x31, 0xA6, 0x73, 0xAE, 0xE7, 0x3C, 0x02, 0xFF,
    0x83, 0xE7, 0x3C, 0xF7, 0x9E, 0x06, 0xFF, 0x83, 0xB5, 0x96, 0x10, 0x82, 0x5C, 0x00, 0x83, 0x21,
    0x24, 0xB5, 0xB6, 0x02, 0xFF, 0x83, 0xEF, 0x7D, 0x7B, 0xEF, 0x72, 0x00, 0x83, 0x18, 0xE3, 0xBD,
    0xD7, 0x02, 0xFF, 0x8B, 0xDE, 0xDB, 0x52, 0x8A, 0x52, 0x8A, 0xF7, 0x9E, 0xF7, 0xBE, 0x7B, 0xCF,
    0x02, 0x00, 0x85, 0x08, 0x61, 0x7B, 0xEF, 0xE7, 0x1C, 0x0A, 0xFF, 0x87, 0xEF, 0x5D, 0x6B, 0x6D,
    0x29, 0x45, 0x08, 0x41, 0x5A, 0x00, 0x83, 0x4A, 0x49, 0xD6, 0xBA, 0x02, 0xFF, 0x83, 0xDE, 0xFB,
    0x10, 0xA2, 0x70, 0x00, 0x8B, 0x6B, 0x4D, 0xEF, 0x7D, 0xF7, 0xBE, 0x8C, 0x71, 0x00, 0x20, 0x5A,
    0xEB, 0x02, 0xFF, 0x83, 0xEF, 0x5D, 0x4A, 0x49, 0x04, 0x00, 0x83, 0x08, 0x41, 0x7B, 0xEF, 0x05,
    0xFF, 0x80, 0xDF, 0x06, 0xFF, 0x8B, 0xE7, 0x1C, 0xBD, 0xF7, 0x94, 0xB2, 0x6B, 0x4D, 0x31, 0xA6,
    0x08, 0x41, 0x56, 0x00, 0x87, 0x63, 0x2C, 0xE7, 0x1C, 0xDE, 0xDB, 0x10, 0xA2, 0x6E, 0x00, 0x89,
    0x10, 0xA2, 0xB5, 0xB6, 0xFF, 0xDF, 0xCE, 0x79, 0x39, 0xE7, 0x02, 0x00, 0x87, 0x5A, 0xCB, 0xFF,
    0xDF, 0xEF, 0x7D, 0x5A, 0xCB, 0x05, 0x00, 0x82, 0x20, 0xAD, 0x55, 0x02, 0xFF, 0x87, 0xEF, 0x7D,
    0x8C, 0x51, 0xBD, 0xF7, 0xE7, 0x3C, 0x07, 0xFF, 0x8A, 0xDF, 0xEF, 0x7D, 0xD6, 0x9A, 0x8C, 0x71,
    0x42, 0x28, 0x10, 0xA2, 0x53, 0x00, 0x84, 0x20, 0x39, 0xC7, 0x39, 0xC7, 0x70, 0x00, 0x89, 0x5A,
    0xCB, 0xEF, 0x7D, 0xF7, 0xBE, 0x8C, 0x51, 0x00, 0x20, 0x02, 0x00, 0x83, 0x39, 0xC7, 0xDE, 0xFB,
    0x02, 0xFF, 0x83, 0xAD, 0x55, 0x10, 0xA2, 0x02, 0x00, 0x83, 0x31, 0xA6, 0xDE, 0xDB, 0x02, 0xFF,
    0x91, 0xBD, 0xD7, 0x21, 0x04, 0x18, 0xC3, 0x5A, 0xEB, 0xE7, 0x3C, 0xFF, 0xDF, 0xD6, 0xBA, 0xD6,
    0xBA, 0xFF, 0xDF, 0x03, 0xFF, 0x88, 0xDF, 0xDE, 0xFB, 0xA5, 0x34, 0x52, 0xAA, 0x08, 0x41, 0x7F,
    0x00, 0x45, 0x00, 0x87, 0x84, 0x30, 0xFF, 0xDF, 0xE7, 0x1C, 0x42, 0x28, 0x04, 0x00, 0x83, 0x08,
    0x61, 0x9C, 0xD3, 0x02, 0xFF, 0x89, 0xF7, 0xBE, 0xB5, 0xB6, 0x9C, 0xD3, 0xCE, 0x79, 0xFF, 0xDF,
    0x02, 0xFF, 0x95, 0xEF, 0x7D, 0xDE, 0xFB, 0xD6, 0x9A, 0xD6, 0x9A, 0xF7, 0xBE, 0xFF, 0xDF, 0xA5,
    0x34, 0x31, 0xA6, 0x5A, 0xCB, 0xB5, 0xB6, 0xE7, 0x3C, 0x04, 0xFF, 0x87, 0xEF, 0x5D, 0xB5, 0x96,
    0x4A, 0x69, 0x08, 0x41, 0x7F, 0x00, 0x41, 0x00, 0x87, 0x73, 0x8E, 0xF7, 0xBE, 0xEF, 0x7D, 0x73,
    0xAE, 0x06, 0x00, 0x85, 0x29, 0x65, 0xC6, 0x18, 0xFF, 0xDF, 0x16, 0xFF, 0x8F, 0xF7, 0xBE, 0xD6,
    0x9A, 0xA5, 0x14, 0x52, 0xAA, 0x4A, 0x69, 0x94, 0x92, 0xD6, 0x9A, 0xFF, 0xDF, 0x02, 0xFF, 0x87,
    0xE7, 0x3C, 0xA5, 0x34, 0x5A, 0xCB, 0x18, 0xE3, 0x7F, 0x00, 0x3D, 0x00, 0x83, 0x29, 0x65, 0xCE,
    0x79, 0x02, 0xFF, 0x83, 0xB5, 0xB6, 0x21, 0x04, 0x06, 0x00, 0x97, 0x39, 0xC7, 0x8C, 0x71, 0xC6,
    0x38, 0xDE, 0xDB, 0xD6, 0x9A, 0xFF, 0xDF, 0xEF, 0x7D, 0x8C, 0x71, 0x8C, 0x51, 0x8C, 0x71, 0xA5,
    0x34, 0xEF, 0x7D, 0x03, 0xFF, 0x80, 0xDF, 0x03, 0xFF, 0x9A, 0xDF, 0xE7, 0x1C, 0x84, 0x30, 0x18,
    0xE3, 0x42, 0x28, 0x94, 0x92, 0xDE, 0xFB, 0xFF, 0xDF, 0xFF, 0xDF, 0xEF, 0x5D, 0xC6, 0x18, 0x84,
    0x30, 0x42, 0x08, 0x10, 0xA2, 0x7F, 0x00, 0x37, 0x00, 0x83, 0x18, 0xE3, 0xC6, 0x18, 0x02, 0xFF,
    0x83, 0xBD, 0xD7, 0x21, 0x04, 0x08, 0x00, 0x8D, 0x08, 0x41, 0x29, 0x65, 0x39, 0xC7, 0x7B, 0xCF,
    0xF7, 0xBE, 0xEF, 0x7D, 0x39, 0xC7, 0x04, 0x00, 0x8B, 0x52, 0x8A, 0xE7, 0x3C, 0xFF, 0xDF, 0xAD,
    0x75, 0xA5, 0x34, 0xE7, 0x1C, 0x02, 0xFF, 0x83, 0xDE, 0xDB, 0x42, 0x08, 0x02, 0x00, 0x89, 0x08,
    0x61, 0x4A, 0x69, 0x9C, 0xD3, 0xD6, 0x9A, 0xF7, 0x9E, 0x02, 0xFF, 0x8D, 0xF7, 0xBE, 0xDE, 0xFB,
    0xB5, 0x96, 0x8C, 0x51, 0x63, 0x0C, 0x39, 0xC7, 0x21, 0x04, 0x0C, 0x00, 0x89, 0x21, 0x04, 0x42,
    0x28, 0x52, 0xAA, 0x39, 0xC7, 0x08, 0x61, 0x7F, 0x00, 0x19, 0x00, 0x8F, 0x42, 0x08, 0xE7, 0x1C,
    0xFF, 0xDF, 0x94, 0x92, 0x08, 0x41, 0x18, 0xC3, 0x21, 0x24, 0x08, 0x41, 0x08, 0x00, 0x89, 0x5A,
    0xCB, 0xEF, 0x5D, 0xFF, 0xDF, 0x94, 0x92, 0x10, 0x82, 0x02, 0x00, 0x8B, 0x84, 0x30, 0xF7, 0xBE,
    0xEF, 0x7D, 0x73, 0x8E, 0x84, 0x30, 0xDE, 0xDB, 0x02, 0xFF, 0x83, 0xDE, 0xFB, 0x4A, 0x49, 0x06,
    0x00, 0x8B, 0x08, 0x61, 0x42, 0x08, 0x84, 0x10, 0xBD, 0xF7, 0xEF, 0x5D, 0xFF, 0xDF, 0x02, 0xFF,
    0x8D, 0xF7, 0xBE, 0xEF, 0x5D, 0xD6, 0x9A, 0xBD, 0xD7, 0x94, 0x92, 0x5A, 0xCB, 0x21, 0x04, 0x02,
    0x00, 0x8F, 0x18, 0xE3, 0x73, 0x8E, 0xBD, 0xD7, 0xDE, 0xFB, 0xE7, 0x3C, 0xD6, 0x9A, 0x84, 0x30,
    0x18, 0xE3, 0x7F, 0x00, 0x17, 0x00, 0x91, 0x31, 0x86, 0xD6, 0xBA, 0xFF, 0xDF, 0xBD, 0xF7, 0x73,
    0x8E, 0xAD, 0x75, 0xCE, 0x59, 0x8C, 0x71, 0x39, 0xC7, 0x06, 0x00, 0x83, 0x21, 0x24, 0xC6, 0x18,
    0x02, 0xFF, 0x87, 0xEF, 0x7D, 0x9C, 0xF3, 0x7B, 0xEF, 0xBD, 0xD7, 0x03, 0xFF, 0x84, 0xDF, 0xE7,
    0x1C, 0xF7, 0xBE, 0x02, 0xFF, 0x85, 0xF7, 0x9E, 0x9C, 0xF3, 0x18, 0xE3, 0x0C, 0x00, 0x8D, 0x18,
    0xE3, 0x5A, 0xEB, 0x94, 0xB2, 0xBD, 0xF7, 0xDE, 0xFB, 0xEF, 0x7D, 0xFF, 0xDF, 0x04, 0xFF, 0x89,
    0xEF, 0x5D, 0xB5, 0xB6, 0x6B, 0x6D, 0xA5, 0x14, 0xEF, 0x7D, 0x02, 0xFF, 0x83, 0xF7, 0xBE, 0xF7,
    0x9E, 0x02, 0xFF, 0x85, 0xEF, 0x7D, 0x84, 0x10, 0x08, 0x41, 0x7F, 0x00, 0x16, 0x00, 0x88, 0x20,
    0x94, 0xB2, 0xF7, 0x9E, 0xFF, 0xDF, 0xF7, 0x9E, 0x05, 0xFF, 0x84, 0xDF, 0xC6, 0x18, 0x31, 0xA6,
    0x06, 0x00, 0x83, 0x4A, 0x69, 0xCE, 0x79, 0x05, 0xFF, 0x80, 0xDF, 0x08, 0xFF, 0x87, 0xEF, 0x7D,
    0xC6, 0x38, 0x73, 0xAE, 0x18, 0xE3, 0x14, 0x00, 0x8D, 0x18, 0xC3, 0x42, 0x08, 0x6B, 0x4D, 0x8C,
    0x71, 0xBD, 0xF7, 0xDE, 0xFB, 0xFF, 0xDF, 0x02, 0xFF, 0x93, 0xF7, 0x9E, 0xFF, 0xDF, 0xFF, 0xDF,
    0xD6, 0x9A, 0x84, 0x30, 0x73, 0xAE, 0xCE, 0x79, 0xFF, 0xDF, 0xD6, 0xBA, 0x39, 0xE7, 0x7F, 0x00,
    0x17, 0x00, 0x91, 0x18, 0xE3, 0x94, 0xB2, 0xDE, 0xFB, 0xF7, 0x9E, 0xEF, 0x5D, 0xD6, 0x9A, 0xFF,
    0xDF, 0xFF, 0xDF, 0x8C, 0x71, 0x08, 0x00, 0x8B, 0x39, 0xC7, 0xA5, 0x14, 0xD6, 0x9A, 0xDE, 0xFB,
    0xE7, 0x1C, 0xEF, 0x7D, 0x03, 0xFF, 0x84, 0xDF, 0xAD, 0x55, 0x10, 0xA2, 0x22, 0x00, 0x8D, 0x31,
    0xA6, 0x8C, 0x71, 0xD6, 0xBA, 0xEF, 0x7D, 0xDE, 0xFB, 0xA5, 0x14, 0x29, 0x65, 0x04, 0x00, 0x87,
    0x63, 0x2C, 0xEF, 0x5D, 0xF7, 0xBE, 0x8C, 0x51, 0x7F, 0x00, 0x1B, 0x00, 0x89, 0x31, 0xA6, 0x5A,
    0xCB, 0x4A, 0x49, 0x84, 0x30, 0xF7, 0xBE, 0x02, 0xFF, 0x81, 0x94, 0xB2, 0x0C, 0x00, 0x89, 0x08,
    0x61, 0x29, 0x45, 0x31, 0x86, 0x63, 0x0C, 0xC6, 0x38, 0x02, 0xFF, 0x83, 0xEF, 0x5D, 0x4A, 0x69,
    0x26, 0x00, 0x85, 0x21, 0x24, 0x4A, 0x69, 0x31, 0xA6, 0x08, 0x00, 0x83, 0x10, 0x82, 0xC6, 0x18,
    0x02, 0xFF, 0x83, 0xBD, 0xD7, 0x10, 0x82, 0x7F, 0x00, 0x1D, 0x00, 0x83, 0x39, 0xE7, 0xD6, 0x9A,
    0x02, 0xFF, 0x83, 0xCE, 0x59, 0x42, 0x08, 0x14, 0x00, 0x83, 0x52, 0x8A, 0xDE, 0xDB, 0x02, 0xFF,
    0x83, 0xBD, 0xD7, 0x10, 0x82, 0x34, 0x00, 0x87, 0x94, 0xB2, 0xFF, 0xDF, 0xDE, 0xFB, 0x31, 0x86,
    0x7F, 0x00, 0x1D, 0x00, 0x87, 0x52, 0xAA, 0xE7, 0x3C, 0xF7, 0x9E, 0x63, 0x2C, 0x16, 0x00, 0x8B,
    0x08, 0x41, 0x8C, 0x71, 0xF7, 0xBE, 0xF7, 0x9E, 0x63, 0x0C, 0x00, 0x20, 0x32, 0x00, 0x87, 0x7B,
    0xCF, 0xF7, 0x9E, 0xEF, 0x7D, 0x39, 0xE7, 0x7F, 0x00, 0x1D, 0x00, 0x87, 0x63, 0x2C, 0xEF, 0x7D,
    0xEF, 0x5D, 0x42, 0x28, 0x18, 0x00, 0x83, 0x39, 0xE7, 0xCE, 0x79, 0x02, 0xFF, 0x83, 0xD6, 0x9A,
    0x39, 0xE7, 0x32, 0x00, 0x87, 0x84, 0x10, 0xF7, 0xBE, 0xEF, 0x5D, 0x39, 0xC7, 0x7F, 0x00, 0x1C,
    0x00, 0x88, 0x20, 0x84, 0x30, 0xFF, 0xDF, 0xDE, 0xFB, 0x21, 0x24, 0x1A, 0x00, 0x83, 0x73, 0x8E,
    0xEF, 0x5D, 0x02, 0xFF, 0x89, 0xB5, 0xB6, 0x6B, 0x4D, 0x6B, 0x4D, 0x4A, 0x49, 0x08, 0x41, 0x03,
    0x00, 0x8C, 0x20, 0x29, 0x45, 0x52, 0x8A, 0x5A, 0xCB, 0x52, 0xAA, 0x31, 0xA6, 0x08, 0x61, 0x1A,
    0x00, 0x87, 0xAD, 0x55, 0xFF, 0xDF, 0xCE, 0x79, 0x21, 0x24, 0x7F, 0x00, 0x1B, 0x00, 0x83, 0x18,
    0xC3, 0xAD, 0x75, 0x02, 0xFF, 0x83, 0xC6, 0x38, 0x00, 0x20, 0x1A, 0x00, 0xA5, 0x10, 0xA2, 0x9C,
    0xD3, 0xF7, 0xBE, 0xFF, 0xDF, 0xF7, 0x9E, 0xF7, 0x9E, 0xDE, 0xFB, 0x73, 0xAE, 0x63, 0x0C, 0xB5,
    0xB6, 0xD6, 0xBA, 0xE7, 0x3C, 0xEF, 0x5D, 0xEF, 0x5D, 0xDE, 0xDB, 0xC6, 0x38, 0x84, 0x30, 0x42,
    0x08, 0x00, 0x20, 0x12, 0x00, 0x83, 0x39, 0xC7, 0xD6, 0x9A, 0x02, 0xFF, 0x83, 0xAD, 0x55, 0x00,
    0x20, 0x7F, 0x00, 0x1B, 0x00, 0x87, 0x42, 0x08, 0xE7, 0x1C, 0xFF, 0xDF, 0x8C, 0x71, 0x1E, 0x00,
    0x89, 0x18, 0xE3, 0xA5, 0x34, 0xEF, 0x5D, 0xF7, 0xBE, 0xF7, 0xBE, 0x02, 0xFF, 0x83, 0xEF, 0x7D,
    0xF7, 0x9E, 0x05, 0xFF, 0x84, 0xDF, 0xF7, 0xBE, 0xFF, 0xDF, 0x06, 0xFF, 0x85, 0xDE, 0xFB, 0x8C,
    0x51, 0x29, 0x45, 0x0F, 0x00, 0x88, 0x20, 0x8C, 0x71, 0xF7, 0xBE, 0xEF, 0x7D, 0x6B, 0x4D, 0x7F,
    0x00, 0x1D, 0x00, 0x87, 0x63, 0x2C, 0xEF, 0x7D, 0xEF, 0x7D, 0x5A, 0xCB, 0x21, 0x00, 0x88, 0x20,
    0x39, 0xC7, 0x4A, 0x49, 0x8C, 0x51, 0xF7, 0x9E, 0x04, 0xFF, 0x8D, 0xE7, 0x3C, 0xAD, 0x75, 0x7B,
    0xEF, 0x63, 0x0C, 0x73, 0x8E, 0xA5, 0x14, 0xCE, 0x59, 0x06, 0xFF, 0x83, 0xD6, 0x9A, 0x4A, 0x69,
    0x0C, 0x00, 0x83, 0x6B, 0x4D, 0xEF, 0x5D, 0x02, 0xFF, 0x83, 0xBD, 0xD7, 0x18, 0xE3, 0x7F, 0x00,
    0x1D, 0x00, 0x83, 0x52, 0xAA, 0xE7, 0x3C, 0x02, 0xFF, 0x81, 0x94, 0x92, 0x24, 0x00, 0x83, 0x52,
    0xAA, 0xDE, 0xFB, 0x04, 0xFF, 0x83, 0xD6, 0x9A, 0x21, 0x04, 0x0C, 0x00, 0x85, 0x4A, 0x69, 0xC6,
    0x38, 0xFF, 0xDF, 0x02, 0xFF, 0x83, 0xE7, 0x3C, 0x5A, 0xEB, 0x08, 0x00, 0x83, 0x73, 0x8E, 0xEF,
    0x5D, 0x02, 0xFF, 0x83, 0xDE, 0xFB, 0x5A, 0xCB, 0x7F, 0x00, 0x1F, 0x00, 0x83, 0x21, 0x04, 0xB5,
    0x96, 0x02, 0xFF, 0x83, 0xEF, 0x5D, 0x5A, 0xCB, 0x20, 0x00, 0x83, 0x21, 0x04, 0xBD, 0xF7, 0x02,
    0xFF, 0x89, 0xF7, 0x9E, 0xFF, 0xDF, 0xF7, 0xBE, 0xA5, 0x34, 0x29, 0x45, 0x0C, 0x00, 0x82, 0x18,
    0xE3, 0x7B, 0x02, 0xEF, 0x80, 0x7D, 0x02, 0xFF, 0x83, 0xD6, 0xBA, 0x39, 0xE7, 0x02, 0x00, 0x85,
    0x39, 0xE7, 0xAD, 0x55, 0xF7, 0x9E, 0x02, 0xFF, 0x85, 0xDE, 0xFB, 0x63, 0x2C, 0x00, 0x20, 0x7F,
    0x00, 0x21, 0x00, 0x83, 0x52, 0x8A, 0xDE, 0xDB, 0x02, 0xFF, 0x83, 0xA5, 0x14, 0x10, 0x82, 0x1E,
    0x00, 0x89, 0x52, 0x8A, 0xE7, 0x1C, 0xF7, 0xBE, 0x94, 0x92, 0xC6, 0x18, 0x03, 0xFF, 0x84, 0xDF,
    0xAD, 0x55, 0x18, 0xE3, 0x0D, 0x00, 0x96, 0x20, 0x84, 0x10, 0xF7, 0x9E, 0xFF, 0xDF, 0xAD, 0x55,
    0x9C, 0xF3, 0xE7, 0x1C, 0xFF, 0xDF, 0xFF, 0xDF, 0xD6, 0xBA, 0x63, 0x2C, 0x08, 0x41, 0x7F, 0x00,
    0x23, 0x00, 0x83, 0x10, 0x82, 0xA5, 0x14, 0x02, 0xFF, 0x83, 0xC6, 0x18, 0x21, 0x04, 0x1E, 0x00,
    0x91, 0x7B, 0xCF, 0xF7, 0xBE, 0xE7, 0x1C, 0x52, 0x8A, 0x42, 0x28, 0xB5, 0xB6, 0xFF, 0xDF, 0xE7,
    0x1C, 0x4A, 0x49, 0x08, 0x00, 0x89, 0x08, 0x41, 0x42, 0x28, 0x6B, 0x4D, 0x73, 0xAE, 0xEF, 0x5D,
    0x02, 0xFF, 0x83, 0xF7, 0xBE, 0xFF, 0xDF, 0x02, 0xFF, 0x87, 0xEF, 0x7D, 0xA5, 0x34, 0x42, 0x28,
    0x00, 0x20, 0x7F, 0x00, 0x25, 0x00, 0x83, 0x08, 0x41, 0x8C, 0x71, 0x02, 0xFF, 0x83, 0xCE, 0x79,
    0x29, 0x45, 0x1E, 0x00, 0x91, 0x73, 0xAE, 0xF7, 0x9E, 0xEF, 0x5D, 0x73, 0x8E, 0x42, 0x28, 0x94,
    0x92, 0xFF, 0xDF, 0xEF, 0x5D, 0x52, 0x8A, 0x04, 0x00, 0x8B, 0x08, 0x41, 0x5A, 0xEB, 0xB5, 0xB6,
    0xDE, 0xDB, 0xEF, 0x7D, 0xF7, 0x9E, 0x06, 0xFF, 0x87, 0xEF, 0x7D, 0xBD, 0xD7, 0x6B, 0x4D, 0x08,
    0x61, 0x7F, 0x00, 0x29, 0x00, 0x83, 0x10, 0x82, 0xA5, 0x14, 0x02, 0xFF, 0x83, 0xC6, 0x18, 0x21,
    0x04, 0x1E, 0x00, 0x83, 0x42, 0x08, 0xDE, 0xDB, 0x02, 0xFF, 0x85, 0xE7, 0x1C, 0xDE, 0xDB, 0xF7,
    0xBE, 0x02, 0xFF, 0x83, 0xCE, 0x59, 0x31, 0x86, 0x04, 0x00, 0x83, 0x63, 0x2C, 0xDE, 0xFB, 0x03,
    0xFF, 0x86, 0xDF, 0xF7, 0xBE, 0xF7, 0x9E, 0xEF, 0x5D, 0x02, 0xFF, 0x8B, 0xF7, 0x9E, 0x84, 0x10,
    0x7B, 0xEF, 0x94, 0x92, 0x7B, 0xCF, 0x29, 0x45, 0x7F, 0x00, 0x27, 0x00, 0x83, 0x10, 0xA2, 0xB5,
    0x96, 0x02, 0xFF, 0x83, 0xAD, 0x75, 0x10, 0xA2, 0x1F, 0x00, 0x8E, 0x20, 0x84, 0x30, 0xE7, 0x3C,
    0xFF, 0xDF, 0xFF, 0xDF, 0xF7, 0xBE, 0xCE, 0x59, 0x52, 0xAA, 0x04, 0x00, 0x83, 0x10, 0xA2, 0xBD,
    0xD7, 0x02, 0xFF, 0x89, 0xEF, 0x5D, 0xA5, 0x14, 0x63, 0x0C, 0x42, 0x08, 0x9C, 0xF3, 0x02, 0xFF,
    0x8D, 0xF7, 0x9E, 0xC6, 0x38, 0xF7, 0x9E, 0xFF, 0xDF, 0xF7, 0x9E, 0xA5, 0x34, 0x18, 0xE3, 0x7F,
    0x00, 0x25, 0x00, 0x83, 0x21, 0x24, 0xC6, 0x18, 0x02, 0xFF, 0x83, 0x9C, 0xF3, 0x08, 0x41, 0x21,
    0x00, 0x8A, 0x20, 0x42, 0x28, 0x8C, 0x51, 0x8C, 0x71, 0x52, 0xAA, 0x18, 0xC3, 0x06, 0x00, 0x83,
    0x21, 0x04, 0xDE, 0xFB, 0x02, 0xFF, 0x81, 0xAD, 0x55, 0x06, 0x00, 0x81, 0x9C, 0xF3, 0x05, 0xFF,
    0x80, 0xDF, 0x02, 0xFF, 0x87, 0xDE, 0xFB, 0xFF, 0xDF, 0xEF, 0x7D, 0x5A, 0xEB, 0x7F, 0x00, 0x25,
    0x00, 0x87, 0x42, 0x08, 0xDE, 0xFB, 0xFF, 0xDF, 0x7B, 0xEF, 0x34, 0x00, 0x83, 0x10, 0x82, 0xB5,
    0x96, 0x02, 0xFF, 0x83, 0xDE, 0xFB, 0x4A, 0x49, 0x04, 0x00, 0x81, 0x9C, 0xD3, 0x06, 0xFF, 0x85,
    0xC6, 0x18, 0x31, 0xA6, 0xDE, 0xFB, 0x02, 0xFF, 0x83, 0x8C, 0x51, 0x00, 0x20, 0x7F, 0x00, 0x23,
    0x00, 0x87, 0x52, 0xAA, 0xE7, 0x3C, 0xF7, 0x9E, 0x5A, 0xCB, 0x36, 0x00, 0x83, 0x63, 0x0C, 0xEF,
    0x5D, 0x02, 0xFF, 0x89, 0xDE, 0xDB, 0x6B, 0x4D, 0x08, 0x61, 0x63, 0x2C, 0xEF, 0x7D, 0x03, 0xFF,
    0x86, 0xDF, 0x84, 0x30, 0x10, 0x82, 0xD6, 0x9A, 0x02, 0xFF, 0x83, 0x8C, 0x71, 0x00, 0x20, 0x7F,
    0x00, 0x23, 0x00, 0x87, 0x7B, 0xEF, 0xFF, 0xDF, 0xE7, 0x1C, 0x31, 0x86, 0x36, 0x00, 0x85, 0x10,
    0xA2, 0x84, 0x30, 0xE7, 0x3C, 0x02, 0xFF, 0x87, 0xEF, 0x5D, 0x94, 0x92, 0x29, 0x45, 0xCE, 0x59,
    0x03, 0xFF, 0x8A, 0xDF, 0xAD, 0x55, 0x7B, 0xCF, 0xEF, 0x7D, 0xF7, 0xBE, 0x73, 0xAE, 0x7F, 0x00,
    0x23, 0x00, 0x83, 0x10, 0x82, 0xA5, 0x14, 0x02, 0xFF, 0x83, 0xCE, 0x59, 0x08, 0x41, 0x38, 0x00,
    0x85, 0x10, 0x82, 0x63, 0x2C, 0xD6, 0x9A, 0x02, 0xFF, 0x85, 0xF7, 0x9E, 0x8C, 0x71, 0x9C, 0xD3,
    0x05, 0xFF, 0x82, 0xDF, 0xF7, 0x9E, 0x02, 0xFF, 0x83, 0xD6, 0xBA, 0x42, 0x08, 0x7F, 0x00, 0x23,
    0x00, 0x83, 0x31, 0xA6, 0xD6, 0xBA, 0x02, 0xFF, 0x81, 0x9C, 0xF3, 0x3D, 0x00, 0x84, 0x20, 0x42,
    0x28, 0xCE, 0x59, 0x02, 0xFF, 0x83, 0xE7, 0x1C, 0xAD, 0x75, 0x02, 0xFF, 0x8B, 0xEF, 0x7D, 0xE7,
    0x3C, 0xEF, 0x7D, 0xD6, 0x9A, 0x6B, 0x6D, 0x08, 0x41, 0x7F, 0x00, 0x23, 0x00, 0x87, 0x73, 0xAE,
    0xF7, 0x9E, 0xF7, 0x9E, 0x63, 0x2C, 0x40, 0x00, 0x87, 0x52, 0x8A, 0xFF, 0xDF, 0xFF, 0xDF, 0xE7,
    0x1C, 0x02, 0xFF, 0x89, 0xBD, 0xF7, 0x4A, 0x49, 0x52, 0x8A, 0x31, 0x86, 0x00, 0x20, 0x7F, 0x00,
    0x23, 0x00, 0x83, 0x18, 0xC3, 0xAD, 0x75, 0x02, 0xFF, 0x83, 0xCE, 0x59, 0x18, 0xC3, 0x40, 0x00,
    0x83, 0x31, 0xA6, 0xFF, 0xDF, 0x05, 0xFF, 0x82, 0xDF, 0x94, 0xB2, 0x7F, 0x00, 0x2B, 0x00, 0x87,
    0x39, 0xE7, 0xD6, 0xBA, 0xFF, 0xDF, 0x94, 0x92, 0x42, 0x00, 0x83, 0x4A, 0x69, 0xFF, 0xDF, 0x04,
    0xFF, 0x83, 0xEF, 0x5D, 0x4A, 0x49, 0x7F, 0x00, 0x2B, 0x00, 0x87, 0x6B, 0x4D, 0xEF, 0x7D, 0xEF,
    0x5D, 0x5A, 0xEB, 0x42, 0x00, 0x83, 0x31, 0x86, 0xEF, 0x5D, 0x02, 0xFF, 0x83, 0xEF, 0x7D, 0x8C,
    0x51, 0x7F, 0x00, 0x2D, 0x00, 0x8B, 0x7B, 0xCF, 0xF7, 0x9E, 0xDE, 0xFB, 0x42, 0x28, 0x00, 0x20,
    0x00, 0x20, 0x3F, 0x00, 0x88, 0x20, 0x6B, 0x6D, 0x9C, 0xF3, 0x73, 0xAE, 0x10, 0xA2, 0x7F, 0x00,
    0x2D, 0x00, 0x91, 0x6B, 0x6D, 0xEF, 0x7D, 0xF7, 0x9E, 0xBD, 0xD7, 0xA5, 0x34, 0xAD, 0x55, 0x8C,
    0x71, 0x52, 0x8A, 0x08, 0x61, 0x3C, 0x00, 0x81, 0x08, 0x41, 0x7F, 0x00, 0x31, 0x00, 0x85, 0x39,
    0xC7, 0xC6, 0x18, 0xFF, 0xDF, 0x07, 0xFF, 0x84, 0xDF, 0xE7, 0x1C, 0x84, 0x30, 0x7F, 0x00, 0x71,
    0x00, 0x8B, 0x4A, 0x49, 0xA5, 0x14, 0xBD, 0xF7, 0xC6, 0x38, 0xC6, 0x38, 0xE7, 0x1C, 0x02, 0xFF,
    0x83, 0xDE, 0xDB, 0x4A, 0x49, 0x25, 0x00, 0x88, 0x20, 0x39, 0xE7, 0x73, 0x8E, 0x5A, 0xEB, 0x10,
    0xA2, 0x7F, 0x00, 0x45, 0x00, 0x8D, 0x10, 0x82, 0x18, 0xC3, 0x18, 0xE3, 0x63, 0x2C, 0xF7, 0x9E,
    0xF7, 0x9E, 0x7B, 0xCF, 0x22, 0x00, 0x8B, 0x18, 0xC3, 0x7B, 0xCF, 0xD6, 0xBA, 0xF7, 0x9E, 0xDE,
    0xFB, 0x63, 0x2C, 0x7F, 0x00, 0x4B, 0x00, 0x87, 0x21, 0x24, 0xDE, 0xDB, 0xFF, 0xDF, 0x94, 0xB2,
    0x20, 0x00, 0x85, 0x21, 0x04, 0x94, 0xB2, 0xF7, 0x9E, 0x04, 0xFF, 0x83, 0xF7, 0xBE, 0x8C, 0x51,
    0x7F, 0x00, 0x4B, 0x00, 0x83, 0x10, 0xA2, 0xC6, 0x18, 0x02, 0xFF, 0x83, 0xB5, 0x96, 0x00, 0x20,
    0x1C, 0x00, 0x85, 0x10, 0x82, 0x8C, 0x51, 0xF7, 0xBE, 0x02, 0xFF, 0x81, 0xF7, 0xBE, 0x02, 0xFF,
    0x83, 0xEF, 0x7D, 0x6B, 0x4D, 0x7F, 0x00, 0x4C, 0x00, 0x88, 0x20, 0x9C, 0xF3, 0xFF, 0xDF, 0xEF,
    0x7D, 0x73, 0x8E, 0x1C, 0x00, 0x83, 0x73, 0xAE, 0xEF, 0x7D, 0x02, 0xFF, 0x83, 0xCE, 0x79, 0xCE,
    0x59, 0x02, 0xFF, 0x83, 0xCE, 0x59, 0x31, 0xA6, 0x7F, 0x00, 0x4D, 0x00, 0x83, 0x4A, 0x49, 0xDE,
    0xDB, 0x02, 0xFF, 0x83, 0xE7, 0x3C, 0x52, 0xAA, 0x18, 0x00, 0x83, 0x31, 0xA6, 0xC6, 0x38, 0x02,
    0xFF, 0x8B, 0xD6, 0x9A, 0x94, 0xB2, 0xFF, 0xDF, 0xF7, 0xBE, 0x84, 0x30, 0x00, 0x20, 0x7F, 0x00,
    0x4F, 0x00, 0x83, 0x6B, 0x4D, 0xE7, 0x3C, 0x02, 0xFF, 0x81, 0xAD, 0x75, 0x18, 0x00, 0x89, 0x84,
    0x10, 0xF7, 0x9E, 0xEF, 0x7D, 0x94, 0x92, 0xE7, 0x1C, 0x02, 0xFF, 0x83, 0xC6, 0x18, 0x31, 0x86,
    0x7F, 0x00, 0x51, 0x00, 0x83, 0x08, 0x41, 0xA5, 0x34, 0x02, 0xFF, 0x81, 0xCE, 0x79, 0x16, 0x00,
    0x83, 0x31, 0x86, 0xCE, 0x59, 0x02, 0xFF, 0x83, 0xD6, 0x9A, 0xCE, 0x59, 0x02, 0xFF, 0x83, 0xE7,
    0x1C, 0x52, 0xAA, 0x7F, 0x00, 0x54, 0x00, 0x82, 0x20, 0x94, 0xB2, 0x02, 0xFF, 0x83, 0xCE, 0x79,
    0x00, 0x20, 0x14, 0x00, 0x8F, 0x6B, 0x6D, 0xEF, 0x7D, 0xFF, 0xDF, 0xE7, 0x1C, 0xFF, 0xDF, 0xF7,
    0xBE, 0x84, 0x10, 0x08, 0x61, 0x7F, 0x00, 0x54, 0x00, 0x82, 0x20, 0x9C, 0xD3, 0x02, 0xFF, 0x81,
    0xCE, 0x79, 0x16, 0x00, 0x83, 0xA5, 0x34, 0xFF, 0xDF, 0x05, 0xFF, 0x84, 0xDF, 0xA5, 0x34, 0x10,
    0x82, 0x7F, 0x00, 0x56, 0x00, 0x82, 0x20, 0x94, 0x92, 0x02, 0xFF, 0x83, 0xE7, 0x3C, 0x39, 0xC7,
    0x12, 0x00, 0x83, 0x29, 0x65, 0xCE, 0x59, 0x05, 0xFF, 0x84, 0xDF, 0xB5, 0x96, 0x21, 0x04, 0x7F,
    0x00, 0x23, 0x00, 0x87, 0x08, 0x61, 0x4A, 0x69, 0x42, 0x08, 0x00, 0x20, 0x2E, 0x00, 0x83, 0x63,
    0x0C, 0xEF, 0x7D, 0x02, 0xFF, 0x85, 0xCE, 0x79, 0x42, 0x08, 0x00, 0x20, 0x0A, 0x00, 0x87, 0x21,
    0x04, 0x6B, 0x6D, 0xBD, 0xD7, 0xF7, 0xBE, 0x02, 0xFF, 0x85, 0xF7, 0x9E, 0xA5, 0x34, 0x21, 0x24,
    0x7F, 0x00, 0x0D, 0x00, 0x83, 0x08, 0x61, 0x00, 0x20, 0x12, 0x00, 0x89, 0x10, 0xA2, 0xB5, 0xB6,
    0xEF, 0x7D, 0xE7, 0x3C, 0x73, 0x8E, 0x2E, 0x00, 0x85, 0x08, 0x61, 0x94, 0x92, 0xF7, 0xBE, 0x02,
    0xFF, 0x91, 0xEF, 0x5D, 0xC6, 0x38, 0xA5, 0x14, 0x94, 0x92, 0x94, 0x92, 0xA5, 0x34, 0xC6, 0x18,
    0xDE, 0xFB, 0xF7, 0xBE, 0x04, 0xFF, 0x85, 0xEF, 0x7D, 0x84, 0x10, 0x08, 0x61, 0x7F, 0x00, 0x0C,
    0x00, 0x88, 0x20, 0x73, 0x8E, 0xD6, 0x9A, 0xB5, 0x96, 0x18, 0xE3, 0x0F, 0x00, 0x84, 0x20, 0xA5,
    0x14, 0xFF, 0xDF, 0x04, 0xFF, 0x81, 0x9C, 0xF3, 0x30, 0x00, 0x87, 0x18, 0xC3, 0x84, 0x10, 0xDE,
    0xFB, 0xFF, 0xDF, 0x03, 0xFF, 0x84, 0xDF, 0xFF, 0xDF, 0xFF, 0xDF, 0x06, 0xFF, 0x83, 0xEF, 0x7D,
    0xE7, 0x3C, 0x02, 0xFF, 0x83, 0xDE, 0xDB, 0x42, 0x28, 0x7F, 0x00, 0x0D, 0x00, 0x83, 0x39, 0xE7,
    0xCE, 0x79, 0x02, 0xFF, 0x8D, 0xDE, 0xFB, 0x31, 0xA6, 0x08, 0x41, 0x6B, 0x6D, 0xA5, 0x34, 0x9C,
    0xF3, 0x52, 0xAA, 0x04, 0x00, 0x83, 0x39, 0xC7, 0xE7, 0x3C, 0x05, 0xFF, 0x82, 0xDF, 0x94, 0x92,
    0x32, 0x00, 0x9D, 0x08, 0x41, 0x42, 0x28, 0x84, 0x10, 0xAD, 0x55, 0xCE, 0x79, 0xDE, 0xDB, 0xDE,
    0xDB, 0xCE, 0x59, 0xA5, 0x34, 0x8C, 0x51, 0x5A, 0xEB, 0x94, 0x92, 0xFF, 0xDF, 0xD6, 0x9A, 0x31,
    0xA6, 0x7F, 0x00, 0x0C, 0x00, 0x84, 0x20, 0x84, 0x10, 0xF7, 0x9E, 0x02, 0xFF, 0x93, 0xB5, 0xB6,
    0x18, 0xC3, 0x63, 0x0C, 0xE7, 0x3C, 0xFF, 0xDF, 0xFF, 0xDF, 0xD6, 0x9A, 0x4A, 0x49, 0x08, 0x61,
    0x9C, 0xF3, 0x06, 0xFF, 0x83, 0xEF, 0x5D, 0x63, 0x0C, 0x37, 0x00, 0x8E, 0x20, 0x10, 0x82, 0x21,
    0x24, 0x29, 0x45, 0x29, 0x45, 0x21, 0x04, 0x10, 0x82, 0x00, 0x20, 0x02, 0x00, 0x87, 0x84, 0x30,
    0xFF, 0xDF, 0xCE, 0x79, 0x29, 0x65, 0x7F, 0x00, 0x0B, 0x00, 0x83, 0x63, 0x0C, 0xDE, 0xDB, 0x02,
    0xFF, 0x87, 0xDE, 0xFB, 0x52, 0xAA, 0x08, 0x41, 0xB5, 0xB6, 0x02, 0xFF, 0x88, 0xE7, 0x3C, 0xEF,
    0x7D, 0xF7, 0xBE, 0x8C, 0x71, 0x39, 0x02, 0xE7, 0x80, 0x1C, 0x06, 0xFF, 0x83, 0xB5, 0xB6, 0x10,
    0xA2, 0x48, 0x00, 0x87, 0x84, 0x30, 0xFF, 0xDF, 0xD6, 0x9A, 0x31, 0x86, 0x7F, 0x00, 0x09, 0x00,
    0x83, 0x42, 0x28, 0xCE, 0x59, 0x04, 0xFF, 0x93, 0xAD, 0x55, 0x00, 0x20, 0x42, 0x08, 0xEF, 0x5D,
    0xFF, 0xDF, 0xA5, 0x14, 0xD6, 0x9A, 0xFF, 0xDF, 0xA5, 0x14, 0x84, 0x30, 0x06, 0xFF, 0x83, 0xDE,
    0xFB, 0x52, 0x8A, 0x4A, 0x00, 0x87, 0x84, 0x30, 0xFF, 0xDF, 0xD6, 0x9A, 0x31, 0xA6, 0x7F, 0x00,
    0x07, 0x00, 0x85, 0x31, 0x86, 0xBD, 0xD7, 0xFF, 0xDF, 0x02, 0xFF, 0x87, 0xF7, 0xBE, 0x84, 0x10,
    0x00, 0x20, 0x7B, 0xEF, 0x02, 0xFF, 0x8B, 0xE7, 0x3C, 0x8C, 0x51, 0xEF, 0x7D, 0xF7, 0x9E, 0x8C,
    0x51, 0xCE, 0x59, 0x04, 0xFF, 0x85, 0xEF, 0x7D, 0x73, 0x8E, 0x00, 0x20, 0x4A, 0x00, 0x87, 0x84,
    0x30, 0xFF, 0xDF, 0xD6, 0x9A, 0x31, 0x86, 0x7F, 0x00, 0x05, 0x00, 0x85, 0x10, 0xA2, 0xB5, 0x96,
    0xFF, 0xDF, 0x04, 0xFF, 0x87, 0xF7, 0x9E, 0x6B, 0x4D, 0x18, 0xC3, 0xB5, 0xB6, 0x02, 0xFF, 0x83,
    0xDE, 0xFB, 0xE7, 0x1C, 0x02, 0xFF, 0x85, 0xD6, 0xBA, 0x63, 0x2C, 0xEF, 0x5D, 0x03, 0xFF, 0x88,
    0xDF, 0xA5, 0x34, 0x73, 0x8E, 0x7B, 0xEF, 0x39, 0xC7, 0x07, 0x00, 0x86, 0x20, 0x39, 0xC7, 0x52,
    0x8A, 0x21, 0x24, 0x3A, 0x00, 0x87, 0x94, 0x92, 0xFF, 0xDF, 0xCE, 0x79, 0x29, 0x65, 0x7F, 0x00,
    0x03, 0x00, 0x93, 0x21, 0x24, 0xA5, 0x34, 0xFF, 0xDF, 0xF7, 0xBE, 0xC6, 0x38, 0xEF, 0x7D, 0xEF,
    0x7D, 0x5A, 0xEB, 0x39, 0xE7, 0xDE, 0xDB, 0x06, 0xFF, 0x87, 0xE7, 0x1C, 0x73, 0x8E, 0x84, 0x10,
    0xFF, 0xDF, 0x02, 0xFF, 0x85, 0xD6, 0x9A, 0xBD, 0xD7, 0xFF, 0xDF, 0x02, 0xFF, 0x83, 0xC6, 0x18,
    0x08, 0x61, 0x02, 0x00, 0x93, 0x29, 0x65, 0xA5, 0x34, 0xE7, 0x3C, 0xF7, 0x9E, 0xCE, 0x79, 0x6B,
    0x4D, 0x00, 0x20, 0x39, 0xC7, 0x7B, 0xEF, 0x39, 0xC7, 0x02, 0x00, 0x83, 0x08, 0x61, 0x00, 0x20,
    0x2A, 0x00, 0x81, 0xB5, 0xB6, 0x02, 0xFF, 0x83, 0xBD, 0xD7, 0x21, 0x04, 0x7F, 0x00, 0x96, 0x00,
    0x21, 0x24, 0xAD, 0x55, 0xFF, 0xDF, 0xFF, 0xDF, 0x9C, 0xF3, 0x73, 0xAE, 0xEF, 0x7D, 0xEF, 0x5D,
    0x5A, 0xCB, 0x84, 0x10, 0xF7, 0x9E, 0x04, 0xFF, 0x87, 0xE7, 0x1C, 0x73, 0xAE, 0x21, 0x04, 0xB5,
    0x96, 0x03, 0xFF, 0x82, 0xDF, 0xE7, 0x1C, 0x06, 0xFF, 0x89, 0xE7, 0x3C, 0x29, 0x45, 0x29, 0x65,
    0xBD, 0xF7, 0xFF, 0xDF, 0x02, 0xFF, 0x81, 0xF7, 0xBE, 0x02, 0xFF, 0x91, 0xCE, 0x79, 0x42, 0x08,
    0xBD, 0xF7, 0xFF, 0xDF, 0xBD, 0xF7, 0x8C, 0x71, 0xB5, 0xB6, 0xAD, 0x55, 0x52, 0x8A, 0x06, 0x00,
    0x87, 0x18, 0xC3, 0x42, 0x28, 0x42, 0x28, 0x18, 0xE3, 0x18, 0x00, 0x83, 0x29, 0x45, 0xD6, 0xBA,
    0x02, 0xFF, 0x83, 0x9C, 0xD3, 0x00, 0x20, 0x7E, 0x00, 0x95, 0x29, 0x45, 0xA5, 0x14, 0xF7, 0xBE,
    0xFF, 0xDF, 0xAD, 0x55, 0x29, 0x45, 0x7B, 0xCF, 0xF7, 0x9E, 0xF7, 0x9E, 0xCE, 0x79, 0xEF, 0x7D,
    0x03, 0xFF, 0x8A, 0xDF, 0xC6, 0x38, 0x6B, 0x4D, 0x10, 0x82, 0x5A, 0xEB, 0xE7, 0x3C, 0x02, 0xFF,
    0x87, 0xF7, 0x9E, 0xFF, 0xDF, 0xF7, 0xBE, 0xD6, 0xBA, 0x02, 0xFF, 0x8D, 0xE7, 0x3C, 0x29, 0x65,
    0x84, 0x30, 0xFF, 0xDF, 0xF7, 0xBE, 0xA5, 0x34, 0xCE, 0x79, 0x02, 0xFF, 0x85, 0xD6, 0xBA, 0x73,
    0x8E, 0xEF, 0x7D, 0x03, 0xFF, 0x82, 0xDF, 0xFF, 0xDF, 0x03, 0xFF, 0x92, 0xDF, 0xBD, 0xF7, 0x21,
    0x24, 0x18, 0xE3, 0x73, 0x8E, 0xC6, 0x18, 0xEF, 0x7D, 0xEF, 0x7D, 0xBD, 0xF7, 0x5A, 0xCB, 0x16,
    0x00, 0x87, 0x7B, 0xCF, 0xF7, 0xBE, 0xEF, 0x7D, 0x6B, 0x4D, 0x7E, 0x00, 0x91, 0x29, 0x45, 0xA5,
    0x34, 0xF7, 0xBE, 0xFF, 0xDF, 0xB5, 0xB6, 0x29, 0x65, 0x39, 0xC7, 0xAD, 0x75, 0xFF, 0xDF, 0x08,
    0xFF, 0x83, 0xBD, 0xF7, 0x39, 0xE7, 0x02, 0x00, 0x83, 0x29, 0x45, 0xBD, 0xD7, 0x08, 0xFF, 0x83,
    0xC6, 0x18, 0xAD, 0x55, 0x02, 0xFF, 0x85, 0xE7, 0x1C, 0x29, 0x65, 0xC6, 0x38, 0x02, 0xFF, 0x8D,
    0xC6, 0x38, 0xA5, 0x34, 0xF7, 0x9E, 0xFF, 0xDF, 0xA5, 0x14, 0x9C, 0xF3, 0xFF, 0xDF, 0x04, 0xFF,
    0x8D, 0xF7, 0x9E, 0xD6, 0x9A, 0xFF, 0xDF, 0xEF, 0x5D, 0x63, 0x0C, 0x9C, 0xF3, 0xEF, 0x5D, 0x03,
    0xFF, 0x80, 0xDF, 0x04, 0xFF, 0x83, 0xCE, 0x79, 0x63, 0x0C, 0x12, 0x00, 0x83, 0x18, 0xE3, 0xC6,
    0x38, 0x02, 0xFF, 0x83, 0xC6, 0x18, 0x29, 0x45, 0x7C, 0x00, 0x91, 0x29, 0x45, 0xA5, 0x34, 0xF7,
    0xBE, 0xFF, 0xDF, 0xBD, 0xD7, 0x39, 0xC7, 0x73, 0xAE, 0xD6, 0xBA, 0xFF, 0xDF, 0x03, 0xFF, 0x84,
    0xDF, 0xDE, 0xDB, 0xF7, 0xBE, 0x02, 0xFF, 0x81, 0x7B, 0xCF, 0x03, 0x00, 0x84, 0x20, 0x7B, 0xEF,
    0xF7, 0x9E, 0x06, 0xFF, 0x85, 0xDE, 0xFB, 0x52, 0xAA, 0xBD, 0xF7, 0x02, 0xFF, 0x85, 0xC6, 0x18,
    0x4A, 0x69, 0xE7, 0x3C, 0x02, 0xFF, 0x8B, 0xDE, 0xFB, 0xF7, 0x9E, 0xFF, 0xDF, 0xC6, 0x18, 0x52,
    0x8A, 0xCE, 0x59, 0x05, 0xFF, 0x8C, 0xDF, 0xA5, 0x14, 0x73, 0x8E, 0xF7, 0x9E, 0xF7, 0xBE, 0xBD,
    0xD7, 0xF7, 0xBE, 0x02, 0xFF, 0x87, 0xEF, 0x5D, 0xA5, 0x14, 0xB5, 0xB6, 0xF7, 0xBE, 0x02, 0xFF,
    0x81, 0xD6, 0x9A, 0x10, 0x00, 0x8B, 0x08, 0x61, 0x84, 0x10, 0xF7, 0x9E, 0xF7, 0x9E, 0x7B, 0xCF,
    0x00, 0x20, 0x7A, 0x00, 0x8F, 0x29, 0x65, 0xAD, 0x75, 0xF7, 0xBE, 0xFF, 0xDF, 0xBD, 0xD7, 0x4A,
    0x49, 0xA5, 0x14, 0xEF, 0x7D, 0x03, 0xFF, 0x80, 0xDF, 0x02, 0xFF, 0x89, 0xDE, 0xFB, 0x84, 0x10,
    0xEF, 0x7D, 0xF7, 0xBE, 0x5A, 0xCB, 0x02, 0x00, 0x83, 0x31, 0xA6, 0xCE, 0x59, 0x07, 0xFF, 0x86,
    0xDF, 0x8C, 0x71, 0x10, 0xA2, 0xCE, 0x79, 0x02, 0xFF, 0x85, 0xA5, 0x34, 0x5A, 0xEB, 0xF7, 0xBE,
    0x06, 0xFF, 0x87, 0xC6, 0x18, 0x4A, 0x49, 0x8C, 0x51, 0xEF, 0x7D, 0x04, 0xFF, 0x87, 0xC6, 0x38,
    0x31, 0x86, 0x94, 0xB2, 0xFF, 0xDF, 0x03, 0xFF, 0x80, 0xDF, 0x03, 0xFF, 0x88, 0xDF, 0x94, 0xB2,
    0x10, 0x82, 0x63, 0x0C, 0xEF, 0x7D, 0x02, 0xFF, 0x81, 0xDE, 0xDB, 0x0E, 0x00, 0x85, 0x08, 0x61,
    0x6B, 0x4D, 0xE7, 0x1C, 0x02, 0xFF, 0x83, 0xBD, 0xD7, 0x29, 0x65, 0x7A, 0x00, 0x9B, 0x21, 0x24,
    0xAD, 0x75, 0xFF, 0xDF, 0xFF, 0xDF, 0xB5, 0xB6, 0x31, 0xA6, 0x8C, 0x71, 0xF7, 0xBE, 0xFF, 0xDF,
    0xCE, 0x79, 0xB5, 0xB6, 0xFF, 0xDF, 0xDE, 0xDB, 0x9C, 0xD3, 0x02, 0xFF, 0x89, 0xE7, 0x1C, 0x31,
    0x86, 0x08, 0x41, 0x94, 0xB2, 0xFF, 0xDF, 0x06, 0xFF, 0x87, 0xDE, 0xFB, 0x29, 0x65, 0x29, 0x45,
    0xE7, 0x1C, 0x02, 0xFF, 0x85, 0x94, 0x92, 0x5A, 0xCB, 0xEF, 0x7D, 0x03, 0xFF, 0x88, 0xDF, 0xC6,
    0x18, 0x42, 0x08, 0x7B, 0xCF, 0xE7, 0x3C, 0x04, 0xFF, 0x87, 0xEF, 0x7D, 0x52, 0xAA, 0x10, 0x82,
    0xBD, 0xD7, 0x08, 0xFF, 0x8D, 0xEF, 0x7D, 0x52, 0xAA, 0x08, 0x41, 0x9C, 0xD3, 0xFF, 0xDF, 0xF7,
    0xBE, 0x94, 0xB2, 0x0C, 0x00, 0x85, 0x10, 0xA2, 0x73, 0x8E, 0xDE, 0xFB, 0x02, 0xFF, 0x83, 0xD6,
    0xBA, 0x4A, 0x49, 0x71, 0x00, 0x80, 0x20, 0x08, 0x00, 0x83, 0x21, 0x04, 0xB5, 0xB6, 0x03, 0xFF,
    0x88, 0xDF, 0xAD, 0x75, 0x29, 0x65, 0x21, 0x24, 0xC6, 0x18, 0x02, 0xFF, 0x8B, 0xD6, 0x9A, 0x31,
    0xA6, 0x84, 0x10, 0xF7, 0xBE, 0xDE, 0xFB, 0xA5, 0x14, 0x02, 0xFF, 0x87, 0xD6, 0xBA, 0x10, 0xA2,
    0x52, 0xAA, 0xE7, 0x3C, 0x08, 0xFF, 0x81, 0xAD, 0x75, 0x02, 0x00, 0x89, 0x42, 0x08, 0xF7, 0x9E,
    0xF7, 0x9E, 0x84, 0x30, 0xC6, 0x18, 0x04, 0xFF, 0x87, 0xE7, 0x1C, 0x52, 0xAA, 0x9C, 0xD3, 0xEF,
    0x7D, 0x06, 0xFF, 0x87, 0xAD, 0x75, 0x08, 0x41, 0x31, 0xA6, 0xDE, 0xDB, 0x04, 0xFF, 0x8B, 0xF7,
    0xBE, 0xFF, 0xDF, 0xF7, 0x9E, 0x6B, 0x4D, 0x6B, 0x6D, 0xDE, 0xFB, 0x02, 0xFF, 0x83, 0xD6, 0xBA,
    0x31, 0xA6, 0x09, 0x00, 0x86, 0x20, 0x39, 0xC7, 0x9C, 0xF3, 0xEF, 0x7D, 0x02, 0xFF, 0x83, 0xDE,
    0xFB, 0x5A, 0xCB, 0x6E, 0x00, 0x89, 0x21, 0x24, 0x9C, 0xF3, 0xBD, 0xF7, 0xA5, 0x14, 0x31, 0xA6,
    0x02, 0x00, 0x83, 0x39, 0xE7, 0xC6, 0x38, 0x03, 0xFF, 0x84, 0xDF, 0xA5, 0x34, 0x18, 0xE3, 0x02,
    0x00, 0x83, 0x10, 0x82, 0xA5, 0x34, 0x02, 0xFF, 0x8B, 0xF7, 0x9E, 0x7B, 0xCF, 0x7B, 0xEF, 0xF7,
    0x9E, 0xE7, 0x3C, 0xA5, 0x34, 0x02, 0xFF, 0x85, 0xD6, 0xBA, 0x31, 0x86, 0xBD, 0xF7, 0x02, 0xFF,
    0x83, 0xEF, 0x7D, 0xF7, 0xBE, 0x02, 0xFF, 0x83, 0xF7, 0x9E, 0x73, 0x8E, 0x02, 0x00, 0x87, 0x4A,
    0x69, 0xF7, 0x9E, 0xFF, 0xDF, 0xE7, 0x3C, 0x03, 0xFF, 0x82, 0xDF, 0xFF, 0xDF, 0x02, 0xFF, 0x81,
    0xF7, 0xBE, 0x05, 0xFF, 0x80, 0xDF, 0x02, 0xFF, 0x83, 0xEF, 0x5D, 0x52, 0xAA, 0x02, 0x00, 0x83,
    0x42, 0x08, 0xE7, 0x1C, 0x02, 0xFF, 0x85, 0xEF, 0x7D, 0x9C, 0xF3, 0xD6, 0xBA, 0x02, 0xFF, 0x83,
    0xF7, 0x9E, 0xFF, 0xDF, 0x04, 0xFF, 0x8F, 0xE7, 0x3C, 0x9C, 0xD3, 0x52, 0x8A, 0x42, 0x08, 0x52,
    0xAA, 0x8C, 0x71, 0xBD, 0xF7, 0xEF, 0x5D, 0x03, 0xFF, 0x84, 0xDF, 0xCE, 0x79, 0x4A, 0x69, 0x70,
    0x00, 0x83, 0x94, 0xB2, 0xFF, 0xDF, 0x02, 0xFF, 0x87, 0xF7, 0xBE, 0x84, 0x30, 0x7B, 0xCF, 0xDE,
    0xFB, 0x02, 0xFF, 0x85, 0xF7, 0x9E, 0xA5, 0x14, 0x21, 0x24, 0x06, 0x00, 0x83, 0x4A, 0x49, 0xD6,
    0x9A, 0x02, 0xFF, 0x97, 0xF7, 0x9E, 0xCE, 0x59, 0xF7, 0xBE, 0xEF, 0x5D, 0x9C, 0xF3, 0xFF, 0xDF,
    0xEF, 0x7D, 0xC6, 0x38, 0xFF, 0xDF, 0xF7, 0x9E, 0xAD, 0x75, 0xEF, 0x5D, 0x02, 0xFF, 0x83, 0xDE,
    0xDB, 0x18, 0xC3, 0x02, 0x00, 0x83, 0x42, 0x08, 0xF7, 0x9E, 0x04, 0xFF, 0x95, 0xF7, 0x9E, 0x94,
    0xB2, 0xA5, 0x34, 0xE7, 0x3C, 0xF7, 0x9E, 0xE7, 0x1C, 0xAD, 0x55, 0x84, 0x30, 0xC6, 0x18, 0x94,
    0x92, 0x08, 0x61, 0x02, 0x00, 0x95, 0x29, 0x45, 0xBD, 0xD7, 0xE7, 0x3C, 0x94, 0xB2, 0x21, 0x04,
    0x7B, 0xCF, 0xDE, 0xFB, 0xF7, 0x9E, 0xEF, 0x7D, 0xD6, 0x9A, 0xE7, 0x3C, 0x05, 0xFF, 0x86, 0xDF,
    0xFF, 0xDF, 0xFF, 0xDF, 0xFF, 0xDF, 0x03, 0xFF, 0x86, 0xDF, 0xE7, 0x1C, 0xA5, 0x34, 0x39, 0xC7,
    0x72, 0x00, 0x81, 0xA5, 0x14, 0x06, 0xFF, 0x83, 0xEF, 0x5D, 0xF7, 0xBE, 0x02, 0xFF, 0x85, 0xEF,
    0x5D, 0x8C, 0x51, 0x18, 0xE3, 0x09, 0x00, 0x86, 0x20, 0x4A, 0x69, 0xCE, 0x79, 0xFF, 0xDF, 0x04,
    0xFF, 0x85, 0xEF, 0x5D, 0x6B, 0x6D, 0xDE, 0xDB, 0x04, 0xFF, 0x8B, 0xF7, 0xBE, 0xA5, 0x34, 0x52,
    0xAA, 0xE7, 0x1C, 0xFF, 0xDF, 0x9C, 0xF3, 0x04, 0x00, 0x9B, 0x18, 0xE3, 0xC6, 0x38, 0xF7, 0xBE,
    0xE7, 0x3C, 0x8C, 0x71, 0x10, 0xA2, 0x18, 0xC3, 0x52, 0x8A, 0x63, 0x0C, 0x4A, 0x49, 0x18, 0xC3,
    0x08, 0x61, 0x29, 0x65, 0x10, 0xA2, 0x06, 0x00, 0x85, 0x31, 0xA6, 0x4A, 0x69, 0x18, 0xE3, 0x02,
    0x00, 0x9F, 0x08, 0x61, 0x4A, 0x49, 0x63, 0x2C, 0x5A, 0xEB, 0x39, 0xC7, 0x63, 0x2C, 0xB5, 0xB6,
    0xE7, 0x1C, 0xF7, 0xBE, 0xF7, 0xBE, 0xF7, 0xBE, 0xE7, 0x1C, 0xC6, 0x38, 0x9C, 0xF3, 0x52, 0x8A,
    0x10, 0xA2, 0x74, 0x00, 0x8F, 0x42, 0x28, 0xCE, 0x59, 0xF7, 0xBE, 0xFF, 0xDF, 0xFF, 0xDF, 0xEF,
    0x7D, 0xCE, 0x79, 0x73, 0xAE, 0x10, 0x00, 0x9D, 0x42, 0x28, 0xB5, 0x96, 0xE7, 0x3C, 0xF7, 0xBE,
    0xBD, 0xF7, 0x31, 0x86, 0x84, 0x10, 0xDE, 0xFB, 0xE7, 0x1C, 0xA5, 0x34, 0x31, 0xA6, 0x18, 0xC3,
    0x94, 0xB2, 0xAD, 0x75, 0x42, 0x08, 0x06, 0x00, 0x87, 0x42, 0x28, 0x73, 0xAE, 0x5A, 0xEB, 0x00,
    0x20, 0x2C, 0x00, 0x8D, 0x10, 0xA2, 0x4A, 0x69, 0x6B, 0x4D, 0x6B, 0x4D, 0x6B, 0x4D, 0x52, 0x8A,
    0x21, 0x04, 0x7C, 0x00, 0x8B, 0x39, 0xE7, 0x7B, 0xEF, 0x94, 0x92, 0x94, 0x92, 0x73, 0x8E, 0x31,
    0x86, 0x14, 0x00, 0x87, 0x18, 0xC3, 0x63, 0x0C, 0x7B, 0xEF, 0x42, 0x08, 0x02, 0x00, 0x87, 0x08,
    0x41, 0x42, 0x28, 0x4A, 0x69, 0x18, 0xC3, 0x05, 0x00, 0x82, 0x20, 0x08, 0x41, 0x7F, 0x00, 0x7F,
    0x00, 0x7F, 0x00, 0x7F, 0x00, 0x7F, 0x00, 0x7F, 0x00, 0x7F, 0x00, 0x7F, 0x00, 0x7F, 0x00, 0x7F,
    0x00, 0x7F, 0x00, 0x7F, 0x00, 0x7F, 0x00, 0x7F, 0x00, 0x7F, 0x00, 0x7F, 0x00, 0x7F, 0x00, 0x7F,
    0x00, 0x7F, 0x00, 0x7F, 0x00, 0x7F, 0x00, 0x7F, 0x00, 0x7F, 0x00, 0x5B, 0x00, 0x02, 0xFD, 0x06,
    0x00, 0x00, 0x08, 0x00, 0x01, 0xFF, 0x64, 0x00, 0x05, 0xFA, 0xE8, 0x19, 0x00, 0x7F, 0x00, 0x7F,
    0x00, 0x7F, 0x00, 0x7F, 0x00, 0x7F, 0x00, 0x7F, 0x00, 0x7F, 0x00, 0x7F, 0x00, 0x7F, 0x00, 0x7F,
    0x00, 0x7F, 0x00, 0x7F, 0x00, 0x7F, 0x00, 0x7F, 0x00, 0x7F, 0x00, 0x7F, 0x00, 0x7F, 0x00, 0x7F,
    0x00, 0x7F, 0x00, 0x7F, 0x00, 0x7F, 0x00, 0x7F, 0x00, 0x7F, 0x00, 0x7F, 0x00, 0x7F, 0x00, 0x7F,
    0x00, 0x7F, 0x00, 0x7F, 0x00, 0x7F, 0x00, 0x7F, 0x00, 0x7F, 0x00, 0x7F, 0x00, 0x7F, 0x00, 0x7F,
    0x00, 0x7F, 0x00, 0x7F, 0x00, 0x7F, 0x00, 0x3E, 0x00, 0x8A, 0x20, 0x18, 0xC3, 0x29, 0x45, 0x31,
    0x86, 0x29, 0x45, 0x10, 0xA2, 0x7F, 0x00, 0x70, 0x00, 0x9A, 0x20, 0x39, 0xE7, 0x84, 0x10, 0xB5,
    0x96, 0xBD, 0xF7, 0xCE, 0x59, 0xCE, 0x79, 0xCE, 0x59, 0xBD, 0xF7, 0xB5, 0x96, 0x94, 0x92, 0x63,
    0x0C, 0x39, 0xE7, 0x10, 0x82, 0x7F, 0x00, 0x63, 0x00, 0x87, 0x10, 0x82, 0x73, 0xAE, 0xCE, 0x79,
    0xF7, 0x9E, 0x05, 0xFF, 0x84, 0xDF, 0xF7, 0xBE, 0xFF, 0xDF, 0x04, 0xFF, 0x8D, 0xF7, 0xBE, 0xEF,
    0x7D, 0xD6, 0x9A, 0xAD, 0x75, 0x7B, 0xCF, 0x4A, 0x69, 0x21, 0x04, 0x7F, 0x00, 0x5D, 0x00, 0x83,
    0x73, 0xAE, 0xE7, 0x3C, 0x02, 0xFF, 0x95, 0xEF, 0x7D, 0xC6, 0x18, 0xAD, 0x55, 0x94, 0x92, 0x8C,
    0x51, 0x94, 0xB2, 0xAD, 0x75, 0xBD, 0xD7, 0xDE, 0xFB, 0xF7, 0xBE, 0xFF, 0xDF, 0x02, 0xFF, 0x8B,
    0xF7, 0x9E, 0xDE, 0xFB, 0xB5, 0xB6, 0x84, 0x10, 0x39, 0xC7, 0x08, 0x61, 0x7F, 0x00, 0x55, 0x00,
    0x83, 0x31, 0x86, 0xD6, 0xBA, 0x02, 0xFF, 0x85, 0xCE, 0x79, 0x6B, 0x4D, 0x18, 0xC3, 0x0A, 0x00,
    0x8D, 0x10, 0x82, 0x39, 0xC7, 0x5A, 0xEB, 0x9C, 0xF3, 0xC6, 0x18, 0xE7, 0x3C, 0xFF, 0xDF, 0x02,
    0xFF, 0x89, 0xF7, 0xBE, 0xD6, 0x9A, 0x8C, 0x71, 0x4A, 0x49, 0x10, 0xA2, 0x7F, 0x00, 0x50, 0x00,
    0x88, 0x20, 0x8C, 0x51, 0xFF, 0xDF, 0xE7, 0x3C, 0x5A, 0xEB, 0x16, 0x00, 0x89, 0x18, 0xC3, 0x42,
    0x28, 0x84, 0x10, 0xC6, 0x18, 0xF7, 0x9E, 0x03, 0xFF, 0x88, 0xDF, 0xE7, 0x1C, 0xAD, 0x55, 0x4A,
    0x69, 0x00, 0x20, 0x7F, 0x00, 0x4B, 0x00, 0x83, 0x29, 0x45, 0xCE, 0x79, 0x02, 0xFF, 0x83, 0xAD,
    0x55, 0x18, 0xC3, 0x1C, 0x00, 0x89, 0x08, 0x61, 0x52, 0xAA, 0xA5, 0x34, 0xE7, 0x1C, 0xFF, 0xDF,
    0x02, 0xFF, 0x87, 0xEF, 0x7D, 0xAD, 0x75, 0x4A, 0x69, 0x08, 0x61, 0x7F, 0x00, 0x47, 0x00, 0x87,
    0x63, 0x2C, 0xEF, 0x7D, 0xF7, 0xBE, 0x63, 0x2C, 0x22, 0x00, 0x89, 0x10, 0xA2, 0x4A, 0x49, 0x8C,
    0x71, 0xD6, 0x9A, 0xF7, 0xBE, 0x02, 0xFF, 0x87, 0xE7, 0x3C, 0xA5, 0x34, 0x52, 0x8A, 0x08, 0x41,
    0x7F, 0x00, 0x41, 0x00, 0x83, 0x08, 0x41, 0xA5, 0x34, 0x02, 0xFF, 0x83, 0xD6, 0x9A, 0x29, 0x65,
    0x26, 0x00, 0x91, 0x08, 0x61, 0x39, 0xE7, 0x8C, 0x51, 0xDE, 0xDB, 0xF7, 0xBE, 0xFF, 0xDF, 0xE7,
    0x1C, 0x94, 0xB2, 0x31, 0xA6, 0x7F, 0x00, 0x3F, 0x00, 0x83, 0x31, 0xA6, 0xD6, 0x9A, 0x02, 0xFF,
    0x83, 0xA5, 0x14, 0x08, 0x61, 0x2B, 0x00, 0x90, 0x20, 0x4A, 0x49, 0x94, 0xB2, 0xDE, 0xFB, 0xFF,
    0xDF, 0xF7, 0xBE, 0xCE, 0x59, 0x73, 0x8E, 0x18, 0xC3, 0x7F, 0x00, 0x3B, 0x00, 0x87, 0x63, 0x0C,
    0xEF, 0x5D, 0xFF, 0xDF, 0x52, 0x8A, 0x30, 0x00, 0x87, 0x08, 0x41, 0x52, 0xAA, 0xAD, 0x75, 0xEF,
    0x5D, 0x02, 0xFF, 0x87, 0xEF, 0x7D, 0xA5, 0x34, 0x39, 0xE7, 0x00, 0x20, 0x7F, 0x00, 0x36, 0x00,
    0x88, 0x20, 0x94, 0x92, 0xFF, 0xDF, 0xDE, 0xDB, 0x21, 0x24, 0x34, 0x00, 0x87, 0x18, 0xC3, 0x7B,
    0xCF, 0xCE, 0x59, 0xF7, 0xBE, 0x02, 0xFF, 0x85, 0xCE, 0x79, 0x6B, 0x6D, 0x18, 0xC3, 0x7F, 0x00,
    0x33, 0x00, 0x83, 0x21, 0x04, 0xBD, 0xF7, 0x02, 0xFF, 0x83, 0xB5, 0xB6, 0x08, 0x41, 0x38, 0x00,
    0x85, 0x31, 0xA6, 0x9C, 0xD3, 0xEF, 0x5D, 0x02, 0xFF, 0x85, 0xEF, 0x7D, 0x94, 0xB2, 0x29, 0x65,
    0x7F, 0x00, 0x31, 0x00, 0x87, 0x52, 0x8A, 0xE7, 0x1C, 0xFF, 0xDF, 0x84, 0x10, 0x3C, 0x00, 0x85,
    0x08, 0x41, 0x6B, 0x4D, 0xD6, 0x9A, 0x03, 0xFF, 0x84, 0xDF, 0xB5, 0x96, 0x39, 0xC7, 0x7F, 0x00,
    0x2F, 0x00, 0x87, 0x8C, 0x71, 0xF7, 0xBE, 0xF7, 0x9E, 0x31, 0xA6, 0x40, 0x00, 0x85, 0x31, 0x86,
    0xAD, 0x55, 0xF7, 0xBE, 0x02, 0xFF, 0x83, 0xD6, 0x9A, 0x63, 0x0C, 0x7F, 0x00, 0x2B, 0x00, 0x83,
    0x21, 0x04, 0xCE, 0x59, 0x02, 0xFF, 0x83, 0xBD, 0xF7, 0x08, 0x61, 0x42, 0x00, 0x85, 0x18, 0xC3,
    0x94, 0x92, 0xEF, 0x5D, 0x02, 0xFF, 0x85, 0xE7, 0x1C, 0x73, 0xAE, 0x00, 0x20, 0x7F, 0x00, 0x05,
    0x00, 0x89, 0x10, 0x82, 0x63, 0x2C, 0x8C, 0x51, 0x63, 0x0C, 0x10, 0x82, 0x18, 0x00, 0x87, 0x6B,
    0x6D, 0xEF, 0x7D, 0xF7, 0xBE, 0x73, 0xAE, 0x46, 0x00, 0x85, 0x10, 0x82, 0x73, 0x8E, 0xD6, 0xBA,
    0x02, 0xFF, 0x85, 0xEF, 0x5D, 0x84, 0x30, 0x00, 0x20, 0x7F, 0x00, 0x8E, 0x00, 0x29, 0x65, 0xBD,
    0xD7, 0xF7, 0x9E, 0xFF, 0xDF, 0xEF, 0x7D, 0xC6, 0x38, 0x5A, 0xCB, 0x15, 0x00, 0x88, 0x20, 0xAD,
    0x55, 0xFF, 0xDF, 0xD6, 0xBA, 0x29, 0x45, 0x49, 0x00, 0x84, 0x20, 0x5A, 0xEB, 0xD6, 0xBA, 0x02,
    0xFF, 0x85, 0xEF, 0x7D, 0x84, 0x30, 0x10, 0xA2, 0x7E, 0x00, 0x89, 0x84, 0x10, 0xF7, 0xBE, 0xFF,
    0xDF, 0xEF, 0x7D, 0xFF, 0xDF, 0x02, 0xFF, 0x83, 0xE7, 0x1C, 0x5A, 0xCB, 0x06, 0x00, 0x87, 0x08,
    0x41, 0x39, 0xE7, 0x42, 0x28, 0x10, 0xA2, 0x04, 0x00, 0x89, 0x4A, 0x49, 0xDE, 0xFB, 0xFF, 0xDF,
    0xA5, 0x14, 0x00, 0x20, 0x4C, 0x00, 0x83, 0x52, 0xAA, 0xD6, 0x9A, 0x02, 0xFF, 0x85, 0xEF, 0x7D,
    0x8C, 0x71, 0x10, 0xA2, 0x7A, 0x00, 0x8D, 0x08, 0x41, 0xAD, 0x75, 0xFF, 0xDF, 0xC6, 0x18, 0x52,
    0xAA, 0x94, 0xB2, 0xEF, 0x5D, 0x02, 0xFF, 0x9B, 0xBD, 0xD7, 0x18, 0xE3, 0x10, 0x82, 0x63, 0x2C,
    0xC6, 0x18, 0xDE, 0xFB, 0xE7, 0x1C, 0xD6, 0x9A, 0x73, 0x8E, 0x10, 0xA2, 0x9C, 0xF3, 0xFF, 0xDF,
    0xEF, 0x5D, 0x5A, 0xCB, 0x50, 0x00, 0x83, 0x42, 0x08, 0xCE, 0x79, 0x02, 0xFF, 0x85, 0xEF, 0x7D,
    0x84, 0x10, 0x08, 0x61, 0x79, 0x00, 0x8C, 0x20, 0xAD, 0x55, 0xFF, 0xDF, 0xC6, 0x18, 0x31, 0x86,
    0x18, 0xC3, 0xA5, 0x14, 0x02, 0xFF, 0x87, 0xE7, 0x1C, 0x39, 0xC7, 0x94, 0x92, 0xEF, 0x7D, 0x08,
    0xFF, 0x85, 0xF7, 0xBE, 0xA5, 0x14, 0xEF, 0x5D, 0x02, 0xFF, 0x83, 0xB5, 0xB6, 0x08, 0x61, 0x52,
    0x00, 0x83, 0x39, 0xE7, 0xDE, 0xDB, 0x02, 0xFF, 0x85, 0xE7, 0x3C, 0x7B, 0xCF, 0x00, 0x20, 0x78,
    0x00, 0x8B, 0x7B, 0xCF, 0xF7, 0x9E, 0xF7, 0xBE, 0xA5, 0x34, 0x7B, 0xCF, 0xEF, 0x7D, 0x02, 0xFF,
    0x85, 0xBD, 0xD7, 0x94, 0xB2, 0xF7, 0xBE, 0x02, 0xFF, 0x87, 0xE7, 0x1C, 0xA5, 0x14, 0x94, 0x92,
    0xDE, 0xFB, 0x06, 0xFF, 0x83, 0xE7, 0x3C, 0x4A, 0x69, 0x56, 0x00, 0x83, 0x39, 0xE7, 0xDE, 0xFB,
    0x02, 0xFF, 0x83, 0xE7, 0x1C, 0x5A, 0xEB, 0x78, 0x00, 0x89, 0x21, 0x04, 0xB5, 0xB6, 0xFF, 0xDF,
    0xFF, 0xDF, 0xFF, 0xDF, 0x02, 0xFF, 0x85, 0xEF, 0x7D, 0xA5, 0x34, 0xF7, 0xBE, 0x02, 0xFF, 0x83,
    0xE7, 0x3C, 0x6B, 0x4D, 0x04, 0x00, 0x83, 0x18, 0xE3, 0xE7, 0x1C, 0x03, 0xFF, 0x84, 0xDF, 0x94,
    0xB2, 0x00, 0x20, 0x58, 0x00, 0x83, 0x52, 0x8A, 0xE7, 0x1C, 0x02, 0xFF, 0x83, 0xD6, 0x9A, 0x42,
    0x28, 0x78, 0x00, 0x85, 0x31, 0x86, 0xAD, 0x55, 0xFF, 0xDF, 0x05, 0xFF, 0x82, 0xDF, 0xFF, 0xDF,
    0x05, 0xFF, 0x84, 0xDF, 0xDE, 0xFB, 0x63, 0x2C, 0x02, 0x00, 0x83, 0x18, 0xC3, 0xDE, 0xFB, 0x02,
    0xFF, 0x83, 0xE7, 0x3C, 0x52, 0xAA, 0x5B, 0x00, 0x8A, 0x20, 0x73, 0xAE, 0xF7, 0x9E, 0xFF, 0xDF,
    0xC6, 0x38, 0x21, 0x24, 0x76, 0x00, 0x8B, 0x08, 0x61, 0x9C, 0xD3, 0xFF, 0xDF, 0xF7, 0x9E, 0xDE,
    0xDB, 0xF7, 0xBE, 0x02, 0xFF, 0x85, 0xF7, 0x9E, 0xCE, 0x79, 0xEF, 0x5D, 0x02, 0xFF, 0x85, 0xDE,
    0xDB, 0x63, 0x2C, 0xAD, 0x55, 0x04, 0xFF, 0x83, 0xF7, 0x9E, 0x6B, 0x6D, 0x5C, 0x00, 0x89, 0x08,
    0x61, 0x9C, 0xD3, 0xF7, 0xBE, 0xFF, 0xDF, 0xA5, 0x14, 0x76, 0x00, 0x8B, 0x5A, 0xEB, 0xE7, 0x1C,
    0xFF, 0xDF, 0xB5, 0x96, 0x4A, 0x69, 0xDE, 0xDB, 0x02, 0xFF, 0x87, 0xB5, 0xB6, 0x31, 0x86, 0x73,
    0xAE, 0xE7, 0x1C, 0x02, 0xFF, 0x83, 0xE7, 0x3C, 0xF7, 0x9E, 0x06, 0xFF, 0x83, 0xB5, 0x96, 0x10,
    0x82, 0x5C, 0x00, 0x83, 0x21, 0x24, 0xB5, 0xB6, 0x02, 0xFF, 0x83, 0xEF, 0x7D, 0x7B, 0xCF, 0x72,
    0x00, 0x83, 0x18, 0xE3, 0xB5, 0xB6, 0x02, 0xFF, 0x8B, 0xDE, 0xDB, 0x4A, 0x69, 0x52, 0x8A, 0xF7,
    0x9E, 0xF7, 0xBE, 0x73, 0xAE, 0x02, 0x00, 0x85, 0x08, 0x61, 0x7B, 0xCF, 0xE7, 0x1C, 0x0A, 0xFF,
    0x87, 0xEF, 0x5D, 0x6B, 0x4D, 0x21, 0x24, 0x00, 0x20, 0x5A, 0x00, 0x83, 0x4A, 0x69, 0xD6, 0xBA,
    0x02, 0xFF, 0x83, 0xE7, 0x1C, 0x39, 0xE7, 0x70, 0x00, 0x8B, 0x6B, 0x4D, 0xEF, 0x7D, 0xF7, 0xBE,
    0x8C, 0x71, 0x00, 0x20, 0x5A, 0xEB, 0x02, 0xFF, 0x83, 0xEF, 0x5D, 0x42, 0x28, 0x04, 0x00, 0x83,
    0x08, 0x41, 0x7B, 0xEF, 0x05, 0xFF, 0x80, 0xDF, 0x06, 0xFF, 0x8B, 0xDE, 0xFB, 0xBD, 0xF7, 0x94,
    0xB2, 0x63, 0x2C, 0x31, 0xA6, 0x00, 0x20, 0x56, 0x00, 0x83, 0x63, 0x2C, 0xEF, 0x5D, 0x02, 0xFF,
    0x83, 0xB5, 0x96, 0x18, 0xC3, 0x6C, 0x00, 0x83, 0x10, 0xA2, 0xB5, 0xB6, 0x02, 0xFF, 0x83, 0xCE,
    0x79, 0x39, 0xE7, 0x02, 0x00, 0x87, 0x5A, 0xCB, 0xFF, 0xDF, 0xEF, 0x7D, 0x5A, 0xCB, 0x05, 0x00,
    0x82, 0x20, 0xA5, 0x34, 0x02, 0xFF, 0x89, 0xEF, 0x7D, 0x84, 0x30, 0xBD, 0xD7, 0xE7, 0x1C, 0xFF,
    0xDF, 0x05, 0xFF, 0x8A, 0xDF, 0xEF, 0x7D, 0xCE, 0x79, 0x8C, 0x71, 0x42, 0x28, 0x10, 0xA2, 0x52,
    0x00, 0x83, 0x08, 0x61, 0x94, 0xB2, 0x02, 0xFF, 0x83, 0xF7, 0xBE, 0x6B, 0x6D, 0x6C, 0x00, 0x89,
    0x5A, 0xCB, 0xEF, 0x7D, 0xF7, 0xBE, 0x8C, 0x51, 0x00, 0x20, 0x02, 0x00, 0x83, 0x39, 0xC7, 0xDE,
    0xFB, 0x02, 0xFF, 0x83, 0xAD, 0x55, 0x10, 0xA2, 0x02, 0x00, 0x83, 0x31, 0x86, 0xDE, 0xDB, 0x02,
    0xFF, 0x91, 0xBD, 0xD7, 0x21, 0x04, 0x10, 0xA2, 0x5A, 0xCB, 0xE7, 0x3C, 0xFF, 0xDF, 0xD6, 0x9A,
    0xD6, 0xBA, 0xFF, 0xDF, 0x03, 0xFF, 0x88, 0xDF, 0xDE, 0xFB, 0xA5, 0x34, 0x52, 0xAA, 0x08, 0x41,
    0x50, 0x00, 0x83, 0x29, 0x65, 0xD6, 0x9A, 0x02, 0xFF, 0x83, 0xD6, 0x9A, 0x31, 0xA6, 0x6A, 0x00,
    0x87, 0x84, 0x30, 0xFF, 0xDF, 0xE7, 0x1C, 0x42, 0x28, 0x04, 0x00, 0x83, 0x08, 0x61, 0x94, 0xB2,
    0x02, 0xFF, 0x89, 0xF7, 0x9E, 0xB5, 0xB6, 0x9C, 0xD3, 0xCE, 0x79, 0xFF, 0xDF, 0x02, 0xFF, 0x95,
    0xEF, 0x7D, 0xDE, 0xDB, 0xD6, 0x9A, 0xD6, 0x9A, 0xF7, 0xBE, 0xFF, 0xDF, 0xA5, 0x34, 0x31, 0xA6,
    0x5A, 0xCB, 0xB5, 0x96, 0xE7, 0x1C, 0x04, 0xFF, 0x87, 0xEF, 0x5D, 0xB5, 0x96, 0x4A, 0x69, 0x08,
    0x41, 0x4E, 0x00, 0x89, 0x52, 0xAA, 0xF7, 0x9E, 0xFF, 0xDF, 0x8C, 0x71, 0x08, 0x41, 0x68, 0x00,
    0x87, 0x73, 0x8E, 0xF7, 0xBE, 0xEF, 0x7D, 0x73, 0xAE, 0x06, 0x00, 0x85, 0x29, 0x65, 0xC6, 0x18,
    0xFF, 0xDF, 0x16, 0xFF, 0x8F, 0xF7, 0x9E, 0xD6, 0x9A, 0x9C, 0xF3, 0x52, 0xAA, 0x4A, 0x69, 0x94,
    0x92, 0xD6, 0x9A, 0xFF, 0xDF, 0x02, 0xFF, 0x87, 0xE7, 0x3C, 0xA5, 0x34, 0x5A, 0xCB, 0x18, 0xE3,
    0x4B, 0x00, 0x82, 0x20, 0xB5, 0xB6, 0x02, 0xFF, 0x83, 0xD6, 0x9A, 0x31, 0xA6, 0x68, 0x00, 0x83,
    0x29, 0x45, 0xCE, 0x59, 0x02, 0xFF, 0x83, 0xB5, 0xB6, 0x21, 0x04, 0x06, 0x00, 0x97, 0x31, 0xA6,
    0x8C, 0x51, 0xC6, 0x38, 0xD6, 0xBA, 0xD6, 0x9A, 0xFF, 0xDF, 0xEF, 0x7D, 0x8C, 0x71, 0x8C, 0x51,
    0x8C, 0x71, 0xA5, 0x34, 0xEF, 0x7D, 0x03, 0xFF, 0x9E, 0xDF, 0xFF, 0xDF, 0xFF, 0xDF, 0xE7, 0x1C,
    0x84, 0x10, 0x18, 0xE3, 0x42, 0x08, 0x8C, 0x71, 0xDE, 0xDB, 0xFF, 0xDF, 0xFF, 0xDF, 0xEF, 0x5D,
    0xBD, 0xF7, 0x84, 0x30, 0x42, 0x08, 0x10, 0x82, 0x46, 0x00, 0x87, 0x63, 0x0C, 0xF7, 0x9E, 0xF7,
    0xBE, 0x7B, 0xCF, 0x68, 0x00, 0x83, 0x18, 0xE3, 0xC6, 0x18, 0x02, 0xFF, 0x83, 0xBD, 0xD7, 0x21,
    0x04, 0x09, 0x00, 0x8C, 0x20, 0x29, 0x45, 0x31, 0xA6, 0x7B, 0xCF, 0xF7, 0xBE, 0xEF, 0x7D, 0x39,
    0xC7, 0x04, 0x00, 0x8B, 0x4A, 0x69, 0xE7, 0x1C, 0xFF, 0xDF, 0xAD, 0x55, 0xA5, 0x14, 0xE7, 0x1C,
    0x02, 0xFF, 0x83, 0xD6, 0xBA, 0x42, 0x08, 0x02, 0x00, 0x89, 0x08, 0x61, 0x4A, 0x69, 0x9C, 0xD3,
    0xD6, 0x9A, 0xF7, 0x9E, 0x02, 0xFF, 0x8D, 0xF7, 0xBE, 0xDE, 0xFB, 0xB5, 0x96, 0x84, 0x30, 0x5A,
    0xEB, 0x31, 0xA6, 0x21, 0x04, 0x0C, 0x00, 0x89, 0x18, 0xE3, 0x42, 0x28, 0x52, 0x8A, 0x31, 0xA6,
    0x08, 0x41, 0x28, 0x00, 0x83, 0x08, 0x61, 0xCE, 0x79, 0x02, 0xFF, 0x83, 0xBD, 0xF7, 0x10, 0x82,
    0x66, 0x00, 0x8F, 0x42, 0x08, 0xE7, 0x1C, 0xFF, 0xDF, 0x94, 0x92, 0x00, 0x20, 0x18, 0xC3, 0x21,
    0x24, 0x08, 0x41, 0x08, 0x00, 0x89, 0x5A, 0xCB, 0xEF, 0x5D, 0xFF, 0xDF, 0x94, 0x92, 0x10, 0x82,
    0x02, 0x00, 0x8B, 0x84, 0x10, 0xF7, 0xBE, 0xEF, 0x7D, 0x73, 0x8E, 0x84, 0x10, 0xDE, 0xDB, 0x02,
    0xFF, 0x83, 0xDE, 0xFB, 0x4A, 0x49, 0x06, 0x00, 0x8B, 0x08, 0x61, 0x42, 0x08, 0x84, 0x10, 0xBD,
    0xF7, 0xE7, 0x3C, 0xFF, 0xDF, 0x02, 0xFF, 0x8D, 0xF7, 0xBE, 0xEF, 0x5D, 0xD6, 0x9A, 0xBD, 0xD7,
    0x94, 0x92, 0x5A, 0xCB, 0x18, 0xE3, 0x02, 0x00, 0x8F, 0x18, 0xC3, 0x6B, 0x6D, 0xBD, 0xD7, 0xDE,
    0xDB, 0xE7, 0x1C, 0xCE, 0x79, 0x84, 0x30, 0x18, 0xE3, 0x28, 0x00, 0x87, 0x9C, 0xD3, 0xFF, 0xDF,
    0xE7, 0x1C, 0x39, 0xC7, 0x66, 0x00, 0x91, 0x31, 0x86, 0xD6, 0xBA, 0xFF, 0xDF, 0xBD, 0xF7, 0x6B,
    0x6D, 0xAD, 0x55, 0xC6, 0x38, 0x8C, 0x71, 0x39, 0xC7, 0x06, 0x00, 0x83, 0x21, 0x04, 0xBD, 0xF7,
    0x02, 0xFF, 0x87, 0xEF, 0x7D, 0x9C, 0xF3, 0x7B, 0xEF, 0xBD, 0xD7, 0x03, 0xFF, 0x84, 0xDF, 0xE7,
    0x1C, 0xF7, 0xBE, 0x02, 0xFF, 0x85, 0xF7, 0x9E, 0x9C, 0xD3, 0x18, 0xE3, 0x0C, 0x00, 0x8D, 0x18,
    0xC3, 0x5A, 0xCB, 0x94, 0xB2, 0xBD, 0xF7, 0xDE, 0xFB, 0xEF, 0x7D, 0xFF, 0xDF, 0x04, 0xFF, 0x89,
    0xEF, 0x5D, 0xB5, 0x96, 0x6B, 0x6D, 0xA5, 0x14, 0xEF, 0x7D, 0x02, 0xFF, 0x83, 0xF7, 0xBE, 0xEF,
    0x7D, 0x02, 0xFF, 0x85, 0xEF, 0x7D, 0x84, 0x10, 0x08, 0x41, 0x26, 0x00, 0x87, 0x63, 0x0C, 0xEF,
    0x7D, 0xF7, 0x9E, 0x73, 0x8E, 0x67, 0x00, 0x88, 0x20, 0x94, 0x92, 0xF7, 0x9E, 0xFF, 0xDF, 0xF7,
    0x9E, 0x05, 0xFF, 0x84, 0xDF, 0xBD, 0xF7, 0x31, 0x86, 0x06, 0x00, 0x83, 0x4A, 0x69, 0xCE, 0x59,
    0x05, 0xFF, 0x82, 0xDF, 0xFF, 0xDF, 0x06, 0xFF, 0x87, 0xEF, 0x7D, 0xC6, 0x18, 0x73, 0xAE, 0x18,
    0xC3, 0x14, 0x00, 0x8D, 0x18, 0xC3, 0x42, 0x08, 0x63, 0x2C, 0x8C, 0x51, 0xBD, 0xF7, 0xDE, 0xFB,
    0xFF, 0xDF, 0x02, 0xFF, 0x93, 0xF7, 0x9E, 0xFF, 0xDF, 0xFF, 0xDF, 0xD6, 0x9A, 0x84, 0x30, 0x73,
    0x8E, 0xCE, 0x59, 0xFF, 0xDF, 0xD6, 0xBA, 0x39, 0xC7, 0x26, 0x00, 0x87, 0x31, 0x86, 0xE7, 0x1C,
    0xFF, 0xDF, 0x84, 0x30, 0x68, 0x00, 0x91, 0x18, 0xE3, 0x94, 0x92, 0xDE, 0xFB, 0xF7, 0x9E, 0xE7,
    0x3C, 0xD6, 0x9A, 0xFF, 0xDF, 0xFF, 0xDF, 0x8C, 0x71, 0x08, 0x00, 0x8B, 0x31, 0xA6, 0xA5, 0x14,
    0xD6, 0x9A, 0xDE, 0xFB, 0xE7, 0x1C, 0xF7, 0x9E, 0x03, 0xFF, 0x84, 0xDF, 0xA5, 0x34, 0x10, 0x82,
    0x22, 0x00, 0x8D, 0x31, 0x86, 0x8C, 0x71, 0xD6, 0xBA, 0xEF, 0x7D, 0xDE, 0xFB, 0x9C, 0xF3, 0x29,
    0x45, 0x04, 0x00, 0x87, 0x63, 0x2C, 0xE7, 0x3C, 0xF7, 0xBE, 0x84, 0x30, 0x14, 0x00, 0x85, 0x18,
    0xC3, 0x31, 0xA6, 0x08, 0x61, 0x0C, 0x00, 0x87, 0x29, 0x45, 0xE7, 0x1C, 0xFF, 0xDF, 0x84, 0x30,
    0x6C, 0x00, 0x89, 0x31, 0xA6, 0x5A, 0xCB, 0x4A, 0x49, 0x84, 0x10, 0xF7, 0xBE, 0x02, 0xFF, 0x81,
    0x94, 0xB2, 0x0C, 0x00, 0x8F, 0x08, 0x61, 0x21, 0x24, 0x29, 0x65, 0x63, 0x0C, 0xC6, 0x18, 0xFF,
    0xDF, 0xEF, 0x5D, 0x4A, 0x69, 0x26, 0x00, 0x85, 0x21, 0x24, 0x4A, 0x69, 0x31, 0x86, 0x08, 0x00,
    0x83, 0x08, 0x61, 0xBD, 0xF7, 0x02, 0xFF, 0x83, 0xB5, 0xB6, 0x10, 0x82, 0x10, 0x00, 0x87, 0x42,
    0x08, 0xC6, 0x38, 0xE7, 0x3C, 0x73, 0xAE, 0x0C, 0x00, 0x87, 0x42, 0x08, 0xE7, 0x3C, 0xFF, 0xDF,
    0x84, 0x10, 0x70, 0x00, 0x83, 0x39, 0xE7, 0xD6, 0x9A, 0x02, 0xFF, 0x83, 0xCE, 0x59, 0x39, 0xE7,
    0x14, 0x00, 0x83, 0x52, 0x8A, 0xDE, 0xDB, 0x02, 0xFF, 0x83, 0xB5, 0xB6, 0x10, 0x82, 0x34, 0x00,
    0x87, 0x94, 0x92, 0xFF, 0xDF, 0xDE, 0xDB, 0x31, 0x86, 0x0E, 0x00, 0x83, 0x4A, 0x69, 0xD6, 0xBA,
    0x02, 0xFF, 0x83, 0xEF, 0x7D, 0x73, 0x8E, 0x0C, 0x00, 0x87, 0x7B, 0xCF, 0xF7, 0x9E, 0xEF, 0x5D,
    0x5A, 0xCB, 0x70, 0x00, 0x87, 0x52, 0xAA, 0xE7, 0x3C, 0xF7, 0x9E, 0x63, 0x2C, 0x16, 0x00, 0x89,
    0x08, 0x41, 0x8C, 0x71, 0xF7, 0xBE, 0xF7, 0x9E, 0x5A, 0xEB, 0x34, 0x00, 0x87, 0x73, 0xAE, 0xF7,
    0x9E, 0xEF, 0x7D, 0x39, 0xE7, 0x0C, 0x00, 0x83, 0x42, 0x08, 0xC6, 0x38, 0x02, 0xFF, 0x85, 0xE7,
    0x1C, 0x84, 0x10, 0x18, 0xE3, 0x0C, 0x00, 0x87, 0x94, 0xB2, 0xFF, 0xDF, 0xE7, 0x1C, 0x29, 0x65,
    0x70, 0x00, 0x87, 0x63, 0x2C, 0xEF, 0x7D, 0xEF, 0x5D, 0x42, 0x28, 0x18, 0x00, 0x83, 0x39, 0xE7,
    0xCE, 0x79, 0x02, 0xFF, 0x83, 0xD6, 0x9A, 0x39, 0xE7, 0x32, 0x00, 0x87, 0x7B, 0xEF, 0xF7, 0x9E,
    0xEF, 0x5D, 0x39, 0xC7, 0x0A, 0x00, 0x8B, 0x18, 0xC3, 0xA5, 0x14, 0xFF, 0xDF, 0xEF, 0x7D, 0x7B,
    0xCF, 0x08, 0x61, 0x0E, 0x00, 0x81, 0xA5, 0x34, 0x02, 0xFF, 0x83, 0xD6, 0xBA, 0x18, 0xC3, 0x6F,
    0x00, 0x88, 0x20, 0x84, 0x10, 0xFF, 0xDF, 0xDE, 0xDB, 0x21, 0x24, 0x1A, 0x00, 0x83, 0x6B, 0x6D,
    0xEF, 0x5D, 0x02, 0xFF, 0x89, 0xB5, 0x96, 0x6B, 0x4D, 0x6B, 0x4D, 0x4A, 0x49, 0x08, 0x41, 0x02,
    0x00, 0x8D, 0x08, 0x41, 0x29, 0x45, 0x52, 0x8A, 0x5A, 0xCB, 0x52, 0x8A, 0x31, 0xA6, 0x08, 0x61,
    0x1A, 0x00, 0x87, 0xAD, 0x55, 0xFF, 0xDF, 0xCE, 0x79, 0x21, 0x24, 0x0A, 0x00, 0x89, 0x5A, 0xEB,
    0xE7, 0x3C, 0xFF, 0xDF, 0xA5, 0x34, 0x08, 0x41, 0x10, 0x00, 0x81, 0xB5, 0x96, 0x02, 0xFF, 0x83,
    0xC6, 0x18, 0x10, 0x82, 0x6E, 0x00, 0x83, 0x18, 0xC3, 0xAD, 0x75, 0x02, 0xFF, 0x81, 0xC6, 0x38,
    0x1C, 0x00, 0xA3, 0x10, 0x82, 0x94, 0xB2, 0xF7, 0xBE, 0xFF, 0xDF, 0xF7, 0x9E, 0xF7, 0x9E, 0xDE,
    0xFB, 0x73, 0xAE, 0x63, 0x0C, 0xB5, 0xB6, 0xD6, 0x9A, 0xE7, 0x3C, 0xEF, 0x5D, 0xE7, 0x3C, 0xDE,
    0xDB, 0xC6, 0x38, 0x84, 0x10, 0x39, 0xE7, 0x14, 0x00, 0x83, 0x31, 0xA6, 0xD6, 0x9A, 0x02, 0xFF,
    0x83, 0xAD, 0x55, 0x00, 0x20, 0x08, 0x00, 0x83, 0x10, 0xA2, 0xA5, 0x34, 0x02, 0xFF, 0x83, 0xDE,
    0xFB, 0x42, 0x08, 0x12, 0x00, 0x81, 0xAD, 0x75, 0x02, 0xFF, 0x83, 0xCE, 0x59, 0x10, 0x82, 0x6E,
    0x00, 0x87, 0x42, 0x08, 0xE7, 0x1C, 0xFF, 0xDF, 0x8C, 0x71, 0x1E, 0x00, 0x89, 0x18, 0xE3, 0xA5,
    0x14, 0xEF, 0x5D, 0xF7, 0xBE, 0xF7, 0xBE, 0x02, 0xFF, 0x83, 0xEF, 0x7D, 0xF7, 0x9E, 0x05, 0xFF,
    0x84, 0xDF, 0xF7, 0xBE, 0xFF, 0xDF, 0x06, 0xFF, 0x85, 0xDE, 0xFB, 0x84, 0x30, 0x29, 0x45, 0x0F,
    0x00, 0x88, 0x20, 0x8C, 0x71, 0xF7, 0xBE, 0xEF, 0x7D, 0x63, 0x2C, 0x0A, 0x00, 0x83, 0x42, 0x28,
    0xE7, 0x1C, 0x02, 0xFF, 0x87, 0xD6, 0xBA, 0x9C, 0xD3, 0x73, 0x8E, 0x31, 0xA6, 0x0E, 0x00, 0x81,
    0xA5, 0x14, 0x02, 0xFF, 0x83, 0xDE, 0xFB, 0x18, 0xC3, 0x6E, 0x00, 0x87, 0x63, 0x2C, 0xEF, 0x7D,
    0xEF, 0x7D, 0x5A, 0xCB, 0x22, 0x00, 0x87, 0x31, 0xA6, 0x4A, 0x49, 0x8C, 0x51, 0xF7, 0x9E, 0x04,
    0xFF, 0x8D, 0xE7, 0x3C, 0xAD, 0x75, 0x7B, 0xCF, 0x5A, 0xEB, 0x73, 0x8E, 0xA5, 0x14, 0xCE, 0x59,
    0x06, 0xFF, 0x83, 0xD6, 0x9A, 0x4A, 0x69, 0x0C, 0x00, 0x83, 0x63, 0x2C, 0xE7, 0x3C, 0x02, 0xFF,
    0x83, 0xB5, 0xB6, 0x18, 0xE3, 0x08, 0x00, 0x85, 0x63, 0x2C, 0xCE, 0x79, 0xFF, 0xDF, 0x08, 0xFF,
    0x83, 0xD6, 0xBA, 0x52, 0x8A, 0x0C, 0x00, 0x87, 0x9C, 0xD3, 0xFF, 0xDF, 0xE7, 0x1C, 0x18, 0xE3,
    0x6E, 0x00, 0x87, 0x52, 0x8A, 0xE7, 0x3C, 0xFF, 0xDF, 0x94, 0x92, 0x24, 0x00, 0x83, 0x52, 0x8A,
    0xDE, 0xFB, 0x04, 0xFF, 0x83, 0xD6, 0x9A, 0x21, 0x24, 0x0C, 0x00, 0x85, 0x4A, 0x49, 0xC6, 0x18,
    0xFF, 0xDF, 0x02, 0xFF, 0x83, 0xE7, 0x3C, 0x5A, 0xEB, 0x08, 0x00, 0x83, 0x73, 0x8E, 0xEF, 0x7D,
    0x02, 0xFF, 0x83, 0xDE, 0xFB, 0x5A, 0xCB, 0x06, 0x00, 0x85, 0x08, 0x41, 0x9C, 0xD3, 0xFF, 0xDF,
    0x05, 0xFF, 0x86, 0xDF, 0xDE, 0xFB, 0xDE, 0xDB, 0xF7, 0xBE, 0x02, 0xFF, 0x83, 0xB5, 0xB6, 0x08,
    0x41, 0x0A, 0x00, 0x87, 0x94, 0xB2, 0xFF, 0xDF, 0xE7, 0x1C, 0x29, 0x45, 0x6E, 0x00, 0x83, 0x18,
    0xE3, 0xB5, 0x96, 0x02, 0xFF, 0x83, 0xEF, 0x5D, 0x52, 0xAA, 0x20, 0x00, 0x83, 0x21, 0x04, 0xBD,
    0xF7, 0x02, 0xFF, 0x89, 0xF7, 0x9E, 0xFF, 0xDF, 0xF7, 0xBE, 0xA5, 0x34, 0x29, 0x45, 0x0C, 0x00,
    0x82, 0x18, 0xE3, 0x7B, 0x02, 0xEF, 0x80, 0x7D, 0x02, 0xFF, 0x83, 0xD6, 0xBA, 0x39, 0xC7, 0x02,
    0x00, 0x85, 0x39, 0xC7, 0xAD, 0x55, 0xF7, 0x9E, 0x02, 0xFF, 0x85, 0xDE, 0xFB, 0x63, 0x2C, 0x00,
    0x20, 0x06, 0x00, 0x91, 0x73, 0xAE, 0xF7, 0x9E, 0xFF, 0xDF, 0xE7, 0x3C, 0xFF, 0xDF, 0xEF, 0x7D,
    0x6B, 0x6D, 0x29, 0x45, 0xBD, 0xF7, 0x02, 0xFF, 0x83, 0xCE, 0x59, 0x21, 0x04, 0x0A, 0x00, 0x87,
    0x94, 0x92, 0xFF, 0xDF, 0xE7, 0x1C, 0x29, 0x65, 0x70, 0x00, 0x83, 0x4A, 0x69, 0xDE, 0xDB, 0x02,
    0xFF, 0x83, 0xA5, 0x14, 0x08, 0x61, 0x1E, 0x00, 0x89, 0x52, 0x8A, 0xE7, 0x1C, 0xF7, 0xBE, 0x94,
    0xB2, 0xC6, 0x18, 0x03, 0xFF, 0x84, 0xDF, 0xA5, 0x34, 0x18, 0xC3, 0x0D, 0x00, 0x96, 0x20, 0x84,
    0x10, 0xF7, 0x9E, 0xFF, 0xDF, 0xA5, 0x34, 0x9C, 0xD3, 0xE7, 0x1C, 0xFF, 0xDF, 0xFF, 0xDF, 0xD6,
    0xBA, 0x63, 0x0C, 0x08, 0x41, 0x06, 0x00, 0x83, 0x10, 0x82, 0xC6, 0x38, 0x02, 0xFF, 0x85, 0xCE,
    0x59, 0x63, 0x0C, 0xDE, 0xFB, 0x02, 0xFF, 0x85, 0xC6, 0x38, 0x63, 0x0C, 0xD6, 0xBA, 0x02, 0xFF,
    0x83, 0xBD, 0xF7, 0x08, 0x61, 0x0A, 0x00, 0x87, 0x94, 0xB2, 0xFF, 0xDF, 0xE7, 0x1C, 0x29, 0x45,
    0x70, 0x00, 0x83, 0x10, 0x82, 0xA5, 0x14, 0x02, 0xFF, 0x83, 0xC6, 0x18, 0x21, 0x04, 0x1E, 0x00,
    0x91, 0x73, 0xAE, 0xF7, 0x9E, 0xE7, 0x1C, 0x4A, 0x69, 0x42, 0x28, 0xB5, 0x96, 0xFF, 0xDF, 0xE7,
    0x1C, 0x42, 0x28, 0x08, 0x00, 0x89, 0x08, 0x41, 0x42, 0x08, 0x6B, 0x4D, 0x73, 0xAE, 0xEF, 0x5D,
    0x02, 0xFF, 0x83, 0xF7, 0xBE, 0xFF, 0xDF, 0x02, 0xFF, 0x87, 0xEF, 0x7D, 0xA5, 0x14, 0x42, 0x28,
    0x00, 0x20, 0x08, 0x00, 0x86, 0x31, 0xA6, 0xE7, 0x1C, 0xFF, 0xDF, 0x84, 0x02, 0x10, 0x88, 0x82,
    0x8C, 0x71, 0xF7, 0x9E, 0xFF, 0xDF, 0xEF, 0x5D, 0x02, 0xFF, 0x83, 0xF7, 0x9E, 0x7B, 0xEF, 0x0C,
    0x00, 0x81, 0xAD, 0x75, 0x02, 0xFF, 0x83, 0xDE, 0xDB, 0x18, 0xC3, 0x70, 0x00, 0x83, 0x08, 0x41,
    0x8C, 0x51, 0x02, 0xFF, 0x83, 0xCE, 0x59, 0x21, 0x24, 0x1E, 0x00, 0x91, 0x73, 0x8E, 0xF7, 0x9E,
    0xEF, 0x5D, 0x6B, 0x6D, 0x42, 0x08, 0x8C, 0x71, 0xFF, 0xDF, 0xEF, 0x5D, 0x52, 0x8A, 0x04, 0x00,
    0x8B, 0x08, 0x41, 0x63, 0x0C, 0xB5, 0xB6, 0xDE, 0xDB, 0xEF, 0x7D, 0xF7, 0x9E, 0x06, 0xFF, 0x87,
    0xEF, 0x7D, 0xBD, 0xD7, 0x63, 0x2C, 0x08, 0x61, 0x0C, 0x00, 0x87, 0x31, 0xA6, 0xE7, 0x1C, 0xFF,
    0xDF, 0x84, 0x10, 0x02, 0x00, 0x8D, 0x21, 0x24, 0x9C, 0xF3, 0xEF, 0x5D, 0xF7, 0xBE, 0xEF, 0x5D,
    0xA5, 0x14, 0x21, 0x04, 0x0A, 0x00, 0x83, 0x18, 0xE3, 0xDE, 0xFB, 0x02, 0xFF, 0x83, 0xA5, 0x34,
    0x08, 0x41, 0x70, 0x00, 0x83, 0x08, 0x61, 0x9C, 0xF3, 0x02, 0xFF, 0x83, 0xC6, 0x18, 0x21, 0x04,
    0x1E, 0x00, 0x83, 0x42, 0x08, 0xDE, 0xDB, 0x02, 0xFF, 0x85, 0xE7, 0x1C, 0xD6, 0xBA, 0xF7, 0x9E,
    0x02, 0xFF, 0x83, 0xCE, 0x59, 0x29, 0x65, 0x04, 0x00, 0x83, 0x63, 0x2C, 0xDE, 0xFB, 0x03, 0xFF,
    0x86, 0xDF, 0xF7, 0xBE, 0xF7, 0x9E, 0xEF, 0x5D, 0x02, 0xFF, 0x8B, 0xF7, 0x9E, 0x84, 0x10, 0x7B,
    0xCF, 0x94, 0x92, 0x7B, 0xCF, 0x29, 0x45, 0x0A, 0x00, 0x83, 0x10, 0x82, 0xCE, 0x59, 0x02, 0xFF,
    0x83, 0xB5, 0xB6, 0x31, 0x86, 0x02, 0x00, 0x89, 0x08, 0x61, 0x52, 0x8A, 0x7B, 0xEF, 0x5A, 0xCB,
    0x08, 0x61, 0x0C, 0x00, 0x87, 0x7B, 0xEF, 0xF7, 0xBE, 0xF7, 0x9E, 0x6B, 0x6D, 0x72, 0x00, 0x83,
    0x10, 0xA2, 0xB5, 0x96, 0x02, 0xFF, 0x83, 0xAD, 0x75, 0x10, 0xA2, 0x1F, 0x00, 0x8E, 0x20, 0x84,
    0x10, 0xE7, 0x3C, 0xFF, 0xDF, 0xFF, 0xDF, 0xF7, 0xBE, 0xCE, 0x59, 0x52, 0x8A, 0x04, 0x00, 0x83,
    0x10, 0x82, 0xB5, 0xB6, 0x02, 0xFF, 0x89, 0xEF, 0x5D, 0x9C, 0xF3, 0x63, 0x0C, 0x42, 0x08, 0x9C,
    0xD3, 0x02, 0xFF, 0x8D, 0xF7, 0x9E, 0xC6, 0x18, 0xF7, 0x9E, 0xFF, 0xDF, 0xF7, 0x9E, 0xA5, 0x34,
    0x18, 0xE3, 0x0A, 0x00, 0x89, 0x84, 0x10, 0xF7, 0xBE, 0xF7, 0x9E, 0xA5, 0x14, 0x31, 0x86, 0x14,
    0x00, 0x83, 0x31, 0x86, 0xD6, 0xBA, 0x02, 0xFF, 0x83, 0xC6, 0x38, 0x29, 0x45, 0x72, 0x00, 0x83,
    0x21, 0x04, 0xBD, 0xF7, 0x02, 0xFF, 0x83, 0x9C, 0xF3, 0x08, 0x41, 0x21, 0x00, 0x8A, 0x20, 0x42,
    0x28, 0x84, 0x30, 0x8C, 0x51, 0x52, 0x8A, 0x18, 0xC3, 0x06, 0x00, 0x87, 0x21, 0x04, 0xDE, 0xFB,
    0xFF, 0xDF, 0xAD, 0x55, 0x06, 0x00, 0x81, 0x9C, 0xF3, 0x05, 0xFF, 0x80, 0xDF, 0x02, 0xFF, 0x81,
    0xDE, 0xFB, 0x02, 0xFF, 0x83, 0xEF, 0x7D, 0x5A, 0xEB, 0x0A, 0x00, 0x8D, 0x21, 0x04, 0xB5, 0xB6,
    0xFF, 0xDF, 0xF7, 0xBE, 0xC6, 0x38, 0x6B, 0x4D, 0x18, 0xC3, 0x0E, 0x00, 0x83, 0x42, 0x08, 0xC6,
    0x38, 0x02, 0xFF, 0x83, 0xEF, 0x7D, 0x63, 0x2C, 0x74, 0x00, 0x87, 0x39, 0xE7, 0xDE, 0xDB, 0xFF,
    0xDF, 0x7B, 0xCF, 0x34, 0x00, 0x83, 0x10, 0x82, 0xAD, 0x75, 0x02, 0xFF, 0x83, 0xDE, 0xFB, 0x4A,
    0x49, 0x04, 0x00, 0x81, 0x94, 0xB2, 0x06, 0xFF, 0x85, 0xC6, 0x18, 0x31, 0x86, 0xDE, 0xFB, 0x02,
    0xFF, 0x83, 0x8C, 0x51, 0x00, 0x20, 0x0A, 0x00, 0x85, 0x21, 0x24, 0xA5, 0x14, 0xF7, 0x9E, 0x02,
    0xFF, 0x93, 0xF7, 0x9E, 0xD6, 0x9A, 0xA5, 0x14, 0x7B, 0xCF, 0x5A, 0xEB, 0x42, 0x08, 0x52, 0x8A,
    0x73, 0xAE, 0xA5, 0x14, 0xE7, 0x1C, 0x02, 0xFF, 0x85, 0xF7, 0xBE, 0x84, 0x10, 0x08, 0x41, 0x74,
    0x00, 0x87, 0x52, 0xAA, 0xE7, 0x3C, 0xF7, 0x9E, 0x5A, 0xCB, 0x36, 0x00, 0x8F, 0x63, 0x0C, 0xE7,
    0x3C, 0xFF, 0xDF, 0xDE, 0xDB, 0x6B, 0x6D, 0x08, 0x61, 0x5A, 0xEB, 0xEF, 0x7D, 0x03, 0xFF, 0x86,
    0xDF, 0x84, 0x30, 0x08, 0x61, 0xD6, 0x9A, 0x02, 0xFF, 0x83, 0x8C, 0x71, 0x08, 0x41, 0x0C, 0x00,
    0x87, 0x18, 0xC3, 0x73, 0x8E, 0xC6, 0x38, 0xEF, 0x7D, 0x05, 0xFF, 0x88, 0xDF, 0xEF, 0x7D, 0xE7,
    0x1C, 0xEF, 0x5D, 0xFF, 0xDF, 0x04, 0xFF, 0x82, 0xE7, 0x1C, 0x84, 0x02, 0x10, 0x80, 0xA2, 0x76,
    0x00, 0x87, 0x7B, 0xEF, 0xFF, 0xDF, 0xDE, 0xFB, 0x29, 0x65, 0x36, 0x00, 0x85, 0x10, 0xA2, 0x84,
    0x10, 0xE7, 0x3C, 0x02, 0xFF, 0x87, 0xEF, 0x5D, 0x94, 0x92, 0x29, 0x45, 0xC6, 0x38, 0x03, 0xFF,
    0x8A, 0xDF, 0xAD, 0x55, 0x7B, 0xCF, 0xEF, 0x7D, 0xF7, 0xBE, 0x73, 0xAE, 0x11, 0x00, 0x9A, 0x20,
    0x29, 0x65, 0x6B, 0x4D, 0x9C, 0xF3, 0xD6, 0x9A, 0xE7, 0x1C, 0xEF, 0x5D, 0xF7, 0x9E, 0xEF, 0x7D,
    0xE7, 0x3C, 0xD6, 0xBA, 0x94, 0xB2, 0x52, 0x8A, 0x08, 0x41, 0x76, 0x00, 0x83, 0x10, 0x82, 0xA5,
    0x14, 0x02, 0xFF, 0x83, 0xCE, 0x59, 0x00, 0x20, 0x38, 0x00, 0x85, 0x10, 0x82, 0x63, 0x2C, 0xCE,
    0x79, 0x02, 0xFF, 0x85, 0xEF, 0x7D, 0x8C, 0x51, 0x94, 0xB2, 0x05, 0xFF, 0x82, 0xDF, 0xF7, 0x9E,
    0x02, 0xFF, 0x83, 0xD6, 0xBA, 0x42, 0x08, 0x16, 0x00, 0x91, 0x08, 0x61, 0x29, 0x65, 0x42, 0x28,
    0x63, 0x0C, 0x73, 0x8E, 0x6B, 0x4D, 0x4A, 0x69, 0x31, 0x86, 0x08, 0x61, 0x7A, 0x00, 0x83, 0x31,
    0xA6, 0xD6, 0x9A, 0x02, 0xFF, 0x81, 0x9C, 0xF3, 0x3D, 0x00, 0x84, 0x20, 0x42, 0x08, 0xC6, 0x38,
    0x02, 0xFF, 0x83, 0xDE, 0xFB, 0xAD, 0x75, 0x02, 0xFF, 0x8B, 0xEF, 0x7D, 0xE7, 0x3C, 0xEF, 0x7D,
    0xD6, 0x9A, 0x6B, 0x6D, 0x08, 0x41, 0x7F, 0x00, 0x23, 0x00, 0x87, 0x73, 0x8E, 0xF7, 0x9E, 0xEF,
    0x7D, 0x63, 0x2C, 0x40, 0x00, 0x87, 0x4A, 0x69, 0xFF, 0xDF, 0xFF, 0xDF, 0xE7, 0x1C, 0x02, 0xFF,
    0x89, 0xBD, 0xF7, 0x4A, 0x49, 0x52, 0x8A, 0x31, 0x86, 0x00, 0x20, 0x7F, 0x00, 0x23, 0x00, 0x83,
    0x10, 0xA2, 0xAD, 0x55, 0x02, 0xFF, 0x83, 0xCE, 0x59, 0x18, 0xC3, 0x40, 0x00, 0x83, 0x31, 0x86,
    0xFF, 0xDF, 0x05, 0xFF, 0x82, 0xDF, 0x94, 0x92, 0x7F, 0x00, 0x2B, 0x00, 0x87, 0x39, 0xE7, 0xD6,
    0xBA, 0xFF, 0xDF, 0x94, 0x92, 0x42, 0x00, 0x83, 0x4A, 0x49, 0xFF, 0xDF, 0x04, 0xFF, 0x83, 0xE7,
    0x3C, 0x42, 0x28, 0x7F, 0x00, 0x2B, 0x00, 0x87, 0x6B, 0x4D, 0xEF, 0x7D, 0xEF, 0x5D, 0x5A, 0xCB,
    0x42, 0x00, 0x83, 0x31, 0x86, 0xEF, 0x5D, 0x02, 0xFF, 0x83, 0xEF, 0x7D, 0x8C, 0x51, 0x7F, 0x00,
    0x2D, 0x00, 0x8B, 0x7B, 0xCF, 0xF7, 0x9E, 0xDE, 0xFB, 0x42, 0x08, 0x00, 0x20, 0x00, 0x20, 0x3F,
    0x00, 0x88, 0x20, 0x6B, 0x6D, 0x9C, 0xD3, 0x73, 0xAE, 0x10, 0xA2, 0x7F, 0x00, 0x2D, 0x00, 0x91,
    0x6B, 0x6D, 0xEF, 0x7D, 0xF7, 0x9E, 0xB5, 0xB6, 0xA5, 0x34, 0xA5, 0x34, 0x8C, 0x51, 0x52, 0x8A,
    0x08, 0x61, 0x3C, 0x00, 0x81, 0x08, 0x41, 0x7F, 0x00, 0x31, 0x00, 0x85, 0x39, 0xC7, 0xC6, 0x18,
    0xFF, 0xDF, 0x03, 0xFF, 0x80, 0xDF, 0x02, 0xFF, 0x85, 0xF7, 0xBE, 0xE7, 0x1C, 0x84, 0x10, 0x7F,
    0x00, 0x71, 0x00, 0x8B, 0x4A, 0x49, 0xA5, 0x14, 0xBD, 0xF7, 0xC6, 0x18, 0xC6, 0x38, 0xE7, 0x1C,
    0x02, 0xFF, 0x83, 0xDE, 0xDB, 0x42, 0x28, 0x25, 0x00, 0x88, 0x20, 0x39, 0xE7, 0x6B, 0x6D, 0x5A,
    0xCB, 0x10, 0xA2, 0x7F, 0x00, 0x45, 0x00, 0x8D, 0x10, 0x82, 0x18, 0xC3, 0x18, 0xC3, 0x63, 0x2C,
    0xF7, 0x9E, 0xF7, 0x9E, 0x7B, 0xCF, 0x22, 0x00, 0x8B, 0x18, 0xC3, 0x7B, 0xCF, 0xD6, 0xBA, 0xF7,
    0x9E, 0xDE, 0xFB, 0x63, 0x0C, 0x7F, 0x00, 0x4B, 0x00, 0x87, 0x21, 0x24, 0xD6, 0xBA, 0xFF, 0xDF,
    0x94, 0x92, 0x20, 0x00, 0x85, 0x18, 0xE3, 0x94, 0x92, 0xF7, 0x9E, 0x04, 0xFF, 0x83, 0xF7, 0xBE,
    0x84, 0x10, 0x7F, 0x00, 0x4B, 0x00, 0x83, 0x10, 0xA2, 0xC6, 0x18, 0x02, 0xFF, 0x83, 0xAD, 0x75,
    0x00, 0x20, 0x1C, 0x00, 0x85, 0x08, 0x61, 0x8C, 0x51, 0xF7, 0x9E, 0x02, 0xFF, 0x81, 0xF7, 0xBE,
    0x02, 0xFF, 0x83, 0xEF, 0x7D, 0x6B, 0x4D, 0x7F, 0x00, 0x4C, 0x00, 0x88, 0x20, 0x9C, 0xF3, 0xFF,
    0xDF, 0xEF, 0x7D, 0x73, 0x8E, 0x1C, 0x00, 0x83, 0x73, 0xAE, 0xEF, 0x7D, 0x02, 0xFF, 0x83, 0xCE,
    0x59, 0xC6, 0x38, 0x02, 0xFF, 0x83, 0xCE, 0x59, 0x31, 0xA6, 0x7F, 0x00, 0x4D, 0x00, 0x83, 0x4A,
    0x49, 0xD6, 0xBA, 0x02, 0xFF, 0x83, 0xE7, 0x1C, 0x52, 0xAA, 0x18, 0x00, 0x83, 0x31, 0xA6, 0xC6,
    0x38, 0x02, 0xFF, 0x8B, 0xD6, 0x9A, 0x94, 0x92, 0xFF, 0xDF, 0xF7, 0xBE, 0x84, 0x30, 0x00, 0x20,
    0x7F, 0x00, 0x4F, 0x00, 0x87, 0x63, 0x2C, 0xE7, 0x3C, 0xFF, 0xDF, 0xAD, 0x75, 0x18, 0x00, 0x89,
    0x84, 0x30, 0xF7, 0x9E, 0xEF, 0x7D, 0x94, 0x92, 0xE7, 0x1C, 0x02, 0xFF, 0x83, 0xC6, 0x18, 0x31,
    0x86, 0x7F, 0x00, 0x51, 0x00, 0x83, 0x08, 0x41, 0xA5, 0x34, 0x02, 0xFF, 0x81, 0xCE, 0x79, 0x16,
    0x00, 0x83, 0x29, 0x65, 0xC6, 0x38, 0x02, 0xFF, 0x83, 0xD6, 0x9A, 0xCE, 0x59, 0x02, 0xFF, 0x83,
    0xE7, 0x1C, 0x52, 0xAA, 0x7F, 0x00, 0x54, 0x00, 0x82, 0x20, 0x94, 0xB2, 0x02, 0xFF, 0x83, 0xCE,
    0x79, 0x00, 0x20, 0x14, 0x00, 0x8F, 0x6B, 0x6D, 0xEF, 0x7D, 0xFF, 0xDF, 0xDE, 0xFB, 0xFF, 0xDF,
    0xF7, 0xBE, 0x84, 0x10, 0x08, 0x61, 0x7F, 0x00, 0x54, 0x00, 0x82, 0x20, 0x9C, 0xD3, 0x02, 0xFF,
    0x81, 0xCE, 0x79, 0x16, 0x00, 0x83, 0xA5, 0x34, 0xFF, 0xDF, 0x05, 0xFF, 0x84, 0xDF, 0xA5, 0x34,
    0x08, 0x61, 0x7F, 0x00, 0x56, 0x00, 0x82, 0x20, 0x94, 0x92, 0x02, 0xFF, 0x83, 0xE7, 0x3C, 0x31,
    0xA6, 0x12, 0x00, 0x83, 0x29, 0x65, 0xCE, 0x59, 0x05, 0xFF, 0x84, 0xDF, 0xB5, 0x96, 0x21, 0x04,
    0x7F, 0x00, 0x23, 0x00, 0x87, 0x08, 0x61, 0x4A, 0x49, 0x42, 0x08, 0x00, 0x20, 0x2E, 0x00, 0x83,
    0x63, 0x0C, 0xEF, 0x7D, 0x02, 0xFF, 0x85, 0xCE, 0x59, 0x42, 0x08, 0x00, 0x20, 0x0A, 0x00, 0x87,
    0x21, 0x04, 0x63, 0x2C, 0xBD, 0xD7, 0xF7, 0xBE, 0x02, 0xFF, 0x85, 0xF7, 0x9E, 0xA5, 0x34, 0x21,
    0x24, 0x7F, 0x00, 0x0D, 0x00, 0x83, 0x08, 0x41, 0x00, 0x20, 0x12, 0x00, 0x89, 0x10, 0x82, 0xB5,
    0xB6, 0xEF, 0x7D, 0xE7, 0x3C, 0x73, 0x8E, 0x2E, 0x00, 0x85, 0x08, 0x41, 0x94, 0x92, 0xF7, 0xBE,
    0x02, 0xFF, 0x91, 0xEF, 0x5D, 0xC6, 0x38, 0xA5, 0x14, 0x94, 0x92, 0x94, 0x92, 0xA5, 0x34, 0xC6,
    0x18, 0xDE, 0xFB, 0xF7, 0xBE, 0x04, 0xFF, 0x85, 0xEF, 0x7D, 0x7B, 0xEF, 0x08, 0x61, 0x7F, 0x00,
    0x0D, 0x00, 0x87, 0x6B, 0x6D, 0xCE, 0x79, 0xAD, 0x75, 0x18, 0xE3, 0x10, 0x00, 0x83, 0x9C, 0xF3,
    0xFF, 0xDF, 0x04, 0xFF, 0x81, 0x9C, 0xF3, 0x30, 0x00, 0x87, 0x10, 0xA2, 0x84, 0x10, 0xDE, 0xFB,
    0xFF, 0xDF, 0x03, 0xFF, 0x84, 0xDF, 0xFF, 0xDF, 0xFF, 0xDF, 0x06, 0xFF, 0x83, 0xEF, 0x7D, 0xE7,
    0x3C, 0x02, 0xFF, 0x83, 0xDE, 0xDB, 0x42, 0x08, 0x7F, 0x00, 0x0D, 0x00, 0x83, 0x39, 0xC7, 0xCE,
    0x79, 0x02, 0xFF, 0x8D, 0xDE, 0xFB, 0x31, 0xA6, 0x08, 0x41, 0x6B, 0x4D, 0xA5, 0x34, 0x9C, 0xF3,
    0x52, 0xAA, 0x04, 0x00, 0x83, 0x39, 0xC7, 0xE7, 0x3C, 0x05, 0xFF, 0x82, 0xDF, 0x8C, 0x71, 0x32,
    0x00, 0x9D, 0x08, 0x41, 0x42, 0x08, 0x84, 0x10, 0xA5, 0x34, 0xCE, 0x59, 0xDE, 0xDB, 0xDE, 0xDB,
    0xC6, 0x38, 0xA5, 0x34, 0x84, 0x30, 0x5A, 0xEB, 0x94, 0x92, 0xFF, 0xDF, 0xD6, 0x9A, 0x31, 0xA6,
    0x7F, 0x00, 0x0C, 0x00, 0x84, 0x20, 0x84, 0x10, 0xF7, 0x9E, 0x02, 0xFF, 0x93, 0xB5, 0xB6, 0x18,
    0xC3, 0x5A, 0xCB, 0xE7, 0x1C, 0xFF, 0xDF, 0xFF, 0xDF, 0xD6, 0x9A, 0x4A, 0x49, 0x08, 0x61, 0x9C,
    0xD3, 0x06, 0xFF, 0x83, 0xEF, 0x5D, 0x63, 0x0C, 0x37, 0x00, 0x8E, 0x20, 0x10, 0x82, 0x21, 0x04,
    0x29, 0x45, 0x29, 0x45, 0x21, 0x04, 0x10, 0x82, 0x00, 0x20, 0x02, 0x00, 0x87, 0x84, 0x30, 0xFF,
    0xDF, 0xD6, 0x9A, 0x29, 0x65, 0x7F, 0x00, 0x0B, 0x00, 0x83, 0x5A, 0xEB, 0xDE, 0xDB, 0x02, 0xFF,
    0x87, 0xDE, 0xDB, 0x52, 0x8A, 0x00, 0x20, 0xB5, 0x96, 0x02, 0xFF, 0x88, 0xE7, 0x3C, 0xEF, 0x7D,
    0xF7, 0xBE, 0x8C, 0x71, 0x39, 0x02, 0xE7, 0x80, 0x1C, 0x06, 0xFF, 0x83, 0xB5, 0xB6, 0x10, 0xA2,
    0x48, 0x00, 0x87, 0x84, 0x30, 0xFF, 0xDF, 0xD6, 0x9A, 0x31, 0x86, 0x7F, 0x00, 0x09, 0x00, 0x83,
    0x42, 0x08, 0xCE, 0x59, 0x04, 0xFF, 0x84, 0xAD, 0x55, 0x00, 0x20, 0x39, 0x02, 0xE7, 0x8C, 0x3C,
    0xFF, 0xDF, 0x9C, 0xF3, 0xCE, 0x79, 0xFF, 0xDF, 0xA5, 0x14, 0x84, 0x30, 0x06, 0xFF, 0x83, 0xDE,
    0xDB, 0x52, 0x8A, 0x4A, 0x00, 0x87, 0x84, 0x10, 0xFF, 0xDF, 0xD6, 0x9A, 0x31, 0x86, 0x7F, 0x00,
    0x07, 0x00, 0x85, 0x31, 0x86, 0xBD, 0xD7, 0xFF, 0xDF, 0x02, 0xFF, 0x87, 0xF7, 0xBE, 0x7B, 0xEF,
    0x00, 0x20, 0x7B, 0xCF, 0x02, 0xFF, 0x8B, 0xE7, 0x3C, 0x8C, 0x51, 0xEF, 0x7D, 0xF7, 0x9E, 0x84,
    0x30, 0xC6, 0x38, 0x04, 0xFF, 0x85, 0xEF, 0x5D, 0x73, 0x8E, 0x00, 0x20, 0x4A, 0x00, 0x87, 0x84,
    0x30, 0xFF, 0xDF, 0xD6, 0x9A, 0x31, 0x86, 0x7F, 0x00, 0x05, 0x00, 0x85, 0x10, 0xA2, 0xAD, 0x75,
    0xFF, 0xDF, 0x04, 0xFF, 0x87, 0xF7, 0x9E, 0x6B, 0x4D, 0x18, 0xC3, 0xB5, 0x96, 0x02, 0xFF, 0x83,
    0xDE, 0xFB, 0xE7, 0x1C, 0x02, 0xFF, 0x85, 0xD6, 0xBA, 0x63, 0x2C, 0xE7, 0x3C, 0x03, 0xFF, 0x88,
    0xDF, 0xA5, 0x14, 0x6B, 0x6D, 0x7B, 0xEF, 0x31, 0xA6, 0x08, 0x00, 0x85, 0x31, 0xA6, 0x4A, 0x69,
    0x21, 0x04, 0x3A, 0x00, 0x87, 0x8C, 0x71, 0xFF, 0xDF, 0xCE, 0x79, 0x29, 0x65, 0x7F, 0x00, 0x03,
    0x00, 0x93, 0x21, 0x24, 0xA5, 0x34, 0xFF, 0xDF, 0xF7, 0xBE, 0xC6, 0x18, 0xEF, 0x7D, 0xEF, 0x7D,
    0x5A, 0xEB, 0x39, 0xE7, 0xDE, 0xDB, 0x06, 0xFF, 0x87, 0xE7, 0x1C, 0x6B, 0x6D, 0x84, 0x10, 0xFF,
    0xDF, 0x02, 0xFF, 0x85, 0xD6, 0x9A, 0xB5, 0xB6, 0xFF, 0xDF, 0x02, 0xFF, 0x83, 0xC6, 0x18, 0x08,
    0x61, 0x02, 0x00, 0x93, 0x29, 0x65, 0xA5, 0x34, 0xE7, 0x1C, 0xF7, 0x9E, 0xCE, 0x79, 0x6B, 0x4D,
    0x00, 0x20, 0x39, 0xC7, 0x7B, 0xEF, 0x31, 0xA6, 0x02, 0x00, 0x83, 0x08, 0x41, 0x00, 0x20, 0x2A,
    0x00, 0x81, 0xB5, 0x96, 0x02, 0xFF, 0x83, 0xB5, 0xB6, 0x18, 0xE3, 0x7F, 0x00, 0x96, 0x00, 0x21,
    0x24, 0xAD, 0x55, 0xFF, 0xDF, 0xF7, 0xBE, 0x9C, 0xF3, 0x73, 0xAE, 0xEF, 0x7D, 0xEF, 0x5D, 0x5A,
    0xCB, 0x7B, 0xEF, 0xF7, 0x9E, 0x04, 0xFF, 0x87, 0xE7, 0x1C, 0x73, 0xAE, 0x21, 0x04, 0xAD, 0x75,
    0x03, 0xFF, 0x84, 0xDF, 0xE7, 0x1C, 0xFF, 0xDF, 0x04, 0xFF, 0x8D, 0xE7, 0x3C, 0x29, 0x45, 0x29,
    0x45, 0xBD, 0xF7, 0xFF, 0xDF, 0xFF, 0xDF, 0xF7, 0xBE, 0x02, 0xFF, 0x91, 0xCE, 0x79, 0x42, 0x08,
    0xBD, 0xF7, 0xFF, 0xDF, 0xBD, 0xD7, 0x8C, 0x51, 0xB5, 0xB6, 0xA5, 0x34, 0x4A, 0x69, 0x06, 0x00,
    0x87, 0x18, 0xC3, 0x42, 0x28, 0x42, 0x28, 0x18, 0xE3, 0x18, 0x00, 0x83, 0x29, 0x45, 0xDE, 0xDB,
    0x02, 0xFF, 0x83, 0x94, 0xB2, 0x00, 0x20, 0x7E, 0x00, 0x95, 0x29, 0x45, 0xA5, 0x14, 0xF7, 0xBE,
    0xFF, 0xDF, 0xAD, 0x55, 0x29, 0x45, 0x73, 0xAE, 0xF7, 0x9E, 0xF7, 0x9E, 0xCE, 0x59, 0xEF, 0x7D,
    0x03, 0xFF, 0x8A, 0xDF, 0xC6, 0x38, 0x6B, 0x4D, 0x10, 0x82, 0x5A, 0xEB, 0xE7, 0x3C, 0x02, 0xFF,
    0x87, 0xEF, 0x7D, 0xFF, 0xDF, 0xF7, 0xBE, 0xD6, 0xBA, 0x02, 0xFF, 0x8D, 0xE7, 0x3C, 0x29, 0x45,
    0x84, 0x30, 0xF7, 0xBE, 0xF7, 0xBE, 0xA5, 0x34, 0xCE, 0x59, 0x02, 0xFF, 0x85, 0xD6, 0xBA, 0x6B,
    0x6D, 0xEF, 0x7D, 0x03, 0xFF, 0x82, 0xDF, 0xFF, 0xDF, 0x03, 0xFF, 0x92, 0xDF, 0xBD, 0xD7, 0x21,
    0x24, 0x18, 0xE3, 0x73, 0x8E, 0xBD, 0xF7, 0xEF, 0x7D, 0xEF, 0x5D, 0xBD, 0xD7, 0x52, 0xAA, 0x16,
    0x00, 0x87, 0x73, 0xAE, 0xF7, 0xBE, 0xEF, 0x7D, 0x63, 0x2C, 0x7E, 0x00, 0x91, 0x29, 0x45, 0xA5,
    0x14, 0xF7, 0x9E, 0xFF, 0xDF, 0xB5, 0x96, 0x29, 0x65, 0x39, 0xC7, 0xAD, 0x55, 0xFF, 0xDF, 0x08,
    0xFF, 0x83, 0xBD, 0xD7, 0x39, 0xE7, 0x02, 0x00, 0x83, 0x21, 0x24, 0xBD, 0xD7, 0x08, 0xFF, 0x83,
    0xC6, 0x18, 0xAD, 0x55, 0x02, 0xFF, 0x85, 0xE7, 0x1C, 0x29, 0x45, 0xC6, 0x38, 0x02, 0xFF, 0x8D,
    0xC6, 0x38, 0xA5, 0x14, 0xF7, 0x9E, 0xFF, 0xDF, 0xA5, 0x14, 0x9C, 0xF3, 0xFF, 0xDF, 0x04, 0xFF,
    0x8D, 0xEF, 0x7D, 0xCE, 0x79, 0xF7, 0xBE, 0xEF, 0x5D, 0x63, 0x0C, 0x9C, 0xF3, 0xEF, 0x5D, 0x03,
    0xFF, 0x80, 0xDF, 0x03, 0xFF, 0x84, 0xDF, 0xCE, 0x59, 0x5A, 0xEB, 0x12, 0x00, 0x83, 0x18, 0xE3,
    0xC6, 0x38, 0x02, 0xFF, 0x83, 0xC6, 0x18, 0x29, 0x45, 0x7C, 0x00, 0x91, 0x21, 0x24, 0xA5, 0x34,
    0xF7, 0xBE, 0xFF, 0xDF, 0xB5, 0xB6, 0x31, 0xA6, 0x73, 0x8E, 0xD6, 0xBA, 0xF7, 0xBE, 0x02, 0xFF,
    0x85, 0xF7, 0xBE, 0xD6, 0xBA, 0xF7, 0xBE, 0x02, 0xFF, 0x81, 0x73, 0xAE, 0x03, 0x00, 0x84, 0x20,
    0x7B, 0xCF, 0xEF, 0x7D, 0x06, 0xFF, 0x85, 0xDE, 0xFB, 0x52, 0x8A, 0xBD, 0xF7, 0x02, 0xFF, 0x85,
    0xC6, 0x18, 0x4A, 0x49, 0xE7, 0x3C, 0x02, 0xFF, 0x8B, 0xDE, 0xFB, 0xF7, 0x9E, 0xFF, 0xDF, 0xC6,
    0x18, 0x52, 0x8A, 0xCE, 0x59, 0x05, 0xFF, 0x8C, 0xDF, 0x9C, 0xF3, 0x73, 0x8E, 0xF7, 0x9E, 0xF7,
    0xBE, 0xB5, 0xB6, 0xF7, 0xBE, 0x02, 0xFF, 0x87, 0xEF, 0x5D, 0xA5, 0x14, 0xB5, 0xB6, 0xF7, 0xBE,
    0x02, 0xFF, 0x83, 0xD6, 0x9A, 0x00, 0x20, 0x0E, 0x00, 0x8B, 0x08, 0x61, 0x84, 0x10, 0xF7, 0x9E,
    0xF7, 0x9E, 0x73, 0xAE, 0x00, 0x20, 0x7A, 0x00, 0x8F, 0x29, 0x45, 0xAD, 0x75, 0xF7, 0xBE, 0xFF,
    0xDF, 0xB5, 0xB6, 0x42, 0x28, 0x9C, 0xF3, 0xEF, 0x7D, 0x03, 0xFF, 0x80, 0xDF, 0x02, 0xFF, 0x89,
    0xDE, 0xFB, 0x84, 0x10, 0xEF, 0x7D, 0xF7, 0xBE, 0x5A, 0xCB, 0x02, 0x00, 0x83, 0x31, 0x86, 0xC6,
    0x38, 0x07, 0xFF, 0x86, 0xDF, 0x8C, 0x71, 0x10, 0xA2, 0xCE, 0x79, 0x02, 0xFF, 0x85, 0xA5, 0x14,
    0x5A, 0xEB, 0xF7, 0xBE, 0x06, 0xFF, 0x87, 0xC6, 0x18, 0x42, 0x28, 0x8C, 0x51, 0xEF, 0x7D, 0x04,
    0xFF, 0x87, 0xC6, 0x18, 0x31, 0x86, 0x94, 0x92, 0xFF, 0xDF, 0x03, 0xFF, 0x80, 0xDF, 0x03, 0xFF,
    0x88, 0xDF, 0x94, 0xB2, 0x10, 0x82, 0x5A, 0xEB, 0xEF, 0x7D, 0x02, 0xFF, 0x83, 0xD6, 0xBA, 0x00,
    0x20, 0x0C, 0x00, 0x85, 0x08, 0x61, 0x6B, 0x4D, 0xE7, 0x1C, 0x02, 0xFF, 0x83, 0xB5, 0xB6, 0x29,
    0x45, 0x7A, 0x00, 0x9B, 0x21, 0x04, 0xAD, 0x75, 0xFF, 0xDF, 0xFF, 0xDF, 0xB5, 0xB6, 0x31, 0x86,
    0x8C, 0x71, 0xF7, 0xBE, 0xFF, 0xDF, 0xCE, 0x79, 0xB5, 0xB6, 0xFF, 0xDF, 0xDE, 0xDB, 0x94, 0xB2,
    0x02, 0xFF, 0x89, 0xDE, 0xFB, 0x29, 0x65, 0x08, 0x41, 0x94, 0x92, 0xFF, 0xDF, 0x06, 0xFF, 0x8F,
    0xDE, 0xFB, 0x29, 0x45, 0x29, 0x45, 0xE7, 0x1C, 0xFF, 0xDF, 0x94, 0x92, 0x5A, 0xCB, 0xEF, 0x7D,
    0x03, 0xFF, 0x88, 0xDF, 0xBD, 0xF7, 0x42, 0x08, 0x7B, 0xCF, 0xE7, 0x3C, 0x04, 0xFF, 0x87, 0xEF,
    0x7D, 0x52, 0xAA, 0x08, 0x61, 0xBD, 0xD7, 0x08, 0xFF, 0x8D, 0xEF, 0x7D, 0x52, 0x8A, 0x08, 0x41,
    0x94, 0xB2, 0xFF, 0xDF, 0xF7, 0xBE, 0x94, 0x92, 0x0C, 0x00, 0x85, 0x10, 0xA2, 0x73, 0x8E, 0xDE,
    0xFB, 0x02, 0xFF, 0x83, 0xD6, 0xBA, 0x4A, 0x49, 0x71, 0x00, 0x80, 0x20, 0x08, 0x00, 0x83, 0x18,
    0xE3, 0xB5, 0xB6, 0x03, 0xFF, 0x88, 0xDF, 0xAD, 0x75, 0x29, 0x65, 0x21, 0x04, 0xC6, 0x18, 0x02,
    0xFF, 0x8B, 0xD6, 0x9A, 0x31, 0xA6, 0x84, 0x10, 0xF7, 0x9E, 0xDE, 0xFB, 0xA5, 0x14, 0x02, 0xFF,
    0x87, 0xD6, 0x9A, 0x10, 0xA2, 0x52, 0x8A, 0xE7, 0x3C, 0x08, 0xFF, 0x81, 0xAD, 0x75, 0x02, 0x00,
    0x89, 0x42, 0x08, 0xF7, 0x9E, 0xF7, 0x9E, 0x84, 0x30, 0xC6, 0x18, 0x04, 0xFF, 0x87, 0xE7, 0x1C,
    0x52, 0xAA, 0x9C, 0xD3, 0xEF, 0x5D, 0x06, 0xFF, 0x87, 0xAD, 0x75, 0x08, 0x41, 0x31, 0xA6, 0xD6,
    0xBA, 0x04, 0xFF, 0x8B, 0xF7, 0xBE, 0xFF, 0xDF, 0xF7, 0x9E, 0x63, 0x2C, 0x6B, 0x4D, 0xDE, 0xDB,
    0x02, 0xFF, 0x83, 0xD6, 0xBA, 0x31, 0xA6, 0x09, 0x00, 0x86, 0x20, 0x31, 0xA6, 0x9C, 0xD3, 0xEF,
    0x7D, 0x02, 0xFF, 0x83, 0xDE, 0xFB, 0x52, 0xAA, 0x6E, 0x00, 0x89, 0x21, 0x04, 0x9C, 0xF3, 0xBD,
    0xF7, 0xA5, 0x14, 0x31, 0xA6, 0x02, 0x00, 0x83, 0x39, 0xC7, 0xC6, 0x38, 0x03, 0xFF, 0x84, 0xDF,
    0xA5, 0x14, 0x18, 0xE3, 0x02, 0x00, 0x83, 0x10, 0x82, 0xA5, 0x14, 0x02, 0xFF, 0x8B, 0xEF, 0x7D,
    0x73, 0xAE, 0x7B, 0xCF, 0xF7, 0x9E, 0xE7, 0x1C, 0xA5, 0x34, 0x02, 0xFF, 0x85, 0xD6, 0xBA, 0x31,
    0x86, 0xBD, 0xF7, 0x02, 0xFF, 0x83, 0xEF, 0x7D, 0xF7, 0xBE, 0x02, 0xFF, 0x83, 0xF7, 0x9E, 0x6B,
    0x6D, 0x02, 0x00, 0x87, 0x4A, 0x49, 0xF7, 0x9E, 0xFF, 0xDF, 0xE7, 0x3C, 0x03, 0xFF, 0x82, 0xDF,
    0xFF, 0xDF, 0x02, 0xFF, 0x81, 0xF7, 0x9E, 0x03, 0xFF, 0x82, 0xDF, 0xF7, 0xBE, 0x02, 0xFF, 0x83,
    0xEF, 0x5D, 0x52, 0x8A, 0x02, 0x00, 0x83, 0x42, 0x08, 0xE7, 0x1C, 0x02, 0xFF, 0x85, 0xEF, 0x7D,
    0x9C, 0xF3, 0xD6, 0xBA, 0x02, 0xFF, 0x83, 0xF7, 0x9E, 0xFF, 0xDF, 0x04, 0xFF, 0x8F, 0xE7, 0x3C,
    0x94, 0xB2, 0x4A, 0x69, 0x42, 0x08, 0x52, 0x8A, 0x84, 0x30, 0xBD, 0xD7, 0xE7, 0x3C, 0x03, 0xFF,
    0x84, 0xDF, 0xCE, 0x79, 0x4A, 0x69, 0x70, 0x00, 0x83, 0x94, 0xB2, 0xFF, 0xDF, 0x02, 0xFF, 0x87,
    0xF7, 0xBE, 0x84, 0x10, 0x73, 0xAE, 0xDE, 0xFB, 0x02, 0xFF, 0x85, 0xF7, 0x9E, 0x9C, 0xF3, 0x21,
    0x24, 0x06, 0x00, 0x83, 0x42, 0x28, 0xD6, 0x9A, 0x02, 0xFF, 0x97, 0xEF, 0x7D, 0xCE, 0x59, 0xF7,
    0xBE, 0xEF, 0x5D, 0x9C, 0xD3, 0xF7, 0xBE, 0xEF, 0x5D, 0xC6, 0x18, 0xFF, 0xDF, 0xF7, 0x9E, 0xAD,
    0x55, 0xEF, 0x5D, 0x02, 0xFF, 0x83, 0xD6, 0xBA, 0x18, 0xC3, 0x02, 0x00, 0x83, 0x42, 0x08, 0xEF,
    0x7D, 0x04, 0xFF, 0x95, 0xF7, 0x9E, 0x94, 0xB2, 0xAD, 0x55, 0xE7, 0x3C, 0xF7, 0x9E, 0xDE, 0xFB,
    0xAD, 0x55, 0x84, 0x10, 0xC6, 0x18, 0x94, 0x92, 0x08, 0x61, 0x02, 0x00, 0x95, 0x29, 0x45, 0xBD,
    0xD7, 0xE7, 0x1C, 0x94, 0xB2, 0x18, 0xE3, 0x7B, 0xCF, 0xDE, 0xFB, 0xF7, 0x9E, 0xEF, 0x7D, 0xCE,
    0x79, 0xE7, 0x3C, 0x05, 0xFF, 0x86, 0xDF, 0xFF, 0xDF, 0xFF, 0xDF, 0xFF, 0xDF, 0x03, 0xFF, 0x86,
    0xDF, 0xE7, 0x1C, 0xA5, 0x34, 0x31, 0xA6, 0x72, 0x00, 0x83, 0x9C, 0xF3, 0xFF, 0xDF, 0x04, 0xFF,
    0x83, 0xE7, 0x3C, 0xF7, 0x9E, 0x02, 0xFF, 0x85, 0xEF, 0x5D, 0x84, 0x30, 0x18, 0xC3, 0x0A, 0x00,
    0x85, 0x4A, 0x69, 0xCE, 0x79, 0xFF, 0xDF, 0x04, 0xFF, 0x85, 0xEF, 0x5D, 0x6B, 0x6D, 0xDE, 0xDB,
    0x04, 0xFF, 0x8B, 0xF7, 0xBE, 0xA5, 0x34, 0x52, 0x8A, 0xE7, 0x1C, 0xFF, 0xDF, 0x9C, 0xD3, 0x04,
    0x00, 0x9B, 0x18, 0xC3, 0xC6, 0x18, 0xF7, 0xBE, 0xE7, 0x3C, 0x8C, 0x71, 0x10, 0xA2, 0x18, 0xE3,
    0x52, 0x8A, 0x63, 0x0C, 0x4A, 0x49, 0x18, 0xC3, 0x08, 0x61, 0x29, 0x45, 0x10, 0xA2, 0x06, 0x00,
    0x85, 0x31, 0xA6, 0x4A, 0x69, 0x18, 0xE3, 0x02, 0x00, 0x9F, 0x08, 0x61, 0x42, 0x28, 0x63, 0x2C,
    0x5A, 0xCB, 0x31, 0xA6, 0x63, 0x0C, 0xB5, 0xB6, 0xDE, 0xFB, 0xF7, 0xBE, 0xF7, 0xBE, 0xF7, 0x9E,
    0xDE, 0xFB, 0xC6, 0x38, 0x9C, 0xF3, 0x52, 0x8A, 0x10, 0xA2, 0x74, 0x00, 0x8F, 0x42, 0x28, 0xCE,
    0x59, 0xF7, 0xBE, 0xFF, 0xDF, 0xFF, 0xDF, 0xEF, 0x7D, 0xCE, 0x59, 0x73, 0xAE, 0x10, 0x00, 0x9D,
    0x42, 0x28, 0xB5, 0x96, 0xE7, 0x3C, 0xF7, 0x9E, 0xBD, 0xF7, 0x31, 0x86, 0x84, 0x10, 0xDE, 0xFB,
    0xE7, 0x1C, 0xA5, 0x34, 0x31, 0x86, 0x18, 0xC3, 0x94, 0xB2, 0xAD, 0x75, 0x42, 0x08, 0x06, 0x00,
    0x87, 0x42, 0x28, 0x73, 0xAE, 0x5A, 0xCB, 0x00, 0x20, 0x2C, 0x00, 0x8D, 0x10, 0xA2, 0x4A, 0x69,
    0x6B, 0x4D, 0x6B, 0x4D, 0x6B, 0x4D, 0x4A, 0x69, 0x18, 0xE3, 0x7C, 0x00, 0x8B, 0x39, 0xC7, 0x7B,
    0xEF, 0x94, 0x92, 0x8C, 0x71, 0x73, 0x8E, 0x29, 0x65, 0x14, 0x00, 0x87, 0x18, 0xC3, 0x5A, 0xEB,
    0x73, 0xAE, 0x42, 0x08, 0x02, 0x00, 0x87, 0x08, 0x41, 0x42, 0x08, 0x4A, 0x49, 0x18, 0xC3, 0x05,
    0x00, 0x82, 0x20, 0x08, 0x41, 0x7F, 0x00, 0x7F, 0x00, 0x7F, 0x00, 0x7F, 0x00, 0x7F, 0x00, 0x7F,
    0x00, 0x7F, 0x00, 0x7F, 0x00, 0x7F, 0x00, 0x7F, 0x00, 0x7F, 0x00, 0x7F, 0x00, 0x7F, 0x00, 0x7F,
    0x00, 0x7F, 0x00, 0x7F, 0x00, 0x7F, 0x00, 0x7F, 0x00, 0x7F, 0x00, 0x7F, 0x00, 0x7F, 0x00, 0x7F,
    0x00, 0x7F, 0x00, 0x5B, 0x00, 0x02, 0xFD, 0x06, 0x00, 0x00, 0x08, 0x00, 0x01, 0xFF, 0x64, 0x00,
    0x05, 0xFA, 0x94, 0x1B, 0x00, 0x7F, 0x00, 0x7F, 0x00, 0x7F, 0x00, 0x7F, 0x00, 0x7F, 0x00, 0x7F,
    0x00, 0x7F, 0x00, 0x7F, 0x00, 0x7F, 0x00, 0x7F, 0x00, 0x7F, 0x00, 0x7F, 0x00, 0x7F, 0x00, 0x7F,
    0x00, 0x7F, 0x00, 0x7F, 0x00, 0x7F, 0x00, 0x7F, 0x00, 0x7F, 0x00, 0x7F, 0x00, 0x7F, 0x00, 0x7F,
    0x00, 0x7F, 0x00, 0x7F, 0x00, 0x7F, 0x00, 0x7F, 0x00, 0x7F, 0x00, 0x7F, 0x00, 0x7F, 0x00, 0x7F,
    0x00, 0x7F, 0x00, 0x7F, 0x00, 0x7F, 0x00, 0x7F, 0x00, 0x7F, 0x00, 0x7F, 0x00, 0x7F, 0x00, 0x3E,
    0x00, 0x8A, 0x20, 0x18, 0xC3, 0x29, 0x45, 0x29, 0x65, 0x29, 0x45, 0x10, 0x82, 0x7F, 0x00, 0x70,
    0x00, 0x9A, 0x20, 0x39, 0xE7, 0x84, 0x10, 0xB5, 0x96, 0xC6, 0x18, 0xCE, 0x59, 0xCE, 0x79, 0xCE,
    0x59, 0xBD, 0xF7, 0xB5, 0x96, 0x8C, 0x71, 0x63, 0x0C, 0x39, 0xE7, 0x08, 0x61, 0x7F, 0x00, 0x63,
    0x00, 0x87, 0x10, 0x82, 0x73, 0x8E, 0xCE, 0x79, 0xF7, 0x9E, 0x03, 0xFF, 0x86, 0xDF, 0xFF, 0xDF,
    0xF7, 0xBE, 0xFF, 0xDF, 0x04, 0xFF, 0x8D, 0xF7, 0xBE, 0xEF, 0x7D, 0xD6, 0x9A, 0xAD, 0x55, 0x7B,
    0xCF, 0x4A, 0x49, 0x21, 0x04, 0x7F, 0x00, 0x5D, 0x00, 0x83, 0x73, 0x8E, 0xE7, 0x3C, 0x02, 0xFF,
    0x95, 0xEF, 0x7D, 0xC6, 0x18, 0xA5, 0x34, 0x94, 0x92, 0x8C, 0x51, 0x94, 0xB2, 0xAD, 0x75, 0xBD,
    0xD7, 0xDE, 0xFB, 0xF7, 0xBE, 0xFF, 0xDF, 0x02, 0xFF, 0x8B, 0xF7, 0x9E, 0xDE, 0xDB, 0xB5, 0x96,
    0x7B, 0xEF, 0x31, 0xA6, 0x08, 0x41, 0x7F, 0x00, 0x55, 0x00, 0x83, 0x31, 0x86, 0xD6, 0xBA, 0x02,
    0xFF, 0x85, 0xCE, 0x79, 0x6B, 0x4D, 0x18, 0xC3, 0x0A, 0x00, 0x8D, 0x10, 0x82, 0x39, 0xC7, 0x5A,
    0xEB, 0x9C, 0xF3, 0xC6, 0x18, 0xE7, 0x1C, 0xFF, 0xDF, 0x02, 0xFF, 0x89, 0xF7, 0xBE, 0xD6, 0x9A,
    0x8C, 0x71, 0x42, 0x28, 0x10, 0xA2, 0x7F, 0x00, 0x50, 0x00, 0x88, 0x20, 0x8C, 0x51, 0xFF, 0xDF,
    0xE7, 0x3C, 0x5A, 0xEB, 0x16, 0x00, 0x89, 0x18, 0xC3, 0x42, 0x28, 0x84, 0x10, 0xC6, 0x18, 0xEF,
    0x7D, 0x03, 0xFF, 0x88, 0xDF, 0xDE, 0xFB, 0xA5, 0x34, 0x4A, 0x69, 0x00, 0x20, 0x7F, 0x00, 0x4B,
    0x00, 0x83, 0x29, 0x45, 0xCE, 0x59, 0x02, 0xFF, 0x83, 0xAD, 0x55, 0x18, 0xC3, 0x1C, 0x00, 0x89,
    0x08, 0x41, 0x52, 0xAA, 0xA5, 0x34, 0xDE, 0xFB, 0xFF, 0xDF, 0x02, 0xFF, 0x87, 0xEF, 0x7D, 0xAD,
    0x55, 0x4A, 0x49, 0x08, 0x61, 0x7F, 0x00, 0x47, 0x00, 0x87, 0x63, 0x0C, 0xEF, 0x7D, 0xF7, 0xBE,
    0x63, 0x2C, 0x22, 0x00, 0x89, 0x10, 0xA2, 0x4A, 0x49, 0x8C, 0x71, 0xD6, 0x9A, 0xF7, 0xBE, 0x02,
    0xFF, 0x87, 0xE7, 0x3C, 0xA5, 0x34, 0x4A, 0x69, 0x08, 0x41, 0x7F, 0x00, 0x41, 0x00, 0x83, 0x08,
    0x41, 0xA5, 0x34, 0x02, 0xFF, 0x83, 0xD6, 0x9A, 0x29, 0x65, 0x26, 0x00, 0x91, 0x08, 0x61, 0x39,
    0xE7, 0x8C, 0x51, 0xDE, 0xDB, 0xF7, 0xBE, 0xFF, 0xDF, 0xE7, 0x1C, 0x94, 0x92, 0x31, 0x86, 0x7F,
    0x00, 0x3F, 0x00, 0x83, 0x31, 0xA6, 0xD6, 0x9A, 0x02, 0xFF, 0x83, 0x9C, 0xF3, 0x08, 0x41, 0x2B,
    0x00, 0x90, 0x20, 0x4A, 0x49, 0x9C, 0xD3, 0xDE, 0xFB, 0xFF, 0xDF, 0xF7, 0xBE, 0xC6, 0x38, 0x73,
    0x8E, 0x18, 0xC3, 0x7F, 0x00, 0x3B, 0x00, 0x87, 0x63, 0x0C, 0xEF, 0x5D, 0xFF, 0xDF, 0x52, 0x8A,
    0x30, 0x00, 0x87, 0x08, 0x61, 0x52, 0xAA, 0xAD, 0x75, 0xEF, 0x5D, 0x02, 0xFF, 0x87, 0xEF, 0x7D,
    0xA5, 0x34, 0x39, 0xE7, 0x00, 0x20, 0x7F, 0x00, 0x36, 0x00, 0x88, 0x20, 0x94, 0x92, 0xFF, 0xDF,
    0xDE, 0xDB, 0x21, 0x24, 0x34, 0x00, 0x87, 0x18, 0xE3, 0x7B, 0xCF, 0xCE, 0x59, 0xF7, 0xBE, 0x02,
    0xFF, 0x85, 0xCE, 0x79, 0x6B, 0x4D, 0x18, 0xC3, 0x7F, 0x00, 0x33, 0x00, 0x83, 0x18, 0xE3, 0xBD,
    0xF7, 0x02, 0xFF, 0x83, 0xB5, 0x96, 0x08, 0x41, 0x22, 0x00, 0x91, 0x52, 0x8A, 0x6B, 0x6D, 0x63,
    0x0C, 0x52, 0xAA, 0x4A, 0x69, 0x31, 0x86, 0x18, 0xC3, 0x08, 0x61, 0x00, 0x20, 0x04, 0x00, 0x85,
    0x31, 0xA6, 0x9C, 0xF3, 0xEF, 0x7D, 0x02, 0xFF, 0x85, 0xEF, 0x5D, 0x94, 0xB2, 0x29, 0x45, 0x7F,
    0x00, 0x31, 0x00, 0x87, 0x52, 0x8A, 0xE7, 0x1C, 0xFF, 0xDF, 0x84, 0x10, 0x22, 0x00, 0x83, 0x18,
    0xE3, 0xE7, 0x3C, 0x06, 0xFF, 0x95, 0xF7, 0xBE, 0xDE, 0xFB, 0xCE, 0x59, 0xBD, 0xD7, 0x7B, 0xEF,
    0x52, 0x8A, 0x21, 0x24, 0x08, 0x41, 0x08, 0x41, 0x6B, 0x6D, 0xD6, 0x9A, 0x03, 0xFF, 0x84, 0xDF,
    0xB5, 0x96, 0x39, 0xC7, 0x7F, 0x00, 0x2F, 0x00, 0x87, 0x8C, 0x51, 0xF7, 0xBE, 0xEF, 0x7D, 0x31,
    0x86, 0x22, 0x00, 0x8D, 0x08, 0x61, 0xB5, 0xB6, 0xEF, 0x5D, 0xEF, 0x7D, 0xEF, 0x7D, 0xF7, 0xBE,
    0xFF, 0xDF, 0x07, 0xFF, 0x8E, 0xDF, 0xE7, 0x3C, 0xC6, 0x18, 0x94, 0x92, 0x31, 0xA6, 0x31, 0x86,
    0xAD, 0x75, 0xF7, 0xBE, 0x02, 0xFF, 0x83, 0xD6, 0x9A, 0x5A, 0xEB, 0x7F, 0x00, 0x2B, 0x00, 0x83,
    0x21, 0x04, 0xCE, 0x59, 0x02, 0xFF, 0x83, 0xBD, 0xD7, 0x08, 0x61, 0x24, 0x00, 0x95, 0x18, 0xC3,
    0x39, 0xC7, 0x39, 0xE7, 0x42, 0x28, 0x5A, 0xCB, 0x94, 0x92, 0xAD, 0x75, 0xC6, 0x18, 0xDE, 0xDB,
    0xEF, 0x7D, 0xFF, 0xDF, 0x04, 0xFF, 0x89, 0xF7, 0x9E, 0xB5, 0xB6, 0x63, 0x2C, 0x94, 0xB2, 0xEF,
    0x5D, 0x02, 0xFF, 0x85, 0xE7, 0x1C, 0x73, 0x8E, 0x00, 0x20, 0x7F, 0x00, 0x05, 0x00, 0x89, 0x10,
    0xA2, 0x63, 0x2C, 0x8C, 0x51, 0x5A, 0xEB, 0x10, 0x82, 0x18, 0x00, 0x87, 0x6B, 0x4D, 0xEF, 0x7D,
    0xF7, 0xBE, 0x73, 0xAE, 0x34, 0x00, 0x8B, 0x18, 0xE3, 0x39, 0xE7, 0x5A, 0xCB, 0x84, 0x30, 0xBD,
    0xF7, 0xE7, 0x1C, 0x04, 0xFF, 0x87, 0xEF, 0x7D, 0xB5, 0x96, 0x84, 0x30, 0xDE, 0xDB, 0x02, 0xFF,
    0x85, 0xEF, 0x5D, 0x84, 0x30, 0x00, 0x20, 0x7F, 0x00, 0x8E, 0x00, 0x29, 0x65, 0xBD, 0xD7, 0xF7,
    0x9E, 0xFF, 0xDF, 0xEF, 0x7D, 0xC6, 0x18, 0x5A, 0xCB, 0x15, 0x00, 0x88, 0x20, 0xAD, 0x55, 0xFF,
    0xDF, 0xDE, 0xDB, 0x29, 0x45, 0x3C, 0x00, 0x91, 0x10, 0xA2, 0x52, 0x8A, 0x94, 0xB2, 0xDE, 0xFB,
    0xFF, 0xDF, 0xFF, 0xDF, 0xCE, 0x79, 0x84, 0x10, 0xD6, 0xBA, 0x02, 0xFF, 0x85, 0xEF, 0x7D, 0x84,
    0x30, 0x10, 0x82, 0x7E, 0x00, 0x89, 0x84, 0x10, 0xF7, 0xBE, 0xFF, 0xDF, 0xEF, 0x7D, 0xFF, 0xDF,
    0x02, 0xFF, 0x83, 0xDE, 0xFB, 0x5A, 0xCB, 0x06, 0x00, 0x87, 0x08, 0x41, 0x39, 0xC7, 0x42, 0x28,
    0x10, 0x82, 0x04, 0x00, 0x89, 0x42, 0x28, 0xDE, 0xFB, 0xFF, 0xDF, 0xA5, 0x14, 0x08, 0x41, 0x42,
    0x00, 0x85, 0x39, 0xE7, 0xA5, 0x14, 0xEF, 0x7D, 0x02, 0xFF, 0x85, 0xD6, 0xBA, 0x7B, 0xEF, 0xD6,
    0xBA, 0x02, 0xFF, 0x85, 0xEF, 0x7D, 0x8C, 0x51, 0x10, 0xA2, 0x7A, 0x00, 0x8D, 0x08, 0x41, 0xAD,
    0x75, 0xFF, 0xDF, 0xC6, 0x18, 0x52, 0x8A, 0x94, 0x92, 0xEF, 0x5D, 0x02, 0xFF, 0x9B, 0xBD, 0xD7,
    0x18, 0xE3, 0x08, 0x61, 0x63, 0x0C, 0xC6, 0x18, 0xDE, 0xFB, 0xE7, 0x1C, 0xD6, 0x9A, 0x73, 0x8E,
    0x10, 0xA2, 0x9C, 0xF3, 0xFF, 0xDF, 0xEF, 0x5D, 0x5A, 0xCB, 0x46, 0x00, 0x85, 0x08, 0x41, 0x84,
    0x10, 0xEF, 0x5D, 0x02, 0xFF, 0x85, 0xCE, 0x59, 0x5A, 0xEB, 0xD6, 0x9A, 0x02, 0xFF, 0x85, 0xEF,
    0x7D, 0x7B, 0xEF, 0x08, 0x61, 0x79, 0x00, 0x8C, 0x20, 0xAD, 0x55, 0xFF, 0xDF, 0xC6, 0x18, 0x31,
    0x86, 0x18, 0xC3, 0xA5, 0x14, 0x02, 0xFF, 0x87, 0xE7, 0x1C, 0x39, 0xC7, 0x94, 0x92, 0xEF, 0x7D,
    0x08, 0xFF, 0x85, 0xF7, 0xBE, 0xA5, 0x34, 0xEF, 0x5D, 0x02, 0xFF, 0x83, 0xB5, 0x96, 0x08, 0x61,
    0x48, 0x00, 0x8D, 0x08, 0x41, 0x84, 0x10, 0xEF, 0x7D, 0xFF, 0xDF, 0xB5, 0xB6, 0x42, 0x28, 0xDE,
    0xDB, 0x02, 0xFF, 0x85, 0xE7, 0x3C, 0x7B, 0xCF, 0x00, 0x20, 0x78, 0x00, 0x8B, 0x7B, 0xCF, 0xF7,
    0x9E, 0xF7, 0xBE, 0xA5, 0x34, 0x7B, 0xCF, 0xEF, 0x7D, 0x02, 0xFF, 0x85, 0xBD, 0xD7, 0x94, 0xB2,
    0xF7, 0xBE, 0x02, 0xFF, 0x87, 0xE7, 0x1C, 0x9C, 0xF3, 0x8C, 0x71, 0xDE, 0xFB, 0x06, 0xFF, 0x83,
    0xEF, 0x5D, 0x52, 0x8A, 0x4C, 0x00, 0x8D, 0x08, 0x61, 0x94, 0x92, 0xF7, 0xBE, 0xF7, 0x9E, 0x73,
    0xAE, 0x39, 0xE7, 0xDE, 0xFB, 0x02, 0xFF, 0x83, 0xE7, 0x1C, 0x5A, 0xEB, 0x78, 0x00, 0x89, 0x21,
    0x04, 0xB5, 0x96, 0xFF, 0xDF, 0xFF, 0xDF, 0xFF, 0xDF, 0x02, 0xFF, 0x85, 0xEF, 0x7D, 0xAD, 0x55,
    0xF7, 0xBE, 0x02, 0xFF, 0x83, 0xE7, 0x3C, 0x6B, 0x4D, 0x04, 0x00, 0x83, 0x18, 0xE3, 0xE7, 0x1C,
    0x03, 0xFF, 0x84, 0xDF, 0x94, 0xB2, 0x00, 0x20, 0x4E, 0x00, 0x83, 0x29, 0x65, 0xC6, 0x18, 0x02,
    0xFF, 0x87, 0xCE, 0x79, 0x18, 0xC3, 0x52, 0xAA, 0xE7, 0x1C, 0x02, 0xFF, 0x83, 0xD6, 0x9A, 0x42,
    0x28, 0x78, 0x00, 0x85, 0x29, 0x65, 0xAD, 0x55, 0xFF, 0xDF, 0x05, 0xFF, 0x82, 0xDF, 0xFF, 0xDF,
    0x05, 0xFF, 0x84, 0xDF, 0xDE, 0xDB, 0x63, 0x0C, 0x02, 0x00, 0x83, 0x18, 0xC3, 0xDE, 0xFB, 0x02,
    0xFF, 0x83, 0xE7, 0x3C, 0x52, 0x8A, 0x52, 0x00, 0x93, 0x6B, 0x4D, 0xEF, 0x7D, 0xFF, 0xDF, 0x7B,
    0xEF, 0x00, 0x20, 0x7B, 0xCF, 0xF7, 0x9E, 0xFF, 0xDF, 0xC6, 0x38, 0x21, 0x24, 0x76, 0x00, 0x8B,
    0x08, 0x61, 0x9C, 0xD3, 0xFF, 0xDF, 0xF7, 0x9E, 0xDE, 0xDB, 0xF7, 0xBE, 0x02, 0xFF, 0x85, 0xF7,
    0x9E, 0xCE, 0x79, 0xEF, 0x5D, 0x02, 0xFF, 0x85, 0xDE, 0xDB, 0x63, 0x0C, 0xAD, 0x55, 0x04, 0xFF,
    0x83, 0xF7, 0x9E, 0x6B, 0x6D, 0x52, 0x00, 0x83, 0x21, 0x24, 0xBD, 0xF7, 0x02, 0xFF, 0x8D, 0xCE,
    0x79, 0x29, 0x45, 0x08, 0x61, 0x9C, 0xD3, 0xF7, 0xBE, 0xFF, 0xDF, 0xA5, 0x14, 0x76, 0x00, 0x8B,
    0x5A, 0xCB, 0xE7, 0x1C, 0xFF, 0xDF, 0xB5, 0x96, 0x4A, 0x49, 0xDE, 0xDB, 0x02, 0xFF, 0x87, 0xB5,
    0xB6, 0x31, 0x86, 0x73, 0xAE, 0xE7, 0x1C, 0x02, 0xFF, 0x83, 0xE7, 0x3C, 0xEF, 0x7D, 0x06, 0xFF,
    0x83, 0xB5, 0x96, 0x10, 0x82, 0x52, 0x00, 0x87, 0x6B, 0x4D, 0xFF, 0xDF, 0xF7, 0x9E, 0x6B, 0x4D,
    0x02, 0x00, 0x83, 0x21, 0x24, 0xB5, 0xB6, 0x02, 0xFF, 0x83, 0xEF, 0x7D, 0x7B, 0xCF, 0x72, 0x00,
    0x83, 0x18, 0xE3, 0xB5, 0xB6, 0x02, 0xFF, 0x8B, 0xD6, 0xBA, 0x4A, 0x69, 0x52, 0x8A, 0xEF, 0x7D,
    0xF7, 0xBE, 0x73, 0xAE, 0x02, 0x00, 0x85, 0x08, 0x61, 0x7B, 0xCF, 0xDE, 0xFB, 0x0A, 0xFF, 0x87,
    0xEF, 0x5D, 0x6B, 0x4D, 0x21, 0x24, 0x00, 0x20, 0x4E, 0x00, 0x83, 0x29, 0x65, 0xD6, 0x9A, 0x02,
    0xFF, 0x83, 0xA5, 0x34, 0x10, 0x82, 0x02, 0x00, 0x83, 0x4A, 0x69, 0xD6, 0xBA, 0x02, 0xFF, 0x83,
    0xDE, 0xFB, 0x39, 0xE7, 0x70, 0x00, 0x8B, 0x6B, 0x4D, 0xEF, 0x7D, 0xF7, 0x9E, 0x8C, 0x51, 0x00,
    0x20, 0x5A, 0xEB, 0x02, 0xFF, 0x83, 0xEF, 0x5D, 0x42, 0x28, 0x04, 0x00, 0x83, 0x08, 0x41, 0x7B,
    0xCF, 0x05, 0xFF, 0x80, 0xDF, 0x06, 0xFF, 0x8B, 0xDE, 0xFB, 0xBD, 0xF7, 0x94, 0xB2, 0x63, 0x2C,
    0x31, 0xA6, 0x00, 0x20, 0x48, 0x00, 0x83, 0x08, 0x61, 0x9C, 0xF3, 0x02, 0xFF, 0x83, 0xCE, 0x79,
    0x31, 0x86, 0x04, 0x00, 0x83, 0x63, 0x2C, 0xEF, 0x5D, 0x02, 0xFF, 0x83, 0xB5, 0x96, 0x18, 0xC3,
    0x6C, 0x00, 0x89, 0x10, 0xA2, 0xB5, 0x96, 0xFF, 0xDF, 0xCE, 0x79, 0x39, 0xC7, 0x02, 0x00, 0x87,
    0x5A, 0xCB, 0xFF, 0xDF, 0xEF, 0x7D, 0x52, 0xAA, 0x05, 0x00, 0x82, 0x20, 0xA5, 0x34, 0x02, 0xFF,
    0x87, 0xEF, 0x5D, 0x84, 0x30, 0xBD, 0xD7, 0xE7, 0x1C, 0x07, 0xFF, 0x8A, 0xDF, 0xEF, 0x7D, 0xCE,
    0x79, 0x8C, 0x51, 0x42, 0x28, 0x10, 0xA2, 0x46, 0x00, 0x87, 0x5A, 0xEB, 0xFF, 0xDF, 0xEF, 0x5D,
    0x52, 0xAA, 0x04, 0x00, 0x83, 0x08, 0x61, 0x94, 0xB2, 0x02, 0xFF, 0x83, 0xF7, 0xBE, 0x6B, 0x6D,
    0x6C, 0x00, 0x89, 0x5A, 0xCB, 0xEF, 0x7D, 0xF7, 0xBE, 0x8C, 0x51, 0x00, 0x20, 0x02, 0x00, 0x83,
    0x39, 0xC7, 0xDE, 0xFB, 0x02, 0xFF, 0x83, 0xA5, 0x34, 0x10, 0xA2, 0x02, 0x00, 0x83, 0x31, 0x86,
    0xDE, 0xDB, 0x02, 0xFF, 0x91, 0xB5, 0xB6, 0x18, 0xE3, 0x10, 0xA2, 0x5A, 0xCB, 0xE7, 0x3C, 0xFF,
    0xDF, 0xD6, 0x9A, 0xD6, 0x9A, 0xFF, 0xDF, 0x03, 0xFF, 0x88, 0xDF, 0xDE, 0xFB, 0xA5, 0x34, 0x52,
    0x8A, 0x08, 0x41, 0x42, 0x00, 0x87, 0x21, 0x24, 0xEF, 0x5D, 0xF7, 0xBE, 0x7B, 0xCF, 0x06, 0x00,
    0x83, 0x29, 0x65, 0xD6, 0x9A, 0x02, 0xFF, 0x83, 0xD6, 0x9A, 0x31, 0xA6, 0x6A, 0x00, 0x87, 0x84,
    0x30, 0xFF, 0xDF, 0xE7, 0x1C, 0x42, 0x28, 0x04, 0x00, 0x83, 0x08, 0x41, 0x94, 0xB2, 0x02, 0xFF,
    0x89, 0xF7, 0x9E, 0xB5, 0xB6, 0x9C, 0xD3, 0xCE, 0x79, 0xFF, 0xDF, 0x02, 0xFF, 0x97, 0xEF, 0x5D,
    0xDE, 0xDB, 0xD6, 0x9A, 0xD6, 0x9A, 0xF7, 0xBE, 0xFF, 0xDF, 0xA5, 0x14, 0x31, 0x86, 0x52, 0xAA,
    0xB5, 0x96, 0xE7, 0x1C, 0xFF, 0xDF, 0x02, 0xFF, 0x87, 0xEF, 0x5D, 0xB5, 0x96, 0x4A, 0x69, 0x08,
    0x41, 0x3E, 0x00, 0x83, 0x10, 0x82, 0xCE, 0x59, 0x02, 0xFF, 0x81, 0xB5, 0x96, 0x08, 0x00, 0x89,
    0x52, 0xAA, 0xF7, 0x9E, 0xFF, 0xDF, 0x8C, 0x71, 0x08, 0x41, 0x68, 0x00, 0x87, 0x73, 0x8E, 0xF7,
    0xBE, 0xEF, 0x7D, 0x73, 0xAE, 0x06, 0x00, 0x85, 0x29, 0x45, 0xC6, 0x18, 0xFF, 0xDF, 0x16, 0xFF,
    0x8F, 0xF7, 0x9E, 0xD6, 0x9A, 0x9C, 0xF3, 0x52, 0xAA, 0x4A, 0x49, 0x94, 0x92, 0xD6, 0x9A, 0xFF,
    0xDF, 0x02, 0xFF, 0x87, 0xE7, 0x1C, 0xA5, 0x34, 0x5A, 0xCB, 0x18, 0xC3, 0x3C, 0x00, 0x81, 0xBD,
    0xD7, 0x02, 0xFF, 0x83, 0xC6, 0x18, 0x10, 0x82, 0x07, 0x00, 0x82, 0x20, 0xB5, 0xB6, 0x02, 0xFF,
    0x83, 0xD6, 0x9A, 0x31, 0xA6, 0x68, 0x00, 0x83, 0x29, 0x45, 0xCE, 0x59, 0x02, 0xFF, 0x83, 0xB5,
    0xB6, 0x21, 0x04, 0x06, 0x00, 0x97, 0x31, 0xA6, 0x8C, 0x51, 0xC6, 0x18, 0xD6, 0x9A, 0xCE, 0x79,
    0xFF, 0xDF, 0xEF, 0x7D, 0x8C, 0x51, 0x8C, 0x51, 0x8C, 0x71, 0xA5, 0x34, 0xEF, 0x7D, 0x03, 0xFF,
    0x9E, 0xDF, 0xFF, 0xDF, 0xFF, 0xDF, 0xE7, 0x1C, 0x84, 0x10, 0x18, 0xE3, 0x42, 0x08, 0x8C, 0x71,
    0xDE, 0xDB, 0xFF, 0xDF, 0xFF, 0xDF, 0xEF, 0x5D, 0xBD, 0xF7, 0x84, 0x10, 0x42, 0x08, 0x10, 0x82,
    0x36, 0x00, 0x81, 0x9C, 0xF3, 0x02, 0xFF, 0x83, 0xD6, 0x9A, 0x31, 0xA6, 0x08, 0x00, 0x87, 0x63,
    0x0C, 0xF7, 0x9E, 0xF7, 0xBE, 0x7B, 0xCF, 0x68, 0x00, 0x83, 0x18, 0xC3, 0xC6, 0x18, 0x02, 0xFF,
    0x83, 0xB5, 0xB6, 0x21, 0x04, 0x09, 0x00, 0x8C, 0x20, 0x29, 0x45, 0x31, 0xA6, 0x7B, 0xCF, 0xF7,
    0xBE, 0xEF, 0x7D, 0x39, 0xC7, 0x04, 0x00, 0x8B, 0x4A, 0x49, 0xE7, 0x1C, 0xFF, 0xDF, 0xAD, 0x55,
    0xA5, 0x14, 0xE7, 0x1C, 0x02, 0xFF, 0x83, 0xD6, 0xBA, 0x42, 0x08, 0x02, 0x00, 0x89, 0x08, 0x61,
    0x4A, 0x69, 0x9C, 0xD3, 0xD6, 0x9A, 0xF7, 0x9E, 0x02, 0xFF, 0x8D, 0xF7, 0xBE, 0xDE, 0xFB, 0xB5,
    0x96, 0x84, 0x30, 0x5A, 0xEB, 0x31, 0xA6, 0x18, 0xE3, 0x0C, 0x00, 0x89, 0x18, 0xE3, 0x42, 0x08,
    0x52, 0x8A, 0x31, 0xA6, 0x08, 0x41, 0x18, 0x00, 0x87, 0x6B, 0x6D, 0xFF, 0xDF, 0xEF, 0x5D, 0x5A,
    0xCB, 0x08, 0x00, 0x83, 0x08, 0x61, 0xCE, 0x79, 0x02, 0xFF, 0x83, 0xBD, 0xD7, 0x10, 0x82, 0x66,
    0x00, 0x8F, 0x42, 0x08, 0xE7, 0x1C, 0xFF, 0xDF, 0x8C, 0x71, 0x00, 0x20, 0x18, 0xC3, 0x21, 0x04,
    0x08, 0x41, 0x08, 0x00, 0x89, 0x5A, 0xCB, 0xEF, 0x5D, 0xFF, 0xDF, 0x94, 0x92, 0x10, 0x82, 0x02,
    0x00, 0x8B, 0x84, 0x10, 0xF7, 0xBE, 0xEF, 0x7D, 0x73, 0x8E, 0x84, 0x10, 0xD6, 0xBA, 0x02, 0xFF,
    0x83, 0xDE, 0xFB, 0x4A, 0x49, 0x06, 0x00, 0x8B, 0x08, 0x61, 0x39, 0xE7, 0x7B, 0xEF, 0xBD, 0xF7,
    0xE7, 0x3C, 0xFF, 0xDF, 0x02, 0xFF, 0x8D, 0xF7, 0xBE, 0xEF, 0x5D, 0xD6, 0x9A, 0xBD, 0xD7, 0x94,
    0x92, 0x5A, 0xCB, 0x18, 0xE3, 0x02, 0x00, 0x8F, 0x18, 0xC3, 0x6B, 0x6D, 0xBD, 0xD7, 0xDE, 0xDB,
    0xE7, 0x1C, 0xCE, 0x79, 0x84, 0x30, 0x18, 0xE3, 0x16, 0x00, 0x87, 0x4A, 0x49, 0xFF, 0xDF, 0xF7,
    0xBE, 0x6B, 0x4D, 0x0A, 0x00, 0x87, 0x9C, 0xD3, 0xFF, 0xDF, 0xE7, 0x1C, 0x31, 0xA6, 0x66, 0x00,
    0x91, 0x29, 0x65, 0xD6, 0xBA, 0xFF, 0xDF, 0xBD, 0xD7, 0x6B, 0x6D, 0xAD, 0x55, 0xC6, 0x38, 0x8C,
    0x71, 0x31, 0xA6, 0x06, 0x00, 0x83, 0x21, 0x04, 0xBD, 0xD7, 0x02, 0xFF, 0x8F, 0xEF, 0x7D, 0x9C,
    0xF3, 0x7B, 0xEF, 0xB5, 0xB6, 0xFF, 0xDF, 0xFF, 0xDF, 0xE7, 0x1C, 0xF7, 0xBE, 0x02, 0xFF, 0x85,
    0xEF, 0x7D, 0x9C, 0xD3, 0x18, 0xE3, 0x0C, 0x00, 0x8D, 0x18, 0xE3, 0x5A, 0xCB, 0x94, 0x92, 0xBD,
    0xF7, 0xDE, 0xDB, 0xEF, 0x7D, 0xFF, 0xDF, 0x04, 0xFF, 0x89, 0xE7, 0x3C, 0xB5, 0x96, 0x6B, 0x6D,
    0xA5, 0x14, 0xEF, 0x7D, 0x02, 0xFF, 0x83, 0xF7, 0xBE, 0xF7, 0x9E, 0x02, 0xFF, 0x85, 0xEF, 0x7D,
    0x84, 0x10, 0x08, 0x41, 0x14, 0x00, 0x87, 0x39, 0xE7, 0xFF, 0xDF, 0xF7, 0xBE, 0x6B, 0x4D, 0x0A,
    0x00, 0x87, 0x63, 0x0C, 0xEF, 0x7D, 0xF7, 0x9E, 0x6B, 0x6D, 0x67, 0x00, 0x88, 0x20, 0x94, 0x92,
    0xF7, 0x9E, 0xFF, 0xDF, 0xF7, 0x9E, 0x05, 0xFF, 0x84, 0xDF, 0xBD, 0xF7, 0x31, 0x86, 0x06, 0x00,
    0x83, 0x4A, 0x69, 0xCE, 0x59, 0x05, 0xFF, 0x82, 0xDF, 0xFF, 0xDF, 0x06, 0xFF, 0x87, 0xEF, 0x7D,
    0xC6, 0x18, 0x73, 0xAE, 0x18, 0xE3, 0x14, 0x00, 0x8D, 0x10, 0xA2, 0x42, 0x08, 0x63, 0x2C, 0x8C,
    0x51, 0xBD, 0xD7, 0xDE, 0xFB, 0xFF, 0xDF, 0x02, 0xFF, 0x93, 0xF7, 0x9E, 0xFF, 0xDF, 0xFF, 0xDF,
    0xCE, 0x79, 0x84, 0x10, 0x73, 0x8E, 0xCE, 0x59, 0xFF, 0xDF, 0xD6, 0x9A, 0x39, 0xC7, 0x14, 0x00,
    0x8D, 0x39, 0xE7, 0xFF, 0xDF, 0xF7, 0xBE, 0x8C, 0x51, 0x5A, 0xEB, 0x42, 0x28, 0x08, 0x61, 0x04,
    0x00, 0x87, 0x31, 0x86, 0xE7, 0x1C, 0xFF, 0xDF, 0x84, 0x10, 0x68, 0x00, 0x91, 0x18, 0xE3, 0x94,
    0x92, 0xDE, 0xFB, 0xF7, 0x9E, 0xE7, 0x3C, 0xCE, 0x79, 0xF7, 0xBE, 0xFF, 0xDF, 0x8C, 0x51, 0x08,
    0x00, 0x8B, 0x31, 0xA6, 0x9C, 0xF3, 0xD6, 0x9A, 0xDE, 0xFB, 0xDE, 0xFB, 0xEF, 0x7D, 0x03, 0xFF,
    0x84, 0xDF, 0xA5, 0x34, 0x10, 0x82, 0x22, 0x00, 0x8D, 0x31, 0x86, 0x8C, 0x51, 0xD6, 0x9A, 0xEF,
    0x7D, 0xDE, 0xFB, 0x9C, 0xF3, 0x29, 0x45, 0x04, 0x00, 0x87, 0x63, 0x0C, 0xE7, 0x3C, 0xF7, 0xBE,
    0x84, 0x30, 0x14, 0x00, 0x83, 0x4A, 0x69, 0xFF, 0xDF, 0x06, 0xFF, 0x85, 0xE7, 0x3C, 0x9C, 0xF3,
    0x10, 0xA2, 0x02, 0x00, 0x87, 0x29, 0x45, 0xE7, 0x1C, 0xFF, 0xDF, 0x84, 0x30, 0x6C, 0x00, 0x89,
    0x31, 0x86, 0x5A, 0xCB, 0x42, 0x28, 0x84, 0x10, 0xF7, 0xBE, 0x02, 0xFF, 0x81, 0x94, 0xB2, 0x0C,
    0x00, 0x89, 0x08, 0x41, 0x21, 0x24, 0x29, 0x65, 0x5A, 0xEB, 0xC6, 0x18, 0x02, 0xFF, 0x83, 0xEF,
    0x5D, 0x4A, 0x49, 0x26, 0x00, 0x85, 0x21, 0x24, 0x4A, 0x49, 0x31, 0x86, 0x08, 0x00, 0x83, 0x08,
    0x61, 0xBD, 0xF7, 0x02, 0xFF, 0x83, 0xB5, 0xB6, 0x08, 0x61, 0x10, 0x00, 0x83, 0x42, 0x08, 0xC6,
    0x38, 0x04, 0xFF, 0x85, 0xEF, 0x7D, 0xEF, 0x5D, 0xFF, 0xDF, 0x02, 0xFF, 0x81, 0xA5, 0x34, 0x02,
    0x00, 0x87, 0x42, 0x08, 0xE7, 0x3C, 0xFF, 0xDF, 0x84, 0x10, 0x70, 0x00, 0x83, 0x39, 0xC7, 0xD6,
    0x9A, 0x02, 0xFF, 0x83, 0xCE, 0x59, 0x39, 0xE7, 0x14, 0x00, 0x83, 0x52, 0x8A, 0xDE, 0xDB, 0x02,
    0xFF, 0x83, 0xB5, 0xB6, 0x08, 0x61, 0x34, 0x00, 0x87, 0x94, 0x92, 0xF7, 0xBE, 0xDE, 0xDB, 0x29,
    0x65, 0x0E, 0x00, 0x83, 0x4A, 0x49, 0xD6, 0xBA, 0x05, 0xFF, 0x86, 0xDF, 0x8C, 0x51, 0x4A, 0x69,
    0xB5, 0x96, 0x02, 0xFF, 0x8B, 0xEF, 0x7D, 0x21, 0x24, 0x7B, 0xCF, 0xF7, 0x9E, 0xEF, 0x5D, 0x5A,
    0xCB, 0x70, 0x00, 0x87, 0x52, 0xAA, 0xE7, 0x3C, 0xF7, 0x9E, 0x63, 0x2C, 0x16, 0x00, 0x89, 0x08,
    0x41, 0x8C, 0x71, 0xF7, 0xBE, 0xF7, 0x9E, 0x5A, 0xEB, 0x34, 0x00, 0x87, 0x73, 0xAE, 0xF7, 0x9E,
    0xEF, 0x7D, 0x39, 0xE7, 0x0C, 0x00, 0x83, 0x39, 0xE7, 0xC6, 0x38, 0x02, 0xFF, 0x87, 0xEF, 0x5D,
    0xEF, 0x7D, 0xFF, 0xDF, 0xA5, 0x14, 0x02, 0x00, 0x8F, 0x6B, 0x4D, 0xFF, 0xDF, 0xFF, 0xDF, 0x42,
    0x28, 0x94, 0xB2, 0xFF, 0xDF, 0xE7, 0x1C, 0x29, 0x45, 0x70, 0x00, 0x87, 0x63, 0x2C, 0xEF, 0x7D,
    0xEF, 0x5D, 0x42, 0x08, 0x18, 0x00, 0x83, 0x39, 0xE7, 0xCE, 0x79, 0x02, 0xFF, 0x83, 0xD6, 0x9A,
    0x39, 0xC7, 0x32, 0x00, 0x87, 0x7B, 0xEF, 0xF7, 0x9E, 0xEF, 0x5D, 0x39, 0xC7, 0x0A, 0x00, 0x8B,
    0x18, 0xC3, 0xA5, 0x14, 0xFF, 0xDF, 0xEF, 0x7D, 0x7B, 0xEF, 0xB5, 0x96, 0x02, 0xFF, 0x85, 0xE7,
    0x1C, 0x9C, 0xD3, 0xBD, 0xF7, 0x02, 0xFF, 0x85, 0xEF, 0x7D, 0x29, 0x45, 0xA5, 0x34, 0x02, 0xFF,
    0x83, 0xD6, 0xBA, 0x10, 0xA2, 0x6F, 0x00, 0x88, 0x20, 0x84, 0x10, 0xFF, 0xDF, 0xDE, 0xDB, 0x21,
    0x04, 0x1A, 0x00, 0x83, 0x6B, 0x6D, 0xEF, 0x5D, 0x02, 0xFF, 0x89, 0xB5, 0x96, 0x6B, 0x4D, 0x6B,
    0x4D, 0x4A, 0x49, 0x08, 0x41, 0x03, 0x00, 0x8C, 0x20, 0x21, 0x24, 0x4A, 0x69, 0x5A, 0xCB, 0x52,
    0x8A, 0x31, 0x86, 0x08, 0x61, 0x1A, 0x00, 0x87, 0xA5, 0x34, 0xFF, 0xDF, 0xCE, 0x59, 0x21, 0x24,
    0x0A, 0x00, 0x8D, 0x5A, 0xEB, 0xE7, 0x3C, 0xFF, 0xDF, 0xA5, 0x34, 0x08, 0x41, 0x5A, 0xEB, 0xE7,
    0x3C, 0x07, 0xFF, 0x82, 0xDF, 0xAD, 0x75, 0x02, 0x00, 0x81, 0xB5, 0x96, 0x02, 0xFF, 0x83, 0xBD,
    0xF7, 0x10, 0x82, 0x6E, 0x00, 0x83, 0x18, 0xC3, 0xAD, 0x75, 0x02, 0xFF, 0x81, 0xC6, 0x38, 0x1C,
    0x00, 0xA3, 0x10, 0x82, 0x94, 0xB2, 0xF7, 0xBE, 0xFF, 0xDF, 0xF7, 0x9E, 0xF7, 0x9E, 0xDE, 0xDB,
    0x73, 0xAE, 0x5A, 0xEB, 0xB5, 0x96, 0xD6, 0x9A, 0xE7, 0x3C, 0xEF, 0x5D, 0xE7, 0x3C, 0xDE, 0xDB,
    0xC6, 0x38, 0x84, 0x10, 0x39, 0xE7, 0x14, 0x00, 0x83, 0x31, 0xA6, 0xD6, 0x9A, 0x02, 0xFF, 0x83,
    0xAD, 0x55, 0x00, 0x20, 0x08, 0x00, 0x83, 0x10, 0x82, 0xA5, 0x34, 0x02, 0xFF, 0x83, 0xDE, 0xFB,
    0x39, 0xE7, 0x03, 0x00, 0x8C, 0x20, 0x73, 0xAE, 0xDE, 0xDB, 0xE7, 0x3C, 0xDE, 0xFB, 0x9C, 0xD3,
    0x21, 0x04, 0x02, 0x00, 0x81, 0xAD, 0x75, 0x02, 0xFF, 0x83, 0xC6, 0x38, 0x10, 0x82, 0x6E, 0x00,
    0x87, 0x39, 0xE7, 0xDE, 0xFB, 0xFF, 0xDF, 0x8C, 0x71, 0x1E, 0x00, 0x89, 0x18, 0xC3, 0xA5, 0x14,
    0xEF, 0x5D, 0xF7, 0xBE, 0xF7, 0xBE, 0x02, 0xFF, 0x83, 0xEF, 0x7D, 0xF7, 0x9E, 0x05, 0xFF, 0x84,
    0xDF, 0xF7, 0xBE, 0xFF, 0xDF, 0x06, 0xFF, 0x85, 0xDE, 0xFB, 0x84, 0x30, 0x29, 0x45, 0x0F, 0x00,
    0x88, 0x20, 0x8C, 0x71, 0xF7, 0xBE, 0xEF, 0x7D, 0x63, 0x2C, 0x0A, 0x00, 0x83, 0x42, 0x08, 0xE7,
    0x1C, 0x02, 0xFF, 0x87, 0xD6, 0xBA, 0x9C, 0xD3, 0x73, 0x8E, 0x31, 0xA6, 0x03, 0x00, 0x84, 0x20,
    0x18, 0xC3, 0x08, 0x41, 0x06, 0x00, 0x81, 0xA5, 0x14, 0x02, 0xFF, 0x83, 0xDE, 0xFB, 0x18, 0xC3,
    0x6E, 0x00, 0x87, 0x63, 0x0C, 0xEF, 0x5D, 0xEF, 0x7D, 0x5A, 0xCB, 0x22, 0x00, 0x87, 0x31, 0xA6,
    0x4A, 0x49, 0x8C, 0x51, 0xF7, 0x9E, 0x04, 0xFF, 0x8D, 0xE7, 0x1C, 0xAD, 0x75, 0x73, 0xAE, 0x5A,
    0xEB, 0x6B, 0x6D, 0x9C, 0xF3, 0xCE, 0x59, 0x06, 0xFF, 0x83, 0xD6, 0x9A, 0x4A, 0x69, 0x0C, 0x00,
    0x83, 0x63, 0x2C, 0xE7, 0x3C, 0x02, 0xFF, 0x83, 0xB5, 0xB6, 0x18, 0xE3, 0x08, 0x00, 0x85, 0x63,
    0x2C, 0xCE, 0x79, 0xFF, 0xDF, 0x08, 0xFF, 0x83, 0xD6, 0xBA, 0x4A, 0x69, 0x0C, 0x00, 0x87, 0x9C,
    0xD3, 0xFF, 0xDF, 0xE7, 0x1C, 0x18, 0xE3, 0x6E, 0x00, 0x87, 0x52, 0x8A, 0xE7, 0x3C, 0xFF, 0xDF,
    0x94, 0x92, 0x24, 0x00, 0x83, 0x52, 0x8A, 0xDE, 0xDB, 0x04, 0xFF, 0x83, 0xD6, 0x9A, 0x21, 0x24,
    0x0C, 0x00, 0x85, 0x42, 0x28, 0xC6, 0x18, 0xFF, 0xDF, 0x02, 0xFF, 0x83, 0xE7, 0x3C, 0x5A, 0xCB,
    0x08, 0x00, 0x83, 0x73, 0x8E, 0xEF, 0x5D, 0x02, 0xFF, 0x83, 0xDE, 0xFB, 0x5A, 0xCB, 0x06, 0x00,
    0x85, 0x08, 0x41, 0x9C, 0xD3, 0xF7, 0xBE, 0x05, 0xFF, 0x86, 0xDF, 0xDE, 0xDB, 0xDE, 0xDB, 0xF7,
    0xBE, 0x02, 0xFF, 0x83, 0xB5, 0xB6, 0x08, 0x41, 0x0A, 0x00, 0x87, 0x94, 0x92, 0xFF, 0xDF, 0xE7,
    0x1C, 0x29, 0x45, 0x6E, 0x00, 0x83, 0x18, 0xE3, 0xAD, 0x75, 0x02, 0xFF, 0x83, 0xEF, 0x5D, 0x52,
    0x8A, 0x20, 0x00, 0x83, 0x18, 0xE3, 0xBD, 0xD7, 0x02, 0xFF, 0x89, 0xF7, 0x9E, 0xFF, 0xDF, 0xF7,
    0xBE, 0xA5, 0x14, 0x21, 0x24, 0x0C, 0x00, 0x82, 0x18, 0xE3, 0x7B, 0x02, 0xEF, 0x80, 0x5D, 0x02,
    0xFF, 0x83, 0xD6, 0xBA, 0x39, 0xC7, 0x02, 0x00, 0x85, 0x39, 0xC7, 0xA5, 0x34, 0xF7, 0x9E, 0x02,
    0xFF, 0x85, 0xDE, 0xFB, 0x63, 0x2C, 0x00, 0x20, 0x06, 0x00, 0x91, 0x73, 0x8E, 0xF7, 0x9E, 0xFF,
    0xDF, 0xE7, 0x3C, 0xFF, 0xDF, 0xEF, 0x7D, 0x6B, 0x4D, 0x29, 0x45, 0xBD, 0xF7, 0x02, 0xFF, 0x83,
    0xC6, 0x38, 0x18, 0xE3, 0x0A, 0x00, 0x87, 0x94, 0x92, 0xFF, 0xDF, 0xE7, 0x1C, 0x29, 0x65, 0x70,
    0x00, 0x83, 0x4A, 0x69, 0xDE, 0xDB, 0x02, 0xFF, 0x83, 0xA5, 0x14, 0x08, 0x61, 0x1E, 0x00, 0x89,
    0x4A, 0x69, 0xE7, 0x1C, 0xF7, 0xBE, 0x94, 0x92, 0xC6, 0x18, 0x03, 0xFF, 0x84, 0xDF, 0xA5, 0x34,
    0x18, 0xC3, 0x0D, 0x00, 0x96, 0x20, 0x84, 0x10, 0xF7, 0x9E, 0xFF, 0xDF, 0xA5, 0x34, 0x9C, 0xD3,
    0xE7, 0x1C, 0xFF, 0xDF, 0xFF, 0xDF, 0xD6, 0xBA, 0x63, 0x0C, 0x08, 0x41, 0x06, 0x00, 0x83, 0x08,
    0x61, 0xC6, 0x38, 0x02, 0xFF, 0x85, 0xC6, 0x38, 0x63, 0x0C, 0xDE, 0xFB, 0x02, 0xFF, 0x85, 0xC6,
    0x38, 0x5A, 0xEB, 0xD6, 0xBA, 0x02, 0xFF, 0x83, 0xBD, 0xF7, 0x08, 0x61, 0x0A, 0x00, 0x87, 0x94,
    0xB2, 0xFF, 0xDF, 0xE7, 0x1C, 0x21, 0x24, 0x70, 0x00, 0x83, 0x10, 0x82, 0xA5, 0x14, 0x02, 0xFF,
    0x83, 0xBD, 0xF7, 0x21, 0x04, 0x1E, 0x00, 0x91, 0x73, 0xAE, 0xF7, 0x9E, 0xDE, 0xFB, 0x4A, 0x69,
    0x42, 0x28, 0xB5, 0x96, 0xFF, 0xDF, 0xE7, 0x1C, 0x42, 0x28, 0x09, 0x00, 0x88, 0x20, 0x39, 0xE7,
    0x6B, 0x4D, 0x73, 0xAE, 0xE7, 0x3C, 0x02, 0xFF, 0x83, 0xF7, 0xBE, 0xFF, 0xDF, 0x02, 0xFF, 0x87,
    0xEF, 0x7D, 0xA5, 0x14, 0x42, 0x28, 0x00, 0x20, 0x08, 0x00, 0x86, 0x31, 0xA6, 0xE7, 0x1C, 0xFF,
    0xDF, 0x84, 0x02, 0x10, 0x88, 0x82, 0x8C, 0x51, 0xF7, 0x9E, 0xFF, 0xDF, 0xEF, 0x5D, 0x02, 0xFF,
    0x83, 0xF7, 0x9E, 0x7B, 0xCF, 0x0C, 0x00, 0x81, 0xAD, 0x55, 0x02, 0xFF, 0x83, 0xDE, 0xDB, 0x18,
    0xC3, 0x70, 0x00, 0x83, 0x08, 0x41, 0x8C, 0x51, 0x02, 0xFF, 0x83, 0xCE, 0x59, 0x21, 0x24, 0x1E,
    0x00, 0x91, 0x73, 0x8E, 0xF7, 0x9E, 0xE7, 0x3C, 0x6B, 0x6D, 0x42, 0x28, 0x94, 0x92, 0xFF, 0xDF,
    0xEF, 0x5D, 0x52, 0x8A, 0x04, 0x00, 0x8D, 0x08, 0x61, 0x5A, 0xEB, 0xB5, 0xB6, 0xDE, 0xDB, 0xEF,
    0x7D, 0xF7, 0x9E, 0xFF, 0xDF, 0x04, 0xFF, 0x87, 0xEF, 0x5D, 0xB5, 0xB6, 0x63, 0x2C, 0x08, 0x61,
    0x0C, 0x00, 0x87, 0x31, 0xA6, 0xE7, 0x1C, 0xF7, 0xBE, 0x7B, 0xEF, 0x02, 0x00, 0x8D, 0x21, 0x24,
    0x9C, 0xD3, 0xEF, 0x5D, 0xF7, 0xBE, 0xEF, 0x5D, 0xA5, 0x14, 0x21, 0x04, 0x0A, 0x00, 0x83, 0x18,
    0xE3, 0xDE, 0xFB, 0x02, 0xFF, 0x83, 0xA5, 0x14, 0x08, 0x41, 0x70, 0x00, 0x83, 0x08, 0x61, 0x9C,
    0xD3, 0x02, 0xFF, 0x83, 0xBD, 0xF7, 0x21, 0x04, 0x1E, 0x00, 0x8B, 0x42, 0x08, 0xD6, 0xBA, 0xFF,
    0xDF, 0xE7, 0x1C, 0xD6, 0xBA, 0xF7, 0x9E, 0x02, 0xFF, 0x83, 0xC6, 0x38, 0x29, 0x65, 0x04, 0x00,
    0x83, 0x63, 0x2C, 0xDE, 0xFB, 0x03, 0xFF, 0x86, 0xDF, 0xF7, 0xBE, 0xF7, 0x9E, 0xE7, 0x3C, 0x02,
    0xFF, 0x8B, 0xF7, 0x9E, 0x7B, 0xEF, 0x7B, 0xCF, 0x94, 0x92, 0x7B, 0xCF, 0x29, 0x45, 0x0A, 0x00,
    0x83, 0x10, 0x82, 0xCE, 0x59, 0x02, 0xFF, 0x83, 0xB5, 0xB6, 0x29, 0x65, 0x02, 0x00, 0x89, 0x10,
    0x82, 0x52, 0x8A, 0x7B, 0xEF, 0x5A, 0xCB, 0x10, 0x82, 0x0C, 0x00, 0x87, 0x7B, 0xEF, 0xF7, 0xBE,
    0xF7, 0x9E, 0x6B, 0x6D, 0x72, 0x00, 0x83, 0x10, 0xA2, 0xB5, 0x96, 0x02, 0xFF, 0x83, 0xAD, 0x75,
    0x10, 0xA2, 0x1F, 0x00, 0x8E, 0x20, 0x84, 0x10, 0xE7, 0x3C, 0xFF, 0xDF, 0xFF, 0xDF, 0xF7, 0xBE,
    0xC6, 0x38, 0x52, 0x8A, 0x04, 0x00, 0x83, 0x10, 0x82, 0xB5, 0x96, 0x02, 0xFF, 0x99, 0xEF, 0x5D,
    0x9C, 0xF3, 0x5A, 0xEB, 0x42, 0x28, 0x94, 0x92, 0xFF, 0xDF, 0xEF, 0x7D, 0xC6, 0x18, 0xF7, 0x9E,
    0xFF, 0xDF, 0xF7, 0x9E, 0xA5, 0x34, 0x18, 0xE3, 0x0A, 0x00, 0x89, 0x7B, 0xEF, 0xF7, 0xBE, 0xF7,
    0x9E, 0xA5, 0x14, 0x31, 0x86, 0x14, 0x00, 0x83, 0x31, 0x86, 0xD6, 0xBA, 0x02, 0xFF, 0x83, 0xC6,
    0x38, 0x29, 0x45, 0x72, 0x00, 0x83, 0x21, 0x04, 0xBD, 0xF7, 0x02, 0xFF, 0x83, 0x9C, 0xF3, 0x08,
    0x41, 0x21, 0x00, 0x8A, 0x20, 0x42, 0x08, 0x84, 0x30, 0x8C, 0x51, 0x52, 0x8A, 0x18, 0xC3, 0x06,
    0x00, 0x87, 0x21, 0x04, 0xDE, 0xDB, 0xFF, 0xDF, 0xA5, 0x34, 0x06, 0x00, 0x81, 0x9C, 0xF3, 0x05,
    0xFF, 0x80, 0xDF, 0x02, 0xFF, 0x81, 0xDE, 0xFB, 0x02, 0xFF, 0x83, 0xEF, 0x7D, 0x5A, 0xEB, 0x0A,
    0x00, 0x8D, 0x21, 0x04, 0xB5, 0xB6, 0xFF, 0xDF, 0xF7, 0xBE, 0xC6, 0x38, 0x6B, 0x4D, 0x18, 0xC3,
    0x0E, 0x00, 0x83, 0x42, 0x08, 0xC6, 0x38, 0x02, 0xFF, 0x83, 0xEF, 0x7D, 0x6B, 0x4D, 0x74, 0x00,
    0x87, 0x39, 0xE7, 0xD6, 0xBA, 0xFF, 0xDF, 0x7B, 0xCF, 0x34, 0x00, 0x83, 0x10, 0x82, 0xAD, 0x75,
    0x02, 0xFF, 0x83, 0xDE, 0xDB, 0x42, 0x28, 0x04, 0x00, 0x81, 0x94, 0xB2, 0x06, 0xFF, 0x85, 0xC6,
    0x18, 0x31, 0x86, 0xDE, 0xDB, 0x02, 0xFF, 0x83, 0x8C, 0x51, 0x00, 0x20, 0x0A, 0x00, 0x85, 0x21,
    0x24, 0x9C, 0xF3, 0xF7, 0x9E, 0x02, 0xFF, 0x93, 0xF7, 0x9E, 0xD6, 0x9A, 0xA5, 0x14, 0x7B, 0xCF,
    0x5A, 0xCB, 0x42, 0x08, 0x4A, 0x69, 0x73, 0xAE, 0xA5, 0x14, 0xE7, 0x1C, 0x02, 0xFF, 0x85, 0xF7,
    0xBE, 0x84, 0x10, 0x08, 0x61, 0x74, 0x00, 0x87, 0x52, 0xAA, 0xE7, 0x3C, 0xF7, 0x9E, 0x5A, 0xCB,
    0x36, 0x00, 0x8F, 0x63, 0x0C, 0xE7, 0x3C, 0xFF, 0xDF, 0xDE, 0xDB, 0x6B, 0x4D, 0x08, 0x61, 0x5A,
    0xEB, 0xEF, 0x7D, 0x03, 0xFF, 0x86, 0xDF, 0x84, 0x30, 0x08, 0x61, 0xD6, 0x9A, 0x02, 0xFF, 0x83,
    0x8C, 0x71, 0x08, 0x41, 0x0C, 0x00, 0x87, 0x18, 0xC3, 0x73, 0x8E, 0xC6, 0x18, 0xEF, 0x7D, 0x05,
    0xFF, 0x88, 0xDF, 0xEF, 0x7D, 0xE7, 0x1C, 0xE7, 0x3C, 0xFF, 0xDF, 0x04, 0xFF, 0x82, 0xE7, 0x1C,
    0x84, 0x02, 0x10, 0x80, 0xA2, 0x76, 0x00, 0x87, 0x7B, 0xEF, 0xFF, 0xDF, 0xDE, 0xFB, 0x29, 0x65,
    0x36, 0x00, 0x85, 0x10, 0xA2, 0x84, 0x10, 0xE7, 0x1C, 0x02, 0xFF, 0x87, 0xEF, 0x5D, 0x8C, 0x71,
    0x29, 0x45, 0xC6, 0x38, 0x03, 0xFF, 0x8A, 0xDF, 0xAD, 0x55, 0x73, 0xAE, 0xEF, 0x7D, 0xF7, 0xBE,
    0x73, 0xAE, 0x11, 0x00, 0x9A, 0x20, 0x29, 0x65, 0x63, 0x2C, 0x9C, 0xF3, 0xD6, 0x9A, 0xE7, 0x1C,
    0xEF, 0x5D, 0xF7, 0x9E, 0xEF, 0x7D, 0xE7, 0x1C, 0xD6, 0xBA, 0x94, 0xB2, 0x4A, 0x69, 0x08, 0x41,
    0x76, 0x00, 0x83, 0x10, 0x82, 0xA5, 0x14, 0x02, 0xFF, 0x83, 0xCE, 0x59, 0x00, 0x20, 0x38, 0x00,
    0x85, 0x10, 0x82, 0x63, 0x0C, 0xCE, 0x79, 0x02, 0xFF, 0x85, 0xEF, 0x7D, 0x84, 0x30, 0x94, 0xB2,
    0x05, 0xFF, 0x82, 0xDF, 0xF7, 0x9E, 0x02, 0xFF, 0x83, 0xD6, 0xBA, 0x42, 0x08, 0x16, 0x00, 0x91,
    0x08, 0x61, 0x29, 0x65, 0x42, 0x28, 0x63, 0x0C, 0x73, 0x8E, 0x6B, 0x4D, 0x4A, 0x49, 0x31, 0x86,
    0x08, 0x61, 0x7A, 0x00, 0x83, 0x31, 0xA6, 0xD6, 0x9A, 0x02, 0xFF, 0x81, 0x9C, 0xF3, 0x3D, 0x00,
    0x84, 0x20, 0x42, 0x08, 0xC6, 0x38, 0x02, 0xFF, 0x83, 0xDE, 0xFB, 0xAD, 0x75, 0x02, 0xFF, 0x8B,
    0xEF, 0x7D, 0xE7, 0x3C, 0xEF, 0x7D, 0xCE, 0x79, 0x6B, 0x6D, 0x08, 0x41, 0x7F, 0x00, 0x23, 0x00,
    0x87, 0x73, 0x8E, 0xEF, 0x7D, 0xEF, 0x7D, 0x63, 0x2C, 0x40, 0x00, 0x87, 0x4A, 0x69, 0xFF, 0xDF,
    0xFF, 0xDF, 0xE7, 0x1C, 0x02, 0xFF, 0x89, 0xBD, 0xF7, 0x4A, 0x49, 0x52, 0x8A, 0x31, 0x86, 0x00,
    0x20, 0x7F, 0x00, 0x23, 0x00, 0x83, 0x10, 0xA2, 0xAD, 0x55, 0x02, 0xFF, 0x83, 0xCE, 0x59, 0x10,
    0xA2, 0x40, 0x00, 0x83, 0x31, 0x86, 0xFF, 0xDF, 0x05, 0xFF, 0x82, 0xDF, 0x94, 0x92, 0x7F, 0x00,
    0x2B, 0x00, 0x87, 0x39, 0xE7, 0xD6, 0xBA, 0xFF, 0xDF, 0x94, 0x92, 0x42, 0x00, 0x83, 0x4A, 0x49,
    0xFF, 0xDF, 0x04, 0xFF, 0x83, 0xE7, 0x3C, 0x42, 0x28, 0x7F, 0x00, 0x2B, 0x00, 0x87, 0x6B, 0x4D,
    0xEF, 0x7D, 0xE7, 0x3C, 0x5A, 0xCB, 0x42, 0x00, 0x83, 0x29, 0x45, 0xEF, 0x5D, 0x02, 0xFF, 0x83,
    0xEF, 0x7D, 0x84, 0x30, 0x7F, 0x00, 0x2D, 0x00, 0x8B, 0x73, 0xAE, 0xF7, 0x9E, 0xDE, 0xFB, 0x42,
    0x08, 0x00, 0x20, 0x00, 0x20, 0x40, 0x00, 0x87, 0x6B, 0x6D, 0x9C, 0xD3, 0x73, 0xAE, 0x10, 0xA2,
    0x7F, 0x00, 0x2D, 0x00, 0x91, 0x6B, 0x4D, 0xEF, 0x7D, 0xF7, 0x9E, 0xB5, 0xB6, 0xA5, 0x34, 0xA5,
    0x14, 0x8C, 0x51, 0x52, 0x8A, 0x08, 0x61, 0x3C, 0x00, 0x81, 0x08, 0x41, 0x7F, 0x00, 0x31, 0x00,
    0x85, 0x31, 0xA6, 0xC6, 0x18, 0xFF, 0xDF, 0x03, 0xFF, 0x88, 0xDF, 0xFF, 0xDF, 0xF7, 0xBE, 0xE7,
    0x1C, 0x84, 0x10, 0x7F, 0x00, 0x71, 0x00, 0x8B, 0x4A, 0x49, 0x9C, 0xF3, 0xBD, 0xF7, 0xC6, 0x18,
    0xC6, 0x18, 0xDE, 0xFB, 0x02, 0xFF, 0x83, 0xD6, 0xBA, 0x42, 0x08, 0x25, 0x00, 0x88, 0x20, 0x39,
    0xE7, 0x6B, 0x6D, 0x5A, 0xCB, 0x10, 0xA2, 0x7F, 0x00, 0x45, 0x00, 0x8D, 0x10, 0x82, 0x10, 0xA2,
    0x18, 0xC3, 0x63, 0x2C, 0xEF, 0x7D, 0xF7, 0x9E, 0x73, 0xAE, 0x22, 0x00, 0x8B, 0x18, 0xC3, 0x7B,
    0xCF, 0xD6, 0xBA, 0xF7, 0x9E, 0xDE, 0xFB, 0x63, 0x2C, 0x7F, 0x00, 0x4B, 0x00, 0x87, 0x21, 0x24,
    0xD6, 0xBA, 0xFF, 0xDF, 0x94, 0x92, 0x20, 0x00, 0x85, 0x18, 0xE3, 0x94, 0x92, 0xF7, 0x9E, 0x04,
    0xFF, 0x83, 0xF7, 0xBE, 0x84, 0x30, 0x7F, 0x00, 0x4B, 0x00, 0x83, 0x10, 0xA2, 0xC6, 0x18, 0x02,
    0xFF, 0x83, 0xAD, 0x75, 0x00, 0x20, 0x1C, 0x00, 0x85, 0x08, 0x61, 0x8C, 0x51, 0xF7, 0x9E, 0x02,
    0xFF, 0x81, 0xF7, 0xBE, 0x02, 0xFF, 0x83, 0xEF, 0x7D, 0x6B, 0x4D, 0x7F, 0x00, 0x4C, 0x00, 0x88,
    0x20, 0x9C, 0xF3, 0xFF, 0xDF, 0xEF, 0x7D, 0x6B, 0x6D, 0x1C, 0x00, 0x83, 0x73, 0xAE, 0xEF, 0x7D,
    0x02, 0xFF, 0x83, 0xC6, 0x38, 0xC6, 0x38, 0x02, 0xFF, 0x83, 0xC6, 0x38, 0x31, 0x86, 0x7F, 0x00,
    0x4D, 0x00, 0x83, 0x42, 0x28, 0xD6, 0xBA, 0x02, 0xFF, 0x83, 0xE7, 0x1C, 0x52, 0x8A, 0x18, 0x00,
    0x83, 0x31, 0xA6, 0xC6, 0x38, 0x02, 0xFF, 0x8B, 0xD6, 0x9A, 0x94, 0x92, 0xFF, 0xDF, 0xF7, 0xBE,
    0x84, 0x30, 0x00, 0x20, 0x7F, 0x00, 0x4F, 0x00, 0x87, 0x63, 0x2C, 0xE7, 0x3C, 0xFF, 0xDF, 0xAD,
    0x75, 0x18, 0x00, 0x89, 0x84, 0x10, 0xF7, 0x9E, 0xEF, 0x7D, 0x94, 0x92, 0xE7, 0x1C, 0x02, 0xFF,
    0x83, 0xBD, 0xF7, 0x29, 0x65, 0x7F, 0x00, 0x51, 0x00, 0x83, 0x08, 0x41, 0xA5, 0x34, 0x02, 0xFF,
    0x81, 0xCE, 0x79, 0x16, 0x00, 0x83, 0x29, 0x65, 0xC6, 0x38, 0x02, 0xFF, 0x83, 0xD6, 0x9A, 0xCE,
    0x59, 0x02, 0xFF, 0x83, 0xE7, 0x1C, 0x52, 0xAA, 0x7F, 0x00, 0x54, 0x00, 0x82, 0x20, 0x94, 0xB2,
    0x02, 0xFF, 0x83, 0xCE, 0x79, 0x00, 0x20, 0x14, 0x00, 0x8F, 0x6B, 0x4D, 0xEF, 0x7D, 0xFF, 0xDF,
    0xDE, 0xFB, 0xFF, 0xDF, 0xF7, 0xBE, 0x84, 0x10, 0x08, 0x61, 0x7F, 0x00, 0x54, 0x00, 0x82, 0x20,
    0x9C, 0xD3, 0x02, 0xFF, 0x81, 0xCE, 0x79, 0x16, 0x00, 0x83, 0xA5, 0x34, 0xFF, 0xDF, 0x05, 0xFF,
    0x84, 0xDF, 0xA5, 0x14, 0x08, 0x61, 0x7F, 0x00, 0x56, 0x00, 0x82, 0x20, 0x94, 0x92, 0x02, 0xFF,
    0x83, 0xE7, 0x1C, 0x31, 0xA6, 0x12, 0x00, 0x83, 0x29, 0x65, 0xCE, 0x59, 0x05, 0xFF, 0x84, 0xDF,
    0xAD, 0x75, 0x18, 0xE3, 0x7F, 0x00, 0x23, 0x00, 0x87, 0x08, 0x61, 0x4A, 0x49, 0x42, 0x08, 0x00,
    0x20, 0x2E, 0x00, 0x83, 0x5A, 0xEB, 0xEF, 0x5D, 0x02, 0xFF, 0x83, 0xCE, 0x59, 0x39, 0xE7, 0x0C,
    0x00, 0x87, 0x18, 0xE3, 0x63, 0x2C, 0xBD, 0xD7, 0xF7, 0xBE, 0x02, 0xFF, 0x85, 0xF7, 0x9E, 0xA5,
    0x14, 0x21, 0x24, 0x7F, 0x00, 0x0D, 0x00, 0x83, 0x08, 0x41, 0x00, 0x20, 0x12, 0x00, 0x89, 0x10,
    0x82, 0xB5, 0xB6, 0xEF, 0x7D, 0xE7, 0x3C, 0x73, 0x8E, 0x2E, 0x00, 0x85, 0x08, 0x41, 0x8C, 0x71,
    0xF7, 0xBE, 0x02, 0xFF, 0x91, 0xEF, 0x5D, 0xC6, 0x18, 0x9C, 0xF3, 0x8C, 0x71, 0x94, 0x92, 0xA5,
    0x14, 0xC6, 0x18, 0xDE, 0xFB, 0xF7, 0xBE, 0x04, 0xFF, 0x85, 0xEF, 0x7D, 0x7B, 0xEF, 0x08, 0x61,
    0x7F, 0x00, 0x0D, 0x00, 0x87, 0x6B, 0x6D, 0xCE, 0x79, 0xAD, 0x75, 0x18, 0xE3, 0x10, 0x00, 0x83,
    0x9C, 0xF3, 0xFF, 0xDF, 0x04, 0xFF, 0x81, 0x9C, 0xF3, 0x30, 0x00, 0x87, 0x10, 0xA2, 0x7B, 0xEF,
    0xDE, 0xFB, 0xFF, 0xDF, 0x03, 0xFF, 0x86, 0xDF, 0xFF, 0xDF, 0xFF, 0xDF, 0xFF, 0xDF, 0x03, 0xFF,
    0x84, 0xDF, 0xEF, 0x7D, 0xE7, 0x3C, 0x02, 0xFF, 0x83, 0xDE, 0xDB, 0x42, 0x08, 0x7F, 0x00, 0x0D,
    0x00, 0x83, 0x39, 0xC7, 0xCE, 0x59, 0x02, 0xFF, 0x8D, 0xDE, 0xFB, 0x31, 0xA6, 0x08, 0x41, 0x6B,
    0x4D, 0xA5, 0x34, 0x9C, 0xF3, 0x52, 0xAA, 0x04, 0x00, 0x83, 0x39, 0xC7, 0xE7, 0x3C, 0x05, 0xFF,
    0x82, 0xDF, 0x8C, 0x71, 0x32, 0x00, 0x9D, 0x08, 0x41, 0x42, 0x08, 0x84, 0x10, 0xA5, 0x34, 0xCE,
    0x59, 0xDE, 0xDB, 0xDE, 0xDB, 0xC6, 0x38, 0xA5, 0x34, 0x84, 0x30, 0x5A, 0xCB, 0x94, 0x92, 0xFF,
    0xDF, 0xD6, 0x9A, 0x31, 0x86, 0x7F, 0x00, 0x0C, 0x00, 0x84, 0x20, 0x7B, 0xEF, 0xF7, 0x9E, 0x02,
    0xFF, 0x93, 0xB5, 0xB6, 0x18, 0xC3, 0x5A, 0xCB, 0xE7, 0x3C, 0xFF, 0xDF, 0xFF, 0xDF, 0xCE, 0x79,
    0x42, 0x28, 0x08, 0x61, 0x9C, 0xD3, 0x06, 0xFF, 0x83, 0xEF, 0x5D, 0x63, 0x0C, 0x37, 0x00, 0x8E,
    0x20, 0x10, 0x82, 0x21, 0x04, 0x29, 0x45, 0x29, 0x45, 0x21, 0x04, 0x10, 0x82, 0x00, 0x20, 0x02,
    0x00, 0x87, 0x84, 0x30, 0xFF, 0xDF, 0xCE, 0x79, 0x29, 0x65, 0x7F, 0x00, 0x0B, 0x00, 0x83, 0x5A,
    0xEB, 0xD6, 0xBA, 0x02, 0xFF, 0x87, 0xDE, 0xDB, 0x52, 0x8A, 0x00, 0x20, 0xB5, 0x96, 0x02, 0xFF,
    0x8B, 0xE7, 0x3C, 0xEF, 0x7D, 0xF7, 0xBE, 0x8C, 0x51, 0x39, 0xE7, 0xDE, 0xFB, 0x06, 0xFF, 0x83,
    0xB5, 0xB6, 0x10, 0xA2, 0x48, 0x00, 0x87, 0x84, 0x30, 0xFF, 0xDF, 0xD6, 0x9A, 0x31, 0x86, 0x7F,
    0x00, 0x09, 0x00, 0x83, 0x42, 0x08, 0xC6, 0x38, 0x04, 0xFF, 0x84, 0xAD, 0x55, 0x00, 0x20, 0x39,
    0x02, 0xE7, 0x8C, 0x3C, 0xFF, 0xDF, 0x9C, 0xF3, 0xCE, 0x79, 0xFF, 0xDF, 0xA5, 0x14, 0x84, 0x10,
    0x06, 0xFF, 0x83, 0xDE, 0xDB, 0x4A, 0x69, 0x4A, 0x00, 0x87, 0x84, 0x10, 0xFF, 0xDF, 0xD6, 0x9A,
    0x31, 0x86, 0x7F, 0x00, 0x07, 0x00, 0x85, 0x31, 0x86, 0xBD, 0xD7, 0xFF, 0xDF, 0x02, 0xFF, 0x87,
    0xF7, 0xBE, 0x7B, 0xEF, 0x00, 0x20, 0x7B, 0xCF, 0x02, 0xFF, 0x8B, 0xE7, 0x3C, 0x8C, 0x51, 0xEF,
    0x7D, 0xF7, 0x9E, 0x84, 0x30, 0xC6, 0x38, 0x04, 0xFF, 0x85, 0xEF, 0x5D, 0x73, 0x8E, 0x00, 0x20,
    0x4A, 0x00, 0x87, 0x84, 0x10, 0xFF, 0xDF, 0xD6, 0x9A, 0x31, 0x86, 0x7F, 0x00, 0x05, 0x00, 0x85,
    0x10, 0xA2, 0xAD, 0x75, 0xFF, 0xDF, 0x04, 0xFF, 0x87, 0xF7, 0x9E, 0x63, 0x2C, 0x18, 0xC3, 0xB5,
    0x96, 0x02, 0xFF, 0x83, 0xDE, 0xDB, 0xE7, 0x1C, 0x02, 0xFF, 0x85, 0xD6, 0x9A, 0x63, 0x2C, 0xE7,
    0x3C, 0x03, 0xFF, 0x88, 0xDF, 0xA5, 0x14, 0x6B, 0x6D, 0x7B, 0xCF, 0x39, 0xC7, 0x08, 0x00, 0x85,
    0x31, 0xA6, 0x4A, 0x69, 0x21, 0x04, 0x3A, 0x00, 0x87, 0x8C, 0x71, 0xFF, 0xDF, 0xCE, 0x79, 0x29,
    0x65, 0x7F, 0x00, 0x03, 0x00, 0x93, 0x21, 0x24, 0xA5, 0x34, 0xFF, 0xDF, 0xF7, 0xBE, 0xC6, 0x18,
    0xEF, 0x7D, 0xEF, 0x7D, 0x5A, 0xCB, 0x39, 0xC7, 0xDE, 0xDB, 0x06, 0xFF, 0x87, 0xE7, 0x1C, 0x6B,
    0x6D, 0x84, 0x10, 0xFF, 0xDF, 0x02, 0xFF, 0x85, 0xD6, 0x9A, 0xB5, 0xB6, 0xFF, 0xDF, 0x02, 0xFF,
    0x83, 0xC6, 0x18, 0x08, 0x61, 0x02, 0x00, 0x93, 0x29, 0x65, 0xA5, 0x14, 0xE7, 0x1C, 0xEF, 0x7D,
    0xCE, 0x79, 0x6B, 0x4D, 0x00, 0x20, 0x39, 0xC7, 0x7B, 0xCF, 0x31, 0xA6, 0x02, 0x00, 0x83, 0x08,
    0x41, 0x00, 0x20, 0x2A, 0x00, 0x81, 0xB5, 0x96, 0x02, 0xFF, 0x83, 0xB5, 0xB6, 0x18, 0xE3, 0x7F,
    0x00, 0x96, 0x00, 0x21, 0x24, 0xA5, 0x34, 0xF7, 0xBE, 0xF7, 0xBE, 0x9C, 0xF3, 0x73, 0x8E, 0xEF,
    0x7D, 0xEF, 0x5D, 0x5A, 0xCB, 0x7B, 0xEF, 0xF7, 0x9E, 0x04, 0xFF, 0x87, 0xE7, 0x1C, 0x73, 0xAE,
    0x18, 0xE3, 0xAD, 0x75, 0x02, 0xFF, 0x85, 0xF7, 0xBE, 0xDE, 0xFB, 0xFF, 0xDF, 0x04, 0xFF, 0x8D,
    0xE7, 0x3C, 0x29, 0x45, 0x29, 0x45, 0xBD, 0xF7, 0xFF, 0xDF, 0xFF, 0xDF, 0xF7, 0xBE, 0x02, 0xFF,
    0x91, 0xCE, 0x79, 0x39, 0xE7, 0xBD, 0xD7, 0xFF, 0xDF, 0xBD, 0xD7, 0x8C, 0x51, 0xB5, 0xB6, 0xA5,
    0x34, 0x4A, 0x49, 0x06, 0x00, 0x87, 0x18, 0xC3, 0x42, 0x28, 0x42, 0x28, 0x18, 0xC3, 0x18, 0x00,
    0x83, 0x21, 0x24, 0xD6, 0xBA, 0x02, 0xFF, 0x83, 0x94, 0xB2, 0x00, 0x20, 0x7E, 0x00, 0x95, 0x21,
    0x24, 0xA5, 0x14, 0xF7, 0xBE, 0xFF, 0xDF, 0xAD, 0x55, 0x29, 0x45, 0x73, 0xAE, 0xF7, 0x9E, 0xF7,
    0x9E, 0xCE, 0x59, 0xEF, 0x7D, 0x02, 0xFF, 0x8B, 0xF7, 0xBE, 0xC6, 0x18, 0x6B, 0x4D, 0x10, 0x82,
    0x5A, 0xEB, 0xE7, 0x3C, 0x02, 0xFF, 0x87, 0xEF, 0x7D, 0xFF, 0xDF, 0xF7, 0xBE, 0xD6, 0xBA, 0x02,
    0xFF, 0x8D, 0xE7, 0x3C, 0x29, 0x45, 0x84, 0x30, 0xFF, 0xDF, 0xF7, 0xBE, 0xA5, 0x34, 0xCE, 0x59,
    0x02, 0xFF, 0x85, 0xD6, 0xBA, 0x6B, 0x6D, 0xEF, 0x5D, 0x03, 0xFF, 0x82, 0xDF, 0xFF, 0xDF, 0x03,
    0xFF, 0x92, 0xDF, 0xBD, 0xD7, 0x21, 0x24, 0x18, 0xC3, 0x6B, 0x6D, 0xBD, 0xF7, 0xEF, 0x5D, 0xEF,
    0x5D, 0xB5, 0xB6, 0x52, 0x8A, 0x16, 0x00, 0x87, 0x73, 0xAE, 0xF7, 0x9E, 0xEF, 0x5D, 0x63, 0x2C,
    0x7E, 0x00, 0x91, 0x29, 0x45, 0xA5, 0x14, 0xF7, 0x9E, 0xFF, 0xDF, 0xB5, 0x96, 0x29, 0x65, 0x39,
    0xC7, 0xAD, 0x55, 0xFF, 0xDF, 0x08, 0xFF, 0x83, 0xBD, 0xD7, 0x39, 0xC7, 0x02, 0x00, 0x83, 0x29,
    0x45, 0xBD, 0xD7, 0x08, 0xFF, 0x8B, 0xC6, 0x18, 0xA5, 0x34, 0xFF, 0xDF, 0xE7, 0x1C, 0x29, 0x45,
    0xC6, 0x38, 0x02, 0xFF, 0x8D, 0xC6, 0x38, 0xA5, 0x14, 0xEF, 0x7D, 0xFF, 0xDF, 0x9C, 0xF3, 0x9C,
    0xF3, 0xFF, 0xDF, 0x04, 0xFF, 0x8D, 0xF7, 0x9E, 0xCE, 0x79, 0xF7, 0xBE, 0xEF, 0x5D, 0x63, 0x0C,
    0x9C, 0xF3, 0xEF, 0x5D, 0x03, 0xFF, 0x80, 0xDF, 0x03, 0xFF, 0x84, 0xDF, 0xCE, 0x59, 0x5A, 0xEB,
    0x12, 0x00, 0x83, 0x18, 0xC3, 0xC6, 0x38, 0x02, 0xFF, 0x83, 0xC6, 0x18, 0x29, 0x45, 0x7C, 0x00,
    0x91, 0x21, 0x24, 0xA5, 0x34, 0xF7, 0xBE, 0xFF, 0xDF, 0xB5, 0xB6, 0x31, 0xA6, 0x73, 0xAE, 0xD6,
    0xBA, 0xF7, 0xBE, 0x02, 0xFF, 0x85, 0xF7, 0xBE, 0xD6, 0xBA, 0xF7, 0xBE, 0x02, 0xFF, 0x81, 0x73,
    0xAE, 0x03, 0x00, 0x84, 0x20, 0x7B, 0xCF, 0xEF, 0x7D, 0x06, 0xFF, 0x85, 0xDE, 0xFB, 0x52, 0xAA,
    0xBD, 0xD7, 0x02, 0xFF, 0x85, 0xC6, 0x18, 0x4A, 0x49, 0xE7, 0x1C, 0x02, 0xFF, 0x8B, 0xDE, 0xDB,
    0xF7, 0x9E, 0xFF, 0xDF, 0xC6, 0x18, 0x4A, 0x69, 0xC6, 0x38, 0x04, 0xFF, 0x8D, 0xF7, 0xBE, 0x9C,
    0xF3, 0x73, 0x8E, 0xF7, 0x9E, 0xF7, 0xBE, 0xB5, 0xB6, 0xF7, 0xBE, 0x02, 0xFF, 0x87, 0xEF, 0x5D,
    0xA5, 0x14, 0xB5, 0xB6, 0xF7, 0xBE, 0x02, 0xFF, 0x83, 0xD6, 0x9A, 0x00, 0x20, 0x0E, 0x00, 0x8B,
    0x08, 0x61, 0x84, 0x10, 0xF7, 0x9E, 0xF7, 0x9E, 0x73, 0xAE, 0x00, 0x20, 0x7A, 0x00, 0x8F, 0x29,
    0x45, 0xAD, 0x55, 0xF7, 0xBE, 0xFF, 0xDF, 0xB5, 0xB6, 0x42, 0x28, 0x9C, 0xF3, 0xEF, 0x7D, 0x03,
    0xFF, 0x80, 0xDF, 0x02, 0xFF, 0x82, 0xDE, 0xFB, 0x7B, 0x02, 0xEF, 0x84, 0x7D, 0xF7, 0xBE, 0x5A,
    0xCB, 0x02, 0x00, 0x83, 0x31, 0x86, 0xC6, 0x38, 0x07, 0xFF, 0x86, 0xDF, 0x8C, 0x71, 0x10, 0xA2,
    0xCE, 0x59, 0x02, 0xFF, 0x85, 0xA5, 0x14, 0x5A, 0xCB, 0xF7, 0x9E, 0x06, 0xFF, 0x87, 0xC6, 0x18,
    0x42, 0x28, 0x84, 0x30, 0xEF, 0x7D, 0x04, 0xFF, 0x87, 0xC6, 0x18, 0x29, 0x65, 0x94, 0x92, 0xFF,
    0xDF, 0x03, 0xFF, 0x80, 0xDF, 0x03, 0xFF, 0x88, 0xDF, 0x94, 0x92, 0x10, 0x82, 0x5A, 0xEB, 0xEF,
    0x7D, 0x02, 0xFF, 0x83, 0xD6, 0xBA, 0x00, 0x20, 0x0C, 0x00, 0x85, 0x08, 0x61, 0x63, 0x2C, 0xE7,
    0x1C, 0x02, 0xFF, 0x83, 0xB5, 0xB6, 0x29, 0x45, 0x7A, 0x00, 0xA7, 0x21, 0x04, 0xAD, 0x75, 0xFF,
    0xDF, 0xFF, 0xDF, 0xB5, 0x96, 0x31, 0x86, 0x8C, 0x71, 0xF7, 0xBE, 0xFF, 0xDF, 0xCE, 0x59, 0xB5,
    0xB6, 0xFF, 0xDF, 0xDE, 0xDB, 0x94, 0xB2, 0xFF, 0xDF, 0xDE, 0xFB, 0x29, 0x65, 0x08, 0x41, 0x94,
    0x92, 0xFF, 0xDF, 0x06, 0xFF, 0x8F, 0xDE, 0xFB, 0x29, 0x65, 0x29, 0x45, 0xDE, 0xFB, 0xFF, 0xDF,
    0x94, 0x92, 0x5A, 0xCB, 0xEF, 0x5D, 0x03, 0xFF, 0x88, 0xDF, 0xBD, 0xF7, 0x39, 0xE7, 0x73, 0xAE,
    0xE7, 0x3C, 0x04, 0xFF, 0x87, 0xEF, 0x7D, 0x52, 0x8A, 0x08, 0x61, 0xBD, 0xD7, 0x08, 0xFF, 0x8D,
    0xEF, 0x7D, 0x52, 0xAA, 0x08, 0x41, 0x94, 0xB2, 0xFF, 0xDF, 0xF7, 0xBE, 0x94, 0x92, 0x0C, 0x00,
    0x85, 0x10, 0xA2, 0x6B, 0x6D, 0xDE, 0xFB, 0x02, 0xFF, 0x83, 0xD6, 0xBA, 0x4A, 0x49, 0x71, 0x00,
    0x80, 0x20, 0x08, 0x00, 0x83, 0x21, 0x04, 0xB5, 0xB6, 0x03, 0xFF, 0x88, 0xDF, 0xAD, 0x75, 0x29,
    0x45, 0x21, 0x04, 0xC6, 0x18, 0x02, 0xFF, 0x8B, 0xD6, 0x9A, 0x31, 0xA6, 0x84, 0x10, 0xF7, 0x9E,
    0xDE, 0xFB, 0x9C, 0xF3, 0x02, 0xFF, 0x87, 0xD6, 0x9A, 0x10, 0xA2, 0x52, 0x8A, 0xE7, 0x3C, 0x08,
    0xFF, 0x81, 0xAD, 0x75, 0x02, 0x00, 0x89, 0x39, 0xE7, 0xF7, 0x9E, 0xF7, 0x9E, 0x84, 0x10, 0xC6,
    0x18, 0x04, 0xFF, 0x87, 0xE7, 0x1C, 0x52, 0xAA, 0x94, 0xB2, 0xEF, 0x5D, 0x06, 0xFF, 0x87, 0xAD,
    0x55, 0x08, 0x41, 0x31, 0xA6, 0xD6, 0xBA, 0x04, 0xFF, 0x8B, 0xF7, 0xBE, 0xFF, 0xDF, 0xF7, 0x9E,
    0x63, 0x2C, 0x63, 0x2C, 0xDE, 0xFB, 0x02, 0xFF, 0x83, 0xD6, 0x9A, 0x31, 0x86, 0x09, 0x00, 0x86,
    0x20, 0x31, 0xA6, 0x9C, 0xD3, 0xEF, 0x5D, 0x02, 0xFF, 0x83, 0xDE, 0xFB, 0x52, 0xAA, 0x6E, 0x00,
    0x89, 0x21, 0x04, 0x9C, 0xF3, 0xBD, 0xF7, 0xA5, 0x14, 0x31, 0xA6, 0x02, 0x00, 0x83, 0x39, 0xC7,
    0xC6, 0x38, 0x03, 0xFF, 0x84, 0xDF, 0xA5, 0x14, 0x18, 0xC3, 0x02, 0x00, 0x83, 0x08, 0x61, 0xA5,
    0x14, 0x02, 0xFF, 0x8B, 0xEF, 0x7D, 0x73, 0xAE, 0x73, 0xAE, 0xEF, 0x7D, 0xE7, 0x1C, 0xA5, 0x14,
    0x02, 0xFF, 0x85, 0xD6, 0x9A, 0x29, 0x65, 0xBD, 0xF7, 0x02, 0xFF, 0x83, 0xEF, 0x7D, 0xF7, 0xBE,
    0x02, 0xFF, 0x83, 0xF7, 0x9E, 0x6B, 0x6D, 0x02, 0x00, 0x87, 0x4A, 0x49, 0xF7, 0x9E, 0xFF, 0xDF,
    0xE7, 0x3C, 0x03, 0xFF, 0x82, 0xDF, 0xFF, 0xDF, 0x02, 0xFF, 0x81, 0xF7, 0x9E, 0x04, 0xFF, 0x81,
    0xF7, 0xBE, 0x02, 0xFF, 0x83, 0xEF, 0x5D, 0x52, 0x8A, 0x02, 0x00, 0x83, 0x42, 0x08, 0xE7, 0x1C,
    0x02, 0xFF, 0x85, 0xEF, 0x7D, 0x9C, 0xF3, 0xD6, 0xBA, 0x02, 0xFF, 0x83, 0xF7, 0x9E, 0xFF, 0xDF,
    0x04, 0xFF, 0x8F, 0xE7, 0x3C, 0x94, 0xB2, 0x4A, 0x69, 0x42, 0x08, 0x4A, 0x69, 0x84, 0x30, 0xBD,
    0xD7, 0xE7, 0x3C, 0x03, 0xFF, 0x84, 0xDF, 0xCE, 0x79, 0x4A, 0x69, 0x70, 0x00, 0x83, 0x94, 0x92,
    0xFF, 0xDF, 0x02, 0xFF, 0x87, 0xF7, 0x9E, 0x84, 0x10, 0x73, 0xAE, 0xDE, 0xDB, 0x02, 0xFF, 0x85,
    0xF7, 0x9E, 0x9C, 0xF3, 0x21, 0x24, 0x06, 0x00, 0x83, 0x42, 0x28, 0xD6, 0x9A, 0x02, 0xFF, 0x97,
    0xEF, 0x7D, 0xC6, 0x38, 0xF7, 0x9E, 0xEF, 0x5D, 0x94, 0xB2, 0xF7, 0xBE, 0xEF, 0x5D, 0xBD, 0xF7,
    0xFF, 0xDF, 0xF7, 0x9E, 0xAD, 0x55, 0xEF, 0x5D, 0x02, 0xFF, 0x83, 0xD6, 0xBA, 0x18, 0xC3, 0x02,
    0x00, 0x83, 0x42, 0x08, 0xEF, 0x7D, 0x04, 0xFF, 0x95, 0xF7, 0x9E, 0x94, 0xB2, 0xA5, 0x34, 0xE7,
    0x3C, 0xF7, 0x9E, 0xDE, 0xFB, 0xA5, 0x34, 0x84, 0x10, 0xC6, 0x18, 0x8C, 0x71, 0x08, 0x61, 0x02,
    0x00, 0x95, 0x29, 0x45, 0xBD, 0xD7, 0xE7, 0x1C, 0x94, 0xB2, 0x18, 0xE3, 0x7B, 0xCF, 0xDE, 0xFB,
    0xF7, 0x9E, 0xEF, 0x7D, 0xCE, 0x79, 0xE7, 0x3C, 0x05, 0xFF, 0x86, 0xDF, 0xFF, 0xDF, 0xFF, 0xDF,
    0xFF, 0xDF, 0x03, 0xFF, 0x86, 0xDF, 0xE7, 0x1C, 0xA5, 0x34, 0x31, 0xA6, 0x72, 0x00, 0x83, 0x9C,
    0xF3, 0xFF, 0xDF, 0x04, 0xFF, 0x83, 0xE7, 0x3C, 0xF7, 0x9E, 0x02, 0xFF, 0x85, 0xEF, 0x5D, 0x84,
    0x10, 0x18, 0xC3, 0x0A, 0x00, 0x85, 0x4A, 0x69, 0xCE, 0x79, 0xFF, 0xDF, 0x04, 0xFF, 0x85, 0xEF,
    0x5D, 0x6B, 0x4D, 0xD6, 0xBA, 0x04, 0xFF, 0x8B, 0xF7, 0xBE, 0xA5, 0x34, 0x52, 0x8A, 0xE7, 0x1C,
    0xFF, 0xDF, 0x9C, 0xD3, 0x04, 0x00, 0x9B, 0x18, 0xC3, 0xC6, 0x18, 0xF7, 0xBE, 0xE7, 0x3C, 0x8C,
    0x71, 0x10, 0xA2, 0x18, 0xC3, 0x52, 0x8A, 0x63, 0x0C, 0x4A, 0x49, 0x18, 0xC3, 0x08, 0x61, 0x29,
    0x45, 0x10, 0x82, 0x06, 0x00, 0x85, 0x31, 0xA6, 0x4A, 0x69, 0x18, 0xC3, 0x02, 0x00, 0x9F, 0x08,
    0x61, 0x42, 0x28, 0x63, 0x0C, 0x5A, 0xCB, 0x31, 0xA6, 0x63, 0x0C, 0xB5, 0xB6, 0xDE, 0xFB, 0xF7,
    0xBE, 0xF7, 0xBE, 0xF7, 0x9E, 0xDE, 0xFB, 0xC6, 0x38, 0x9C, 0xD3, 0x52, 0x8A, 0x10, 0xA2, 0x74,
    0x00, 0x8F, 0x42, 0x08, 0xCE, 0x59, 0xF7, 0x9E, 0xFF, 0xDF, 0xFF, 0xDF, 0xEF, 0x7D, 0xCE, 0x59,
    0x73, 0xAE, 0x10, 0x00, 0x9D, 0x42, 0x08, 0xB5, 0x96, 0xE7, 0x3C, 0xF7, 0x9E, 0xBD, 0xD7, 0x31,
    0x86, 0x7B, 0xEF, 0xDE, 0xFB, 0xDE, 0xFB, 0xA5, 0x14, 0x31, 0x86, 0x18, 0xC3, 0x94, 0x92, 0xAD,
    0x75, 0x42, 0x08, 0x06, 0x00, 0x87, 0x42, 0x08, 0x73, 0xAE, 0x5A, 0xCB, 0x00, 0x20, 0x2C, 0x00,
    0x8D, 0x10, 0x82, 0x4A, 0x49, 0x6B, 0x4D, 0x6B, 0x4D, 0x6B, 0x4D, 0x4A, 0x69, 0x18, 0xE3, 0x7C,
    0x00, 0x8B, 0x39, 0xC7, 0x7B, 0xEF, 0x94, 0x92, 0x8C, 0x71, 0x73, 0x8E, 0x31, 0x86, 0x14, 0x00,
    0x87, 0x18, 0xC3, 0x5A, 0xEB, 0x73, 0xAE, 0x39, 0xE7, 0x02, 0x00, 0x87, 0x08, 0x41, 0x42, 0x08,
    0x4A, 0x49, 0x10, 0xA2, 0x06, 0x00, 0x81, 0x08, 0x41, 0x7F, 0x00, 0x7F, 0x00, 0x7F, 0x00, 0x7F,
    0x00, 0x7F, 0x00, 0x7F, 0x00, 0x7F, 0x00, 0x7F, 0x00, 0x7F, 0x00, 0x7F, 0x00, 0x7F, 0x00, 0x7F,
    0x00, 0x7F, 0x00, 0x7F, 0x00, 0x7F, 0x00, 0x7F, 0x00, 0x7F, 0x00, 0x7F, 0x00, 0x7F, 0x00, 0x7F,
    0x00, 0x7F, 0x00, 0x7F, 0x00, 0x7F, 0x00, 0x5B, 0x00, 0x02, 0xFD, 0x06, 0x00, 0x00, 0x08, 0x00,
    0x01, 0xFF, 0x64, 0x00, 0x05, 0xFA, 0x86, 0x1C, 0x00, 0x7F, 0x00, 0x7F, 0x00, 0x7F, 0x00, 0x7F,
    0x00, 0x7F, 0x00, 0x7F, 0x00, 0x7F, 0x00, 0x7F, 0x00, 0x7F, 0x00, 0x7F, 0x00, 0x7F, 0x00, 0x7F,
    0x00, 0x7F, 0x00, 0x7F, 0x00, 0x7F, 0x00, 0x7F, 0x00, 0x7F, 0x00, 0x7F, 0x00, 0x7F, 0x00, 0x7F,
    0x00, 0x7F, 0x00, 0x7F, 0x00, 0x7F, 0x00, 0x7F, 0x00, 0x7F, 0x00, 0x7F, 0x00, 0x7F, 0x00, 0x7F,
    0x00, 0x7F, 0x00, 0x7F, 0x00, 0x7F, 0x00, 0x7F, 0x00, 0x7F, 0x00, 0x7F, 0x00, 0x7F, 0x00, 0x7F,
    0x00, 0x7F, 0x00, 0x3E, 0x00, 0x8A, 0x20, 0x10, 0xA2, 0x29, 0x45, 0x29, 0x65, 0x21, 0x24, 0x10,
    0x82, 0x7F, 0x00, 0x71, 0x00, 0x99, 0x39, 0xE7, 0x84, 0x10, 0xB5, 0x96, 0xBD, 0xF7, 0xCE, 0x59,
    0xCE, 0x79, 0xCE, 0x59, 0xBD, 0xF7, 0xB5, 0x96, 0x94, 0x92, 0x63, 0x0C, 0x39, 0xC7, 0x08, 0x61,
    0x7F, 0x00, 0x63, 0x00, 0x87, 0x08, 0x61, 0x73, 0x8E, 0xCE, 0x79, 0xF7, 0x9E, 0x05, 0xFF, 0x84,
    0xDF, 0xF7, 0xBE, 0xFF, 0xDF, 0x04, 0xFF, 0x8D, 0xF7, 0xBE, 0xEF, 0x7D, 0xD6, 0x9A, 0xAD, 0x55,
    0x7B, 0xCF, 0x4A, 0x49, 0x21, 0x04, 0x7F, 0x00, 0x5D, 0x00, 0x83, 0x73, 0x8E, 0xE7, 0x3C, 0x02,
    0xFF, 0x95, 0xEF, 0x7D, 0xC6, 0x18, 0xAD, 0x55, 0x94, 0x92, 0x8C, 0x51, 0x94, 0xB2, 0xAD, 0x75,
    0xBD, 0xD7, 0xDE, 0xFB, 0xF7, 0x9E, 0xFF, 0xDF, 0x02, 0xFF, 0x8B, 0xF7, 0x9E, 0xDE, 0xDB, 0xB5,
    0x96, 0x7B, 0xEF, 0x31, 0xA6, 0x08, 0x61, 0x7F, 0x00, 0x55, 0x00, 0x83, 0x31, 0x86, 0xD6, 0xBA,
    0x02, 0xFF, 0x8B, 0xCE, 0x79, 0x6B, 0x4D, 0x18, 0xC3, 0x00, 0x20, 0x08, 0x41, 0x00, 0x20, 0x04,
    0x00, 0x8D, 0x10, 0x82, 0x39, 0xC7, 0x5A, 0xEB, 0x9C, 0xD3, 0xC6, 0x18, 0xE7, 0x3C, 0xFF, 0xDF,
    0x02, 0xFF, 0x89, 0xF7, 0xBE, 0xD6, 0x9A, 0x8C, 0x71, 0x42, 0x28, 0x10, 0xA2, 0x7F, 0x00, 0x50,
    0x00, 0x98, 0x20, 0x84, 0x30, 0xFF, 0xDF, 0xE7, 0x3C, 0x5A, 0xEB, 0x00, 0x20, 0x31, 0xA6, 0x63,
    0x2C, 0x84, 0x10, 0x84, 0x10, 0x63, 0x2C, 0x39, 0xE7, 0x08, 0x41, 0x06, 0x00, 0x89, 0x18, 0xC3,
    0x42, 0x08, 0x84, 0x10, 0xC6, 0x38, 0xEF, 0x7D, 0x03, 0xFF, 0x88, 0xDF, 0xDE, 0xFB, 0xA5, 0x34,
    0x4A, 0x69, 0x00, 0x20, 0x7F, 0x00, 0x4B, 0x00, 0x83, 0x29, 0x45, 0xCE, 0x59, 0x02, 0xFF, 0x89,
    0xAD, 0x55, 0x21, 0x04, 0x7B, 0xCF, 0xDE, 0xDB, 0xFF, 0xDF, 0x06, 0xFF, 0x85, 0xEF, 0x5D, 0xA5,
    0x34, 0x31, 0xA6, 0x0A, 0x00, 0x89, 0x08, 0x61, 0x52, 0x8A, 0xAD, 0x55, 0xDE, 0xFB, 0xFF, 0xDF,
    0x02, 0xFF, 0x87, 0xEF, 0x7D, 0xAD, 0x55, 0x4A, 0x49, 0x08, 0x61, 0x7F, 0x00, 0x47, 0x00, 0x9D,
    0x63, 0x0C, 0xEF, 0x7D, 0xFF, 0xDF, 0x63, 0x2C, 0x84, 0x10, 0xE7, 0x3C, 0xFF, 0xDF, 0xE7, 0x3C,
    0xCE, 0x79, 0xD6, 0x9A, 0xE7, 0x3C, 0xFF, 0xDF, 0xFF, 0xDF, 0xAD, 0x75, 0x18, 0xE3, 0x0C, 0x00,
    0x89, 0x10, 0xA2, 0x4A, 0x49, 0x8C, 0x71, 0xD6, 0x9A, 0xF7, 0xBE, 0x02, 0xFF, 0x87, 0xE7, 0x3C,
    0xA5, 0x34, 0x4A, 0x69, 0x08, 0x41, 0x7F, 0x00, 0x41, 0x00, 0x83, 0x08, 0x41, 0xA5, 0x34, 0x02,
    0xFF, 0x85, 0xD6, 0xBA, 0x4A, 0x69, 0xD6, 0x9A, 0x02, 0xFF, 0x91, 0xCE, 0x59, 0x5A, 0xEB, 0x31,
    0x86, 0x31, 0xA6, 0x4A, 0x49, 0xA5, 0x14, 0xFF, 0xDF, 0xE7, 0x3C, 0x5A, 0xCB, 0x10, 0x00, 0x91,
    0x08, 0x61, 0x39, 0xE7, 0x8C, 0x51, 0xDE, 0xDB, 0xF7, 0xBE, 0xFF, 0xDF, 0xE7, 0x1C, 0x94, 0x92,
    0x31, 0x86, 0x7F, 0x00, 0x3F, 0x00, 0x83, 0x31, 0xA6, 0xD6, 0x9A, 0x02, 0xFF, 0x89, 0xA5, 0x14,
    0x8C, 0x71, 0xF7, 0xBE, 0xE7, 0x3C, 0x63, 0x2C, 0x08, 0x00, 0x87, 0x5A, 0xEB, 0xF7, 0x9E, 0xEF,
    0x7D, 0x63, 0x2C, 0x15, 0x00, 0x90, 0x20, 0x4A, 0x49, 0x94, 0xB2, 0xDE, 0xFB, 0xFF, 0xDF, 0xF7,
    0xBE, 0xC6, 0x38, 0x73, 0x8E, 0x18, 0xC3, 0x7F, 0x00, 0x3B, 0x00, 0x89, 0x63, 0x0C, 0xEF, 0x5D,
    0xFF, 0xDF, 0x63, 0x0C, 0xD6, 0x9A, 0x02, 0xFF, 0x83, 0xB5, 0x96, 0x18, 0xE3, 0x07, 0x00, 0x82,
    0x20, 0xA5, 0x34, 0x02, 0xFF, 0x83, 0xD6, 0xBA, 0x42, 0x08, 0x18, 0x00, 0x87, 0x08, 0x41, 0x52,
    0xAA, 0xAD, 0x75, 0xEF, 0x5D, 0x02, 0xFF, 0x87, 0xEF, 0x7D, 0xA5, 0x34, 0x39, 0xE7, 0x00, 0x20,
    0x7F, 0x00, 0x36, 0x00, 0x8E, 0x20, 0x8C, 0x71, 0xFF, 0xDF, 0xDE, 0xFB, 0x9C, 0xD3, 0xF7, 0xBE,
    0xEF, 0x7D, 0x6B, 0x4D, 0x08, 0x00, 0x83, 0x29, 0x45, 0xD6, 0xBA, 0x02, 0xFF, 0x8F, 0xAD, 0x55,
    0x08, 0x61, 0x00, 0x20, 0x00, 0x20, 0x08, 0x41, 0x00, 0x20, 0x00, 0x20, 0x00, 0x20, 0x10, 0x00,
    0x87, 0x18, 0xC3, 0x7B, 0xCF, 0xCE, 0x59, 0xF7, 0xBE, 0x02, 0xFF, 0x85, 0xCE, 0x79, 0x6B, 0x4D,
    0x18, 0xC3, 0x7F, 0x00, 0x33, 0x00, 0x83, 0x21, 0x04, 0xBD, 0xF7, 0x02, 0xFF, 0x83, 0xE7, 0x3C,
    0xEF, 0x7D, 0x02, 0xFF, 0x83, 0xAD, 0x75, 0x18, 0xE3, 0x08, 0x00, 0xA5, 0x52, 0xAA, 0xEF, 0x7D,
    0xF7, 0xBE, 0xA5, 0x14, 0x7B, 0xEF, 0x84, 0x30, 0x8C, 0x71, 0x94, 0x92, 0x94, 0x92, 0x8C, 0x51,
    0x7B, 0xEF, 0x6B, 0x6D, 0x63, 0x0C, 0x5A, 0xCB, 0x4A, 0x69, 0x31, 0x86, 0x18, 0xC3, 0x08, 0x61,
    0x00, 0x20, 0x04, 0x00, 0x85, 0x31, 0x86, 0x9C, 0xD3, 0xEF, 0x5D, 0x02, 0xFF, 0x85, 0xEF, 0x5D,
    0x94, 0xB2, 0x29, 0x45, 0x7F, 0x00, 0x2B, 0x00, 0x89, 0x18, 0xC3, 0x29, 0x65, 0x42, 0x28, 0x7B,
    0xEF, 0xE7, 0x3C, 0x06, 0xFF, 0x83, 0xDE, 0xDB, 0x4A, 0x69, 0x0A, 0x00, 0x83, 0x5A, 0xEB, 0xF7,
    0x9E, 0x18, 0xFF, 0x95, 0xF7, 0xBE, 0xDE, 0xFB, 0xCE, 0x59, 0xB5, 0xB6, 0x7B, 0xEF, 0x4A, 0x69,
    0x21, 0x04, 0x08, 0x41, 0x08, 0x41, 0x6B, 0x6D, 0xD6, 0x9A, 0x03, 0xFF, 0x84, 0xDF, 0xB5, 0x96,
    0x39, 0xC7, 0x7F, 0x00, 0x27, 0x00, 0x87, 0x31, 0x86, 0xD6, 0x9A, 0xEF, 0x5D, 0xFF, 0xDF, 0x06,
    0xFF, 0x85, 0xF7, 0x9E, 0xB5, 0x96, 0x42, 0x28, 0x0C, 0x00, 0x9F, 0x18, 0xC3, 0x9C, 0xD3, 0xDE,
    0xFB, 0xE7, 0x3C, 0xDE, 0xDB, 0xD6, 0x9A, 0xCE, 0x59, 0xCE, 0x59, 0xCE, 0x59, 0xCE, 0x79, 0xDE,
    0xFB, 0xEF, 0x7D, 0xEF, 0x7D, 0xEF, 0x7D, 0xF7, 0xBE, 0xFF, 0xDF, 0x07, 0xFF, 0x8E, 0xDF, 0xE7,
    0x1C, 0xC6, 0x18, 0x94, 0x92, 0x31, 0x86, 0x31, 0x86, 0xAD, 0x75, 0xF7, 0xBE, 0x02, 0xFF, 0x83,
    0xD6, 0x9A, 0x5A, 0xEB, 0x7F, 0x00, 0x25, 0x00, 0x87, 0x39, 0xC7, 0xE7, 0x1C, 0xF7, 0xBE, 0xEF,
    0x7D, 0x04, 0xFF, 0x85, 0xCE, 0x79, 0x52, 0x8A, 0x10, 0xA2, 0x10, 0x00, 0xA7, 0x08, 0x61, 0x31,
    0x86, 0x31, 0xA6, 0x31, 0x86, 0x29, 0x45, 0x21, 0x24, 0x21, 0x24, 0x21, 0x24, 0x29, 0x45, 0x31,
    0x86, 0x39, 0xC7, 0x39, 0xE7, 0x42, 0x28, 0x5A, 0xCB, 0x94, 0x92, 0xAD, 0x75, 0xBD, 0xF7, 0xDE,
    0xDB, 0xEF, 0x5D, 0xFF, 0xDF, 0x04, 0xFF, 0x89, 0xEF, 0x7D, 0xB5, 0x96, 0x63, 0x2C, 0x94, 0xB2,
    0xEF, 0x5D, 0x02, 0xFF, 0x83, 0xE7, 0x1C, 0x73, 0x8E, 0x7F, 0x00, 0x07, 0x00, 0x89, 0x10, 0x82,
    0x63, 0x2C, 0x8C, 0x51, 0x5A, 0xEB, 0x10, 0x82, 0x13, 0x00, 0x8C, 0x20, 0x52, 0xAA, 0x6B, 0x4D,
    0x8C, 0x71, 0xF7, 0x9E, 0xF7, 0xBE, 0x73, 0xAE, 0x34, 0x00, 0x8B, 0x18, 0xE3, 0x39, 0xE7, 0x5A,
    0xCB, 0x84, 0x30, 0xBD, 0xF7, 0xE7, 0x1C, 0x04, 0xFF, 0x87, 0xEF, 0x7D, 0xB5, 0x96, 0x84, 0x30,
    0xDE, 0xDB, 0x02, 0xFF, 0x85, 0xEF, 0x5D, 0x84, 0x30, 0x00, 0x20, 0x7F, 0x00, 0x8E, 0x00, 0x29,
    0x65, 0xB5, 0xB6, 0xF7, 0x9E, 0xFF, 0xDF, 0xEF, 0x7D, 0xC6, 0x18, 0x5A, 0xCB, 0x15, 0x00, 0x88,
    0x20, 0xAD, 0x55, 0xFF, 0xDF, 0xD6, 0xBA, 0x29, 0x45, 0x3C, 0x00, 0x91, 0x10, 0xA2, 0x52, 0x8A,
    0x94, 0xB2, 0xDE, 0xFB, 0xFF, 0xDF, 0xFF, 0xDF, 0xCE, 0x59, 0x84, 0x10, 0xD6, 0xBA, 0x02, 0xFF,
    0x82, 0xEF, 0x7D, 0x84, 0x02, 0x10, 0x80, 0x82, 0x7E, 0x00, 0x89, 0x84, 0x10, 0xF7, 0xBE, 0xFF,
    0xDF, 0xEF, 0x7D, 0xFF, 0xDF, 0x02, 0xFF, 0x83, 0xDE, 0xFB, 0x5A, 0xCB, 0x06, 0x00, 0x87, 0x08,
    0x41, 0x31, 0xA6, 0x42, 0x28, 0x10, 0xA2, 0x04, 0x00, 0x89, 0x42, 0x28, 0xDE, 0xFB, 0xFF, 0xDF,
    0xA5, 0x14, 0x08, 0x41, 0x42, 0x00, 0x85, 0x39, 0xE7, 0x9C, 0xF3, 0xEF, 0x7D, 0x02, 0xFF, 0x85,
    0xD6, 0x9A, 0x7B, 0xEF, 0xD6, 0xBA, 0x02, 0xFF, 0x85, 0xEF, 0x7D, 0x8C, 0x51, 0x10, 0xA2, 0x7B,
    0x00, 0x8C, 0x20, 0xAD, 0x75, 0xFF, 0xDF, 0xC6, 0x18, 0x52, 0x8A, 0x94, 0x92, 0xE7, 0x3C, 0x02,
    0xFF, 0x9B, 0xB5, 0xB6, 0x18, 0xE3, 0x08, 0x61, 0x63, 0x0C, 0xBD, 0xF7, 0xDE, 0xFB, 0xE7, 0x1C,
    0xD6, 0x9A, 0x73, 0x8E, 0x10, 0xA2, 0x9C, 0xF3, 0xFF, 0xDF, 0xEF, 0x5D, 0x5A, 0xCB, 0x46, 0x00,
    0x85, 0x08, 0x41, 0x84, 0x10, 0xEF, 0x5D, 0x02, 0xFF, 0x85, 0xCE, 0x59, 0x5A, 0xCB, 0xD6, 0x9A,
    0x02, 0xFF, 0x85, 0xEF, 0x5D, 0x7B, 0xEF, 0x08, 0x61, 0x79, 0x00, 0x8C, 0x20, 0xAD, 0x55, 0xFF,
    0xDF, 0xC6, 0x18, 0x31, 0x86, 0x10, 0xA2, 0xA5, 0x14, 0x02, 0xFF, 0x87, 0xE7, 0x1C, 0x39, 0xC7,
    0x94, 0x92, 0xEF, 0x5D, 0x08, 0xFF, 0x85, 0xF7, 0xBE, 0xA5, 0x34, 0xEF, 0x5D, 0x02, 0xFF, 0x83,
    0xB5, 0x96, 0x08, 0x61, 0x48, 0x00, 0x8D, 0x08, 0x41, 0x84, 0x10, 0xEF, 0x7D, 0xFF, 0xDF, 0xB5,
    0xB6, 0x42, 0x08, 0xDE, 0xDB, 0x02, 0xFF, 0x85, 0xE7, 0x3C, 0x7B, 0xCF, 0x00, 0x20, 0x78, 0x00,
    0x8B, 0x7B, 0xCF, 0xF7, 0x9E, 0xF7, 0xBE, 0xA5, 0x34, 0x7B, 0xCF, 0xEF, 0x7D, 0x02, 0xFF, 0x85,
    0xBD, 0xD7, 0x94, 0xB2, 0xF7, 0xBE, 0x02, 0xFF, 0x87, 0xE7, 0x1C, 0x9C, 0xF3, 0x8C, 0x71, 0xDE,
    0xFB, 0x06, 0xFF, 0x83, 0xE7, 0x3C, 0x4A, 0x69, 0x4C, 0x00, 0x8D, 0x08, 0x61, 0x8C, 0x71, 0xF7,
    0xBE, 0xF7, 0x9E, 0x73, 0xAE, 0x39, 0xE7, 0xDE, 0xFB, 0x02, 0xFF, 0x83, 0xE7, 0x1C, 0x5A, 0xCB,
    0x78, 0x00, 0x89, 0x21, 0x04, 0xB5, 0x96, 0xFF, 0xDF, 0xFF, 0xDF, 0xFF, 0xDF, 0x02, 0xFF, 0x85,
    0xEF, 0x5D, 0xA5, 0x34, 0xF7, 0xBE, 0x02, 0xFF, 0x83, 0xE7, 0x3C, 0x63, 0x2C, 0x04, 0x00, 0x83,
    0x18, 0xE3, 0xE7, 0x1C, 0x03, 0xFF, 0x84, 0xDF, 0x94, 0xB2, 0x08, 0x41, 0x4E, 0x00, 0x83, 0x29,
    0x65, 0xC6, 0x18, 0x02, 0xFF, 0x87, 0xCE, 0x79, 0x10, 0xA2, 0x52, 0xAA, 0xE7, 0x1C, 0x02, 0xFF,
    0x83, 0xD6, 0x9A, 0x42, 0x08, 0x78, 0x00, 0x85, 0x29, 0x65, 0xA5, 0x34, 0xFF, 0xDF, 0x05, 0xFF,
    0x82, 0xDF, 0xF7, 0xBE, 0x05, 0xFF, 0x84, 0xDF, 0xDE, 0xFB, 0x63, 0x0C, 0x02, 0x00, 0x83, 0x10,
    0xA2, 0xDE, 0xFB, 0x02, 0xFF, 0x83, 0xE7, 0x3C, 0x52, 0x8A, 0x52, 0x00, 0x93, 0x6B, 0x4D, 0xEF,
    0x7D, 0xFF, 0xDF, 0x7B, 0xEF, 0x00, 0x20, 0x73, 0xAE, 0xF7, 0x9E, 0xFF, 0xDF, 0xC6, 0x38, 0x21,
    0x24, 0x76, 0x00, 0x8B, 0x08, 0x61, 0x9C, 0xD3, 0xF7, 0xBE, 0xF7, 0x9E, 0xDE, 0xDB, 0xF7, 0xBE,
    0x02, 0xFF, 0x85, 0xF7, 0x9E, 0xCE, 0x79, 0xEF, 0x5D, 0x02, 0xFF, 0x85, 0xDE, 0xDB, 0x63, 0x0C,
    0xAD, 0x55, 0x04, 0xFF, 0x83, 0xF7, 0x9E, 0x6B, 0x6D, 0x52, 0x00, 0x83, 0x21, 0x24, 0xBD, 0xF7,
    0x02, 0xFF, 0x8D, 0xCE, 0x59, 0x29, 0x45, 0x08, 0x61, 0x9C, 0xD3, 0xF7, 0xBE, 0xFF, 0xDF, 0x9C,
    0xF3, 0x76, 0x00, 0x8B, 0x5A, 0xCB, 0xE7, 0x1C, 0xFF, 0xDF, 0xAD, 0x75, 0x4A, 0x49, 0xDE, 0xDB,
    0x02, 0xFF, 0x87, 0xB5, 0xB6, 0x31, 0x86, 0x73, 0xAE, 0xE7, 0x1C, 0x02, 0xFF, 0x83, 0xE7, 0x3C,
    0xEF, 0x7D, 0x06, 0xFF, 0x83, 0xAD, 0x75, 0x10, 0x82, 0x52, 0x00, 0x87, 0x63, 0x2C, 0xFF, 0xDF,
    0xF7, 0x9E, 0x6B, 0x4D, 0x02, 0x00, 0x83, 0x21, 0x24, 0xB5, 0xB6, 0x02, 0xFF, 0x83, 0xEF, 0x7D,
    0x73, 0xAE, 0x72, 0x00, 0x83, 0x18, 0xE3, 0xB5, 0xB6, 0x02, 0xFF, 0x8B, 0xD6, 0xBA, 0x4A, 0x69,
    0x52, 0x8A, 0xEF, 0x7D, 0xF7, 0xBE, 0x73, 0xAE, 0x02, 0x00, 0x85, 0x08, 0x61, 0x7B, 0xCF, 0xDE,
    0xFB, 0x0A, 0xFF, 0x87, 0xEF, 0x5D, 0x6B, 0x4D, 0x21, 0x24, 0x00, 0x20, 0x4E, 0x00, 0x83, 0x29,
    0x45, 0xD6, 0x9A, 0x02, 0xFF, 0x83, 0xA5, 0x14, 0x08, 0x61, 0x02, 0x00, 0x83, 0x4A, 0x49, 0xD6,
    0xBA, 0x02, 0xFF, 0x83, 0xDE, 0xFB, 0x39, 0xE7, 0x70, 0x00, 0x8B, 0x63, 0x2C, 0xEF, 0x5D, 0xF7,
    0x9E, 0x8C, 0x51, 0x00, 0x20, 0x5A, 0xEB, 0x02, 0xFF, 0x83, 0xEF, 0x5D, 0x42, 0x28, 0x04, 0x00,
    0x83, 0x08, 0x41, 0x7B, 0xCF, 0x05, 0xFF, 0x80, 0xDF, 0x06, 0xFF, 0x8B, 0xDE, 0xFB, 0xBD, 0xF7,
    0x94, 0xB2, 0x63, 0x2C, 0x31, 0x86, 0x00, 0x20, 0x48, 0x00, 0x83, 0x08, 0x61, 0x9C, 0xD3, 0x02,
    0xFF, 0x83, 0xCE, 0x59, 0x31, 0x86, 0x04, 0x00, 0x83, 0x63, 0x2C, 0xEF, 0x5D, 0x02, 0xFF, 0x83,
    0xAD, 0x75, 0x18, 0xC3, 0x6C, 0x00, 0x89, 0x10, 0xA2, 0xB5, 0x96, 0xFF, 0xDF, 0xCE, 0x59, 0x39,
    0xC7, 0x02, 0x00, 0x87, 0x5A, 0xCB, 0xFF, 0xDF, 0xEF, 0x7D, 0x52, 0xAA, 0x05, 0x00, 0x82, 0x20,
    0xA5, 0x34, 0x02, 0xFF, 0x87, 0xEF, 0x5D, 0x84, 0x10, 0xBD, 0xD7, 0xE7, 0x1C, 0x07, 0xFF, 0x8A,
    0xDF, 0xEF, 0x7D, 0xCE, 0x79, 0x8C, 0x51, 0x42, 0x28, 0x10, 0xA2, 0x46, 0x00, 0x87, 0x5A, 0xEB,
    0xFF, 0xDF, 0xEF, 0x5D, 0x52, 0xAA, 0x04, 0x00, 0x83, 0x08, 0x61, 0x94, 0xB2, 0x02, 0xFF, 0x83,
    0xF7, 0xBE, 0x6B, 0x6D, 0x6C, 0x00, 0x89, 0x5A, 0xCB, 0xEF, 0x7D, 0xF7, 0xBE, 0x84, 0x30, 0x00,
    0x20, 0x02, 0x00, 0x83, 0x31, 0xA6, 0xDE, 0xDB, 0x02, 0xFF, 0x83, 0xA5, 0x34, 0x10, 0xA2, 0x02,
    0x00, 0x83, 0x31, 0x86, 0xDE, 0xDB, 0x02, 0xFF, 0x91, 0xB5, 0xB6, 0x21, 0x04, 0x10, 0xA2, 0x5A,
    0xCB, 0xE7, 0x3C, 0xFF, 0xDF, 0xD6, 0x9A, 0xD6, 0xBA, 0xFF, 0xDF, 0x03, 0xFF, 0x88, 0xDF, 0xDE,
    0xFB, 0xA5, 0x14, 0x52, 0x8A, 0x08, 0x41, 0x42, 0x00, 0x87, 0x21, 0x24, 0xEF, 0x5D, 0xF7, 0xBE,
    0x73, 0xAE, 0x06, 0x00, 0x83, 0x29, 0x65, 0xD6, 0x9A, 0x02, 0xFF, 0x83, 0xCE, 0x79, 0x31, 0xA6,
    0x6A, 0x00, 0x87, 0x84, 0x10, 0xFF, 0xDF, 0xE7, 0x1C, 0x42, 0x28, 0x04, 0x00, 0x83, 0x08, 0x41,
    0x94, 0x92, 0x02, 0xFF, 0x89, 0xF7, 0x9E, 0xB5, 0xB6, 0x94, 0xB2, 0xCE, 0x79, 0xFF, 0xDF, 0x02,
    0xFF, 0x97, 0xEF, 0x7D, 0xDE, 0xFB, 0xD6, 0x9A, 0xD6, 0x9A, 0xF7, 0xBE, 0xFF, 0xDF, 0xA5, 0x14,
    0x31, 0x86, 0x52, 0xAA, 0xB5, 0x96, 0xE7, 0x1C, 0xFF, 0xDF, 0x02, 0xFF, 0x87, 0xEF, 0x5D, 0xB5,
    0x96, 0x4A, 0x49, 0x08, 0x41, 0x3E, 0x00, 0x83, 0x10, 0x82, 0xCE, 0x59, 0x02, 0xFF, 0x81, 0xB5,
    0x96, 0x08, 0x00, 0x89, 0x52, 0x8A, 0xF7, 0x9E, 0xFF, 0xDF, 0x8C, 0x71, 0x08, 0x41, 0x68, 0x00,
    0x87, 0x73, 0x8E, 0xF7, 0xBE, 0xEF, 0x7D, 0x73, 0x8E, 0x06, 0x00, 0x85, 0x29, 0x65, 0xC6, 0x18,
    0xFF, 0xDF, 0x0B, 0xFF, 0x80, 0xDF, 0x0A, 0xFF, 0x8F, 0xF7, 0x9E, 0xD6, 0x9A, 0x9C, 0xF3, 0x52,
    0xAA, 0x4A, 0x49, 0x94, 0x92, 0xD6, 0x9A, 0xFF, 0xDF, 0x02, 0xFF, 0x87, 0xE7, 0x1C, 0xA5, 0x34,
    0x5A, 0xCB, 0x18, 0xC3, 0x3C, 0x00, 0x81, 0xBD, 0xD7, 0x02, 0xFF, 0x83, 0xC6, 0x18, 0x10, 0x82,
    0x07, 0x00, 0x82, 0x20, 0xB5, 0xB6, 0x02, 0xFF, 0x83, 0xD6, 0x9A, 0x31, 0xA6, 0x68, 0x00, 0x83,
    0x29, 0x45, 0xCE, 0x59, 0x02, 0xFF, 0x83, 0xB5, 0xB6, 0x21, 0x04, 0x06, 0x00, 0x97, 0x31, 0xA6,
    0x8C, 0x51, 0xC6, 0x18, 0xD6, 0x9A, 0xCE, 0x79, 0xFF, 0xDF, 0xEF, 0x7D, 0x84, 0x30, 0x8C, 0x51,
    0x8C, 0x71, 0xA5, 0x34, 0xEF, 0x7D, 0x03, 0xFF, 0x9E, 0xDF, 0xFF, 0xDF, 0xFF, 0xDF, 0xE7, 0x1C,
    0x84, 0x10, 0x18, 0xC3, 0x42, 0x08, 0x8C, 0x71, 0xDE, 0xFB, 0xFF, 0xDF, 0xFF, 0xDF, 0xEF, 0x5D,
    0xBD, 0xF7, 0x84, 0x10, 0x42, 0x08, 0x10, 0x82, 0x36, 0x00, 0x81, 0x9C, 0xF3, 0x02, 0xFF, 0x83,
    0xD6, 0x9A, 0x31, 0xA6, 0x08, 0x00, 0x87, 0x63, 0x0C, 0xF7, 0x9E, 0xF7, 0xBE, 0x7B, 0xCF, 0x68,
    0x00, 0x83, 0x18, 0xC3, 0xC6, 0x18, 0x02, 0xFF, 0x83, 0xB5, 0xB6, 0x18, 0xE3, 0x09, 0x00, 0x8C,
    0x20, 0x29, 0x45, 0x31, 0xA6, 0x7B, 0xCF, 0xF7, 0xBE, 0xEF, 0x7D, 0x31, 0xA6, 0x04, 0x00, 0x8B,
    0x4A, 0x69, 0xE7, 0x3C, 0xFF, 0xDF, 0xAD, 0x55, 0xA5, 0x14, 0xE7, 0x1C, 0x02, 0xFF, 0x83, 0xD6,
    0xBA, 0x42, 0x08, 0x02, 0x00, 0x89, 0x08, 0x61, 0x4A, 0x69, 0x9C, 0xD3, 0xD6, 0x9A, 0xF7, 0x9E,
    0x02, 0xFF, 0x8D, 0xF7, 0xBE, 0xDE, 0xFB, 0xB5, 0x96, 0x84, 0x30, 0x5A, 0xEB, 0x31, 0xA6, 0x18,
    0xE3, 0x0C, 0x00, 0x89, 0x18, 0xE3, 0x42, 0x08, 0x52, 0x8A, 0x31, 0xA6, 0x08, 0x41, 0x18, 0x00,
    0x87, 0x6B, 0x4D, 0xFF, 0xDF, 0xEF, 0x5D, 0x5A, 0xCB, 0x08, 0x00, 0x83, 0x08, 0x61, 0xCE, 0x79,
    0x02, 0xFF, 0x83, 0xBD, 0xD7, 0x10, 0x82, 0x66, 0x00, 0x80, 0x39, 0x02, 0xE7, 0x8C, 0x1C, 0xFF,
    0xDF, 0x8C, 0x71, 0x00, 0x20, 0x10, 0xA2, 0x21, 0x04, 0x08, 0x41, 0x08, 0x00, 0x89, 0x5A, 0xCB,
    0xEF, 0x5D, 0xFF, 0xDF, 0x8C, 0x71, 0x10, 0x82, 0x02, 0x00, 0x8B, 0x84, 0x10, 0xF7, 0xBE, 0xEF,
    0x7D, 0x6B, 0x6D, 0x84, 0x10, 0xD6, 0xBA, 0x02, 0xFF, 0x83, 0xDE, 0xFB, 0x42, 0x28, 0x06, 0x00,
    0x8B, 0x08, 0x61, 0x39, 0xE7, 0x7B, 0xEF, 0xBD, 0xF7, 0xE7, 0x3C, 0xFF, 0xDF, 0x02, 0xFF, 0x8D,
    0xF7, 0xBE, 0xEF, 0x5D, 0xD6, 0x9A, 0xB5, 0xB6, 0x8C, 0x71, 0x5A, 0xCB, 0x18, 0xE3, 0x02, 0x00,
    0x8F, 0x18, 0xC3, 0x6B, 0x6D, 0xBD, 0xD7, 0xDE, 0xDB, 0xE7, 0x1C, 0xCE, 0x79, 0x84, 0x10, 0x18,
    0xC3, 0x16, 0x00, 0x87, 0x4A, 0x49, 0xFF, 0xDF, 0xF7, 0xBE, 0x6B, 0x4D, 0x0A, 0x00, 0x87, 0x9C,
    0xD3, 0xFF, 0xDF, 0xE7, 0x1C, 0x39, 0xC7, 0x66, 0x00, 0x91, 0x29, 0x65, 0xD6, 0x9A, 0xFF, 0xDF,
    0xBD, 0xD7, 0x6B, 0x6D, 0xAD, 0x55, 0xC6, 0x18, 0x8C, 0x71, 0x31, 0xA6, 0x06, 0x00, 0x83, 0x21,
    0x04, 0xBD, 0xD7, 0x02, 0xFF, 0x87, 0xEF, 0x7D, 0x9C, 0xF3, 0x7B, 0xCF, 0xB5, 0xB6, 0x03, 0xFF,
    0x84, 0xDF, 0xE7, 0x1C, 0xF7, 0xBE, 0x02, 0xFF, 0x85, 0xEF, 0x7D, 0x9C, 0xD3, 0x18, 0xE3, 0x0C,
    0x00, 0x8D, 0x18, 0xC3, 0x5A, 0xCB, 0x94, 0x92, 0xBD, 0xF7, 0xDE, 0xDB, 0xEF, 0x5D, 0xFF, 0xDF,
    0x03, 0xFF, 0x8A, 0xDF, 0xE7, 0x3C, 0xB5, 0x96, 0x6B, 0x6D, 0x9C, 0xF3, 0xEF, 0x7D, 0x02, 0xFF,
    0x83, 0xF7, 0xBE, 0xEF, 0x7D, 0x02, 0xFF, 0x85, 0xEF, 0x7D, 0x7B, 0xEF, 0x08, 0x41, 0x14, 0x00,
    0x87, 0x39, 0xE7, 0xFF, 0xDF, 0xF7, 0xBE, 0x6B, 0x4D, 0x0A, 0x00, 0x87, 0x63, 0x0C, 0xEF, 0x7D,
    0xF7, 0x9E, 0x6B, 0x6D, 0x67, 0x00, 0x88, 0x20, 0x8C, 0x71, 0xF7, 0x9E, 0xFF, 0xDF, 0xEF, 0x7D,
    0x05, 0xFF, 0x84, 0xDF, 0xBD, 0xF7, 0x31, 0x86, 0x06, 0x00, 0x85, 0x4A, 0x49, 0xCE, 0x59, 0xFF,
    0xDF, 0x03, 0xFF, 0x82, 0xDF, 0xFF, 0xDF, 0x06, 0xFF, 0x87, 0xEF, 0x7D, 0xC6, 0x18, 0x73, 0xAE,
    0x18, 0xC3, 0x14, 0x00, 0x8D, 0x10, 0xA2, 0x39, 0xE7, 0x63, 0x2C, 0x8C, 0x51, 0xBD, 0xD7, 0xDE,
    0xFB, 0xFF, 0xDF, 0x02, 0xFF, 0x93, 0xF7, 0x9E, 0xFF, 0xDF, 0xFF, 0xDF, 0xCE, 0x79, 0x84, 0x10,
    0x73, 0x8E, 0xCE, 0x59, 0xFF, 0xDF, 0xD6, 0x9A, 0x39, 0xC7, 0x14, 0x00, 0x8D, 0x39, 0xE7, 0xFF,
    0xDF, 0xF7, 0xBE, 0x8C, 0x51, 0x5A, 0xEB, 0x42, 0x28, 0x08, 0x61, 0x04, 0x00, 0x87, 0x29, 0x65,
    0xE7, 0x1C, 0xFF, 0xDF, 0x84, 0x30, 0x68, 0x00, 0x91, 0x18, 0xC3, 0x8C, 0x71, 0xDE, 0xFB, 0xF7,
    0x9E, 0xE7, 0x3C, 0xCE, 0x79, 0xF7, 0xBE, 0xFF, 0xDF, 0x8C, 0x51, 0x08, 0x00, 0x8B, 0x31, 0xA6,
    0x9C, 0xF3, 0xCE, 0x79, 0xDE, 0xFB, 0xE7, 0x1C, 0xEF, 0x7D, 0x03, 0xFF, 0x84, 0xDF, 0xA5, 0x34,
    0x10, 0x82, 0x22, 0x00, 0x8D, 0x31, 0x86, 0x8C, 0x51, 0xD6, 0x9A, 0xEF, 0x7D, 0xDE, 0xFB, 0x9C,
    0xF3, 0x29, 0x45, 0x04, 0x00, 0x87, 0x63, 0x0C, 0xE7, 0x3C, 0xF7, 0xBE, 0x84, 0x30, 0x14, 0x00,
    0x83, 0x4A, 0x69, 0xFF, 0xDF, 0x05, 0xFF, 0x86, 0xDF, 0xE7, 0x3C, 0x9C, 0xF3, 0x10, 0xA2, 0x02,
    0x00, 0x87, 0x29, 0x45, 0xE7, 0x1C, 0xFF, 0xDF, 0x84, 0x30, 0x6C, 0x00, 0x89, 0x31, 0x86, 0x5A,
    0xCB, 0x42, 0x28, 0x84, 0x10, 0xF7, 0xBE, 0x02, 0xFF, 0x81, 0x94, 0xB2, 0x0C, 0x00, 0x8F, 0x08,
    0x41, 0x21, 0x24, 0x29, 0x65, 0x5A, 0xEB, 0xC6, 0x18, 0xFF, 0xDF, 0xEF, 0x5D, 0x4A, 0x49, 0x26,
    0x00, 0x85, 0x21, 0x04, 0x4A, 0x49, 0x29, 0x65, 0x08, 0x00, 0x83, 0x08, 0x61, 0xBD, 0xF7, 0x02,
    0xFF, 0x83, 0xB5, 0xB6, 0x08, 0x61, 0x10, 0x00, 0x83, 0x42, 0x28, 0xC6, 0x38, 0x04, 0xFF, 0x85,
    0xEF, 0x7D, 0xEF, 0x5D, 0xFF, 0xDF, 0x02, 0xFF, 0x81, 0xA5, 0x34, 0x02, 0x00, 0x87, 0x42, 0x08,
    0xE7, 0x3C, 0xF7, 0xBE, 0x7B, 0xEF, 0x70, 0x00, 0x83, 0x39, 0xC7, 0xD6, 0x9A, 0x02, 0xFF, 0x83,
    0xCE, 0x59, 0x39, 0xE7, 0x14, 0x00, 0x83, 0x52, 0x8A, 0xDE, 0xDB, 0x02, 0xFF, 0x83, 0xB5, 0xB6,
    0x10, 0x82, 0x34, 0x00, 0x87, 0x8C, 0x71, 0xF7, 0xBE, 0xDE, 0xDB, 0x29, 0x65, 0x0E, 0x00, 0x83,
    0x4A, 0x69, 0xD6, 0xBA, 0x05, 0xFF, 0x86, 0xDF, 0x8C, 0x51, 0x4A, 0x69, 0xB5, 0x96, 0x02, 0xFF,
    0x8B, 0xEF, 0x7D, 0x21, 0x24, 0x7B, 0xCF, 0xF7, 0x9E, 0xEF, 0x5D, 0x52, 0xAA, 0x70, 0x00, 0x87,
    0x52, 0xAA, 0xE7, 0x3C, 0xF7, 0x9E, 0x63, 0x2C, 0x16, 0x00, 0x89, 0x08, 0x41, 0x8C, 0x51, 0xF7,
    0xBE, 0xF7, 0x9E, 0x5A, 0xEB, 0x34, 0x00, 0x87, 0x73, 0xAE, 0xF7, 0x9E, 0xEF, 0x5D, 0x39, 0xE7,
    0x0C, 0x00, 0x83, 0x39, 0xE7, 0xC6, 0x38, 0x02, 0xFF, 0x87, 0xEF, 0x5D, 0xEF, 0x5D, 0xFF, 0xDF,
    0xA5, 0x14, 0x02, 0x00, 0x8F, 0x6B, 0x4D, 0xFF, 0xDF, 0xFF, 0xDF, 0x42, 0x28, 0x94, 0xB2, 0xFF,
    0xDF, 0xE7, 0x1C, 0x29, 0x45, 0x70, 0x00, 0x87, 0x63, 0x2C, 0xEF, 0x7D, 0xE7, 0x3C, 0x42, 0x08,
    0x18, 0x00, 0x83, 0x39, 0xE7, 0xCE, 0x79, 0x02, 0xFF, 0x83, 0xD6, 0x9A, 0x39, 0xC7, 0x32, 0x00,
    0x87, 0x7B, 0xEF, 0xF7, 0x9E, 0xE7, 0x3C, 0x39, 0xC7, 0x0A, 0x00, 0x8B, 0x18, 0xC3, 0xA5, 0x14,
    0xFF, 0xDF, 0xEF, 0x7D, 0x7B, 0xEF, 0xB5, 0x96, 0x02, 0xFF, 0x85, 0xE7, 0x1C, 0x9C, 0xD3, 0xBD,
    0xF7, 0x02, 0xFF, 0x85, 0xEF, 0x7D, 0x29, 0x45, 0xA5, 0x34, 0x02, 0xFF, 0x83, 0xD6, 0xBA, 0x10,
    0xA2, 0x6F, 0x00, 0x88, 0x20, 0x84, 0x10, 0xFF, 0xDF, 0xDE, 0xDB, 0x21, 0x04, 0x1A, 0x00, 0x83,
    0x6B, 0x6D, 0xEF, 0x5D, 0x02, 0xFF, 0x89, 0xB5, 0x96, 0x6B, 0x4D, 0x6B, 0x4D, 0x42, 0x28, 0x00,
    0x20, 0x03, 0x00, 0x8C, 0x20, 0x21, 0x24, 0x4A, 0x69, 0x5A, 0xCB, 0x52, 0x8A, 0x31, 0x86, 0x08,
    0x61, 0x1A, 0x00, 0x87, 0xA5, 0x34, 0xFF, 0xDF, 0xCE, 0x59, 0x21, 0x04, 0x0A, 0x00, 0x8D, 0x5A,
    0xEB, 0xE7, 0x3C, 0xFF, 0xDF, 0xA5, 0x34, 0x08, 0x41, 0x63, 0x0C, 0xE7, 0x3C, 0x06, 0xFF, 0x83,
    0xF7, 0xBE, 0xAD, 0x75, 0x02, 0x00, 0x81, 0xB5, 0x96, 0x02, 0xFF, 0x83, 0xBD, 0xF7, 0x10, 0x82,
    0x6E, 0x00, 0x83, 0x18, 0xC3, 0xAD, 0x75, 0x02, 0xFF, 0x81, 0xC6, 0x38, 0x1C, 0x00, 0xA3, 0x10,
    0x82, 0x94, 0xB2, 0xF7, 0xBE, 0xFF, 0xDF, 0xF7, 0x9E, 0xF7, 0x9E, 0xDE, 0xDB, 0x73, 0xAE, 0x63,
    0x0C, 0xB5, 0x96, 0xD6, 0x9A, 0xE7, 0x3C, 0xEF, 0x5D, 0xE7, 0x3C, 0xD6, 0xBA, 0xC6, 0x18, 0x7B,
    0xEF, 0x39, 0xE7, 0x14, 0x00, 0x83, 0x31, 0xA6, 0xD6, 0x9A, 0x02, 0xFF, 0x83, 0xAD, 0x55, 0x00,
    0x20, 0x08, 0x00, 0x83, 0x10, 0x82, 0xA5, 0x34, 0x02, 0xFF, 0x83, 0xDE, 0xFB, 0x39, 0xE7, 0x03,
    0x00, 0x8C, 0x20, 0x73, 0x8E, 0xD6, 0xBA, 0xE7, 0x3C, 0xDE, 0xFB, 0x94, 0xB2, 0x18, 0xE3, 0x02,
    0x00, 0x81, 0xAD, 0x75, 0x02, 0xFF, 0x83, 0xC6, 0x38, 0x10, 0x82, 0x6E, 0x00, 0x87, 0x39, 0xE7,
    0xDE, 0xFB, 0xFF, 0xDF, 0x8C, 0x51, 0x1E, 0x00, 0x89, 0x18, 0xC3, 0xA5, 0x14, 0xEF, 0x5D, 0xF7,
    0xBE, 0xF7, 0xBE, 0x02, 0xFF, 0x83, 0xEF, 0x7D, 0xF7, 0x9E, 0x05, 0xFF, 0x84, 0xDF, 0xF7, 0xBE,
    0xFF, 0xDF, 0x06, 0xFF, 0x85, 0xDE, 0xDB, 0x84, 0x10, 0x29, 0x45, 0x0F, 0x00, 0x88, 0x20, 0x8C,
    0x51, 0xF7, 0xBE, 0xEF, 0x7D, 0x63, 0x0C, 0x0A, 0x00, 0x83, 0x42, 0x08, 0xE7, 0x1C, 0x02, 0xFF,
    0x87, 0xD6, 0x9A, 0x94, 0xB2, 0x6B, 0x6D, 0x31, 0xA6, 0x02, 0x00, 0x85, 0x08, 0x41, 0x18, 0xC3,
    0x08, 0x41, 0x06, 0x00, 0x81, 0xA5, 0x14, 0x02, 0xFF, 0x83, 0xDE, 0xFB, 0x18, 0xC3, 0x6E, 0x00,
    0x87, 0x63, 0x0C, 0xEF, 0x5D, 0xEF, 0x7D, 0x5A, 0xCB, 0x22, 0x00, 0x87, 0x31, 0xA6, 0x4A, 0x49,
    0x8C, 0x51, 0xF7, 0x9E, 0x04, 0xFF, 0x8D, 0xE7, 0x1C, 0xAD, 0x75, 0x73, 0xAE, 0x5A, 0xEB, 0x6B,
    0x6D, 0x9C, 0xF3, 0xCE, 0x59, 0x06, 0xFF, 0x83, 0xCE, 0x79, 0x4A, 0x69, 0x0C, 0x00, 0x83, 0x63,
    0x2C, 0xE7, 0x3C, 0x02, 0xFF, 0x83, 0xB5, 0xB6, 0x18, 0xE3, 0x08, 0x00, 0x85, 0x63, 0x2C, 0xCE,
    0x79, 0xFF, 0xDF, 0x08, 0xFF, 0x83, 0xD6, 0xBA, 0x4A, 0x69, 0x0C, 0x00, 0x87, 0x9C, 0xD3, 0xFF,
    0xDF, 0xE7, 0x1C, 0x18, 0xE3, 0x6E, 0x00, 0x87, 0x52, 0x8A, 0xE7, 0x3C, 0xFF, 0xDF, 0x8C, 0x71,
    0x24, 0x00, 0x83, 0x52, 0x8A, 0xDE, 0xDB, 0x04, 0xFF, 0x83, 0xD6, 0x9A, 0x21, 0x04, 0x0C, 0x00,
    0x85, 0x42, 0x28, 0xC6, 0x18, 0xFF, 0xDF, 0x02, 0xFF, 0x83, 0xE7, 0x3C, 0x5A, 0xCB, 0x08, 0x00,
    0x83, 0x73, 0x8E, 0xEF, 0x5D, 0x02, 0xFF, 0x83, 0xDE, 0xFB, 0x5A, 0xCB, 0x06, 0x00, 0x85, 0x08,
    0x41, 0x9C, 0xD3, 0xFF, 0xDF, 0x05, 0xFF, 0x86, 0xDF, 0xDE, 0xDB, 0xD6, 0xBA, 0xF7, 0xBE, 0x02,
    0xFF, 0x83, 0xB5, 0x96, 0x08, 0x41, 0x0A, 0x00, 0x87, 0x94, 0x92, 0xFF, 0xDF, 0xE7, 0x1C, 0x21,
    0x24, 0x6E, 0x00, 0x83, 0x18, 0xE3, 0xAD, 0x75, 0x02, 0xFF, 0x83, 0xEF, 0x5D, 0x52, 0xAA, 0x20,
    0x00, 0x83, 0x18, 0xE3, 0xBD, 0xD7, 0x02, 0xFF, 0x89, 0xEF, 0x7D, 0xFF, 0xDF, 0xF7, 0xBE, 0xA5,
    0x14, 0x21, 0x24, 0x0C, 0x00, 0x85, 0x18, 0xC3, 0x7B, 0xCF, 0xEF, 0x5D, 0x02, 0xFF, 0x83, 0xD6,
    0xBA, 0x39, 0xC7, 0x02, 0x00, 0x85, 0x39, 0xC7, 0xA5, 0x34, 0xF7, 0x9E, 0x02, 0xFF, 0x85, 0xDE,
    0xFB, 0x63, 0x0C, 0x00, 0x20, 0x06, 0x00, 0x91, 0x73, 0x8E, 0xF7, 0x9E, 0xFF, 0xDF, 0xE7, 0x3C,
    0xFF, 0xDF, 0xEF, 0x7D, 0x6B, 0x4D, 0x29, 0x45, 0xBD, 0xF7, 0x02, 0xFF, 0x83, 0xC6, 0x38, 0x18,
    0xE3, 0x0A, 0x00, 0x87, 0x94, 0x92, 0xFF, 0xDF, 0xE7, 0x1C, 0x29, 0x65, 0x70, 0x00, 0x83, 0x4A,
    0x69, 0xDE, 0xDB, 0x02, 0xFF, 0x83, 0x9C, 0xF3, 0x08, 0x61, 0x1E, 0x00, 0x89, 0x4A, 0x69, 0xE7,
    0x1C, 0xF7, 0x9E, 0x94, 0x92, 0xBD, 0xF7, 0x03, 0xFF, 0x84, 0xDF, 0xA5, 0x34, 0x18, 0xC3, 0x0D,
    0x00, 0x96, 0x20, 0x84, 0x10, 0xF7, 0x9E, 0xFF, 0xDF, 0xA5, 0x14, 0x94, 0xB2, 0xDE, 0xFB, 0xFF,
    0xDF, 0xFF, 0xDF, 0xD6, 0x9A, 0x63, 0x0C, 0x08, 0x41, 0x06, 0x00, 0x83, 0x08, 0x61, 0xC6, 0x38,
    0x02, 0xFF, 0x85, 0xC6, 0x38, 0x63, 0x0C, 0xDE, 0xFB, 0x02, 0xFF, 0x85, 0xC6, 0x18, 0x5A, 0xEB,
    0xD6, 0xBA, 0x02, 0xFF, 0x83, 0xBD, 0xF7, 0x08, 0x61, 0x0A, 0x00, 0x87, 0x94, 0xB2, 0xFF, 0xDF,
    0xE7, 0x1C, 0x21, 0x24, 0x70, 0x00, 0x83, 0x10, 0x82, 0x9C, 0xF3, 0x02, 0xFF, 0x83, 0xBD, 0xF7,
    0x18, 0xE3, 0x1E, 0x00, 0x91, 0x73, 0xAE, 0xF7, 0x9E, 0xDE, 0xFB, 0x4A, 0x69, 0x42, 0x08, 0xB5,
    0x96, 0xFF, 0xDF, 0xE7, 0x1C, 0x42, 0x28, 0x09, 0x00, 0x88, 0x20, 0x39, 0xE7, 0x6B, 0x4D, 0x73,
    0xAE, 0xE7, 0x3C, 0x02, 0xFF, 0x83, 0xF7, 0x9E, 0xFF, 0xDF, 0x02, 0xFF, 0x85, 0xEF, 0x7D, 0xA5,
    0x14, 0x42, 0x08, 0x0A, 0x00, 0x86, 0x31, 0xA6, 0xE7, 0x1C, 0xF7, 0xBE, 0x84, 0x02, 0x10, 0x88,
    0x82, 0x8C, 0x51, 0xF7, 0x9E, 0xFF, 0xDF, 0xEF, 0x5D, 0x02, 0xFF, 0x83, 0xF7, 0x9E, 0x7B, 0xEF,
    0x0C, 0x00, 0x81, 0xAD, 0x55, 0x02, 0xFF, 0x83, 0xDE, 0xDB, 0x18, 0xC3, 0x70, 0x00, 0x83, 0x08,
    0x41, 0x8C, 0x51, 0x02, 0xFF, 0x83, 0xC6, 0x38, 0x21, 0x24, 0x1E, 0x00, 0x91, 0x73, 0x8E, 0xF7,
    0x9E, 0xE7, 0x3C, 0x6B, 0x6D, 0x42, 0x08, 0x8C, 0x71, 0xFF, 0xDF, 0xEF, 0x5D, 0x52, 0x8A, 0x04,
    0x00, 0x8B, 0x08, 0x41, 0x5A, 0xEB, 0xB5, 0xB6, 0xD6, 0xBA, 0xEF, 0x7D, 0xF7, 0x9E, 0x06, 0xFF,
    0x87, 0xEF, 0x5D, 0xB5, 0xB6, 0x63, 0x2C, 0x08, 0x61, 0x0C, 0x00, 0x87, 0x31, 0x86, 0xE7, 0x1C,
    0xF7, 0xBE, 0x7B, 0xEF, 0x02, 0x00, 0x8D, 0x21, 0x24, 0x9C, 0xD3, 0xEF, 0x5D, 0xF7, 0xBE, 0xEF,
    0x5D, 0x9C, 0xF3, 0x21, 0x04, 0x0A, 0x00, 0x83, 0x18, 0xC3, 0xDE, 0xFB, 0x02, 0xFF, 0x83, 0xA5,
    0x14, 0x08, 0x41, 0x70, 0x00, 0x83, 0x08, 0x61, 0x9C, 0xD3, 0x02, 0xFF, 0x83, 0xBD, 0xF7, 0x18,
    0xE3, 0x1E, 0x00, 0x8B, 0x42, 0x08, 0xD6, 0xBA, 0xFF, 0xDF, 0xDE, 0xFB, 0xD6, 0xBA, 0xF7, 0x9E,
    0x02, 0xFF, 0x83, 0xC6, 0x38, 0x29, 0x65, 0x04, 0x00, 0x83, 0x63, 0x2C, 0xDE, 0xFB, 0x03, 0xFF,
    0x86, 0xDF, 0xF7, 0x9E, 0xF7, 0x9E, 0xE7, 0x3C, 0x02, 0xFF, 0x8B, 0xF7, 0x9E, 0x7B, 0xEF, 0x7B,
    0xCF, 0x94, 0x92, 0x7B, 0xCF, 0x29, 0x45, 0x0A, 0x00, 0x83, 0x08, 0x61, 0xCE, 0x59, 0x02, 0xFF,
    0x83, 0xB5, 0xB6, 0x29, 0x65, 0x02, 0x00, 0x89, 0x10, 0x82, 0x52, 0x8A, 0x7B, 0xEF, 0x52, 0xAA,
    0x08, 0x61, 0x0C, 0x00, 0x87, 0x7B, 0xEF, 0xF7, 0xBE, 0xF7, 0x9E, 0x6B, 0x6D, 0x72, 0x00, 0x83,
    0x10, 0xA2, 0xB5, 0x96, 0x02, 0xFF, 0x83, 0xAD, 0x75, 0x10, 0xA2, 0x1F, 0x00, 0x8E, 0x20, 0x7B,
    0xEF, 0xE7, 0x3C, 0xFF, 0xDF, 0xFF, 0xDF, 0xF7, 0xBE, 0xC6, 0x38, 0x52, 0x8A, 0x04, 0x00, 0x83,
    0x10, 0x82, 0xB5, 0x96, 0x02, 0xFF, 0x8E, 0xE7, 0x3C, 0x9C, 0xF3, 0x5A, 0xEB, 0x42, 0x08, 0x94,
    0x92, 0xFF, 0xDF, 0xEF, 0x7D, 0xBD, 0x02, 0xF7, 0x88, 0x9E, 0xFF, 0xDF, 0xF7, 0x9E, 0xA5, 0x14,
    0x18, 0xE3, 0x0A, 0x00, 0x89, 0x7B, 0xEF, 0xF7, 0xBE, 0xF7, 0x9E, 0xA5, 0x14, 0x31, 0x86, 0x14,
    0x00, 0x83, 0x31, 0x86, 0xD6, 0xBA, 0x02, 0xFF, 0x83, 0xC6, 0x38, 0x21, 0x24, 0x72, 0x00, 0x83,
    0x21, 0x04, 0xBD, 0xF7, 0x02, 0xFF, 0x83, 0x9C, 0xF3, 0x08, 0x41, 0x21, 0x00, 0x8A, 0x20, 0x42,
    0x08, 0x84, 0x30, 0x8C, 0x51, 0x52, 0x8A, 0x10, 0xA2, 0x06, 0x00, 0x87, 0x18, 0xE3, 0xDE, 0xDB,
    0xFF, 0xDF, 0xA5, 0x34, 0x06, 0x00, 0x81, 0x9C, 0xF3, 0x05, 0xFF, 0x80, 0xDF, 0x02, 0xFF, 0x81,
    0xDE, 0xFB, 0x02, 0xFF, 0x83, 0xEF, 0x5D, 0x5A, 0xEB, 0x0A, 0x00, 0x8D, 0x21, 0x04, 0xB5, 0xB6,
    0xFF, 0xDF, 0xF7, 0xBE, 0xC6, 0x38, 0x6B, 0x4D, 0x18, 0xC3, 0x0E, 0x00, 0x83, 0x42, 0x08, 0xC6,
    0x38, 0x02, 0xFF, 0x83, 0xEF, 0x7D, 0x6B, 0x4D, 0x74, 0x00, 0x87, 0x39, 0xE7, 0xD6, 0xBA, 0xFF,
    0xDF, 0x7B, 0xCF, 0x34, 0x00, 0x83, 0x08, 0x61, 0xAD, 0x75, 0x02, 0xFF, 0x83, 0xDE, 0xDB, 0x42,
    0x28, 0x04, 0x00, 0x81, 0x94, 0xB2, 0x06, 0xFF, 0x85, 0xC6, 0x18, 0x31, 0x86, 0xDE, 0xFB, 0x02,
    0xFF, 0x83, 0x84, 0x30, 0x00, 0x20, 0x0A, 0x00, 0x85, 0x21, 0x04, 0xA5, 0x14, 0xEF, 0x7D, 0x02,
    0xFF, 0x93, 0xF7, 0x9E, 0xD6, 0x9A, 0x9C, 0xF3, 0x7B, 0xCF, 0x52, 0xAA, 0x39, 0xE7, 0x4A, 0x69,
    0x73, 0xAE, 0xA5, 0x14, 0xE7, 0x1C, 0x02, 0xFF, 0x85, 0xF7, 0xBE, 0x84, 0x10, 0x08, 0x41, 0x74,
    0x00, 0x87, 0x52, 0xAA, 0xE7, 0x3C, 0xF7, 0x9E, 0x52, 0xAA, 0x36, 0x00, 0x8F, 0x63, 0x0C, 0xE7,
    0x3C, 0xFF, 0xDF, 0xDE, 0xDB, 0x6B, 0x4D, 0x08, 0x61, 0x5A, 0xCB, 0xEF, 0x7D, 0x03, 0xFF, 0x86,
    0xDF, 0x84, 0x30, 0x08, 0x61, 0xD6, 0x9A, 0x02, 0xFF, 0x83, 0x8C, 0x71, 0x00, 0x20, 0x0C, 0x00,
    0x87, 0x18, 0xC3, 0x73, 0x8E, 0xC6, 0x18, 0xEF, 0x7D, 0x05, 0xFF, 0x88, 0xDF, 0xEF, 0x7D, 0xE7,
    0x1C, 0xEF, 0x5D, 0xFF, 0xDF, 0x04, 0xFF, 0x82, 0xE7, 0x1C, 0x84, 0x02, 0x10, 0x80, 0xA2, 0x76,
    0x00, 0x87, 0x7B, 0xCF, 0xFF, 0xDF, 0xDE, 0xFB, 0x29, 0x65, 0x36, 0x00, 0x85, 0x10, 0xA2, 0x84,
    0x10, 0xE7, 0x1C, 0x02, 0xFF, 0x87, 0xEF, 0x5D, 0x8C, 0x71, 0x21, 0x24, 0xC6, 0x38, 0x03, 0xFF,
    0x8A, 0xDF, 0xA5, 0x34, 0x73, 0xAE, 0xEF, 0x7D, 0xF7, 0xBE, 0x73, 0xAE, 0x11, 0x00, 0x9A, 0x20,
    0x29, 0x65, 0x63, 0x2C, 0x9C, 0xF3, 0xD6, 0x9A, 0xE7, 0x1C, 0xEF, 0x5D, 0xF7, 0x9E, 0xEF, 0x7D,
    0xE7, 0x1C, 0xD6, 0xBA, 0x94, 0xB2, 0x4A, 0x69, 0x08, 0x41, 0x76, 0x00, 0x83, 0x10, 0x82, 0xA5,
    0x14, 0x02, 0xFF, 0x83, 0xCE, 0x59, 0x08, 0x41, 0x38, 0x00, 0x85, 0x10, 0x82, 0x63, 0x2C, 0xCE,
    0x79, 0x02, 0xFF, 0x87, 0xEF, 0x7D, 0x84, 0x30, 0x94, 0xB2, 0xFF, 0xDF, 0x03, 0xFF, 0x82, 0xDF,
    0xF7, 0x9E, 0x02, 0xFF, 0x83, 0xD6, 0xBA, 0x42, 0x08, 0x16, 0x00, 0x91, 0x08, 0x61, 0x29, 0x45,
    0x42, 0x28, 0x63, 0x0C, 0x73, 0x8E, 0x63, 0x2C, 0x4A, 0x49, 0x29, 0x65, 0x08, 0x61, 0x7A, 0x00,
    0x83, 0x31, 0xA6, 0xD6, 0x9A, 0x02, 0xFF, 0x81, 0x9C, 0xF3, 0x3D, 0x00, 0x84, 0x20, 0x42, 0x08,
    0xC6, 0x38, 0x02, 0xFF, 0x83, 0xDE, 0xFB, 0xAD, 0x75, 0x02, 0xFF, 0x8B, 0xEF, 0x7D, 0xE7, 0x3C,
    0xEF, 0x7D, 0xCE, 0x79, 0x6B, 0x6D, 0x08, 0x41, 0x7F, 0x00, 0x23, 0x00, 0x87, 0x73, 0x8E, 0xEF,
    0x7D, 0xEF, 0x7D, 0x63, 0x2C, 0x40, 0x00, 0x87, 0x4A, 0x69, 0xFF, 0xDF, 0xFF, 0xDF, 0xDE, 0xFB,
    0x02, 0xFF, 0x89, 0xBD, 0xF7, 0x4A, 0x49, 0x52, 0x8A, 0x31, 0x86, 0x00, 0x20, 0x7F, 0x00, 0x23,
    0x00, 0x83, 0x10, 0xA2, 0xAD, 0x55, 0x02, 0xFF, 0x83, 0xCE, 0x59, 0x10, 0xA2, 0x40, 0x00, 0x83,
    0x31, 0x86, 0xFF, 0xDF, 0x05, 0xFF, 0x82, 0xDF, 0x94, 0x92, 0x7F, 0x00, 0x2B, 0x00, 0x87, 0x39,
    0xE7, 0xD6, 0xBA, 0xFF, 0xDF, 0x8C, 0x71, 0x42, 0x00, 0x83, 0x4A, 0x49, 0xFF, 0xDF, 0x04, 0xFF,
    0x83, 0xE7, 0x3C, 0x42, 0x08, 0x7F, 0x00, 0x2B, 0x00, 0x87, 0x63, 0x2C, 0xEF, 0x7D, 0xE7, 0x3C,
    0x5A, 0xCB, 0x42, 0x00, 0x83, 0x29, 0x65, 0xEF, 0x5D, 0x02, 0xFF, 0x83, 0xEF, 0x7D, 0x84, 0x30,
    0x7F, 0x00, 0x2D, 0x00, 0x8B, 0x73, 0xAE, 0xF7, 0x9E, 0xDE, 0xFB, 0x42, 0x28, 0x00, 0x20, 0x00,
    0x20, 0x3F, 0x00, 0x88, 0x20, 0x6B, 0x6D, 0x9C, 0xD3, 0x73, 0x8E, 0x10, 0xA2, 0x7F, 0x00, 0x2D,
    0x00, 0x91, 0x6B, 0x6D, 0xEF, 0x7D, 0xF7, 0x9E, 0xB5, 0xB6, 0xA5, 0x14, 0xA5, 0x14, 0x8C, 0x51,
    0x52, 0x8A, 0x08, 0x61, 0x3C, 0x00, 0x81, 0x08, 0x41, 0x7F, 0x00, 0x31, 0x00, 0x85, 0x31, 0xA6,
    0xC6, 0x18, 0xFF, 0xDF, 0x03, 0xFF, 0x88, 0xDF, 0xFF, 0xDF, 0xF7, 0xBE, 0xE7, 0x1C, 0x84, 0x10,
    0x7F, 0x00, 0x71, 0x00, 0x8B, 0x4A, 0x49, 0x9C, 0xF3, 0xBD, 0xF7, 0xC6, 0x18, 0xC6, 0x18, 0xDE,
    0xFB, 0x02, 0xFF, 0x83, 0xD6, 0xBA, 0x42, 0x08, 0x25, 0x00, 0x88, 0x20, 0x39, 0xC7, 0x6B, 0x6D,
    0x5A, 0xCB, 0x10, 0xA2, 0x7F, 0x00, 0x45, 0x00, 0x8D, 0x10, 0x82, 0x10, 0xA2, 0x10, 0xA2, 0x63,
    0x2C, 0xEF, 0x7D, 0xF7, 0x9E, 0x73, 0xAE, 0x22, 0x00, 0x8B, 0x18, 0xC3, 0x7B, 0xCF, 0xD6, 0xBA,
    0xEF, 0x7D, 0xDE, 0xFB, 0x63, 0x0C, 0x7F, 0x00, 0x4B, 0x00, 0x87, 0x21, 0x04, 0xD6, 0xBA, 0xFF,
    0xDF, 0x94, 0x92, 0x20, 0x00, 0x85, 0x18, 0xE3, 0x94, 0x92, 0xF7, 0x9E, 0x04, 0xFF, 0x83, 0xF7,
    0xBE, 0x84, 0x10, 0x7F, 0x00, 0x4B, 0x00, 0x83, 0x10, 0xA2, 0xC6, 0x18, 0x02, 0xFF, 0x81, 0xAD,
    0x75, 0x1E, 0x00, 0x85, 0x08, 0x61, 0x84, 0x30, 0xF7, 0x9E, 0x02, 0xFF, 0x81, 0xF7, 0x9E, 0x02,
    0xFF, 0x83, 0xEF, 0x7D, 0x6B, 0x4D, 0x7F, 0x00, 0x4C, 0x00, 0x88, 0x20, 0x9C, 0xF3, 0xFF, 0xDF,
    0xEF, 0x7D, 0x6B, 0x6D, 0x1C, 0x00, 0x83, 0x73, 0x8E, 0xEF, 0x7D, 0x02, 0xFF, 0x83, 0xC6, 0x38,
    0xC6, 0x18, 0x02, 0xFF, 0x83, 0xC6, 0x38, 0x31, 0xA6, 0x7F, 0x00, 0x4D, 0x00, 0x83, 0x4A, 0x49,
    0xD6, 0xBA, 0x02, 0xFF, 0x83, 0xDE, 0xFB, 0x52, 0x8A, 0x18, 0x00, 0x83, 0x31, 0xA6, 0xC6, 0x38,
    0x02, 0xFF, 0x8B, 0xD6, 0x9A, 0x94, 0x92, 0xFF, 0xDF, 0xF7, 0xBE, 0x84, 0x10, 0x00, 0x20, 0x7F,
    0x00, 0x4F, 0x00, 0x87, 0x63, 0x2C, 0xE7, 0x1C, 0xFF, 0xDF, 0xAD, 0x75, 0x18, 0x00, 0x89, 0x84,
    0x10, 0xF7, 0x9E, 0xEF, 0x7D, 0x8C, 0x71, 0xE7, 0x1C, 0x02, 0xFF, 0x83, 0xBD, 0xF7, 0x29, 0x65,
    0x7F, 0x00, 0x51, 0x00, 0x83, 0x08, 0x41, 0xA5, 0x34, 0x02, 0xFF, 0x81, 0xCE, 0x79, 0x16, 0x00,
    0x83, 0x29, 0x65, 0xC6, 0x38, 0x02, 0xFF, 0x83, 0xCE, 0x79, 0xC6, 0x38, 0x02, 0xFF, 0x83, 0xE7,
    0x1C, 0x52, 0xAA, 0x7F, 0x00, 0x54, 0x00, 0x82, 0x20, 0x94, 0xB2, 0x02, 0xFF, 0x83, 0xCE, 0x79,
    0x00, 0x20, 0x14, 0x00, 0x8F, 0x6B, 0x4D, 0xEF, 0x7D, 0xFF, 0xDF, 0xDE, 0xDB, 0xFF, 0xDF, 0xF7,
    0xBE, 0x84, 0x10, 0x08, 0x61, 0x7F, 0x00, 0x54, 0x00, 0x82, 0x20, 0x9C, 0xD3, 0x02, 0xFF, 0x81,
    0xCE, 0x79, 0x16, 0x00, 0x83, 0xA5, 0x34, 0xFF, 0xDF, 0x05, 0xFF, 0x84, 0xDF, 0xA5, 0x14, 0x08,
    0x61, 0x7F, 0x00, 0x57, 0x00, 0x81, 0x94, 0x92, 0x02, 0xFF, 0x83, 0xE7, 0x1C, 0x39, 0xC7, 0x12,
    0x00, 0x83, 0x29, 0x45, 0xCE, 0x59, 0x05, 0xFF, 0x84, 0xDF, 0xAD, 0x75, 0x18, 0xE3, 0x7F, 0x00,
    0x23, 0x00, 0x87, 0x08, 0x61, 0x4A, 0x49, 0x42, 0x08, 0x00, 0x20, 0x2E, 0x00, 0x83, 0x5A, 0xEB,
    0xEF, 0x7D, 0x02, 0xFF, 0x83, 0xCE, 0x59, 0x39, 0xE7, 0x0C, 0x00, 0x87, 0x18, 0xE3, 0x63, 0x2C,
    0xB5, 0xB6, 0xF7, 0xBE, 0x02, 0xFF, 0x85, 0xF7, 0x9E, 0xA5, 0x14, 0x21, 0x24, 0x7F, 0x00, 0x0D,
    0x00, 0x83, 0x08, 0x41, 0x00, 0x20, 0x12, 0x00, 0x89, 0x10, 0x82, 0xB5, 0xB6, 0xEF, 0x7D, 0xE7,
    0x3C, 0x73, 0x8E, 0x2E, 0x00, 0x85, 0x08, 0x41, 0x8C, 0x71, 0xF7, 0xBE, 0x02, 0xFF, 0x91, 0xEF,
    0x5D, 0xC6, 0x18, 0x9C, 0xF3, 0x8C, 0x71, 0x94, 0x92, 0xA5, 0x14, 0xC6, 0x18, 0xDE, 0xFB, 0xF7,
    0xBE, 0x04, 0xFF, 0x85, 0xEF, 0x7D, 0x7B, 0xCF, 0x08, 0x61, 0x7F, 0x00, 0x0D, 0x00, 0x87, 0x6B,
    0x6D, 0xCE, 0x79, 0xAD, 0x75, 0x18, 0xC3, 0x10, 0x00, 0x83, 0x9C, 0xD3, 0xFF, 0xDF, 0x04, 0xFF,
    0x81, 0x9C, 0xF3, 0x30, 0x00, 0x87, 0x10, 0xA2, 0x7B, 0xEF, 0xDE, 0xFB, 0xFF, 0xDF, 0x03, 0xFF,
    0x86, 0xDF, 0xFF, 0xDF, 0xFF, 0xDF, 0xFF, 0xDF, 0x04, 0xFF, 0x83, 0xEF, 0x7D, 0xE7, 0x3C, 0x02,
    0xFF, 0x83, 0xDE, 0xDB, 0x42, 0x08, 0x7F, 0x00, 0x0D, 0x00, 0x83, 0x39, 0xC7, 0xCE, 0x59, 0x02,
    0xFF, 0x8D, 0xDE, 0xFB, 0x31, 0xA6, 0x08, 0x41, 0x6B, 0x4D, 0xA5, 0x34, 0x9C, 0xF3, 0x52, 0xAA,
    0x04, 0x00, 0x83, 0x39, 0xC7, 0xE7, 0x3C, 0x05, 0xFF, 0x82, 0xDF, 0x8C, 0x71, 0x32, 0x00, 0x9D,
    0x08, 0x41, 0x42, 0x28, 0x84, 0x10, 0xA5, 0x34, 0xCE, 0x59, 0xDE, 0xDB, 0xDE, 0xDB, 0xC6, 0x18,
    0xA5, 0x14, 0x84, 0x30, 0x5A, 0xEB, 0x94, 0x92, 0xFF, 0xDF, 0xD6, 0x9A, 0x31, 0x86, 0x7F, 0x00,
    0x0C, 0x00, 0x84, 0x20, 0x7B, 0xEF, 0xF7, 0x9E, 0x02, 0xFF, 0x93, 0xB5, 0xB6, 0x18, 0xC3, 0x5A,
    0xCB, 0xE7, 0x1C, 0xFF, 0xDF, 0xFF, 0xDF, 0xCE, 0x79, 0x42, 0x28, 0x08, 0x61, 0x9C, 0xD3, 0x06,
    0xFF, 0x83, 0xEF, 0x5D, 0x5A, 0xEB, 0x37, 0x00, 0x8E, 0x20, 0x10, 0x82, 0x21, 0x04, 0x29, 0x45,
    0x29, 0x45, 0x18, 0xE3, 0x10, 0x82, 0x00, 0x20, 0x02, 0x00, 0x87, 0x84, 0x30, 0xFF, 0xDF, 0xCE,
    0x79, 0x29, 0x65, 0x7F, 0x00, 0x0B, 0x00, 0x83, 0x5A, 0xEB, 0xD6, 0xBA, 0x02, 0xFF, 0x87, 0xDE,
    0xDB, 0x52, 0x8A, 0x00, 0x20, 0xB5, 0x96, 0x02, 0xFF, 0x88, 0xE7, 0x3C, 0xEF, 0x7D, 0xF7, 0xBE,
    0x8C, 0x51, 0x39, 0x02, 0xE7, 0x80, 0x1C, 0x06, 0xFF, 0x83, 0xB5, 0xB6, 0x10, 0xA2, 0x48, 0x00,
    0x87, 0x84, 0x30, 0xFF, 0xDF, 0xD6, 0x9A, 0x29, 0x65, 0x7F, 0x00, 0x09, 0x00, 0x85, 0x42, 0x08,
    0xC6, 0x38, 0xFF, 0xDF, 0x02, 0xFF, 0x84, 0xAD, 0x55, 0x00, 0x20, 0x39, 0x02, 0xE7, 0x8C, 0x3C,
    0xFF, 0xDF, 0x9C, 0xD3, 0xCE, 0x79, 0xFF, 0xDF, 0xA5, 0x14, 0x84, 0x10, 0x06, 0xFF, 0x83, 0xDE,
    0xDB, 0x4A, 0x69, 0x4A, 0x00, 0x87, 0x84, 0x10, 0xFF, 0xDF, 0xD6, 0x9A, 0x31, 0x86, 0x7F, 0x00,
    0x07, 0x00, 0x85, 0x31, 0x86, 0xB5, 0xB6, 0xFF, 0xDF, 0x02, 0xFF, 0x87, 0xF7, 0xBE, 0x7B, 0xEF,
    0x00, 0x20, 0x7B, 0xCF, 0x02, 0xFF, 0x8B, 0xE7, 0x1C, 0x84, 0x30, 0xEF, 0x7D, 0xF7, 0x9E, 0x84,
    0x30, 0xC6, 0x38, 0x04, 0xFF, 0x85, 0xEF, 0x5D, 0x73, 0x8E, 0x00, 0x20, 0x4A, 0x00, 0x87, 0x84,
    0x30, 0xFF, 0xDF, 0xD6, 0x9A, 0x31, 0x86, 0x7F, 0x00, 0x05, 0x00, 0x85, 0x10, 0xA2, 0xAD, 0x75,
    0xFF, 0xDF, 0x04, 0xFF, 0x87, 0xF7, 0x9E, 0x63, 0x2C, 0x18, 0xC3, 0xB5, 0x96, 0x02, 0xFF, 0x83,
    0xDE, 0xDB, 0xDE, 0xFB, 0x02, 0xFF, 0x85, 0xD6, 0x9A, 0x63, 0x0C, 0xE7, 0x3C, 0x03, 0xFF, 0x88,
    0xDF, 0xA5, 0x14, 0x6B, 0x6D, 0x7B, 0xEF, 0x31, 0xA6, 0x08, 0x00, 0x85, 0x31, 0xA6, 0x4A, 0x49,
    0x21, 0x04, 0x3A, 0x00, 0x87, 0x8C, 0x71, 0xFF, 0xDF, 0xCE, 0x79, 0x29, 0x65, 0x7F, 0x00, 0x03,
    0x00, 0x93, 0x21, 0x24, 0xA5, 0x34, 0xFF, 0xDF, 0xF7, 0xBE, 0xC6, 0x18, 0xEF, 0x7D, 0xEF, 0x7D,
    0x5A, 0xEB, 0x39, 0xC7, 0xDE, 0xDB, 0x06, 0xFF, 0x87, 0xE7, 0x1C, 0x6B, 0x6D, 0x7B, 0xEF, 0xFF,
    0xDF, 0x02, 0xFF, 0x85, 0xCE, 0x79, 0xBD, 0xD7, 0xFF, 0xDF, 0x02, 0xFF, 0x83, 0xBD, 0xF7, 0x08,
    0x61, 0x02, 0x00, 0x93, 0x29, 0x45, 0xA5, 0x34, 0xE7, 0x1C, 0xEF, 0x7D, 0xCE, 0x79, 0x6B, 0x4D,
    0x00, 0x20, 0x39, 0xC7, 0x7B, 0xCF, 0x31, 0xA6, 0x02, 0x00, 0x83, 0x08, 0x41, 0x00, 0x20, 0x2A,
    0x00, 0x81, 0xB5, 0x96, 0x02, 0xFF, 0x83, 0xB5, 0xB6, 0x18, 0xE3, 0x7F, 0x00, 0x96, 0x00, 0x21,
    0x24, 0xA5, 0x34, 0xFF, 0xDF, 0xF7, 0xBE, 0x9C, 0xF3, 0x73, 0xAE, 0xEF, 0x7D, 0xEF, 0x5D, 0x5A,
    0xCB, 0x7B, 0xEF, 0xF7, 0x9E, 0x04, 0xFF, 0x87, 0xE7, 0x1C, 0x73, 0xAE, 0x18, 0xE3, 0xAD, 0x75,
    0x02, 0xFF, 0x85, 0xF7, 0xBE, 0xDE, 0xFB, 0xFF, 0xDF, 0x04, 0xFF, 0x8D, 0xE7, 0x3C, 0x21, 0x24,
    0x29, 0x45, 0xBD, 0xF7, 0xFF, 0xDF, 0xFF, 0xDF, 0xF7, 0x9E, 0x02, 0xFF, 0x91, 0xCE, 0x79, 0x39,
    0xE7, 0xBD, 0xD7, 0xFF, 0xDF, 0xBD, 0xD7, 0x8C, 0x51, 0xB5, 0xB6, 0xA5, 0x34, 0x4A, 0x69, 0x06,
    0x00, 0x87, 0x18, 0xC3, 0x42, 0x28, 0x42, 0x08, 0x18, 0xC3, 0x18, 0x00, 0x83, 0x21, 0x24, 0xD6,
    0xBA, 0x02, 0xFF, 0x83, 0x94, 0x92, 0x00, 0x20, 0x7E, 0x00, 0x95, 0x21, 0x24, 0xA5, 0x14, 0xF7,
    0xBE, 0xFF, 0xDF, 0xA5, 0x34, 0x29, 0x45, 0x73, 0xAE, 0xF7, 0x9E, 0xF7, 0x9E, 0xCE, 0x59, 0xEF,
    0x7D, 0x02, 0xFF, 0x8B, 0xF7, 0xBE, 0xC6, 0x18, 0x63, 0x2C, 0x10, 0x82, 0x5A, 0xCB, 0xE7, 0x3C,
    0x02, 0xFF, 0x87, 0xEF, 0x7D, 0xFF, 0xDF, 0xF7, 0xBE, 0xD6, 0x9A, 0x02, 0xFF, 0x8D, 0xE7, 0x3C,
    0x29, 0x45, 0x84, 0x30, 0xF7, 0xBE, 0xF7, 0xBE, 0xA5, 0x34, 0xCE, 0x59, 0x02, 0xFF, 0x85, 0xD6,
    0xBA, 0x6B, 0x6D, 0xEF, 0x7D, 0x03, 0xFF, 0x82, 0xDF, 0xFF, 0xDF, 0x03, 0xFF, 0x92, 0xDF, 0xBD,
    0xD7, 0x21, 0x24, 0x18, 0xC3, 0x6B, 0x6D, 0xBD, 0xF7, 0xEF, 0x5D, 0xEF, 0x5D, 0xB5, 0xB6, 0x52,
    0x8A, 0x16, 0x00, 0x87, 0x73, 0xAE, 0xF7, 0x9E, 0xEF, 0x5D, 0x63, 0x2C, 0x7E, 0x00, 0x91, 0x29,
    0x45, 0xA5, 0x14, 0xF7, 0x9E, 0xFF, 0xDF, 0xAD, 0x75, 0x29, 0x65, 0x39, 0xC7, 0xAD, 0x55, 0xFF,
    0xDF, 0x08, 0xFF, 0x83, 0xBD, 0xD7, 0x39, 0xC7, 0x02, 0x00, 0x83, 0x21, 0x24, 0xB5, 0xB6, 0x08,
    0xFF, 0x8B, 0xC6, 0x18, 0xA5, 0x34, 0xFF, 0xDF, 0xE7, 0x1C, 0x29, 0x45, 0xC6, 0x38, 0x02, 0xFF,
    0x8D, 0xC6, 0x38, 0xA5, 0x14, 0xF7, 0x9E, 0xFF, 0xDF, 0x9C, 0xF3, 0x9C, 0xF3, 0xFF, 0xDF, 0x04,
    0xFF, 0x8D, 0xEF, 0x7D, 0xCE, 0x79, 0xF7, 0xBE, 0xEF, 0x5D, 0x5A, 0xEB, 0x9C, 0xF3, 0xEF, 0x5D,
    0x03, 0xFF, 0x88, 0xDF, 0xFF, 0xDF, 0xFF, 0xDF, 0xCE, 0x59, 0x5A, 0xEB, 0x12, 0x00, 0x83, 0x18,
    0xE3, 0xC6, 0x38, 0x02, 0xFF, 0x83, 0xBD, 0xF7, 0x21, 0x24, 0x7C, 0x00, 0x91, 0x21, 0x24, 0xA5,
    0x14, 0xF7, 0x9E, 0xF7, 0xBE, 0xB5, 0xB6, 0x31, 0xA6, 0x73, 0x8E, 0xD6, 0xBA, 0xF7, 0xBE, 0x02,
    0xFF, 0x85, 0xF7, 0xBE, 0xD6, 0xBA, 0xF7, 0x9E, 0x02, 0xFF, 0x81, 0x73, 0xAE, 0x03, 0x00, 0x84,
    0x20, 0x7B, 0xCF, 0xEF, 0x7D, 0x06, 0xFF, 0x85, 0xDE, 0xFB, 0x52, 0x8A, 0xBD, 0xD7, 0x02, 0xFF,
    0x85, 0xBD, 0xF7, 0x4A, 0x49, 0xE7, 0x1C, 0x02, 0xFF, 0x8B, 0xDE, 0xDB, 0xF7, 0x9E, 0xFF, 0xDF,
    0xC6, 0x18, 0x4A, 0x69, 0xCE, 0x59, 0x05, 0xFF, 0x8C, 0xDF, 0x9C, 0xF3, 0x6B, 0x6D, 0xF7, 0x9E,
    0xF7, 0xBE, 0xB5, 0xB6, 0xF7, 0x9E, 0x02, 0xFF, 0x87, 0xEF, 0x5D, 0x9C, 0xF3, 0xB5, 0x96, 0xF7,
    0xBE, 0x02, 0xFF, 0x81, 0xD6, 0x9A, 0x10, 0x00, 0x8B, 0x08, 0x61, 0x84, 0x10, 0xF7, 0x9E, 0xF7,
    0x9E, 0x73, 0xAE, 0x00, 0x20, 0x7A, 0x00, 0x8F, 0x29, 0x65, 0xAD, 0x55, 0xF7, 0xBE, 0xF7, 0xBE,
    0xB5, 0xB6, 0x42, 0x08, 0x9C, 0xF3, 0xEF, 0x7D, 0x03, 0xFF, 0x80, 0xDF, 0x02, 0xFF, 0x89, 0xDE,
    0xFB, 0x7B, 0xCF, 0xEF, 0x5D, 0xF7, 0xBE, 0x5A, 0xCB, 0x02, 0x00, 0x83, 0x31, 0x86, 0xC6, 0x38,
    0x07, 0xFF, 0x86, 0xDF, 0x8C, 0x51, 0x10, 0xA2, 0xCE, 0x59, 0x02, 0xFF, 0x85, 0xA5, 0x14, 0x5A,
    0xCB, 0xF7, 0x9E, 0x06, 0xFF, 0x87, 0xC6, 0x18, 0x42, 0x28, 0x84, 0x30, 0xEF, 0x7D, 0x04, 0xFF,
    0x87, 0xC6, 0x18, 0x31, 0x86, 0x94, 0x92, 0xFF, 0xDF, 0x03, 0xFF, 0x80, 0xDF, 0x03, 0xFF, 0x88,
    0xDF, 0x94, 0x92, 0x08, 0x61, 0x5A, 0xCB, 0xEF, 0x7D, 0x02, 0xFF, 0x81, 0xD6, 0xBA, 0x0E, 0x00,
    0x85, 0x08, 0x61, 0x63, 0x2C, 0xE7, 0x1C, 0x02, 0xFF, 0x83, 0xB5, 0xB6, 0x29, 0x45, 0x7A, 0x00,
    0xA7, 0x21, 0x04, 0xAD, 0x75, 0xFF, 0xDF, 0xFF, 0xDF, 0xB5, 0x96, 0x31, 0x86, 0x8C, 0x51, 0xF7,
    0xBE, 0xFF, 0xDF, 0xCE, 0x59, 0xB5, 0xB6, 0xF7, 0xBE, 0xD6, 0xBA, 0x94, 0x92, 0xFF, 0xDF, 0xDE,
    0xFB, 0x29, 0x65, 0x08, 0x41, 0x94, 0x92, 0xFF, 0xDF, 0x06, 0xFF, 0x8F, 0xDE, 0xFB, 0x29, 0x45,
    0x29, 0x45, 0xDE, 0xFB, 0xFF, 0xDF, 0x8C, 0x71, 0x5A, 0xCB, 0xEF, 0x5D, 0x03, 0xFF, 0x88, 0xDF,
    0xBD, 0xF7, 0x39, 0xE7, 0x73, 0xAE, 0xE7, 0x3C, 0x04, 0xFF, 0x87, 0xEF, 0x7D, 0x52, 0x8A, 0x08,
    0x61, 0xB5, 0xB6, 0x08, 0xFF, 0x8D, 0xEF, 0x7D, 0x52, 0x8A, 0x08, 0x41, 0x94, 0xB2, 0xFF, 0xDF,
    0xF7, 0xBE, 0x94, 0x92, 0x0C, 0x00, 0x85, 0x10, 0xA2, 0x6B, 0x6D, 0xDE, 0xFB, 0x02, 0xFF, 0x83,
    0xD6, 0xBA, 0x4A, 0x49, 0x71, 0x00, 0x80, 0x20, 0x08, 0x00, 0x83, 0x18, 0xE3, 0xB5, 0x96, 0x03,
    0xFF, 0x88, 0xDF, 0xAD, 0x75, 0x29, 0x45, 0x21, 0x04, 0xBD, 0xF7, 0x02, 0xFF, 0x8B, 0xCE, 0x79,
    0x31, 0x86, 0x7B, 0xEF, 0xF7, 0x9E, 0xDE, 0xFB, 0x9C, 0xF3, 0x02, 0xFF, 0x87, 0xD6, 0x9A, 0x10,
    0xA2, 0x52, 0x8A, 0xE7, 0x3C, 0x08, 0xFF, 0x81, 0xAD, 0x55, 0x02, 0x00, 0x89, 0x42, 0x08, 0xF7,
    0x9E, 0xF7, 0x9E, 0x84, 0x10, 0xC6, 0x18, 0x04, 0xFF, 0x87, 0xDE, 0xFB, 0x52, 0x8A, 0x94, 0xB2,
    0xEF, 0x5D, 0x06, 0xFF, 0x87, 0xAD, 0x55, 0x08, 0x41, 0x31, 0xA6, 0xD6, 0xBA, 0x04, 0xFF, 0x8B,
    0xF7, 0xBE, 0xFF, 0xDF, 0xEF, 0x7D, 0x63, 0x2C, 0x63, 0x2C, 0xDE, 0xDB, 0x02, 0xFF, 0x83, 0xD6,
    0x9A, 0x31, 0x86, 0x09, 0x00, 0x86, 0x20, 0x31, 0xA6, 0x9C, 0xD3, 0xEF, 0x5D, 0x02, 0xFF, 0x83,
    0xDE, 0xFB, 0x52, 0x8A, 0x6E, 0x00, 0x89, 0x21, 0x04, 0x9C, 0xD3, 0xBD, 0xF7, 0xA5, 0x14, 0x31,
    0xA6, 0x02, 0x00, 0x83, 0x39, 0xC7, 0xC6, 0x38, 0x03, 0xFF, 0x84, 0xDF, 0xA5, 0x14, 0x18, 0xC3,
    0x02, 0x00, 0x91, 0x10, 0x82, 0xA5, 0x14, 0xFF, 0xDF, 0xEF, 0x7D, 0x73, 0xAE, 0x73, 0xAE, 0xEF,
    0x7D, 0xE7, 0x1C, 0xA5, 0x14, 0x02, 0xFF, 0x85, 0xD6, 0x9A, 0x29, 0x65, 0xBD, 0xF7, 0x02, 0xFF,
    0x83, 0xEF, 0x7D, 0xF7, 0xBE, 0x02, 0xFF, 0x83, 0xF7, 0x9E, 0x6B, 0x6D, 0x02, 0x00, 0x87, 0x4A,
    0x49, 0xF7, 0x9E, 0xFF, 0xDF, 0xE7, 0x1C, 0x03, 0xFF, 0x82, 0xDF, 0xFF, 0xDF, 0x02, 0xFF, 0x81,
    0xF7, 0x9E, 0x04, 0xFF, 0x81, 0xF7, 0xBE, 0x02, 0xFF, 0x83, 0xEF, 0x5D, 0x52, 0x8A, 0x02, 0x00,
    0x83, 0x42, 0x08, 0xE7, 0x1C, 0x02, 0xFF, 0x85, 0xEF, 0x7D, 0x9C, 0xF3, 0xD6, 0xBA, 0x02, 0xFF,
    0x83, 0xF7, 0x9E, 0xFF, 0xDF, 0x04, 0xFF, 0x8F, 0xE7, 0x3C, 0x94, 0x92, 0x4A, 0x49, 0x42, 0x08,
    0x4A, 0x69, 0x84, 0x10, 0xBD, 0xD7, 0xE7, 0x3C, 0x03, 0xFF, 0x84, 0xDF, 0xCE, 0x79, 0x4A, 0x49,
    0x70, 0x00, 0x83, 0x94, 0x92, 0xFF, 0xDF, 0x02, 0xFF, 0x87, 0xF7, 0x9E, 0x84, 0x10, 0x73, 0xAE,
    0xDE, 0xDB, 0x02, 0xFF, 0x85, 0xF7, 0x9E, 0x9C, 0xF3, 0x21, 0x24, 0x06, 0x00, 0x83, 0x42, 0x28,
    0xD6, 0x9A, 0x02, 0xFF, 0x97, 0xEF, 0x7D, 0xC6, 0x38, 0xF7, 0x9E, 0xE7, 0x3C, 0x94, 0xB2, 0xF7,
    0xBE, 0xEF, 0x5D, 0xBD, 0xF7, 0xFF, 0xDF, 0xF7, 0x9E, 0xAD, 0x55, 0xEF, 0x5D, 0x02, 0xFF, 0x83,
    0xD6, 0x9A, 0x10, 0xA2, 0x02, 0x00, 0x83, 0x42, 0x08, 0xEF, 0x7D, 0x04, 0xFF, 0x95, 0xF7, 0x9E,
    0x94, 0xB2, 0xA5, 0x34, 0xE7, 0x3C, 0xF7, 0x9E, 0xDE, 0xFB, 0xAD, 0x55, 0x84, 0x10, 0xC6, 0x18,
    0x8C, 0x71, 0x08, 0x61, 0x02, 0x00, 0x95, 0x29, 0x45, 0xBD, 0xD7, 0xE7, 0x1C, 0x94, 0xB2, 0x18,
    0xE3, 0x7B, 0xCF, 0xDE, 0xFB, 0xF7, 0x9E, 0xEF, 0x7D, 0xCE, 0x79, 0xE7, 0x3C, 0x03, 0xFF, 0x88,
    0xDF, 0xFF, 0xDF, 0xFF, 0xDF, 0xFF, 0xDF, 0xFF, 0xDF, 0x03, 0xFF, 0x86, 0xDF, 0xDE, 0xFB, 0xA5,
    0x14, 0x31, 0xA6, 0x72, 0x00, 0x83, 0x9C, 0xD3, 0xFF, 0xDF, 0x04, 0xFF, 0x83, 0xE7, 0x3C, 0xF7,
    0x9E, 0x02, 0xFF, 0x85, 0xEF, 0x5D, 0x84, 0x10, 0x18, 0xC3, 0x0A, 0x00, 0x85, 0x4A, 0x69, 0xCE,
    0x79, 0xFF, 0xDF, 0x04, 0xFF, 0x85, 0xEF, 0x5D, 0x6B, 0x4D, 0xD6, 0xBA, 0x04, 0xFF, 0x8B, 0xF7,
    0xBE, 0xA5, 0x14, 0x52, 0x8A, 0xE7, 0x1C, 0xFF, 0xDF, 0x9C, 0xD3, 0x04, 0x00, 0x9B, 0x18, 0xC3,
    0xC6, 0x18, 0xF7, 0xBE, 0xE7, 0x3C, 0x8C, 0x51, 0x10, 0xA2, 0x18, 0xC3, 0x52, 0x8A, 0x63, 0x0C,
    0x4A, 0x49, 0x18, 0xC3, 0x08, 0x61, 0x29, 0x45, 0x10, 0x82, 0x06, 0x00, 0x85, 0x31, 0xA6, 0x4A,
    0x69, 0x18, 0xC3, 0x02, 0x00, 0x9F, 0x08, 0x61, 0x42, 0x28, 0x63, 0x0C, 0x5A, 0xCB, 0x31, 0xA6,
    0x63, 0x0C, 0xB5, 0xB6, 0xDE, 0xFB, 0xF7, 0xBE, 0xF7, 0xBE, 0xF7, 0x9E, 0xDE, 0xFB, 0xC6, 0x38,
    0x9C, 0xD3, 0x4A, 0x69, 0x10, 0xA2, 0x74, 0x00, 0x8F, 0x42, 0x08, 0xCE, 0x59, 0xF7, 0xBE, 0xFF,
    0xDF, 0xFF, 0xDF, 0xEF, 0x7D, 0xCE, 0x59, 0x73, 0x8E, 0x10, 0x00, 0x9D, 0x42, 0x08, 0xB5, 0x96,
    0xE7, 0x3C, 0xF7, 0x9E, 0xBD, 0xD7, 0x31, 0x86, 0x7B, 0xCF, 0xDE, 0xDB, 0xDE, 0xFB, 0xA5, 0x14,
    0x31, 0x86, 0x18, 0xC3, 0x94, 0x92, 0xAD, 0x75, 0x42, 0x08, 0x06, 0x00, 0x87, 0x42, 0x08, 0x73,
    0xAE, 0x5A, 0xCB, 0x00, 0x20, 0x2C, 0x00, 0x8D, 0x10, 0x82, 0x4A, 0x49, 0x6B, 0x4D, 0x6B, 0x4D,
    0x6B, 0x4D, 0x4A, 0x49, 0x18, 0xE3, 0x7C, 0x00, 0x8B, 0x39, 0xC7, 0x7B, 0xEF, 0x94, 0x92, 0x8C,
    0x71, 0x6B, 0x6D, 0x29, 0x65, 0x14, 0x00, 0x87, 0x18, 0xC3, 0x5A, 0xEB, 0x73, 0xAE, 0x39, 0xE7,
    0x02, 0x00, 0x87, 0x08, 0x41, 0x42, 0x08, 0x4A, 0x49, 0x10, 0xA2, 0x07, 0x00, 0x80, 0x20, 0x7F,
    0x00, 0x7F, 0x00, 0x7F, 0x00, 0x7F, 0x00, 0x7F, 0x00, 0x7F, 0x00, 0x7F, 0x00, 0x7F, 0x00, 0x7F,
    0x00, 0x7F, 0x00, 0x7F, 0x00, 0x7F, 0x00, 0x7F, 0x00, 0x7F, 0x00, 0x7F, 0x00, 0x7F, 0x00, 0x7F,
    0x00, 0x7F, 0x00, 0x7F, 0x00, 0x7F, 0x00, 0x7F, 0x00, 0x7F, 0x00, 0x7F, 0x00, 0x5B, 0x00, 0x02,
    0xFD, 0x06, 0x00, 0x00, 0x08, 0x00, 0x01, 0xFF, 0x64, 0x00, 0x05, 0xFA, 0xB3, 0x1D, 0x00, 0x7F,
    0x00, 0x7F, 0x00, 0x7F, 0x00, 0x7F, 0x00, 0x7F, 0x00, 0x7F, 0x00, 0x7F, 0x00, 0x7F, 0x00, 0x7F,
    0x00, 0x7F, 0x00, 0x7F, 0x00, 0x7F, 0x00, 0x7F, 0x00, 0x7F, 0x00, 0x7F, 0x00, 0x7F, 0x00, 0x7F,
    0x00, 0x7F, 0x00, 0x7F, 0x00, 0x7F, 0x00, 0x7F, 0x00, 0x7F, 0x00, 0x7F, 0x00, 0x7F, 0x00, 0x7F,
    0x00, 0x7F, 0x00, 0x7F, 0x00, 0x7F, 0x00, 0x7F, 0x00, 0x7F, 0x00, 0x7F, 0x00, 0x7F, 0x00, 0x7F,
    0x00, 0x7F, 0x00, 0x7F, 0x00, 0x12, 0x00, 0x96, 0x20, 0x18, 0xE3, 0x4A, 0x69, 0x73, 0xAE, 0x84,
    0x30, 0x94, 0x92, 0x9C, 0xD3, 0x94, 0xB2, 0x84, 0x30, 0x7B, 0xCF, 0x4A, 0x49, 0x10, 0xA2, 0x7F,
    0x00, 0x63, 0x00, 0xA1, 0x08, 0x41, 0x42, 0x08, 0x73, 0xAE, 0xA5, 0x34, 0xD6, 0x9A, 0xE7, 0x3C,
    0xF7, 0xBE, 0xFF, 0xDF, 0xFF, 0xDF, 0xFF, 0xDF, 0xFF, 0xDF, 0xFF, 0xDF, 0xF7, 0xBE, 0xE7, 0x1C,
    0xC6, 0x18, 0x84, 0x10, 0x31, 0x86, 0x10, 0x00, 0x89, 0x10, 0xA2, 0x29, 0x45, 0x29, 0x65, 0x21,
    0x24, 0x10, 0x82, 0x7F, 0x00, 0x43, 0x00, 0x9D, 0x18, 0xC3, 0x8C, 0x71, 0xD6, 0x9A, 0xEF, 0x7D,
    0xFF, 0xDF, 0xFF, 0xDF, 0xF7, 0x9E, 0xE7, 0x3C, 0xE7, 0x1C, 0xD6, 0x9A, 0xC6, 0x38, 0xCE, 0x59,
    0xE7, 0x1C, 0xE7, 0x3C, 0xF7, 0xBE, 0x02, 0xFF, 0x85, 0xF7, 0x9E, 0xBD, 0xF7, 0x42, 0x08, 0x08,
    0x00, 0x99, 0x39, 0xE7, 0x84, 0x10, 0xB5, 0x96, 0xBD, 0xF7, 0xCE, 0x59, 0xCE, 0x79, 0xC6, 0x38,
    0xBD, 0xD7, 0xB5, 0x96, 0x8C, 0x71, 0x5A, 0xEB, 0x39, 0xC7, 0x10, 0x82, 0x7F, 0x00, 0x39, 0x00,
    0xA7, 0x39, 0xC7, 0xD6, 0x9A, 0xFF, 0xDF, 0xE7, 0x3C, 0xC6, 0x18, 0x9C, 0xD3, 0x73, 0xAE, 0x42,
    0x28, 0x31, 0x86, 0x29, 0x45, 0x21, 0x04, 0x21, 0x24, 0x31, 0x86, 0x42, 0x28, 0x84, 0x10, 0xBD,
    0xD7, 0xF7, 0x9E, 0xFF, 0xDF, 0xB5, 0x96, 0x18, 0xC3, 0x02, 0x00, 0x87, 0x08, 0x61, 0x73, 0x8E,
    0xCE, 0x79, 0xF7, 0x9E, 0x05, 0xFF, 0x84, 0xDF, 0xF7, 0xBE, 0xFF, 0xDF, 0x04, 0xFF, 0x8D, 0xF7,
    0xBE, 0xEF, 0x5D, 0xD6, 0x9A, 0xAD, 0x75, 0x7B, 0xCF, 0x4A, 0x49, 0x21, 0x04, 0x7F, 0x00, 0x33,
    0x00, 0x8B, 0x10, 0xA2, 0x84, 0x10, 0x9C, 0xD3, 0x52, 0xAA, 0x21, 0x24, 0x00, 0x20, 0x12, 0x00,
    0x89, 0x21, 0x24, 0x9C, 0xF3, 0xF7, 0xBE, 0xEF, 0x7D, 0x5A, 0xEB, 0x02, 0x00, 0x83, 0x73, 0x8E,
    0xE7, 0x3C, 0x02, 0xFF, 0x95, 0xEF, 0x7D, 0xC6, 0x18, 0xAD, 0x55, 0x94, 0x92, 0x8C, 0x51, 0x94,
    0xB2, 0xAD, 0x75, 0xBD, 0xD7, 0xDE, 0xFB, 0xF7, 0xBE, 0xFF, 0xDF, 0x02, 0xFF, 0x8B, 0xF7, 0x9E,
    0xDE, 0xDB, 0xB5, 0x96, 0x7B, 0xEF, 0x31, 0xA6, 0x08, 0x41, 0x7F, 0x00, 0x4D, 0x00, 0x83, 0x31,
    0xA6, 0xD6, 0xBA, 0x02, 0xFF, 0x85, 0xA5, 0x14, 0x31, 0xA6, 0xD6, 0xBA, 0x02, 0xFF, 0x8B, 0xCE,
    0x79, 0x6B, 0x4D, 0x18, 0xC3, 0x00, 0x20, 0x00, 0x20, 0x00, 0x20, 0x04, 0x00, 0x8D, 0x10, 0x82,
    0x39, 0xC7, 0x5A, 0xEB, 0x9C, 0xF3, 0xC6, 0x18, 0xE7, 0x3C, 0xFF, 0xDF, 0x02, 0xFF, 0x89, 0xF7,
    0xBE, 0xD6, 0x9A, 0x8C, 0x71, 0x42, 0x28, 0x10, 0xA2, 0x7F, 0x00, 0x49, 0x00, 0x83, 0x10, 0xA2,
    0xCE, 0x59, 0x02, 0xFF, 0x99, 0xAD, 0x75, 0x8C, 0x51, 0xFF, 0xDF, 0xE7, 0x3C, 0x63, 0x0C, 0x00,
    0x20, 0x31, 0xA6, 0x63, 0x2C, 0x84, 0x10, 0x84, 0x10, 0x63, 0x2C, 0x39, 0xE7, 0x08, 0x41, 0x06,
    0x00, 0x89, 0x18, 0xC3, 0x42, 0x28, 0x84, 0x10, 0xC6, 0x18, 0xEF, 0x7D, 0x03, 0xFF, 0x88, 0xDF,
    0xDE, 0xFB, 0xA5, 0x14, 0x4A, 0x69, 0x00, 0x20, 0x7F, 0x00, 0x45, 0x00, 0x89, 0x63, 0x0C, 0xE7,
    0x3C, 0xFF, 0xDF, 0x94, 0x92, 0xCE, 0x79, 0x02, 0xFF, 0x89, 0xAD, 0x55, 0x21, 0x04, 0x73, 0xAE,
    0xDE, 0xDB, 0xFF, 0xDF, 0x06, 0xFF, 0x85, 0xE7, 0x3C, 0xA5, 0x34, 0x31, 0xA6, 0x0A, 0x00, 0x89,
    0x08, 0x61, 0x52, 0x8A, 0xA5, 0x34, 0xDE, 0xFB, 0xFF, 0xDF, 0x02, 0xFF, 0x87, 0xEF, 0x7D, 0xAD,
    0x55, 0x4A, 0x49, 0x08, 0x61, 0x7F, 0x00, 0x3E, 0x00, 0xA6, 0x20, 0x52, 0xAA, 0xCE, 0x59, 0xFF,
    0xDF, 0xDE, 0xFB, 0x73, 0xAE, 0xF7, 0x9E, 0xFF, 0xDF, 0x63, 0x2C, 0x7B, 0xEF, 0xE7, 0x3C, 0xFF,
    0xDF, 0xE7, 0x3C, 0xCE, 0x79, 0xD6, 0x9A, 0xE7, 0x1C, 0xFF, 0xDF, 0xFF, 0xDF, 0xAD, 0x75, 0x18,
    0xC3, 0x0C, 0x00, 0x89, 0x10, 0xA2, 0x4A, 0x49, 0x8C, 0x71, 0xCE, 0x79, 0xF7, 0xBE, 0x02, 0xFF,
    0x87, 0xE7, 0x3C, 0xA5, 0x34, 0x4A, 0x69, 0x08, 0x41, 0x7F, 0x00, 0x36, 0x00, 0x86, 0x20, 0x31,
    0xA6, 0x94, 0xB2, 0xE7, 0x3C, 0x02, 0xFF, 0x85, 0xEF, 0x7D, 0x8C, 0x51, 0xA5, 0x34, 0x02, 0xFF,
    0x85, 0xD6, 0x9A, 0x4A, 0x69, 0xD6, 0x9A, 0x02, 0xFF, 0x91, 0xCE, 0x59, 0x5A, 0xEB, 0x31, 0x86,
    0x31, 0xA6, 0x4A, 0x49, 0xA5, 0x14, 0xFF, 0xDF, 0xE7, 0x3C, 0x5A, 0xCB, 0x10, 0x00, 0x91, 0x08,
    0x61, 0x39, 0xC7, 0x8C, 0x51, 0xD6, 0xBA, 0xF7, 0xBE, 0xFF, 0xDF, 0xE7, 0x1C, 0x94, 0x92, 0x31,
    0x86, 0x7F, 0x00, 0x31, 0x00, 0x91, 0x39, 0xC7, 0x94, 0x92, 0xD6, 0xBA, 0xFF, 0xDF, 0xFF, 0xDF,
    0xDE, 0xDB, 0x84, 0x30, 0x42, 0x08, 0xD6, 0x9A, 0x02, 0xFF, 0x89, 0xA5, 0x14, 0x8C, 0x71, 0xF7,
    0xBE, 0xE7, 0x3C, 0x63, 0x2C, 0x08, 0x00, 0x87, 0x5A, 0xEB, 0xF7, 0x9E, 0xEF, 0x7D, 0x63, 0x2C,
    0x15, 0x00, 0x90, 0x20, 0x4A, 0x49, 0x9C, 0xD3, 0xDE, 0xFB, 0xFF, 0xDF, 0xF7, 0xBE, 0xC6, 0x38,
    0x6B, 0x6D, 0x18, 0xC3, 0x7F, 0x00, 0x2B, 0x00, 0x99, 0x52, 0x8A, 0xCE, 0x79, 0xFF, 0xDF, 0xFF,
    0xDF, 0xE7, 0x3C, 0xB5, 0x96, 0x52, 0x8A, 0x08, 0x41, 0x63, 0x0C, 0xEF, 0x5D, 0xFF, 0xDF, 0x63,
    0x0C, 0xD6, 0x9A, 0x02, 0xFF, 0x83, 0xAD, 0x75, 0x18, 0xE3, 0x07, 0x00, 0x88, 0x20, 0xA5, 0x14,
    0xFF, 0xDF, 0xD6, 0x9A, 0x42, 0x08, 0x18, 0x00, 0x87, 0x08, 0x41, 0x52, 0xAA, 0xAD, 0x75, 0xEF,
    0x5D, 0x02, 0xFF, 0x87, 0xEF, 0x7D, 0xA5, 0x34, 0x39, 0xC7, 0x00, 0x20, 0x7F, 0x00, 0x25, 0x00,
    0x83, 0x18, 0xE3, 0xC6, 0x18, 0x02, 0xFF, 0x87, 0xEF, 0x7D, 0xAD, 0x75, 0x63, 0x2C, 0x10, 0x82,
    0x03, 0x00, 0x8E, 0x20, 0x94, 0x92, 0xFF, 0xDF, 0xDE, 0xFB, 0x9C, 0xD3, 0xF7, 0xBE, 0xEF, 0x5D,
    0x6B, 0x4D, 0x08, 0x00, 0x95, 0x29, 0x45, 0xD6, 0x9A, 0xFF, 0xDF, 0xAD, 0x55, 0x08, 0x61, 0x00,
    0x20, 0x00, 0x20, 0x08, 0x41, 0x00, 0x20, 0x00, 0x20, 0x00, 0x20, 0x10, 0x00, 0x8F, 0x18, 0xE3,
    0x7B, 0xCF, 0xCE, 0x59, 0xF7, 0xBE, 0xFF, 0xDF, 0xCE, 0x79, 0x6B, 0x4D, 0x18, 0xC3, 0x7F, 0x00,
    0x23, 0x00, 0x83, 0x39, 0xC7, 0xDE, 0xFB, 0x02, 0xFF, 0x83, 0xAD, 0x55, 0x08, 0x41, 0x06, 0x00,
    0x83, 0x21, 0x04, 0xBD, 0xF7, 0x02, 0xFF, 0x83, 0xE7, 0x3C, 0xEF, 0x7D, 0x02, 0xFF, 0x83, 0xAD,
    0x75, 0x18, 0xE3, 0x08, 0x00, 0xA5, 0x52, 0x8A, 0xEF, 0x7D, 0xF7, 0xBE, 0xA5, 0x14, 0x7B, 0xEF,
    0x84, 0x30, 0x8C, 0x71, 0x8C, 0x71, 0x8C, 0x71, 0x84, 0x30, 0x7B, 0xCF, 0x6B, 0x6D, 0x63, 0x0C,
    0x52, 0xAA, 0x4A, 0x69, 0x31, 0x86, 0x18, 0xC3, 0x08, 0x61, 0x00, 0x20, 0x04, 0x00, 0x85, 0x31,
    0xA6, 0x9C, 0xD3, 0xEF, 0x5D, 0x02, 0xFF, 0x85, 0xEF, 0x7D, 0x94, 0xB2, 0x29, 0x45, 0x7F, 0x00,
    0x21, 0x00, 0x83, 0x10, 0xA2, 0xC6, 0x18, 0x02, 0xFF, 0x8D, 0xE7, 0x3C, 0x6B, 0x4D, 0x31, 0xA6,
    0x29, 0x65, 0x4A, 0x49, 0x84, 0x10, 0xE7, 0x3C, 0x06, 0xFF, 0x83, 0xD6, 0xBA, 0x4A, 0x69, 0x0A,
    0x00, 0x83, 0x5A, 0xCB, 0xF7, 0x9E, 0x18, 0xFF, 0x95, 0xF7, 0xBE, 0xDE, 0xDB, 0xCE, 0x59, 0xB5,
    0xB6, 0x7B, 0xEF, 0x52, 0x8A, 0x21, 0x04, 0x08, 0x41, 0x08, 0x41, 0x6B, 0x4D, 0xD6, 0x9A, 0x03,
    0xFF, 0x84, 0xDF, 0xB5, 0x96, 0x39, 0xC7, 0x7F, 0x00, 0x21, 0x00, 0x83, 0x52, 0x8A, 0xE7, 0x1C,
    0x04, 0xFF, 0x85, 0xEF, 0x7D, 0xEF, 0x7D, 0xFF, 0xDF, 0x06, 0xFF, 0x85, 0xEF, 0x7D, 0xB5, 0x96,
    0x42, 0x28, 0x0C, 0x00, 0x9F, 0x10, 0xA2, 0x9C, 0xD3, 0xDE, 0xDB, 0xE7, 0x1C, 0xD6, 0xBA, 0xCE,
    0x79, 0xCE, 0x59, 0xCE, 0x59, 0xCE, 0x59, 0xCE, 0x79, 0xDE, 0xDB, 0xEF, 0x5D, 0xEF, 0x7D, 0xEF,
    0x7D, 0xF7, 0xBE, 0xFF, 0xDF, 0x07, 0xFF, 0x8E, 0xDF, 0xE7, 0x1C, 0xC6, 0x18, 0x94, 0x92, 0x31,
    0x86, 0x31, 0x86, 0xAD, 0x75, 0xF7, 0xBE, 0x02, 0xFF, 0x83, 0xD6, 0x9A, 0x5A, 0xEB, 0x7F, 0x00,
    0x20, 0x00, 0x8E, 0x20, 0x5A, 0xCB, 0xC6, 0x38, 0xE7, 0x1C, 0xF7, 0xBE, 0xF7, 0xBE, 0xEF, 0x7D,
    0xFF, 0xDF, 0x02, 0xFF, 0x85, 0xCE, 0x79, 0x52, 0x8A, 0x18, 0xC3, 0x10, 0x00, 0xA7, 0x08, 0x61,
    0x31, 0x86, 0x31, 0xA6, 0x29, 0x65, 0x29, 0x45, 0x21, 0x24, 0x21, 0x24, 0x21, 0x24, 0x21, 0x24,
    0x31, 0x86, 0x39, 0xC7, 0x39, 0xE7, 0x42, 0x28, 0x5A, 0xCB, 0x8C, 0x71, 0xAD, 0x75, 0xBD, 0xF7,
    0xDE, 0xDB, 0xEF, 0x5D, 0xFF, 0xDF, 0x04, 0xFF, 0x89, 0xEF, 0x7D, 0xB5, 0xB6, 0x63, 0x2C, 0x94,
    0xB2, 0xEF, 0x5D, 0x02, 0xFF, 0x83, 0xE7, 0x1C, 0x73, 0x8E, 0x7F, 0x00, 0x07, 0x00, 0x89, 0x10,
    0x82, 0x63, 0x2C, 0x8C, 0x51, 0x5A, 0xEB, 0x10, 0x82, 0x10, 0x00, 0x8F, 0x29, 0x45, 0x4A, 0x69,
    0x63, 0x2C, 0x6B, 0x4D, 0x8C, 0x71, 0xF7, 0x9E, 0xF7, 0xBE, 0x73, 0xAE, 0x34, 0x00, 0x8B, 0x18,
    0xE3, 0x39, 0xE7, 0x5A, 0xCB, 0x84, 0x30, 0xBD, 0xD7, 0xE7, 0x1C, 0x04, 0xFF, 0x87, 0xEF, 0x7D,
    0xAD, 0x75, 0x84, 0x30, 0xDE, 0xDB, 0x02, 0xFF, 0x85, 0xEF, 0x5D, 0x84, 0x10, 0x00, 0x20, 0x7F,
    0x00, 0x8E, 0x00, 0x29, 0x65, 0xB5, 0xB6, 0xEF, 0x7D, 0xFF, 0xDF, 0xEF, 0x7D, 0xC6, 0x18, 0x5A,
    0xCB, 0x15, 0x00, 0x88, 0x20, 0xAD, 0x55, 0xFF, 0xDF, 0xD6, 0xBA, 0x29, 0x65, 0x3C, 0x00, 0x91,
    0x10, 0x82, 0x52, 0x8A, 0x94, 0xB2, 0xDE, 0xFB, 0xFF, 0xDF, 0xFF, 0xDF, 0xCE, 0x79, 0x84, 0x10,
    0xD6, 0xBA, 0x02, 0xFF, 0x85, 0xEF, 0x7D, 0x84, 0x30, 0x10, 0x82, 0x7E, 0x00, 0x89, 0x84, 0x10,
    0xF7, 0xBE, 0xFF, 0xDF, 0xEF, 0x7D, 0xFF, 0xDF, 0x02, 0xFF, 0x83, 0xDE, 0xFB, 0x5A, 0xCB, 0x06,
    0x00, 0x87, 0x08, 0x41, 0x31, 0xA6, 0x42, 0x28, 0x10, 0x82, 0x04, 0x00, 0x89, 0x42, 0x28, 0xDE,
    0xFB, 0xFF, 0xDF, 0xA5, 0x14, 0x08, 0x41, 0x42, 0x00, 0x85, 0x39, 0xE7, 0x9C, 0xF3, 0xEF, 0x7D,
    0x02, 0xFF, 0x85, 0xD6, 0x9A, 0x7B, 0xEF, 0xD6, 0x9A, 0x02, 0xFF, 0x85, 0xEF, 0x7D, 0x8C, 0x51,
    0x10, 0xA2, 0x7B, 0x00, 0x8C, 0x20, 0xAD, 0x75, 0xFF, 0xDF, 0xC6, 0x18, 0x52, 0x8A, 0x94, 0x92,
    0xE7, 0x3C, 0x02, 0xFF, 0x9B, 0xB5, 0xB6, 0x18, 0xE3, 0x10, 0x82, 0x5A, 0xEB, 0xBD, 0xF7, 0xDE,
    0xFB, 0xE7, 0x1C, 0xD6, 0x9A, 0x73, 0x8E, 0x10, 0xA2, 0x9C, 0xF3, 0xFF, 0xDF, 0xEF, 0x5D, 0x5A,
    0xCB, 0x46, 0x00, 0x85, 0x08, 0x41, 0x84, 0x10, 0xEF, 0x5D, 0x02, 0xFF, 0x85, 0xCE, 0x59, 0x5A,
    0xCB, 0xD6, 0x9A, 0x02, 0xFF, 0x85, 0xEF, 0x5D, 0x7B, 0xCF, 0x08, 0x61, 0x79, 0x00, 0x8C, 0x20,
    0xAD, 0x55, 0xFF, 0xDF, 0xC6, 0x18, 0x31, 0x86, 0x18, 0xC3, 0xA5, 0x14, 0x02, 0xFF, 0x87, 0xE7,
    0x1C, 0x39, 0xC7, 0x94, 0x92, 0xEF, 0x5D, 0x08, 0xFF, 0x85, 0xF7, 0xBE, 0xA5, 0x34, 0xEF, 0x5D,
    0x02, 0xFF, 0x83, 0xB5, 0x96, 0x08, 0x61, 0x48, 0x00, 0x8D, 0x08, 0x41, 0x84, 0x10, 0xEF, 0x7D,
    0xFF, 0xDF, 0xB5, 0xB6, 0x42, 0x08, 0xDE, 0xDB, 0x02, 0xFF, 0x85, 0xE7, 0x3C, 0x73, 0xAE, 0x00,
    0x20, 0x78, 0x00, 0x8B, 0x73, 0xAE, 0xF7, 0x9E, 0xF7, 0xBE, 0xA5, 0x34, 0x7B, 0xCF, 0xEF, 0x7D,
    0x02, 0xFF, 0x85, 0xBD, 0xD7, 0x94, 0x92, 0xF7, 0xBE, 0x02, 0xFF, 0x87, 0xE7, 0x1C, 0x9C, 0xF3,
    0x8C, 0x51, 0xDE, 0xFB, 0x06, 0xFF, 0x83, 0xE7, 0x3C, 0x4A, 0x69, 0x4C, 0x00, 0x8D, 0x08, 0x61,
    0x8C, 0x71, 0xF7, 0xBE, 0xF7, 0x9E, 0x73, 0xAE, 0x42, 0x08, 0xDE, 0xFB, 0x02, 0xFF, 0x83, 0xE7,
    0x1C, 0x5A, 0xCB, 0x78, 0x00, 0x89, 0x21, 0x04, 0xB5, 0x96, 0xFF, 0xDF, 0xFF, 0xDF, 0xFF, 0xDF,
    0x02, 0xFF, 0x85, 0xEF, 0x5D, 0xA5, 0x34, 0xF7, 0xBE, 0x02, 0xFF, 0x83, 0xE7, 0x3C, 0x63, 0x2C,
    0x04, 0x00, 0x83, 0x18, 0xC3, 0xDE, 0xFB, 0x03, 0xFF, 0x84, 0xDF, 0x94, 0x92, 0x08, 0x41, 0x4E,
    0x00, 0x83, 0x29, 0x65, 0xC6, 0x18, 0x02, 0xFF, 0x87, 0xCE, 0x79, 0x10, 0xA2, 0x52, 0x8A, 0xE7,
    0x1C, 0x02, 0xFF, 0x83, 0xD6, 0x9A, 0x42, 0x08, 0x78, 0x00, 0x85, 0x29, 0x65, 0xAD, 0x55, 0xFF,
    0xDF, 0x05, 0xFF, 0x82, 0xDF, 0xF7, 0xBE, 0x05, 0xFF, 0x84, 0xDF, 0xDE, 0xDB, 0x63, 0x0C, 0x02,
    0x00, 0x83, 0x10, 0xA2, 0xDE, 0xFB, 0x02, 0xFF, 0x83, 0xE7, 0x3C, 0x52, 0x8A, 0x52, 0x00, 0x93,
    0x6B, 0x4D, 0xEF, 0x7D, 0xF7, 0xBE, 0x7B, 0xEF, 0x00, 0x20, 0x7B, 0xCF, 0xF7, 0x9E, 0xFF, 0xDF,
    0xC6, 0x38, 0x21, 0x24, 0x76, 0x00, 0x8B, 0x08, 0x61, 0x94, 0xB2, 0xF7, 0xBE, 0xF7, 0x9E, 0xDE,
    0xDB, 0xF7, 0xBE, 0x02, 0xFF, 0x85, 0xF7, 0x9E, 0xCE, 0x79, 0xEF, 0x5D, 0x02, 0xFF, 0x85, 0xDE,
    0xDB, 0x63, 0x0C, 0xAD, 0x55, 0x04, 0xFF, 0x83, 0xF7, 0x9E, 0x6B, 0x6D, 0x52, 0x00, 0x83, 0x21,
    0x04, 0xBD, 0xF7, 0x02, 0xFF, 0x8D, 0xCE, 0x59, 0x29, 0x45, 0x08, 0x61, 0x9C, 0xD3, 0xF7, 0xBE,
    0xF7, 0xBE, 0x9C, 0xF3, 0x76, 0x00, 0x8B, 0x5A, 0xCB, 0xE7, 0x1C, 0xFF, 0xDF, 0xAD, 0x75, 0x4A,
    0x49, 0xDE, 0xDB, 0x02, 0xFF, 0x87, 0xB5, 0x96, 0x31, 0x86, 0x73, 0xAE, 0xE7, 0x1C, 0x02, 0xFF,
    0x83, 0xE7, 0x3C, 0xEF, 0x7D, 0x06, 0xFF, 0x83, 0xAD, 0x75, 0x10, 0xA2, 0x52, 0x00, 0x87, 0x63,
    0x2C, 0xF7, 0xBE, 0xF7, 0x9E, 0x6B, 0x4D, 0x02, 0x00, 0x83, 0x21, 0x24, 0xB5, 0xB6, 0x02, 0xFF,
    0x83, 0xEF, 0x7D, 0x73, 0xAE, 0x72, 0x00, 0x91, 0x18, 0xE3, 0xB5, 0xB6, 0xFF, 0xDF, 0xD6, 0xBA,
    0x4A, 0x49, 0x52, 0x8A, 0xEF, 0x7D, 0xF7, 0xBE, 0x73, 0xAE, 0x02, 0x00, 0x85, 0x08, 0x61, 0x7B,
    0xCF, 0xDE, 0xFB, 0x0A, 0xFF, 0x87, 0xEF, 0x5D, 0x6B, 0x4D, 0x21, 0x24, 0x00, 0x20, 0x4E, 0x00,
    0x83, 0x29, 0x65, 0xD6, 0x9A, 0x02, 0xFF, 0x83, 0xA5, 0x14, 0x08, 0x61, 0x02, 0x00, 0x83, 0x4A,
    0x49, 0xD6, 0xBA, 0x02, 0xFF, 0x83, 0xDE, 0xFB, 0x39, 0xC7, 0x70, 0x00, 0x8B, 0x63, 0x2C, 0xEF,
    0x5D, 0xF7, 0x9E, 0x8C, 0x51, 0x00, 0x20, 0x5A, 0xEB, 0x02, 0xFF, 0x83, 0xEF, 0x5D, 0x42, 0x28,
    0x04, 0x00, 0x83, 0x08, 0x41, 0x7B, 0xCF, 0x04, 0xFF, 0x81, 0xF7, 0xBE, 0x06, 0xFF, 0x8B, 0xDE,
    0xFB, 0xBD, 0xF7, 0x94, 0xB2, 0x63, 0x2C, 0x31, 0x86, 0x00, 0x20, 0x48, 0x00, 0x83, 0x08, 0x61,
    0x9C, 0xD3, 0x02, 0xFF, 0x83, 0xCE, 0x59, 0x31, 0x86, 0x04, 0x00, 0x83, 0x63, 0x2C, 0xEF, 0x5D,
    0x02, 0xFF, 0x83, 0xAD, 0x75, 0x18, 0xC3, 0x6C, 0x00, 0x89, 0x10, 0xA2, 0xB5, 0x96, 0xFF, 0xDF,
    0xCE, 0x59, 0x39, 0xC7, 0x02, 0x00, 0x87, 0x5A, 0xCB, 0xFF, 0xDF, 0xEF, 0x7D, 0x52, 0xAA, 0x05,
    0x00, 0x82, 0x20, 0xA5, 0x34, 0x02, 0xFF, 0x87, 0xEF, 0x5D, 0x84, 0x10, 0xBD, 0xD7, 0xE7, 0x1C,
    0x07, 0xFF, 0x8A, 0xDF, 0xEF, 0x7D, 0xCE, 0x59, 0x8C, 0x51, 0x42, 0x28, 0x10, 0xA2, 0x46, 0x00,
    0x87, 0x5A, 0xEB, 0xFF, 0xDF, 0xEF, 0x5D, 0x52, 0xAA, 0x04, 0x00, 0x83, 0x08, 0x61, 0x94, 0xB2,
    0x02, 0xFF, 0x83, 0xF7, 0xBE, 0x6B, 0x4D, 0x6C, 0x00, 0x89, 0x5A, 0xCB, 0xEF, 0x7D, 0xF7, 0xBE,
    0x84, 0x30, 0x00, 0x20, 0x02, 0x00, 0x83, 0x31, 0xA6, 0xDE, 0xDB, 0x02, 0xFF, 0x83, 0xA5, 0x34,
    0x10, 0xA2, 0x02, 0x00, 0x83, 0x31, 0x86, 0xDE, 0xDB, 0x02, 0xFF, 0x91, 0xB5, 0xB6, 0x18, 0xE3,
    0x10, 0x82, 0x5A, 0xCB, 0xE7, 0x3C, 0xFF, 0xDF, 0xD6, 0x9A, 0xD6, 0x9A, 0xF7, 0xBE, 0x03, 0xFF,
    0x88, 0xDF, 0xDE, 0xFB, 0xA5, 0x14, 0x52, 0x8A, 0x08, 0x41, 0x42, 0x00, 0x87, 0x21, 0x24, 0xEF,
    0x5D, 0xF7, 0xBE, 0x73, 0xAE, 0x06, 0x00, 0x83, 0x29, 0x45, 0xCE, 0x79, 0x02, 0xFF, 0x83, 0xCE,
    0x79, 0x31, 0xA6, 0x6A, 0x00, 0x87, 0x84, 0x30, 0xFF, 0xDF, 0xE7, 0x1C, 0x42, 0x28, 0x04, 0x00,
    0x83, 0x08, 0x41, 0x94, 0xB2, 0x02, 0xFF, 0x89, 0xF7, 0x9E, 0xB5, 0x96, 0x94, 0xB2, 0xCE, 0x79,
    0xFF, 0xDF, 0x02, 0xFF, 0x95, 0xEF, 0x5D, 0xDE, 0xDB, 0xD6, 0x9A, 0xD6, 0x9A, 0xF7, 0xBE, 0xFF,
    0xDF, 0xA5, 0x14, 0x31, 0x86, 0x52, 0xAA, 0xB5, 0x96, 0xE7, 0x1C, 0x04, 0xFF, 0x87, 0xEF, 0x5D,
    0xB5, 0x96, 0x4A, 0x49, 0x08, 0x41, 0x3E, 0x00, 0x83, 0x08, 0x61, 0xCE, 0x59, 0x02, 0xFF, 0x81,
    0xAD, 0x75, 0x08, 0x00, 0x89, 0x52, 0xAA, 0xF7, 0x9E, 0xFF, 0xDF, 0x8C, 0x51, 0x08, 0x41, 0x68,
    0x00, 0x87, 0x73, 0x8E, 0xF7, 0xBE, 0xEF, 0x7D, 0x73, 0x8E, 0x06, 0x00, 0x85, 0x29, 0x45, 0xC6,
    0x18, 0xFF, 0xDF, 0x03, 0xFF, 0x80, 0xDF, 0x07, 0xFF, 0x80, 0xDF, 0x0A, 0xFF, 0x8F, 0xF7, 0x9E,
    0xD6, 0x9A, 0x9C, 0xF3, 0x52, 0x8A, 0x4A, 0x49, 0x94, 0x92, 0xD6, 0x9A, 0xFF, 0xDF, 0x02, 0xFF,
    0x87, 0xE7, 0x1C, 0xA5, 0x14, 0x5A, 0xCB, 0x18, 0xC3, 0x3C, 0x00, 0x81, 0xBD, 0xD7, 0x02, 0xFF,
    0x83, 0xC6, 0x18, 0x10, 0x82, 0x07, 0x00, 0x82, 0x20, 0xB5, 0xB6, 0x02, 0xFF, 0x83, 0xD6, 0x9A,
    0x31, 0xA6, 0x68, 0x00, 0x89, 0x29, 0x45, 0xC6, 0x38, 0xFF, 0xDF, 0xB5, 0xB6, 0x18, 0xE3, 0x06,
    0x00, 0x97, 0x31, 0xA6, 0x8C, 0x51, 0xC6, 0x18, 0xCE, 0x79, 0xCE, 0x79, 0xFF, 0xDF, 0xEF, 0x7D,
    0x84, 0x30, 0x8C, 0x51, 0x8C, 0x71, 0xA5, 0x14, 0xEF, 0x7D, 0x03, 0xFF, 0x9E, 0xDF, 0xFF, 0xDF,
    0xFF, 0xDF, 0xE7, 0x1C, 0x84, 0x10, 0x18, 0xC3, 0x42, 0x08, 0x8C, 0x71, 0xDE, 0xDB, 0xFF, 0xDF,
    0xFF, 0xDF, 0xE7, 0x3C, 0xBD, 0xF7, 0x84, 0x10, 0x42, 0x08, 0x10, 0x82, 0x36, 0x00, 0x81, 0x9C,
    0xD3, 0x02, 0xFF, 0x83, 0xD6, 0x9A, 0x31, 0xA6, 0x08, 0x00, 0x87, 0x63, 0x0C, 0xF7, 0x9E, 0xF7,
    0xBE, 0x7B, 0xCF, 0x68, 0x00, 0x83, 0x18, 0xC3, 0xC6, 0x18, 0x02, 0xFF, 0x83, 0xB5, 0xB6, 0x18,
    0xE3, 0x09, 0x00, 0x8C, 0x20, 0x21, 0x24, 0x31, 0x86, 0x73, 0xAE, 0xF7, 0xBE, 0xEF, 0x7D, 0x31,
    0xA6, 0x04, 0x00, 0x8B, 0x4A, 0x49, 0xE7, 0x1C, 0xFF, 0xDF, 0xAD, 0x55, 0xA5, 0x14, 0xE7, 0x1C,
    0x02, 0xFF, 0x83, 0xD6, 0xBA, 0x42, 0x08, 0x02, 0x00, 0x89, 0x08, 0x61, 0x4A, 0x69, 0x9C, 0xD3,
    0xCE, 0x79, 0xF7, 0x9E, 0x02, 0xFF, 0x8D, 0xF7, 0xBE, 0xDE, 0xDB, 0xAD, 0x75, 0x84, 0x10, 0x5A,
    0xEB, 0x31, 0xA6, 0x18, 0xE3, 0x0C, 0x00, 0x89, 0x18, 0xE3, 0x42, 0x08, 0x52, 0x8A, 0x31, 0xA6,
    0x08, 0x41, 0x18, 0x00, 0x87, 0x63, 0x2C, 0xFF, 0xDF, 0xEF, 0x5D, 0x5A, 0xCB, 0x08, 0x00, 0x83,
    0x08, 0x61, 0xCE, 0x79, 0x02, 0xFF, 0x83, 0xBD, 0xD7, 0x10, 0x82, 0x66, 0x00, 0x80, 0x39, 0x02,
    0xE7, 0x8C, 0x1C, 0xFF, 0xDF, 0x8C, 0x71, 0x00, 0x20, 0x18, 0xC3, 0x21, 0x04, 0x08, 0x41, 0x08,
    0x00, 0x89, 0x52, 0xAA, 0xEF, 0x5D, 0xFF, 0xDF, 0x8C, 0x71, 0x10, 0x82, 0x02, 0x00, 0x8B, 0x7B,
    0xEF, 0xF7, 0xBE, 0xEF, 0x7D, 0x6B, 0x6D, 0x84, 0x10, 0xD6, 0xBA, 0x02, 0xFF, 0x83, 0xDE, 0xFB,
    0x4A, 0x49, 0x06, 0x00, 0x8B, 0x08, 0x61, 0x39, 0xE7, 0x7B, 0xEF, 0xBD, 0xF7, 0xE7, 0x3C, 0xFF,
    0xDF, 0x02, 0xFF, 0x8D, 0xF7, 0xBE, 0xEF, 0x5D, 0xD6, 0x9A, 0xB5, 0xB6, 0x94, 0x92, 0x5A, 0xCB,
    0x18, 0xE3, 0x02, 0x00, 0x8F, 0x18, 0xC3, 0x6B, 0x6D, 0xBD, 0xD7, 0xDE, 0xDB, 0xE7, 0x1C, 0xCE,
    0x79, 0x84, 0x10, 0x18, 0xE3, 0x16, 0x00, 0x87, 0x42, 0x28, 0xFF, 0xDF, 0xF7, 0xBE, 0x6B, 0x4D,
    0x0A, 0x00, 0x87, 0x9C, 0xD3, 0xFF, 0xDF, 0xE7, 0x1C, 0x31, 0xA6, 0x66, 0x00, 0x91, 0x29, 0x65,
    0xD6, 0x9A, 0xFF, 0xDF, 0xBD, 0xD7, 0x6B, 0x6D, 0xAD, 0x55, 0xC6, 0x18, 0x8C, 0x71, 0x31, 0xA6,
    0x06, 0x00, 0x83, 0x21, 0x04, 0xBD, 0xD7, 0x02, 0xFF, 0x87, 0xEF, 0x7D, 0x9C, 0xF3, 0x7B, 0xCF,
    0xB5, 0xB6, 0x02, 0xFF, 0x85, 0xF7, 0xBE, 0xDE, 0xFB, 0xF7, 0xBE, 0x02, 0xFF, 0x85, 0xEF, 0x7D,
    0x9C, 0xD3, 0x18, 0xE3, 0x0C, 0x00, 0x8D, 0x18, 0xC3, 0x52, 0xAA, 0x94, 0x92, 0xBD, 0xF7, 0xDE,
    0xDB, 0xEF, 0x5D, 0xFF, 0xDF, 0x04, 0xFF, 0x89, 0xE7, 0x3C, 0xB5, 0x96, 0x6B, 0x4D, 0x9C, 0xF3,
    0xEF, 0x7D, 0x02, 0xFF, 0x83, 0xF7, 0xBE, 0xEF, 0x7D, 0x02, 0xFF, 0x85, 0xEF, 0x7D, 0x7B, 0xEF,
    0x08, 0x41, 0x14, 0x00, 0x87, 0x39, 0xE7, 0xFF, 0xDF, 0xF7, 0xBE, 0x6B, 0x4D, 0x0A, 0x00, 0x87,
    0x63, 0x0C, 0xEF, 0x7D, 0xEF, 0x7D, 0x6B, 0x4D, 0x67, 0x00, 0x88, 0x20, 0x8C, 0x71, 0xF7, 0x9E,
    0xFF, 0xDF, 0xEF, 0x7D, 0x05, 0xFF, 0x84, 0xDF, 0xBD, 0xD7, 0x31, 0x86, 0x06, 0x00, 0x85, 0x4A,
    0x49, 0xCE, 0x59, 0xFF, 0xDF, 0x03, 0xFF, 0x82, 0xDF, 0xFF, 0xDF, 0x06, 0xFF, 0x87, 0xEF, 0x7D,
    0xC6, 0x18, 0x73, 0xAE, 0x18, 0xC3, 0x14, 0x00, 0x8D, 0x10, 0xA2, 0x39, 0xE7, 0x63, 0x2C, 0x8C,
    0x51, 0xBD, 0xD7, 0xDE, 0xDB, 0xFF, 0xDF, 0x02, 0xFF, 0x93, 0xEF, 0x7D, 0xFF, 0xDF, 0xFF, 0xDF,
    0xCE, 0x79, 0x84, 0x10, 0x6B, 0x6D, 0xC6, 0x38, 0xFF, 0xDF, 0xD6, 0x9A, 0x39, 0xC7, 0x14, 0x00,
    0x8D, 0x39, 0xE7, 0xFF, 0xDF, 0xFF, 0xDF, 0x8C, 0x51, 0x5A, 0xEB, 0x42, 0x28, 0x08, 0x61, 0x04,
    0x00, 0x87, 0x31, 0x86, 0xE7, 0x1C, 0xFF, 0xDF, 0x84, 0x10, 0x68, 0x00, 0x91, 0x18, 0xC3, 0x8C,
    0x71, 0xDE, 0xFB, 0xF7, 0x9E, 0xE7, 0x3C, 0xCE, 0x59, 0xF7, 0xBE, 0xFF, 0xDF, 0x8C, 0x51, 0x08,
    0x00, 0x8B, 0x31, 0xA6, 0x9C, 0xF3, 0xD6, 0x9A, 0xDE, 0xFB, 0xE7, 0x1C, 0xEF, 0x7D, 0x03, 0xFF,
    0x84, 0xDF, 0xA5, 0x34, 0x10, 0x82, 0x22, 0x00, 0x8D, 0x29, 0x65, 0x8C, 0x51, 0xD6, 0x9A, 0xEF,
    0x7D, 0xDE, 0xFB, 0x9C, 0xF3, 0x21, 0x24, 0x04, 0x00, 0x87, 0x63, 0x0C, 0xE7, 0x3C, 0xF7, 0xBE,
    0x84, 0x10, 0x14, 0x00, 0x83, 0x4A, 0x69, 0xFF, 0xDF, 0x06, 0xFF, 0x85, 0xE7, 0x3C, 0x9C, 0xF3,
    0x10, 0xA2, 0x02, 0x00, 0x87, 0x29, 0x45, 0xE7, 0x1C, 0xFF, 0xDF, 0x84, 0x30, 0x6C, 0x00, 0x89,
    0x31, 0x86, 0x52, 0xAA, 0x42, 0x28, 0x84, 0x10, 0xF7, 0xBE, 0x02, 0xFF, 0x81, 0x94, 0xB2, 0x0C,
    0x00, 0x8F, 0x08, 0x41, 0x21, 0x24, 0x29, 0x65, 0x5A, 0xEB, 0xC6, 0x18, 0xFF, 0xDF, 0xEF, 0x5D,
    0x4A, 0x49, 0x26, 0x00, 0x85, 0x21, 0x04, 0x4A, 0x49, 0x29, 0x65, 0x08, 0x00, 0x83, 0x08, 0x41,
    0xBD, 0xF7, 0x02, 0xFF, 0x83, 0xB5, 0xB6, 0x08, 0x61, 0x10, 0x00, 0x83, 0x42, 0x08, 0xC6, 0x38,
    0x04, 0xFF, 0x85, 0xEF, 0x7D, 0xEF, 0x5D, 0xFF, 0xDF, 0x02, 0xFF, 0x81, 0xA5, 0x34, 0x02, 0x00,
    0x80, 0x39, 0x02, 0xE7, 0x84, 0x3C, 0xF7, 0xBE, 0x7B, 0xEF, 0x70, 0x00, 0x83, 0x39, 0xC7, 0xD6,
    0x9A, 0x02, 0xFF, 0x83, 0xCE, 0x59, 0x39, 0xE7, 0x14, 0x00, 0x83, 0x52, 0x8A, 0xDE, 0xDB, 0x02,
    0xFF, 0x83, 0xB5, 0xB6, 0x08, 0x61, 0x34, 0x00, 0x87, 0x8C, 0x71, 0xF7, 0xBE, 0xD6, 0xBA, 0x29,
    0x65, 0x0E, 0x00, 0x83, 0x4A, 0x49, 0xD6, 0x9A, 0x05, 0xFF, 0x86, 0xDF, 0x8C, 0x51, 0x4A, 0x69,
    0xB5, 0x96, 0x02, 0xFF, 0x8B, 0xEF, 0x7D, 0x21, 0x04, 0x7B, 0xCF, 0xF7, 0x9E, 0xEF, 0x5D, 0x52,
    0xAA, 0x70, 0x00, 0x87, 0x52, 0xAA, 0xE7, 0x3C, 0xF7, 0x9E, 0x63, 0x2C, 0x16, 0x00, 0x89, 0x08,
    0x41, 0x8C, 0x51, 0xF7, 0xBE, 0xF7, 0x9E, 0x5A, 0xEB, 0x34, 0x00, 0x87, 0x73, 0xAE, 0xF7, 0x9E,
    0xEF, 0x5D, 0x39, 0xE7, 0x0C, 0x00, 0x83, 0x39, 0xE7, 0xC6, 0x38, 0x02, 0xFF, 0x87, 0xEF, 0x5D,
    0xEF, 0x5D, 0xFF, 0xDF, 0x9C, 0xF3, 0x02, 0x00, 0x8F, 0x6B, 0x4D, 0xFF, 0xDF, 0xFF, 0xDF, 0x42,
    0x08, 0x94, 0xB2, 0xFF, 0xDF, 0xE7, 0x1C, 0x29, 0x45, 0x70, 0x00, 0x87, 0x63, 0x0C, 0xEF, 0x7D,
    0xE7, 0x3C, 0x42, 0x08, 0x18, 0x00, 0x83, 0x39, 0xE7, 0xCE, 0x79, 0x02, 0xFF, 0x83, 0xD6, 0x9A,
    0x39, 0xC7, 0x32, 0x00, 0x87, 0x7B, 0xCF, 0xF7, 0x9E, 0xE7, 0x3C, 0x39, 0xC7, 0x0A, 0x00, 0x8B,
    0x18, 0xC3, 0xA5, 0x14, 0xFF, 0xDF, 0xEF, 0x7D, 0x7B, 0xEF, 0xB5, 0x96, 0x02, 0xFF, 0x85, 0xE7,
    0x1C, 0x9C, 0xD3, 0xBD, 0xF7, 0x02, 0xFF, 0x85, 0xEF, 0x7D, 0x29, 0x45, 0xA5, 0x34, 0x02, 0xFF,
    0x83, 0xD6, 0x9A, 0x10, 0xA2, 0x6F, 0x00, 0x88, 0x20, 0x84, 0x10, 0xFF, 0xDF, 0xDE, 0xDB, 0x21,
    0x04, 0x1A, 0x00, 0x83, 0x6B, 0x6D, 0xEF, 0x5D, 0x02, 0xFF, 0x89, 0xAD, 0x75, 0x6B, 0x4D, 0x6B,
    0x4D, 0x4A, 0x49, 0x00, 0x20, 0x03, 0x00, 0x8C, 0x20, 0x21, 0x24, 0x4A, 0x69, 0x5A, 0xCB, 0x52,
    0x8A, 0x31, 0x86, 0x08, 0x61, 0x1A, 0x00, 0x87, 0xA5, 0x34, 0xFF, 0xDF, 0xCE, 0x59, 0x21, 0x04,
    0x0A, 0x00, 0x8D, 0x5A, 0xEB, 0xE7, 0x3C, 0xFF, 0xDF, 0xA5, 0x34, 0x08, 0x41, 0x5A, 0xEB, 0xE7,
    0x3C, 0x06, 0xFF, 0x83, 0xF7, 0xBE, 0xAD, 0x75, 0x02, 0x00, 0x81, 0xB5, 0x96, 0x02, 0xFF, 0x83,
    0xBD, 0xD7, 0x10, 0x82, 0x6E, 0x00, 0x83, 0x18, 0xC3, 0xAD, 0x75, 0x02, 0xFF, 0x81, 0xC6, 0x38,
    0x1C, 0x00, 0xA3, 0x10, 0x82, 0x94, 0xB2, 0xF7, 0xBE, 0xFF, 0xDF, 0xF7, 0x9E, 0xF7, 0x9E, 0xDE,
    0xDB, 0x73, 0x8E, 0x5A, 0xEB, 0xB5, 0x96, 0xD6, 0x9A, 0xE7, 0x3C, 0xEF, 0x5D, 0xE7, 0x3C, 0xD6,
    0xBA, 0xC6, 0x18, 0x7B, 0xEF, 0x39, 0xE7, 0x14, 0x00, 0x83, 0x31, 0xA6, 0xCE, 0x79, 0x02, 0xFF,
    0x83, 0xA5, 0x34, 0x00, 0x20, 0x08, 0x00, 0x83, 0x10, 0x82, 0xA5, 0x34, 0x02, 0xFF, 0x83, 0xDE,
    0xFB, 0x39, 0xE7, 0x03, 0x00, 0x8C, 0x20, 0x73, 0x8E, 0xD6, 0x9A, 0xE7, 0x3C, 0xDE, 0xFB, 0x94,
    0xB2, 0x18, 0xE3, 0x02, 0x00, 0x81, 0xAD, 0x75, 0x02, 0xFF, 0x83, 0xC6, 0x38, 0x10, 0x82, 0x6E,
    0x00, 0x87, 0x39, 0xE7, 0xDE, 0xFB, 0xFF, 0xDF, 0x8C, 0x51, 0x1E, 0x00, 0x89, 0x18, 0xC3, 0x9C,
    0xF3, 0xEF, 0x5D, 0xF7, 0xBE, 0xF7, 0xBE, 0x02, 0xFF, 0x83, 0xEF, 0x7D, 0xF7, 0x9E, 0x05, 0xFF,
    0x84, 0xDF, 0xF7, 0xBE, 0xFF, 0xDF, 0x06, 0xFF, 0x85, 0xDE, 0xDB, 0x84, 0x10, 0x29, 0x45, 0x0F,
    0x00, 0x88, 0x20, 0x8C, 0x51, 0xF7, 0xBE, 0xEF, 0x7D, 0x63, 0x2C, 0x0A, 0x00, 0x83, 0x42, 0x08,
    0xE7, 0x1C, 0x02, 0xFF, 0x87, 0xD6, 0x9A, 0x94, 0xB2, 0x6B, 0x6D, 0x31, 0xA6, 0x03, 0x00, 0x84,
    0x20, 0x10, 0xA2, 0x08, 0x41, 0x06, 0x00, 0x81, 0xA5, 0x14, 0x02, 0xFF, 0x83, 0xDE, 0xFB, 0x18,
    0xC3, 0x6E, 0x00, 0x87, 0x63, 0x0C, 0xEF, 0x5D, 0xEF, 0x7D, 0x5A, 0xCB, 0x22, 0x00, 0x87, 0x31,
    0xA6, 0x42, 0x28, 0x84, 0x30, 0xF7, 0x9E, 0x04, 0xFF, 0x8D, 0xE7, 0x1C, 0xAD, 0x55, 0x73, 0xAE,
    0x5A, 0xEB, 0x6B, 0x6D, 0x9C, 0xF3, 0xCE, 0x59, 0x06, 0xFF, 0x83, 0xCE, 0x79, 0x4A, 0x49, 0x0C,
    0x00, 0x83, 0x6B, 0x4D, 0xE7, 0x3C, 0x02, 0xFF, 0x83, 0xB5, 0xB6, 0x18, 0xE3, 0x08, 0x00, 0x85,
    0x63, 0x2C, 0xCE, 0x79, 0xFF, 0xDF, 0x08, 0xFF, 0x83, 0xD6, 0xBA, 0x4A, 0x69, 0x0C, 0x00, 0x87,
    0x94, 0xB2, 0xFF, 0xDF, 0xDE, 0xFB, 0x18, 0xE3, 0x6E, 0x00, 0x87, 0x52, 0x8A, 0xE7, 0x3C, 0xFF,
    0xDF, 0x8C, 0x71, 0x24, 0x00, 0x83, 0x52, 0x8A, 0xDE, 0xDB, 0x04, 0xFF, 0x83, 0xD6, 0x9A, 0x21,
    0x04, 0x0C, 0x00, 0x85, 0x42, 0x28, 0xC6, 0x18, 0xFF, 0xDF, 0x02, 0xFF, 0x83, 0xE7, 0x3C, 0x5A,
    0xCB, 0x08, 0x00, 0x83, 0x73, 0x8E, 0xEF, 0x5D, 0x02, 0xFF, 0x83, 0xDE, 0xFB, 0x5A, 0xCB, 0x06,
    0x00, 0x85, 0x08, 0x41, 0x9C, 0xD3, 0xFF, 0xDF, 0x05, 0xFF, 0x86, 0xDF, 0xDE, 0xDB, 0xD6, 0xBA,
    0xF7, 0xBE, 0x02, 0xFF, 0x83, 0xB5, 0x96, 0x00, 0x20, 0x0A, 0x00, 0x87, 0x94, 0xB2, 0xFF, 0xDF,
    0xE7, 0x1C, 0x21, 0x24, 0x6E, 0x00, 0x83, 0x18, 0xE3, 0xAD, 0x75, 0x02, 0xFF, 0x83, 0xEF, 0x5D,
    0x52, 0x8A, 0x20, 0x00, 0x83, 0x18, 0xE3, 0xBD, 0xD7, 0x02, 0xFF, 0x89, 0xEF, 0x7D, 0xFF, 0xDF,
    0xF7, 0xBE, 0xA5, 0x14, 0x21, 0x04, 0x0C, 0x00, 0x85, 0x18, 0xC3, 0x7B, 0xCF, 0xEF, 0x7D, 0x02,
    0xFF, 0x83, 0xD6, 0xBA, 0x39, 0xC7, 0x02, 0x00, 0x85, 0x31, 0xA6, 0xA5, 0x34, 0xF7, 0x9E, 0x02,
    0xFF, 0x85, 0xDE, 0xFB, 0x63, 0x0C, 0x00, 0x20, 0x06, 0x00, 0x91, 0x73, 0x8E, 0xF7, 0x9E, 0xFF,
    0xDF, 0xE7, 0x3C, 0xFF, 0xDF, 0xEF, 0x7D, 0x6B, 0x4D, 0x29, 0x45, 0xBD, 0xF7, 0x02, 0xFF, 0x83,
    0xC6, 0x38, 0x18, 0xE3, 0x0A, 0x00, 0x87, 0x94, 0x92, 0xFF, 0xDF, 0xE7, 0x1C, 0x29, 0x65, 0x70,
    0x00, 0x83, 0x4A, 0x69, 0xDE, 0xDB, 0x02, 0xFF, 0x83, 0xA5, 0x14, 0x08, 0x61, 0x1E, 0x00, 0x89,
    0x4A, 0x69, 0xE7, 0x1C, 0xF7, 0xBE, 0x94, 0x92, 0xBD, 0xF7, 0x03, 0xFF, 0x84, 0xDF, 0xA5, 0x14,
    0x18, 0xC3, 0x0D, 0x00, 0x96, 0x20, 0x84, 0x10, 0xF7, 0x9E, 0xFF, 0xDF, 0xA5, 0x14, 0x94, 0xB2,
    0xDE, 0xFB, 0xFF, 0xDF, 0xFF, 0xDF, 0xD6, 0xBA, 0x63, 0x0C, 0x08, 0x41, 0x06, 0x00, 0x83, 0x08,
    0x61, 0xC6, 0x38, 0x02, 0xFF, 0x85, 0xC6, 0x38, 0x63, 0x0C, 0xDE, 0xFB, 0x02, 0xFF, 0x85, 0xC6,
    0x18, 0x5A, 0xEB, 0xD6, 0xBA, 0x02, 0xFF, 0x83, 0xBD, 0xF7, 0x08, 0x61, 0x0A, 0x00, 0x87, 0x94,
    0xB2, 0xFF, 0xDF, 0xE7, 0x1C, 0x21, 0x24, 0x70, 0x00, 0x83, 0x10, 0x82, 0x9C, 0xF3, 0x02, 0xFF,
    0x83, 0xBD, 0xF7, 0x18, 0xE3, 0x1E, 0x00, 0x91, 0x73, 0xAE, 0xF7, 0x9E, 0xDE, 0xFB, 0x4A, 0x69,
    0x42, 0x08, 0xB5, 0x96, 0xFF, 0xDF, 0xE7, 0x1C, 0x42, 0x28, 0x09, 0x00, 0x88, 0x20, 0x39, 0xE7,
    0x6B, 0x4D, 0x73, 0xAE, 0xE7, 0x1C, 0x02, 0xFF, 0x83, 0xF7, 0xBE, 0xFF, 0xDF, 0x02, 0xFF, 0x85,
    0xEF, 0x7D, 0xA5, 0x14, 0x42, 0x08, 0x0A, 0x00, 0x91, 0x31, 0x86, 0xE7, 0x1C, 0xF7, 0xBE, 0x84,
    0x10, 0x08, 0x61, 0x8C, 0x51, 0xF7, 0x9E, 0xFF, 0xDF, 0xEF, 0x5D, 0x02, 0xFF, 0x83, 0xEF, 0x7D,
    0x7B, 0xCF, 0x0C, 0x00, 0x81, 0xAD, 0x55, 0x02, 0xFF, 0x83, 0xDE, 0xDB, 0x18, 0xC3, 0x70, 0x00,
    0x83, 0x08, 0x41, 0x84, 0x30, 0x02, 0xFF, 0x83, 0xC6, 0x38, 0x21, 0x24, 0x1E, 0x00, 0x91, 0x6B,
    0x6D, 0xF7, 0x9E, 0xE7, 0x3C, 0x6B, 0x6D, 0x42, 0x28, 0x8C, 0x71, 0xFF, 0xDF, 0xEF, 0x5D, 0x4A,
    0x69, 0x04, 0x00, 0x8D, 0x08, 0x41, 0x5A, 0xEB, 0xB5, 0xB6, 0xD6, 0xBA, 0xEF, 0x7D, 0xF7, 0x9E,
    0xFF, 0xDF, 0x04, 0xFF, 0x87, 0xEF, 0x5D, 0xB5, 0xB6, 0x63, 0x0C, 0x08, 0x61, 0x0C, 0x00, 0x87,
    0x31, 0x86, 0xE7, 0x1C, 0xF7, 0xBE, 0x7B, 0xCF, 0x02, 0x00, 0x8D, 0x21, 0x24, 0x9C, 0xD3, 0xEF,
    0x5D, 0xF7, 0xBE, 0xEF, 0x5D, 0x9C, 0xF3, 0x21, 0x04, 0x0A, 0x00, 0x83, 0x18, 0xC3, 0xDE, 0xFB,
    0x02, 0xFF, 0x83, 0xA5, 0x14, 0x08, 0x41, 0x70, 0x00, 0x83, 0x08, 0x61, 0x9C, 0xD3, 0x02, 0xFF,
    0x83, 0xBD, 0xF7, 0x18, 0xE3, 0x1E, 0x00, 0x8B, 0x42, 0x08, 0xD6, 0xBA, 0xFF, 0xDF, 0xDE, 0xFB,
    0xD6, 0xBA, 0xF7, 0x9E, 0x02, 0xFF, 0x83, 0xC6, 0x38, 0x29, 0x65, 0x04, 0x00, 0x83, 0x63, 0x2C,
    0xDE, 0xFB, 0x03, 0xFF, 0x94, 0xDF, 0xF7, 0xBE, 0xF7, 0x9E, 0xE7, 0x3C, 0xFF, 0xDF, 0xF7, 0x9E,
    0x7B, 0xEF, 0x7B, 0xCF, 0x94, 0x92, 0x7B, 0xCF, 0x21, 0x24, 0x0A, 0x00, 0x83, 0x10, 0x82, 0xCE,
    0x59, 0x02, 0xFF, 0x83, 0xB5, 0xB6, 0x29, 0x65, 0x02, 0x00, 0x89, 0x10, 0x82, 0x52, 0x8A, 0x7B,
    0xEF, 0x52, 0xAA, 0x08, 0x61, 0x0C, 0x00, 0x87, 0x7B, 0xCF, 0xF7, 0xBE, 0xF7, 0x9E, 0x6B, 0x4D,
    0x72, 0x00, 0x83, 0x10, 0xA2, 0xAD, 0x75, 0x02, 0xFF, 0x83, 0xAD, 0x75, 0x10, 0x82, 0x20, 0x00,
    0x8D, 0x7B, 0xEF, 0xE7, 0x1C, 0xFF, 0xDF, 0xFF, 0xDF, 0xF7, 0xBE, 0xC6, 0x38, 0x52, 0x8A, 0x04,
    0x00, 0x83, 0x10, 0x82, 0xB5, 0x96, 0x02, 0xFF, 0x8E, 0xEF, 0x5D, 0x9C, 0xF3, 0x5A, 0xEB, 0x42,
    0x08, 0x94, 0x92, 0xFF, 0xDF, 0xEF, 0x7D, 0xBD, 0x02, 0xF7, 0x88, 0x9E, 0xFF, 0xDF, 0xF7, 0x9E,
    0xA5, 0x14, 0x18, 0xE3, 0x0A, 0x00, 0x89, 0x7B, 0xEF, 0xF7, 0x9E, 0xF7, 0x9E, 0x9C, 0xF3, 0x31,
    0x86, 0x14, 0x00, 0x83, 0x31, 0x86, 0xD6, 0xBA, 0x02, 0xFF, 0x83, 0xC6, 0x18, 0x21, 0x24, 0x72,
    0x00, 0x83, 0x21, 0x04, 0xBD, 0xF7, 0x02, 0xFF, 0x83, 0x9C, 0xF3, 0x08, 0x41, 0x21, 0x00, 0x8A,
    0x20, 0x42, 0x08, 0x84, 0x30, 0x8C, 0x51, 0x4A, 0x69, 0x10, 0xA2, 0x06, 0x00, 0x87, 0x18, 0xE3,
    0xDE, 0xDB, 0xFF, 0xDF, 0xA5, 0x34, 0x06, 0x00, 0x81, 0x9C, 0xD3, 0x05, 0xFF, 0x80, 0xDF, 0x02,
    0xFF, 0x81, 0xDE, 0xFB, 0x02, 0xFF, 0x83, 0xEF, 0x5D, 0x5A, 0xEB, 0x0A, 0x00, 0x8D, 0x21, 0x04,
    0xB5, 0xB6, 0xFF, 0xDF, 0xF7, 0xBE, 0xC6, 0x18, 0x6B, 0x4D, 0x18, 0xC3, 0x0E, 0x00, 0x83, 0x42,
    0x08, 0xC6, 0x38, 0x02, 0xFF, 0x83, 0xEF, 0x7D, 0x63, 0x2C, 0x74, 0x00, 0x87, 0x39, 0xE7, 0xD6,
    0xBA, 0xFF, 0xDF, 0x7B, 0xCF, 0x34, 0x00, 0x83, 0x08, 0x61, 0xAD, 0x55, 0x02, 0xFF, 0x83, 0xDE,
    0xDB, 0x42, 0x28, 0x04, 0x00, 0x81, 0x94, 0xB2, 0x06, 0xFF, 0x85, 0xC6, 0x18, 0x31, 0x86, 0xDE,
    0xDB, 0x02, 0xFF, 0x83, 0x84, 0x30, 0x00, 0x20, 0x0A, 0x00, 0x85, 0x21, 0x24, 0xA5, 0x14, 0xEF,
    0x7D, 0x02, 0xFF, 0x93, 0xF7, 0x9E, 0xD6, 0x9A, 0xA5, 0x14, 0x7B, 0xCF, 0x52, 0xAA, 0x39, 0xE7,
    0x4A, 0x69, 0x73, 0xAE, 0xA5, 0x14, 0xE7, 0x1C, 0x02, 0xFF, 0x85, 0xF7, 0xBE, 0x84, 0x10, 0x08,
    0x41, 0x74, 0x00, 0x87, 0x52, 0xAA, 0xE7, 0x3C, 0xF7, 0x9E, 0x52, 0xAA, 0x36, 0x00, 0x8F, 0x5A,
    0xEB, 0xE7, 0x1C, 0xFF, 0xDF, 0xDE, 0xDB, 0x6B, 0x4D, 0x08, 0x61, 0x5A, 0xCB, 0xEF, 0x7D, 0x03,
    0xFF, 0x86, 0xDF, 0x84, 0x10, 0x08, 0x61, 0xD6, 0x9A, 0x02, 0xFF, 0x83, 0x8C, 0x71, 0x08, 0x41,
    0x0C, 0x00, 0x87, 0x18, 0xC3, 0x6B, 0x6D, 0xC6, 0x18, 0xEF, 0x7D, 0x05, 0xFF, 0x88, 0xDF, 0xEF,
    0x5D, 0xE7, 0x1C, 0xE7, 0x3C, 0xFF, 0xDF, 0x04, 0xFF, 0x82, 0xE7, 0x1C, 0x84, 0x02, 0x10, 0x80,
    0xA2, 0x76, 0x00, 0x87, 0x7B, 0xCF, 0xFF, 0xDF, 0xDE, 0xFB, 0x29, 0x65, 0x36, 0x00, 0x85, 0x10,
    0x82, 0x7B, 0xEF, 0xE7, 0x1C, 0x02, 0xFF, 0x87, 0xEF, 0x5D, 0x8C, 0x71, 0x21, 0x24, 0xC6, 0x38,
    0x03, 0xFF, 0x8A, 0xDF, 0xA5, 0x34, 0x73, 0xAE, 0xEF, 0x7D, 0xF7, 0xBE, 0x73, 0xAE, 0x11, 0x00,
    0x9A, 0x20, 0x29, 0x65, 0x63, 0x2C, 0x9C, 0xD3, 0xD6, 0x9A, 0xE7, 0x1C, 0xEF, 0x5D, 0xEF, 0x7D,
    0xEF, 0x7D, 0xE7, 0x1C, 0xD6, 0xBA, 0x94, 0xB2, 0x4A, 0x69, 0x08, 0x41, 0x76, 0x00, 0x83, 0x10,
    0x82, 0x9C, 0xF3, 0x02, 0xFF, 0x83, 0xCE, 0x59, 0x00, 0x20, 0x38, 0x00, 0x8F, 0x10, 0x82, 0x63,
    0x0C, 0xCE, 0x79, 0xFF, 0xDF, 0xEF, 0x7D, 0x84, 0x30, 0x94, 0x92, 0xFF, 0xDF, 0x03, 0xFF, 0x82,
    0xDF, 0xF7, 0x9E, 0x02, 0xFF, 0x83, 0xD6, 0xBA, 0x42, 0x08, 0x16, 0x00, 0x91, 0x08, 0x61, 0x29,
    0x45, 0x42, 0x28, 0x63, 0x0C, 0x6B, 0x6D, 0x63, 0x2C, 0x4A, 0x49, 0x29, 0x65, 0x08, 0x61, 0x7A,
    0x00, 0x87, 0x31, 0xA6, 0xD6, 0x9A, 0xFF, 0xDF, 0x9C, 0xF3, 0x3D, 0x00, 0x84, 0x20, 0x42, 0x08,
    0xC6, 0x38, 0x02, 0xFF, 0x83, 0xDE, 0xFB, 0xAD, 0x55, 0x02, 0xFF, 0x8B, 0xEF, 0x7D, 0xE7, 0x3C,
    0xEF, 0x7D, 0xCE, 0x79, 0x6B, 0x6D, 0x08, 0x41, 0x7F, 0x00, 0x23, 0x00, 0x87, 0x73, 0x8E, 0xEF,
    0x7D, 0xEF, 0x7D, 0x63, 0x2C, 0x40, 0x00, 0x87, 0x4A, 0x69, 0xFF, 0xDF, 0xFF, 0xDF, 0xDE, 0xFB,
    0x02, 0xFF, 0x89, 0xBD, 0xF7, 0x4A, 0x49, 0x52, 0x8A, 0x31, 0x86, 0x00, 0x20, 0x7F, 0x00, 0x23,
    0x00, 0x83, 0x10, 0xA2, 0xAD, 0x55, 0x02, 0xFF, 0x83, 0xCE, 0x59, 0x10, 0xA2, 0x40, 0x00, 0x83,
    0x31, 0x86, 0xFF, 0xDF, 0x05, 0xFF, 0x82, 0xDF, 0x94, 0x92, 0x7F, 0x00, 0x2B, 0x00, 0x87, 0x39,
    0xC7, 0xD6, 0x9A, 0xFF, 0xDF, 0x8C, 0x71, 0x42, 0x00, 0x83, 0x4A, 0x49, 0xFF, 0xDF, 0x04, 0xFF,
    0x83, 0xE7, 0x3C, 0x42, 0x08, 0x7F, 0x00, 0x2B, 0x00, 0x87, 0x63, 0x2C, 0xEF, 0x7D, 0xE7, 0x3C,
    0x5A, 0xCB, 0x42, 0x00, 0x83, 0x29, 0x65, 0xE7, 0x3C, 0x02, 0xFF, 0x83, 0xEF, 0x7D, 0x84, 0x30,
    0x7F, 0x00, 0x2D, 0x00, 0x8B, 0x73, 0xAE, 0xF7, 0x9E, 0xDE, 0xFB, 0x42, 0x08, 0x00, 0x20, 0x00,
    0x20, 0x3F, 0x00, 0x88, 0x20, 0x6B, 0x4D, 0x9C, 0xD3, 0x73, 0x8E, 0x10, 0xA2, 0x7F, 0x00, 0x2D,
    0x00, 0x91, 0x6B, 0x4D, 0xEF, 0x7D, 0xF7, 0x9E, 0xB5, 0xB6, 0xA5, 0x14, 0xA5, 0x14, 0x84, 0x30,
    0x52, 0x8A, 0x08, 0x61, 0x3C, 0x00, 0x81, 0x08, 0x41, 0x7F, 0x00, 0x31, 0x00, 0x85, 0x31, 0xA6,
    0xC6, 0x18, 0xFF, 0xDF, 0x03, 0xFF, 0x88, 0xDF, 0xFF, 0xDF, 0xF7, 0xBE, 0xE7, 0x1C, 0x7B, 0xEF,
    0x7F, 0x00, 0x71, 0x00, 0x8B, 0x42, 0x28, 0x9C, 0xF3, 0xBD, 0xF7, 0xC6, 0x18, 0xC6, 0x18, 0xDE,
    0xFB, 0x02, 0xFF, 0x83, 0xD6, 0xBA, 0x42, 0x08, 0x25, 0x00, 0x88, 0x20, 0x39, 0xC7, 0x6B, 0x6D,
    0x5A, 0xCB, 0x10, 0xA2, 0x7F, 0x00, 0x45, 0x00, 0x8D, 0x10, 0x82, 0x10, 0xA2, 0x18, 0xC3, 0x63,
    0x0C, 0xEF, 0x7D, 0xF7, 0x9E, 0x73, 0xAE, 0x22, 0x00, 0x8B, 0x18, 0xC3, 0x7B, 0xCF, 0xD6, 0xBA,
    0xEF, 0x7D, 0xDE, 0xFB, 0x63, 0x0C, 0x7F, 0x00, 0x4B, 0x00, 0x87, 0x21, 0x04, 0xD6, 0xBA, 0xF7,
    0xBE, 0x8C, 0x71, 0x20, 0x00, 0x85, 0x18, 0xE3, 0x94, 0x92, 0xF7, 0x9E, 0x04, 0xFF, 0x83, 0xF7,
    0xBE, 0x84, 0x10, 0x7F, 0x00, 0x4B, 0x00, 0x83, 0x10, 0xA2, 0xC6, 0x18, 0x02, 0xFF, 0x81, 0xAD,
    0x75, 0x1E, 0x00, 0x85, 0x08, 0x61, 0x84, 0x30, 0xF7, 0x9E, 0x02, 0xFF, 0x81, 0xF7, 0xBE, 0x02,
    0xFF, 0x83, 0xEF, 0x7D, 0x6B, 0x4D, 0x7F, 0x00, 0x4C, 0x00, 0x88, 0x20, 0x9C, 0xF3, 0xFF, 0xDF,
    0xEF, 0x5D, 0x6B, 0x6D, 0x1C, 0x00, 0x83, 0x73, 0x8E, 0xEF, 0x7D, 0x02, 0xFF, 0x83, 0xC6, 0x38,
    0xC6, 0x18, 0x02, 0xFF, 0x83, 0xC6, 0x38, 0x31, 0x86, 0x7F, 0x00, 0x4D, 0x00, 0x83, 0x42, 0x28,
    0xD6, 0xBA, 0x02, 0xFF, 0x83, 0xDE, 0xFB, 0x52, 0x8A, 0x18, 0x00, 0x83, 0x31, 0x86, 0xC6, 0x18,
    0x02, 0xFF, 0x8B, 0xD6, 0x9A, 0x8C, 0x71, 0xF7, 0xBE, 0xF7, 0x9E, 0x84, 0x10, 0x00, 0x20, 0x7F,
    0x00, 0x4F, 0x00, 0x83, 0x63, 0x2C, 0xE7, 0x1C, 0x02, 0xFF, 0x81, 0xAD, 0x75, 0x18, 0x00, 0x89,
    0x84, 0x10, 0xF7, 0x9E, 0xEF, 0x7D, 0x8C, 0x71, 0xE7, 0x1C, 0x02, 0xFF, 0x83, 0xBD, 0xF7, 0x29,
    0x65, 0x7F, 0x00, 0x51, 0x00, 0x83, 0x08, 0x41, 0xA5, 0x34, 0x02, 0xFF, 0x81, 0xCE, 0x79, 0x16,
    0x00, 0x83, 0x29, 0x65, 0xC6, 0x38, 0x02, 0xFF, 0x83, 0xCE, 0x79, 0xC6, 0x38, 0x02, 0xFF, 0x83,
    0xE7, 0x1C, 0x52, 0xAA, 0x7F, 0x00, 0x54, 0x00, 0x82, 0x20, 0x94, 0xB2, 0x02, 0xFF, 0x83, 0xCE,
    0x79, 0x00, 0x20, 0x14, 0x00, 0x8F, 0x6B, 0x4D, 0xEF, 0x7D, 0xFF, 0xDF, 0xDE, 0xDB, 0xFF, 0xDF,
    0xF7, 0xBE, 0x84, 0x10, 0x08, 0x61, 0x7F, 0x00, 0x54, 0x00, 0x82, 0x20, 0x9C, 0xD3, 0x02, 0xFF,
    0x81, 0xCE, 0x79, 0x16, 0x00, 0x83, 0xA5, 0x14, 0xFF, 0xDF, 0x05, 0xFF, 0x84, 0xDF, 0xA5, 0x14,
    0x08, 0x61, 0x7F, 0x00, 0x57, 0x00, 0x81, 0x94, 0x92, 0x02, 0xFF, 0x83, 0xE7, 0x1C, 0x31, 0xA6,
    0x12, 0x00, 0x83, 0x29, 0x45, 0xCE, 0x59, 0x05, 0xFF, 0x84, 0xDF, 0xAD, 0x75, 0x18, 0xE3, 0x7F,
    0x00, 0x23, 0x00, 0x87, 0x08, 0x41, 0x4A, 0x49, 0x39, 0xE7, 0x00, 0x20, 0x2E, 0x00, 0x83, 0x5A,
    0xEB, 0xEF, 0x5D, 0x02, 0xFF, 0x83, 0xCE, 0x59, 0x39, 0xC7, 0x0C, 0x00, 0x87, 0x18, 0xE3, 0x63,
    0x2C, 0xB5, 0xB6, 0xF7, 0xBE, 0x02, 0xFF, 0x85, 0xF7, 0x9E, 0xA5, 0x14, 0x21, 0x04, 0x7F, 0x00,
    0x0D, 0x00, 0x83, 0x08, 0x41, 0x00, 0x20, 0x12, 0x00, 0x89, 0x10, 0x82, 0xB5, 0x96, 0xEF, 0x7D,
    0xE7, 0x3C, 0x73, 0x8E, 0x2E, 0x00, 0x85, 0x08, 0x41, 0x8C, 0x71, 0xF7, 0xBE, 0x02, 0xFF, 0x91,
    0xEF, 0x5D, 0xC6, 0x18, 0x9C, 0xF3, 0x8C, 0x71, 0x94, 0x92, 0xA5, 0x14, 0xC6, 0x18, 0xDE, 0xFB,
    0xF7, 0xBE, 0x04, 0xFF, 0x85, 0xEF, 0x7D, 0x7B, 0xCF, 0x08, 0x61, 0x7F, 0x00, 0x0D, 0x00, 0x87,
    0x6B, 0x6D, 0xCE, 0x79, 0xAD, 0x75, 0x18, 0xC3, 0x0F, 0x00, 0x84, 0x20, 0x9C, 0xD3, 0xFF, 0xDF,
    0x04, 0xFF, 0x81, 0x9C, 0xF3, 0x30, 0x00, 0x87, 0x10, 0xA2, 0x7B, 0xEF, 0xDE, 0xFB, 0xFF, 0xDF,
    0x03, 0xFF, 0x86, 0xDF, 0xFF, 0xDF, 0xFF, 0xDF, 0xFF, 0xDF, 0x03, 0xFF, 0x84, 0xDF, 0xEF, 0x7D,
    0xE7, 0x3C, 0x02, 0xFF, 0x83, 0xDE, 0xDB, 0x42, 0x08, 0x7F, 0x00, 0x0D, 0x00, 0x83, 0x39, 0xC7,
    0xCE, 0x59, 0x02, 0xFF, 0x8D, 0xDE, 0xFB, 0x31, 0xA6, 0x08, 0x41, 0x6B, 0x4D, 0xA5, 0x34, 0x9C,
    0xF3, 0x52, 0xAA, 0x04, 0x00, 0x83, 0x31, 0xA6, 0xE7, 0x3C, 0x05, 0xFF, 0x82, 0xDF, 0x8C, 0x71,
    0x32, 0x00, 0x9D, 0x08, 0x41, 0x42, 0x08, 0x7B, 0xEF, 0xA5, 0x34, 0xCE, 0x59, 0xDE, 0xDB, 0xDE,
    0xDB, 0xC6, 0x38, 0xA5, 0x14, 0x84, 0x30, 0x5A, 0xCB, 0x94, 0x92, 0xFF, 0xDF, 0xD6, 0x9A, 0x31,
    0x86, 0x7F, 0x00, 0x0C, 0x00, 0x84, 0x20, 0x7B, 0xEF, 0xF7, 0x9E, 0x02, 0xFF, 0x93, 0xB5, 0xB6,
    0x18, 0xC3, 0x5A, 0xCB, 0xE7, 0x1C, 0xFF, 0xDF, 0xFF, 0xDF, 0xCE, 0x79, 0x42, 0x28, 0x08, 0x41,
    0x94, 0xB2, 0x06, 0xFF, 0x83, 0xEF, 0x5D, 0x63, 0x0C, 0x37, 0x00, 0x8E, 0x20, 0x10, 0x82, 0x21,
    0x04, 0x29, 0x45, 0x29, 0x45, 0x18, 0xE3, 0x10, 0x82, 0x00, 0x20, 0x02, 0x00, 0x87, 0x84, 0x30,
    0xFF, 0xDF, 0xCE, 0x79, 0x29, 0x65, 0x7F, 0x00, 0x0B, 0x00, 0x83, 0x5A, 0xEB, 0xD6, 0xBA, 0x02,
    0xFF, 0x87, 0xDE, 0xDB, 0x52, 0x8A, 0x00, 0x20, 0xB5, 0x96, 0x02, 0xFF, 0x8B, 0xE7, 0x3C, 0xEF,
    0x7D, 0xF7, 0xBE, 0x8C, 0x51, 0x39, 0xE7, 0xDE, 0xFB, 0x05, 0xFF, 0x84, 0xDF, 0xB5, 0x96, 0x10,
    0xA2, 0x48, 0x00, 0x87, 0x84, 0x30, 0xFF, 0xDF, 0xD6, 0x9A, 0x31, 0x86, 0x7F, 0x00, 0x09, 0x00,
    0x85, 0x42, 0x08, 0xC6, 0x38, 0xFF, 0xDF, 0x02, 0xFF, 0x93, 0xA5, 0x34, 0x00, 0x20, 0x39, 0xC7,
    0xE7, 0x3C, 0xFF, 0xDF, 0x9C, 0xD3, 0xCE, 0x79, 0xFF, 0xDF, 0xA5, 0x14, 0x84, 0x10, 0x06, 0xFF,
    0x83, 0xDE, 0xDB, 0x4A, 0x69, 0x4A, 0x00, 0x87, 0x84, 0x10, 0xFF, 0xDF, 0xD6, 0x9A, 0x31, 0x86,
    0x7F, 0x00, 0x07, 0x00, 0x85, 0x31, 0x86, 0xB5, 0xB6, 0xFF, 0xDF, 0x02, 0xFF, 0x87, 0xF7, 0xBE,
    0x7B, 0xEF, 0x00, 0x20, 0x73, 0xAE, 0x02, 0xFF, 0x8B, 0xE7, 0x3C, 0x8C, 0x51, 0xEF, 0x7D, 0xF7,
    0x9E, 0x84, 0x30, 0xC6, 0x38, 0x04, 0xFF, 0x85, 0xEF, 0x5D, 0x6B, 0x6D, 0x00, 0x20, 0x4A, 0x00,
    0x87, 0x84, 0x30, 0xFF, 0xDF, 0xD6, 0x9A, 0x31, 0x86, 0x7F, 0x00, 0x05, 0x00, 0x85, 0x10, 0xA2,
    0xAD, 0x75, 0xFF, 0xDF, 0x04, 0xFF, 0x87, 0xF7, 0x9E, 0x63, 0x2C, 0x18, 0xC3, 0xB5, 0x96, 0x02,
    0xFF, 0x83, 0xDE, 0xDB, 0xE7, 0x1C, 0x02, 0xFF, 0x85, 0xD6, 0x9A, 0x63, 0x2C, 0xE7, 0x3C, 0x03,
    0xFF, 0x88, 0xDF, 0xA5, 0x14, 0x6B, 0x4D, 0x7B, 0xCF, 0x31, 0xA6, 0x08, 0x00, 0x85, 0x31, 0xA6,
    0x4A, 0x49, 0x18, 0xE3, 0x3A, 0x00, 0x87, 0x8C, 0x71, 0xFF, 0xDF, 0xCE, 0x79, 0x29, 0x65, 0x7F,
    0x00, 0x03, 0x00, 0x93, 0x21, 0x24, 0xA5, 0x34, 0xFF, 0xDF, 0xF7, 0xBE, 0xC6, 0x18, 0xEF, 0x7D,
    0xEF, 0x7D, 0x5A, 0xCB, 0x39, 0xC7, 0xDE, 0xDB, 0x06, 0xFF, 0x87, 0xE7, 0x1C, 0x6B, 0x6D, 0x7B,
    0xEF, 0xFF, 0xDF, 0x02, 0xFF, 0x85, 0xCE, 0x79, 0xB5, 0xB6, 0xFF, 0xDF, 0x02, 0xFF, 0x83, 0xBD,
    0xF7, 0x08, 0x61, 0x02, 0x00, 0x93, 0x29, 0x45, 0xA5, 0x34, 0xDE, 0xFB, 0xEF, 0x7D, 0xCE, 0x79,
    0x63, 0x2C, 0x00, 0x20, 0x39, 0xC7, 0x7B, 0xCF, 0x31, 0x86, 0x02, 0x00, 0x83, 0x08, 0x41, 0x00,
    0x20, 0x2A, 0x00, 0x87, 0xB5, 0x96, 0xFF, 0xDF, 0xB5, 0xB6, 0x18, 0xE3, 0x7F, 0x00, 0x96, 0x00,
    0x21, 0x24, 0xA5, 0x14, 0xFF, 0xDF, 0xFF, 0xDF, 0x9C, 0xF3, 0x73, 0x8E, 0xEF, 0x5D, 0xE7, 0x3C,
    0x52, 0xAA, 0x7B, 0xCF, 0xF7, 0x9E, 0x04, 0xFF, 0x87, 0xE7, 0x1C, 0x73, 0xAE, 0x18, 0xE3, 0xAD,
    0x75, 0x02, 0xFF, 0x85, 0xF7, 0xBE, 0xDE, 0xFB, 0xFF, 0xDF, 0x04, 0xFF, 0x8D, 0xE7, 0x3C, 0x21,
    0x24, 0x29, 0x45, 0xBD, 0xF7, 0xFF, 0xDF, 0xFF, 0xDF, 0xF7, 0x9E, 0x02, 0xFF, 0x91, 0xCE, 0x79,
    0x39, 0xE7, 0xBD, 0xD7, 0xFF, 0xDF, 0xB5, 0xB6, 0x8C, 0x51, 0xB5, 0xB6, 0xA5, 0x34, 0x4A, 0x49,
    0x06, 0x00, 0x87, 0x10, 0xA2, 0x42, 0x28, 0x42, 0x28, 0x18, 0xC3, 0x18, 0x00, 0x83, 0x21, 0x04,
    0xD6, 0xBA, 0x02, 0xFF, 0x83, 0x94, 0x92, 0x00, 0x20, 0x7E, 0x00, 0x95, 0x21, 0x24, 0x9C, 0xF3,
    0xF7, 0x9E, 0xFF, 0xDF, 0xA5, 0x34, 0x29, 0x45, 0x73, 0xAE, 0xF7, 0x9E, 0xEF, 0x7D, 0xCE, 0x59,
    0xEF, 0x7D, 0x02, 0xFF, 0x8B, 0xF7, 0xBE, 0xC6, 0x18, 0x63, 0x2C, 0x10, 0x82, 0x5A, 0xCB, 0xE7,
    0x3C, 0x02, 0xFF, 0x87, 0xEF, 0x7D, 0xFF, 0xDF, 0xF7, 0xBE, 0xD6, 0xBA, 0x02, 0xFF, 0x8D, 0xE7,
    0x3C, 0x29, 0x45, 0x84, 0x30, 0xF7, 0xBE, 0xF7, 0xBE, 0xA5, 0x34, 0xC6, 0x38, 0x02, 0xFF, 0x85,
    0xD6, 0xBA, 0x6B, 0x6D, 0xEF, 0x5D, 0x03, 0xFF, 0x82, 0xDF, 0xFF, 0xDF, 0x03, 0xFF, 0x92, 0xDF,
    0xB5, 0xB6, 0x21, 0x04, 0x18, 0xC3, 0x6B, 0x6D, 0xBD, 0xF7, 0xEF, 0x5D, 0xEF, 0x5D, 0xB5, 0xB6,
    0x52, 0x8A, 0x16, 0x00, 0x87, 0x73, 0xAE, 0xF7, 0x9E, 0xEF, 0x5D, 0x63, 0x2C, 0x7E, 0x00, 0x91,
    0x21, 0x24, 0xA5, 0x14, 0xF7, 0x9E, 0xFF, 0xDF, 0xAD, 0x75, 0x29, 0x65, 0x39, 0xC7, 0xAD, 0x55,
    0xFF, 0xDF, 0x08, 0xFF, 0x83, 0xB5, 0xB6, 0x39, 0xC7, 0x02, 0x00, 0x83, 0x21, 0x24, 0xB5, 0xB6,
    0x08, 0xFF, 0x83, 0xBD, 0xF7, 0xA5, 0x34, 0x02, 0xFF, 0x85, 0xE7, 0x1C, 0x29, 0x45, 0xC6, 0x38,
    0x02, 0xFF, 0x8D, 0xC6, 0x38, 0xA5, 0x14, 0xF7, 0x9E, 0xFF, 0xDF, 0x9C, 0xF3, 0x9C, 0xF3, 0xFF,
    0xDF, 0x04, 0xFF, 0x8D, 0xEF, 0x7D, 0xCE, 0x79, 0xF7, 0xBE, 0xEF, 0x5D, 0x5A, 0xEB, 0x9C, 0xD3,
    0xEF, 0x5D, 0x03, 0xFF, 0x88, 0xDF, 0xFF, 0xDF, 0xFF, 0xDF, 0xCE, 0x59, 0x5A, 0xEB, 0x12, 0x00,
    0x83, 0x18, 0xC3, 0xC6, 0x18, 0x02, 0xFF, 0x83, 0xBD, 0xF7, 0x29, 0x45, 0x7C, 0x00, 0x91, 0x21,
    0x24, 0xA5, 0x14, 0xF7, 0x9E, 0xF7, 0xBE, 0xB5, 0xB6, 0x31, 0xA6, 0x73, 0x8E, 0xD6, 0x9A, 0xF7,
    0xBE, 0x02, 0xFF, 0x85, 0xF7, 0xBE, 0xD6, 0xBA, 0xF7, 0x9E, 0x02, 0xFF, 0x81, 0x73, 0xAE, 0x03,
    0x00, 0x84, 0x20, 0x7B, 0xCF, 0xEF, 0x7D, 0x06, 0xFF, 0x85, 0xDE, 0xFB, 0x52, 0x8A, 0xBD, 0xD7,
    0x02, 0xFF, 0x85, 0xBD, 0xF7, 0x42, 0x28, 0xE7, 0x1C, 0x02, 0xFF, 0x8B, 0xD6, 0xBA, 0xF7, 0x9E,
    0xFF, 0xDF, 0xC6, 0x18, 0x4A, 0x69, 0xC6, 0x38, 0x05, 0xFF, 0x8C, 0xDF, 0x9C, 0xF3, 0x6B, 0x6D,
    0xEF, 0x7D, 0xF7, 0xBE, 0xB5, 0xB6, 0xF7, 0x9E, 0x02, 0xFF, 0x87, 0xEF, 0x5D, 0x9C, 0xF3, 0xB5,
    0x96, 0xF7, 0xBE, 0x02, 0xFF, 0x81, 0xD6, 0x9A, 0x10, 0x00, 0x8B, 0x08, 0x61, 0x84, 0x10, 0xF7,
    0x9E, 0xEF, 0x7D, 0x73, 0x8E, 0x00, 0x20, 0x7A, 0x00, 0x8F, 0x29, 0x45, 0xAD, 0x55, 0xF7, 0xBE,
    0xF7, 0xBE, 0xB5, 0xB6, 0x42, 0x08, 0x9C, 0xF3, 0xEF, 0x7D, 0x03, 0xFF, 0x80, 0xDF, 0x02, 0xFF,
    0x89, 0xDE, 0xFB, 0x7B, 0xCF, 0xEF, 0x5D, 0xF7, 0xBE, 0x52, 0xAA, 0x02, 0x00, 0x83, 0x31, 0x86,
    0xC6, 0x38, 0x07, 0xFF, 0x86, 0xDF, 0x8C, 0x51, 0x10, 0xA2, 0xCE, 0x59, 0x02, 0xFF, 0x85, 0xA5,
    0x14, 0x52, 0xAA, 0xEF, 0x7D, 0x06, 0xFF, 0x87, 0xC6, 0x18, 0x42, 0x28, 0x84, 0x30, 0xEF, 0x7D,
    0x04, 0xFF, 0x87, 0xC6, 0x18, 0x31, 0x86, 0x94, 0x92, 0xFF, 0xDF, 0x03, 0xFF, 0x80, 0xDF, 0x03,
    0xFF, 0x88, 0xDF, 0x94, 0x92, 0x08, 0x61, 0x5A, 0xCB, 0xEF, 0x7D, 0x02, 0xFF, 0x81, 0xD6, 0xBA,
    0x0E, 0x00, 0x85, 0x08, 0x41, 0x63, 0x2C, 0xE7, 0x1C, 0x02, 0xFF, 0x83, 0xB5, 0xB6, 0x29, 0x45,
    0x7A, 0x00, 0xA7, 0x21, 0x04, 0xAD, 0x75, 0xFF, 0xDF, 0xFF, 0xDF, 0xB5, 0x96, 0x31, 0x86, 0x8C,
    0x51, 0xF7, 0xBE, 0xFF, 0xDF, 0xCE, 0x79, 0xB5, 0x96, 0xFF, 0xDF, 0xD6, 0xBA, 0x94, 0x92, 0xFF,
    0xDF, 0xDE, 0xFB, 0x29, 0x65, 0x08, 0x41, 0x94, 0x92, 0xFF, 0xDF, 0x06, 0xFF, 0x8F, 0xDE, 0xFB,
    0x29, 0x45, 0x21, 0x24, 0xDE, 0xFB, 0xFF, 0xDF, 0x94, 0x92, 0x52, 0xAA, 0xEF, 0x5D, 0x03, 0xFF,
    0x88, 0xDF, 0xBD, 0xF7, 0x39, 0xE7, 0x73, 0xAE, 0xE7, 0x3C, 0x04, 0xFF, 0x87, 0xEF, 0x7D, 0x52,
    0x8A, 0x08, 0x61, 0xB5, 0xB6, 0x08, 0xFF, 0x8D, 0xEF, 0x7D, 0x52, 0xAA, 0x08, 0x41, 0x94, 0xB2,
    0xFF, 0xDF, 0xF7, 0xBE, 0x94, 0x92, 0x0C, 0x00, 0x85, 0x10, 0xA2, 0x6B, 0x6D, 0xDE, 0xFB, 0x02,
    0xFF, 0x83, 0xD6, 0xBA, 0x4A, 0x49, 0x71, 0x00, 0x80, 0x20, 0x08, 0x00, 0x83, 0x18, 0xC3, 0xB5,
    0x96, 0x03, 0xFF, 0x88, 0xDF, 0xAD, 0x75, 0x29, 0x45, 0x21, 0x04, 0xBD, 0xF7, 0x02, 0xFF, 0x8B,
    0xCE, 0x79, 0x31, 0xA6, 0x7B, 0xCF, 0xF7, 0x9E, 0xDE, 0xFB, 0x9C, 0xF3, 0x02, 0xFF, 0x87, 0xD6,
    0xBA, 0x10, 0xA2, 0x52, 0x8A, 0xE7, 0x3C, 0x08, 0xFF, 0x81, 0xAD, 0x55, 0x02, 0x00, 0x89, 0x42,
    0x08, 0xF7, 0x9E, 0xF7, 0x9E, 0x84, 0x10, 0xC6, 0x18, 0x04, 0xFF, 0x87, 0xDE, 0xFB, 0x52, 0x8A,
    0x94, 0xB2, 0xEF, 0x5D, 0x06, 0xFF, 0x87, 0xAD, 0x55, 0x08, 0x41, 0x31, 0x86, 0xD6, 0xBA, 0x04,
    0xFF, 0x8B, 0xF7, 0xBE, 0xFF, 0xDF, 0xEF, 0x7D, 0x63, 0x0C, 0x63, 0x2C, 0xDE, 0xDB, 0x02, 0xFF,
    0x83, 0xD6, 0x9A, 0x31, 0x86, 0x09, 0x00, 0x86, 0x20, 0x31, 0xA6, 0x94, 0xB2, 0xEF, 0x7D, 0x02,
    0xFF, 0x83, 0xDE, 0xFB, 0x52, 0x8A, 0x6E, 0x00, 0x89, 0x21, 0x04, 0x9C, 0xD3, 0xBD, 0xF7, 0xA5,
    0x14, 0x31, 0x86, 0x02, 0x00, 0x83, 0x31, 0xA6, 0xC6, 0x18, 0x03, 0xFF, 0x84, 0xDF, 0xA5, 0x14,
    0x18, 0xC3, 0x02, 0x00, 0x91, 0x08, 0x61, 0xA5, 0x14, 0xFF, 0xDF, 0xEF, 0x7D, 0x73, 0xAE, 0x73,
    0xAE, 0xEF, 0x7D, 0xE7, 0x1C, 0xA5, 0x34, 0x02, 0xFF, 0x85, 0xD6, 0x9A, 0x29, 0x65, 0xBD, 0xF7,
    0x02, 0xFF, 0x83, 0xEF, 0x7D, 0xF7, 0xBE, 0x02, 0xFF, 0x83, 0xF7, 0x9E, 0x6B, 0x4D, 0x02, 0x00,
    0x87, 0x4A, 0x49, 0xF7, 0x9E, 0xFF, 0xDF, 0xE7, 0x3C, 0x03, 0xFF, 0x82, 0xDF, 0xFF, 0xDF, 0x02,
    0xFF, 0x81, 0xF7, 0x9E, 0x03, 0xFF, 0x82, 0xDF, 0xF7, 0xBE, 0x02, 0xFF, 0x83, 0xEF, 0x5D, 0x4A,
    0x69, 0x02, 0x00, 0x83, 0x42, 0x08, 0xE7, 0x1C, 0x02, 0xFF, 0x85, 0xF7, 0x9E, 0x9C, 0xF3, 0xD6,
    0xBA, 0x02, 0xFF, 0x83, 0xF7, 0x9E, 0xF7, 0xBE, 0x04, 0xFF, 0x8F, 0xE7, 0x3C, 0x94, 0xB2, 0x4A,
    0x69, 0x39, 0xE7, 0x4A, 0x69, 0x84, 0x10, 0xBD, 0xD7, 0xE7, 0x3C, 0x03, 0xFF, 0x84, 0xDF, 0xCE,
    0x79, 0x4A, 0x49, 0x70, 0x00, 0x83, 0x94, 0x92, 0xFF, 0xDF, 0x02, 0xFF, 0x87, 0xF7, 0x9E, 0x84,
    0x10, 0x73, 0xAE, 0xDE, 0xDB, 0x02, 0xFF, 0x85, 0xF7, 0x9E, 0x9C, 0xF3, 0x21, 0x04, 0x06, 0x00,
    0x83, 0x42, 0x28, 0xD6, 0x9A, 0x02, 0xFF, 0x97, 0xEF, 0x7D, 0xC6, 0x38, 0xF7, 0x9E, 0xEF, 0x5D,
    0x94, 0xB2, 0xF7, 0xBE, 0xEF, 0x5D, 0xBD, 0xD7, 0xFF, 0xDF, 0xEF, 0x7D, 0xA5, 0x34, 0xE7, 0x3C,
    0x02, 0xFF, 0x83, 0xD6, 0x9A, 0x10, 0xA2, 0x02, 0x00, 0x83, 0x42, 0x08, 0xEF, 0x7D, 0x04, 0xFF,
    0x95, 0xF7, 0x9E, 0x94, 0xB2, 0xA5, 0x34, 0xE7, 0x3C, 0xF7, 0x9E, 0xDE, 0xFB, 0xA5, 0x34, 0x7B,
    0xEF, 0xC6, 0x18, 0x8C, 0x71, 0x08, 0x61, 0x02, 0x00, 0x95, 0x29, 0x45, 0xBD, 0xD7, 0xE7, 0x1C,
    0x94, 0x92, 0x18, 0xE3, 0x7B, 0xCF, 0xDE, 0xDB, 0xF7, 0x9E, 0xEF, 0x7D, 0xCE, 0x79, 0xE7, 0x3C,
    0x03, 0xFF, 0x88, 0xDF, 0xFF, 0xDF, 0xFF, 0xDF, 0xFF, 0xDF, 0xFF, 0xDF, 0x03, 0xFF, 0x86, 0xDF,
    0xDE, 0xFB, 0xA5, 0x14, 0x31, 0xA6, 0x72, 0x00, 0x83, 0x9C, 0xD3, 0xFF, 0xDF, 0x04, 0xFF, 0x83,
    0xE7, 0x3C, 0xF7, 0x9E, 0x02, 0xFF, 0x85, 0xEF, 0x5D, 0x84, 0x10, 0x18, 0xC3, 0x0A, 0x00, 0x85,
    0x4A, 0x49, 0xCE, 0x59, 0xFF, 0xDF, 0x04, 0xFF, 0x85, 0xEF, 0x5D, 0x6B, 0x4D, 0xD6, 0xBA, 0x04,
    0xFF, 0x8B, 0xF7, 0xBE, 0xA5, 0x14, 0x52, 0x8A, 0xDE, 0xFB, 0xFF, 0xDF, 0x94, 0xB2, 0x04, 0x00,
    0x9B, 0x18, 0xC3, 0xC6, 0x18, 0xF7, 0xBE, 0xE7, 0x1C, 0x8C, 0x71, 0x10, 0xA2, 0x18, 0xC3, 0x52,
    0x8A, 0x63, 0x0C, 0x42, 0x28, 0x18, 0xC3, 0x08, 0x61, 0x29, 0x45, 0x10, 0x82, 0x06, 0x00, 0x85,
    0x31, 0xA6, 0x4A, 0x69, 0x18, 0xC3, 0x02, 0x00, 0x9F, 0x08, 0x61, 0x42, 0x28, 0x63, 0x0C, 0x5A,
    0xCB, 0x31, 0xA6, 0x63, 0x0C, 0xB5, 0xB6, 0xDE, 0xDB, 0xF7, 0x9E, 0xF7, 0xBE, 0xF7, 0x9E, 0xDE,
    0xFB, 0xC6, 0x38, 0x94, 0xB2, 0x4A, 0x69, 0x10, 0xA2, 0x74, 0x00, 0x8F, 0x42, 0x08, 0xCE, 0x59,
    0xF7, 0x9E, 0xFF, 0xDF, 0xFF, 0xDF, 0xEF, 0x7D, 0xCE, 0x59, 0x73, 0x8E, 0x10, 0x00, 0x9D, 0x42,
    0x08, 0xB5, 0x96, 0xE7, 0x3C, 0xF7, 0x9E, 0xBD, 0xD7, 0x31, 0x86, 0x7B, 0xEF, 0xDE, 0xDB, 0xDE,
    0xFB, 0xA5, 0x14, 0x31, 0x86, 0x18, 0xC3, 0x94, 0x92, 0xAD, 0x75, 0x42, 0x08, 0x06, 0x00, 0x87,
    0x42, 0x08, 0x73, 0xAE, 0x5A, 0xCB, 0x00, 0x20, 0x2C, 0x00, 0x8D, 0x10, 0x82, 0x42, 0x28, 0x6B,
    0x4D, 0x6B, 0x4D, 0x6B, 0x4D, 0x42, 0x28, 0x18, 0xC3, 0x7C, 0x00, 0x8B, 0x39, 0xC7, 0x7B, 0xCF,
    0x94, 0x92, 0x8C, 0x71, 0x6B, 0x6D, 0x29, 0x65, 0x14, 0x00, 0x87, 0x10, 0xA2, 0x5A, 0xCB, 0x73,
    0x8E, 0x39, 0xE7, 0x02, 0x00, 0x87, 0x08, 0x41, 0x42, 0x08, 0x4A, 0x49, 0x10, 0xA2, 0x07, 0x00,
    0x80, 0x20, 0x7F, 0x00, 0x7F, 0x00, 0x7F, 0x00, 0x7F, 0x00, 0x7F, 0x00, 0x7F, 0x00, 0x7F, 0x00,
    0x7F, 0x00, 0x7F, 0x00, 0x7F, 0x00, 0x7F, 0x00, 0x7F, 0x00, 0x7F, 0x00, 0x7F, 0x00, 0x7F, 0x00,
    0x7F, 0x00, 0x7F, 0x00, 0x7F, 0x00, 0x7F, 0x00, 0x7F, 0x00, 0x7F, 0x00, 0x7F, 0x00, 0x7F, 0x00,
    0x5B, 0x00, 0x02, 0xFD, 0x06, 0x00, 0x00, 0x08, 0x00, 0x01, 0xFF, 0x64, 0x00, 0x05, 0xFA, 0x87,
    0x1F, 0x00, 0x7F, 0x00, 0x7F, 0x00, 0x7F, 0x00, 0x7F, 0x00, 0x7F, 0x00, 0x7F, 0x00, 0x7F, 0x00,
    0x7F, 0x00, 0x7F, 0x00, 0x7F, 0x00, 0x7F, 0x00, 0x7F, 0x00, 0x7F, 0x00, 0x7F, 0x00, 0x7F, 0x00,
    0x7F, 0x00, 0x7F, 0x00, 0x7F, 0x00, 0x7F, 0x00, 0x7F, 0x00, 0x7F, 0x00, 0x7F, 0x00, 0x7F, 0x00,
    0x7F, 0x00, 0x7F, 0x00, 0x7F, 0x00, 0x7F, 0x00, 0x7F, 0x00, 0x7F, 0x00, 0x7F, 0x00, 0x7F, 0x00,
    0x7F, 0x00, 0x7F, 0x00, 0x7F, 0x00, 0x7F, 0x00, 0x12, 0x00, 0x96, 0x20, 0x18, 0xE3, 0x4A, 0x69,
    0x73, 0xAE, 0x84, 0x10, 0x94, 0x92, 0x9C, 0xD3, 0x94, 0xB2, 0x84, 0x30, 0x7B, 0xCF, 0x4A, 0x49,
    0x10, 0xA2, 0x7F, 0x00, 0x63, 0x00, 0xA1, 0x08, 0x41, 0x42, 0x08, 0x73, 0xAE, 0xA5, 0x34, 0xCE,
    0x79, 0xE7, 0x1C, 0xF7, 0xBE, 0xFF, 0xDF, 0xFF, 0xDF, 0xFF, 0xDF, 0xFF, 0xDF, 0xFF, 0xDF, 0xF7,
    0xBE, 0xE7, 0x1C, 0xC6, 0x18, 0x84, 0x10, 0x31, 0x86, 0x10, 0x00, 0x89, 0x10, 0xA2, 0x21, 0x24,
    0x29, 0x65, 0x21, 0x24, 0x10, 0x82, 0x7F, 0x00, 0x41, 0x00, 0x9F, 0x08, 0x41, 0x4A, 0x49, 0x9C,
    0xF3, 0xD6, 0x9A, 0xEF, 0x7D, 0xFF, 0xDF, 0xFF, 0xDF, 0xF7, 0x9E, 0xE7, 0x3C, 0xE7, 0x1C, 0xD6,
    0x9A, 0xC6, 0x18, 0xCE, 0x59, 0xDE, 0xFB, 0xE7, 0x3C, 0xF7, 0xBE, 0x02, 0xFF, 0x85, 0xF7, 0x9E,
    0xBD, 0xF7, 0x42, 0x08, 0x08, 0x00, 0x99, 0x39, 0xC7, 0x7B, 0xEF, 0xAD, 0x75, 0xBD, 0xF7, 0xC6,
    0x38, 0xCE, 0x59, 0xC6, 0x38, 0xBD, 0xD7, 0xB5, 0x96, 0x8C, 0x71, 0x63, 0x0C, 0x39, 0xC7, 0x08,
    0x61, 0x7F, 0x00, 0x35, 0x00, 0xAB, 0x31, 0x86, 0x8C, 0x51, 0xD6, 0xBA, 0xFF, 0xDF, 0xFF, 0xDF,
    0xE7, 0x3C, 0xC6, 0x18, 0x9C, 0xD3, 0x73, 0xAE, 0x42, 0x28, 0x31, 0xA6, 0x29, 0x45, 0x21, 0x04,
    0x21, 0x24, 0x31, 0x86, 0x42, 0x08, 0x84, 0x10, 0xBD, 0xD7, 0xF7, 0x9E, 0xFF, 0xDF, 0xB5, 0x96,
    0x18, 0xC3, 0x02, 0x00, 0x87, 0x08, 0x61, 0x73, 0x8E, 0xCE, 0x59, 0xF7, 0x9E, 0x05, 0xFF, 0x84,
    0xDF, 0xF7, 0xBE, 0xFF, 0xDF, 0x04, 0xFF, 0x8D, 0xF7, 0xBE, 0xEF, 0x5D, 0xD6, 0x9A, 0xAD, 0x55,
    0x7B, 0xCF, 0x42, 0x28, 0x21, 0x04, 0x7F, 0x00, 0x2D, 0x00, 0x91, 0x4A, 0x69, 0xBD, 0xD7, 0xF7,
    0x9E, 0xFF, 0xDF, 0xE7, 0x1C, 0xA5, 0x14, 0x52, 0xAA, 0x21, 0x24, 0x00, 0x20, 0x12, 0x00, 0x89,
    0x21, 0x24, 0x9C, 0xF3, 0xF7, 0xBE, 0xEF, 0x7D, 0x5A, 0xEB, 0x02, 0x00, 0x83, 0x73, 0x8E, 0xE7,
    0x1C, 0x02, 0xFF, 0x95, 0xEF, 0x5D, 0xC6, 0x18, 0xAD, 0x55, 0x94, 0x92, 0x8C, 0x51, 0x94, 0x92,
    0xAD, 0x55, 0xBD, 0xD7, 0xDE, 0xDB, 0xF7, 0x9E, 0xFF, 0xDF, 0x02, 0xFF, 0x8B, 0xF7, 0x9E, 0xDE,
    0xDB, 0xB5, 0x96, 0x7B, 0xEF, 0x31, 0xA6, 0x08, 0x41, 0x7F, 0x00, 0x24, 0x00, 0x84, 0x20, 0x4A,
    0x49, 0xD6, 0x9A, 0x02, 0xFF, 0x87, 0xEF, 0x7D, 0xB5, 0x96, 0x52, 0x8A, 0x08, 0x41, 0x1A, 0x00,
    0x83, 0x31, 0xA6, 0xD6, 0xBA, 0x02, 0xFF, 0x85, 0xA5, 0x14, 0x31, 0x86, 0xD6, 0xBA, 0x02, 0xFF,
    0x8B, 0xCE, 0x79, 0x63, 0x2C, 0x18, 0xC3, 0x00, 0x20, 0x00, 0x20, 0x00, 0x20, 0x04, 0x00, 0x8D,
    0x10, 0x82, 0x31, 0xA6, 0x5A, 0xEB, 0x9C, 0xD3, 0xC6, 0x18, 0xE7, 0x1C, 0xFF, 0xDF, 0x02, 0xFF,
    0x89, 0xF7, 0xBE, 0xCE, 0x79, 0x8C, 0x51, 0x42, 0x28, 0x10, 0xA2, 0x7F, 0x00, 0x1F, 0x00, 0x83,
    0x42, 0x08, 0xCE, 0x79, 0x02, 0xFF, 0x85, 0xE7, 0x1C, 0x7B, 0xEF, 0x18, 0xE3, 0x10, 0x00, 0x85,
    0x08, 0x41, 0x08, 0x61, 0x08, 0x41, 0x08, 0x00, 0x83, 0x10, 0xA2, 0xCE, 0x59, 0x02, 0xFF, 0x89,
    0xAD, 0x75, 0x8C, 0x51, 0xFF, 0xDF, 0xE7, 0x3C, 0x5A, 0xEB, 0x02, 0x00, 0x8D, 0x31, 0x86, 0x63,
    0x2C, 0x84, 0x10, 0x7B, 0xEF, 0x63, 0x2C, 0x39, 0xE7, 0x00, 0x20, 0x06, 0x00, 0x89, 0x10, 0xA2,
    0x42, 0x08, 0x84, 0x10, 0xC6, 0x18, 0xEF, 0x7D, 0x03, 0xFF, 0x88, 0xDF, 0xDE, 0xFB, 0xA5, 0x14,
    0x4A, 0x49, 0x00, 0x20, 0x7F, 0x00, 0x19, 0x00, 0x83, 0x29, 0x65, 0xB5, 0xB6, 0x02, 0xFF, 0x85,
    0xE7, 0x3C, 0x6B, 0x6D, 0x08, 0x41, 0x08, 0x00, 0xA1, 0x08, 0x61, 0x39, 0xE7, 0x6B, 0x6D, 0xA5,
    0x34, 0xC6, 0x38, 0xCE, 0x79, 0xCE, 0x79, 0xCE, 0x59, 0xC6, 0x38, 0x9C, 0xF3, 0x6B, 0x6D, 0x42,
    0x28, 0x63, 0x2C, 0xE7, 0x3C, 0xFF, 0xDF, 0x8C, 0x71, 0xCE, 0x59, 0x02, 0xFF, 0x89, 0xAD, 0x55,
    0x18, 0xE3, 0x73, 0xAE, 0xDE, 0xDB, 0xFF, 0xDF, 0x06, 0xFF, 0x85, 0xEF, 0x5D, 0xA5, 0x14, 0x31,
    0xA6, 0x0A, 0x00, 0x89, 0x08, 0x61, 0x52, 0x8A, 0xA5, 0x34, 0xDE, 0xFB, 0xFF, 0xDF, 0x02, 0xFF,
    0x87, 0xEF, 0x7D, 0xA5, 0x34, 0x42, 0x28, 0x08, 0x61, 0x7F, 0x00, 0x13, 0x00, 0x8B, 0x10, 0x82,
    0x94, 0x92, 0xF7, 0xBE, 0xF7, 0x9E, 0x73, 0xAE, 0x08, 0x61, 0x06, 0x00, 0x89, 0x10, 0xA2, 0x63,
    0x0C, 0xAD, 0x75, 0xE7, 0x1C, 0xFF, 0xDF, 0x0F, 0xFF, 0x84, 0xDF, 0xE7, 0x3C, 0xE7, 0x1C, 0x02,
    0xFF, 0x8D, 0xE7, 0x3C, 0x73, 0xAE, 0xEF, 0x7D, 0xF7, 0xBE, 0x63, 0x2C, 0x7B, 0xEF, 0xE7, 0x3C,
    0x02, 0xFF, 0x8F, 0xE7, 0x3C, 0xCE, 0x79, 0xCE, 0x79, 0xE7, 0x3C, 0xFF, 0xDF, 0xFF, 0xDF, 0xAD,
    0x75, 0x18, 0xC3, 0x06, 0x00, 0x8F, 0x10, 0xA2, 0x21, 0x24, 0x21, 0x24, 0x21, 0x04, 0x4A, 0x49,
    0x8C, 0x71, 0xD6, 0x9A, 0xF7, 0xBE, 0x02, 0xFF, 0x87, 0xE7, 0x1C, 0xA5, 0x34, 0x4A, 0x69, 0x08,
    0x41, 0x7F, 0x00, 0x0F, 0x00, 0x89, 0x4A, 0x69, 0xDE, 0xDB, 0xFF, 0xDF, 0xAD, 0x55, 0x10, 0x82,
    0x04, 0x00, 0x9B, 0x18, 0xC3, 0x52, 0xAA, 0xAD, 0x75, 0xEF, 0x5D, 0xFF, 0xDF, 0xF7, 0xBE, 0xE7,
    0x1C, 0xC6, 0x18, 0xA5, 0x14, 0x9C, 0xD3, 0x94, 0xB2, 0x9C, 0xD3, 0xA5, 0x34, 0xDE, 0xFB, 0x08,
    0xFF, 0x83, 0xF7, 0xBE, 0xDE, 0xFB, 0x02, 0xFF, 0x85, 0xD6, 0xBA, 0x4A, 0x69, 0xD6, 0x9A, 0x02,
    0xFF, 0xB3, 0xCE, 0x59, 0x5A, 0xEB, 0x31, 0xA6, 0x31, 0xA6, 0x4A, 0x49, 0xA5, 0x14, 0xFF, 0xDF,
    0xE7, 0x3C, 0x63, 0x2C, 0x42, 0x28, 0x73, 0xAE, 0xA5, 0x34, 0xBD, 0xD7, 0xCE, 0x79, 0xCE, 0x79,
    0xBD, 0xD7, 0x9C, 0xD3, 0x4A, 0x69, 0x42, 0x08, 0x8C, 0x51, 0xD6, 0xBA, 0xF7, 0xBE, 0xFF, 0xDF,
    0xE7, 0x1C, 0x8C, 0x71, 0x31, 0x86, 0x7F, 0x00, 0x0D, 0x00, 0x9F, 0x7B, 0xEF, 0xF7, 0x9E, 0xE7,
    0x3C, 0x4A, 0x49, 0x18, 0xC3, 0x39, 0xC7, 0x73, 0xAE, 0xAD, 0x75, 0xE7, 0x3C, 0xFF, 0xDF, 0xF7,
    0xBE, 0xCE, 0x59, 0x8C, 0x51, 0x52, 0x8A, 0x29, 0x65, 0x08, 0x41, 0x04, 0x00, 0x85, 0x39, 0xE7,
    0x94, 0xB2, 0xE7, 0x1C, 0x03, 0xFF, 0x86, 0xDF, 0xDE, 0xDB, 0xD6, 0xBA, 0xF7, 0xBE, 0x04, 0xFF,
    0x9D, 0xDE, 0xFB, 0xAD, 0x75, 0xF7, 0xBE, 0xE7, 0x3C, 0x63, 0x2C, 0x00, 0x20, 0x08, 0x61, 0x18,
    0xE3, 0x29, 0x65, 0x7B, 0xCF, 0xF7, 0xBE, 0xFF, 0xDF, 0xD6, 0x9A, 0xE7, 0x3C, 0xF7, 0x9E, 0x04,
    0xFF, 0x83, 0xF7, 0xBE, 0xFF, 0xDF, 0x03, 0xFF, 0x96, 0xDF, 0xE7, 0x3C, 0x9C, 0xF3, 0x29, 0x45,
    0x4A, 0x49, 0x94, 0xB2, 0xDE, 0xFB, 0xFF, 0xDF, 0xF7, 0xBE, 0xC6, 0x38, 0x6B, 0x6D, 0x18, 0xC3,
    0x7F, 0x00, 0x09, 0x00, 0x97, 0x94, 0xB2, 0xFF, 0xDF, 0xE7, 0x3C, 0x9C, 0xF3, 0xBD, 0xF7, 0xDE,
    0xFB, 0xEF, 0x7D, 0xFF, 0xDF, 0xF7, 0xBE, 0xDE, 0xDB, 0x8C, 0x71, 0x31, 0xA6, 0x0A, 0x00, 0x93,
    0x52, 0x8A, 0xCE, 0x79, 0xFF, 0xDF, 0xFF, 0xDF, 0xE7, 0x3C, 0xAD, 0x75, 0x52, 0x8A, 0x42, 0x28,
    0xA5, 0x34, 0xFF, 0xDF, 0x05, 0xFF, 0x80, 0xDF, 0x02, 0xFF, 0x8D, 0xE7, 0x1C, 0x9C, 0xD3, 0x94,
    0x92, 0xA5, 0x14, 0xC6, 0x18, 0xDE, 0xFB, 0xEF, 0x5D, 0x05, 0xFF, 0xA0, 0xDF, 0xF7, 0x9E, 0xE7,
    0x3C, 0xC6, 0x38, 0xB5, 0xB6, 0x94, 0x92, 0x94, 0x92, 0xBD, 0xD7, 0xDE, 0xFB, 0xFF, 0xDF, 0xFF,
    0xDF, 0xAD, 0x75, 0x10, 0x82, 0x08, 0x41, 0x52, 0x8A, 0xAD, 0x75, 0xEF, 0x5D, 0x02, 0xFF, 0x87,
    0xEF, 0x7D, 0xA5, 0x34, 0x39, 0xC7, 0x00, 0x20, 0x7F, 0x00, 0x05, 0x00, 0x83, 0x63, 0x2C, 0xE7,
    0x1C, 0x07, 0xFF, 0x88, 0xDF, 0xE7, 0x3C, 0xC6, 0x38, 0x8C, 0x71, 0x4A, 0x49, 0x0C, 0x00, 0x83,
    0x18, 0xC3, 0xC6, 0x18, 0x02, 0xFF, 0x87, 0xEF, 0x7D, 0xAD, 0x75, 0x63, 0x0C, 0x10, 0x82, 0x03,
    0x00, 0x88, 0x20, 0x8C, 0x71, 0xFF, 0xDF, 0xEF, 0x7D, 0xF7, 0x9E, 0x0D, 0xFF, 0x82, 0xDF, 0xFF,
    0xDF, 0x04, 0xFF, 0x9B, 0xD6, 0x9A, 0xA5, 0x34, 0x7B, 0xEF, 0x5A, 0xEB, 0x18, 0xE3, 0x08, 0x41,
    0x00, 0x20, 0x00, 0x20, 0x00, 0x20, 0x52, 0x8A, 0xB5, 0x96, 0xFF, 0xDF, 0xF7, 0xBE, 0x52, 0x8A,
    0x04, 0x00, 0x8F, 0x18, 0xC3, 0x73, 0xAE, 0xCE, 0x59, 0xF7, 0xBE, 0xFF, 0xDF, 0xCE, 0x59, 0x6B,
    0x4D, 0x18, 0xC3, 0x7F, 0x00, 0x03, 0x00, 0x8F, 0x10, 0x82, 0x6B, 0x6D, 0xB5, 0x96, 0xD6, 0x9A,
    0xAD, 0x75, 0x8C, 0x51, 0x5A, 0xCB, 0x18, 0xE3, 0x10, 0x00, 0x83, 0x39, 0xC7, 0xDE, 0xFB, 0x02,
    0xFF, 0x83, 0xAD, 0x55, 0x08, 0x41, 0x06, 0x00, 0x83, 0x21, 0x04, 0xBD, 0xF7, 0x02, 0xFF, 0x83,
    0xE7, 0x3C, 0xF7, 0x9E, 0x02, 0xFF, 0xA9, 0xCE, 0x59, 0xC6, 0x38, 0xDE, 0xDB, 0xDE, 0xDB, 0xCE,
    0x59, 0xA5, 0x34, 0xAD, 0x55, 0xF7, 0xBE, 0xF7, 0xBE, 0xA5, 0x14, 0x84, 0x10, 0x84, 0x30, 0x8C,
    0x71, 0x8C, 0x71, 0x8C, 0x71, 0x84, 0x30, 0x7B, 0xCF, 0x6B, 0x6D, 0x63, 0x0C, 0x6B, 0x4D, 0xE7,
    0x1C, 0x02, 0xFF, 0x85, 0x94, 0x92, 0x10, 0x82, 0x00, 0x20, 0x04, 0x00, 0x85, 0x31, 0x86, 0x9C,
    0xD3, 0xEF, 0x5D, 0x02, 0xFF, 0x85, 0xEF, 0x5D, 0x94, 0x92, 0x29, 0x45, 0x7F, 0x00, 0x21, 0x00,
    0x83, 0x18, 0xC3, 0xC6, 0x18, 0x02, 0xFF, 0x8D, 0xE7, 0x3C, 0x6B, 0x6D, 0x31, 0x86, 0x29, 0x65,
    0x42, 0x28, 0x7B, 0xEF, 0xE7, 0x3C, 0x06, 0xFF, 0x83, 0xD6, 0xBA, 0x4A, 0x69, 0x0A, 0x00, 0x83,
    0x5A, 0xCB, 0xEF, 0x7D, 0x1C, 0xFF, 0x91, 0xE7, 0x3C, 0xB5, 0xB6, 0x7B, 0xCF, 0x4A, 0x69, 0x21,
    0x04, 0x08, 0x41, 0x08, 0x41, 0x6B, 0x4D, 0xD6, 0x9A, 0x03, 0xFF, 0x84, 0xDF, 0xB5, 0x96, 0x31,
    0xA6, 0x7F, 0x00, 0x21, 0x00, 0x83, 0x52, 0x8A, 0xE7, 0x1C, 0x04, 0xFF, 0x85, 0xEF, 0x7D, 0xEF,
    0x5D, 0xF7, 0xBE, 0x06, 0xFF, 0x85, 0xEF, 0x7D, 0xB5, 0x96, 0x42, 0x28, 0x0C, 0x00, 0x9B, 0x10,
    0xA2, 0x94, 0xB2, 0xDE, 0xDB, 0xE7, 0x1C, 0xD6, 0xBA, 0xCE, 0x79, 0xCE, 0x59, 0xCE, 0x59, 0xCE,
    0x59, 0xCE, 0x79, 0xDE, 0xDB, 0xEF, 0x5D, 0xEF, 0x7D, 0xF7, 0xBE, 0x0B, 0xFF, 0x8E, 0xDF, 0xE7,
    0x1C, 0xC6, 0x18, 0x94, 0x92, 0x31, 0x86, 0x31, 0x86, 0xAD, 0x55, 0xF7, 0xBE, 0x02, 0xFF, 0x83,
    0xD6, 0x9A, 0x5A, 0xEB, 0x7F, 0x00, 0x20, 0x00, 0x8E, 0x20, 0x5A, 0xCB, 0xC6, 0x38, 0xE7, 0x3C,
    0xF7, 0x9E, 0xF7, 0xBE, 0xEF, 0x7D, 0xFF, 0xDF, 0x02, 0xFF, 0x85, 0xCE, 0x79, 0x4A, 0x69, 0x10,
    0xA2, 0x10, 0x00, 0x99, 0x08, 0x61, 0x29, 0x65, 0x31, 0xA6, 0x29, 0x65, 0x29, 0x45, 0x21, 0x24,
    0x21, 0x24, 0x21, 0x24, 0x29, 0x45, 0x31, 0x86, 0x39, 0xC7, 0x52, 0xAA, 0xCE, 0x79, 0x02, 0xFF,
    0x8B, 0xE7, 0x3C, 0xAD, 0x75, 0xBD, 0xF7, 0xD6, 0xBA, 0xEF, 0x5D, 0xFF, 0xDF, 0x04, 0xFF, 0x89,
    0xEF, 0x7D, 0xB5, 0x96, 0x63, 0x2C, 0x94, 0xB2, 0xEF, 0x5D, 0x02, 0xFF, 0x83, 0xE7, 0x1C, 0x73,
    0x8E, 0x7F, 0x00, 0x07, 0x00, 0x89, 0x10, 0x82, 0x63, 0x2C, 0x8C, 0x51, 0x5A, 0xEB, 0x08, 0x61,
    0x10, 0x00, 0x8F, 0x29, 0x45, 0x4A, 0x69, 0x63, 0x2C, 0x6B, 0x4D, 0x8C, 0x51, 0xF7, 0x9E, 0xF7,
    0xBE, 0x73, 0x8E, 0x28, 0x00, 0x99, 0x6B, 0x4D, 0xD6, 0x9A, 0xFF, 0xDF, 0xF7, 0x9E, 0x7B, 0xEF,
    0x00, 0x20, 0x18, 0xC3, 0x39, 0xE7, 0x5A, 0xCB, 0x84, 0x30, 0xBD, 0xD7, 0xE7, 0x1C, 0xFF, 0xDF,
    0x02, 0xFF, 0x87, 0xEF, 0x7D, 0xAD, 0x75, 0x84, 0x30, 0xDE, 0xDB, 0x02, 0xFF, 0x83, 0xEF, 0x5D,
    0x84, 0x10, 0x7F, 0x00, 0x03, 0x00, 0x8D, 0x29, 0x65, 0xB5, 0xB6, 0xEF, 0x7D, 0xFF, 0xDF, 0xEF,
    0x7D, 0xC6, 0x18, 0x5A, 0xCB, 0x15, 0x00, 0x88, 0x20, 0xAD, 0x55, 0xFF, 0xDF, 0xD6, 0xBA, 0x29,
    0x45, 0x24, 0x00, 0x85, 0x29, 0x65, 0xA5, 0x14, 0xEF, 0x5D, 0x02, 0xFF, 0x85, 0xEF, 0x7D, 0x94,
    0xB2, 0x08, 0x41, 0x0A, 0x00, 0x91, 0x10, 0x82, 0x4A, 0x69, 0x94, 0xB2, 0xDE, 0xFB, 0xFF, 0xDF,
    0xFF, 0xDF, 0xCE, 0x59, 0x7B, 0xEF, 0xD6, 0xBA, 0x02, 0xFF, 0x82, 0xEF, 0x7D, 0x84, 0x02, 0x10,
    0x80, 0x82, 0x7E, 0x00, 0x89, 0x7B, 0xEF, 0xF7, 0xBE, 0xFF, 0xDF, 0xEF, 0x5D, 0xF7, 0xBE, 0x02,
    0xFF, 0x83, 0xDE, 0xFB, 0x5A, 0xCB, 0x06, 0x00, 0x87, 0x08, 0x41, 0x31, 0xA6, 0x42, 0x08, 0x10,
    0x82, 0x04, 0x00, 0x89, 0x42, 0x28, 0xDE, 0xFB, 0xFF, 0xDF, 0x9C, 0xF3, 0x00, 0x20, 0x22, 0x00,
    0x83, 0x6B, 0x4D, 0xCE, 0x79, 0x03, 0xFF, 0x86, 0xDF, 0xDE, 0xFB, 0x7B, 0xCF, 0x08, 0x41, 0x12,
    0x00, 0x85, 0x39, 0xC7, 0x9C, 0xF3, 0xEF, 0x7D, 0x02, 0xFF, 0x85, 0xD6, 0x9A, 0x7B, 0xCF, 0xD6,
    0x9A, 0x02, 0xFF, 0x85, 0xEF, 0x7D, 0x84, 0x30, 0x10, 0xA2, 0x7B, 0x00, 0x8C, 0x20, 0xAD, 0x55,
    0xFF, 0xDF, 0xBD, 0xF7, 0x4A, 0x69, 0x8C, 0x71, 0xE7, 0x3C, 0x02, 0xFF, 0x9B, 0xB5, 0xB6, 0x18,
    0xC3, 0x08, 0x61, 0x5A, 0xEB, 0xBD, 0xF7, 0xDE, 0xDB, 0xDE, 0xFB, 0xD6, 0x9A, 0x6B, 0x6D, 0x10,
    0xA2, 0x9C, 0xF3, 0xFF, 0xDF, 0xEF, 0x5D, 0x5A, 0xCB, 0x20, 0x00, 0x85, 0x29, 0x65, 0x9C, 0xF3,
    0xEF, 0x7D, 0x02, 0xFF, 0x85, 0xF7, 0xBE, 0xB5, 0xB6, 0x42, 0x28, 0x18, 0x00, 0x85, 0x08, 0x41,
    0x84, 0x10, 0xE7, 0x3C, 0x02, 0xFF, 0x85, 0xCE, 0x59, 0x5A, 0xCB, 0xD6, 0x9A, 0x02, 0xFF, 0x85,
    0xEF, 0x5D, 0x7B, 0xEF, 0x08, 0x61, 0x79, 0x00, 0x8C, 0x20, 0xA5, 0x34, 0xFF, 0xDF, 0xC6, 0x18,
    0x29, 0x65, 0x10, 0xA2, 0x9C, 0xF3, 0x02, 0xFF, 0x87, 0xE7, 0x1C, 0x39, 0xC7, 0x94, 0x92, 0xEF,
    0x5D, 0x05, 0xFF, 0x80, 0xDF, 0x02, 0xFF, 0x85, 0xF7, 0x9E, 0xA5, 0x14, 0xEF, 0x5D, 0x02, 0xFF,
    0x83, 0xB5, 0x96, 0x08, 0x61, 0x1D, 0x00, 0x86, 0x20, 0x4A, 0x69, 0xC6, 0x18, 0xFF, 0xDF, 0x02,
    0xFF, 0x85, 0xDE, 0xDB, 0x7B, 0xCF, 0x08, 0x61, 0x1C, 0x00, 0x82, 0x08, 0x41, 0x7B, 0x02, 0xEF,
    0x88, 0x7D, 0xFF, 0xDF, 0xB5, 0x96, 0x42, 0x08, 0xDE, 0xDB, 0x02, 0xFF, 0x85, 0xE7, 0x3C, 0x73,
    0xAE, 0x00, 0x20, 0x78, 0x00, 0x8B, 0x73, 0xAE, 0xF7, 0x9E, 0xF7, 0xBE, 0xA5, 0x14, 0x73, 0xAE,
    0xEF, 0x7D, 0x02, 0xFF, 0x85, 0xB5, 0xB6, 0x94, 0x92, 0xF7, 0xBE, 0x02, 0xFF, 0x87, 0xE7, 0x1C,
    0x9C, 0xD3, 0x84, 0x30, 0xDE, 0xFB, 0x06, 0xFF, 0x83, 0xE7, 0x3C, 0x4A, 0x69, 0x1E, 0x00, 0x83,
    0x6B, 0x4D, 0xDE, 0xFB, 0x03, 0xFF, 0x84, 0xDF, 0xAD, 0x75, 0x29, 0x65, 0x22, 0x00, 0x8D, 0x08,
    0x61, 0x8C, 0x71, 0xF7, 0xBE, 0xF7, 0x9E, 0x73, 0xAE, 0x39, 0xC7, 0xDE, 0xFB, 0x02, 0xFF, 0x83,
    0xDE, 0xFB, 0x5A, 0xCB, 0x78, 0x00, 0x89, 0x18, 0xE3, 0xB5, 0x96, 0xFF, 0xDF, 0xFF, 0xDF, 0xFF,
    0xDF, 0x02, 0xFF, 0x85, 0xEF, 0x5D, 0xA5, 0x34, 0xF7, 0xBE, 0x02, 0xFF, 0x83, 0xE7, 0x3C, 0x63,
    0x2C, 0x04, 0x00, 0x83, 0x18, 0xE3, 0xDE, 0xFB, 0x03, 0xFF, 0x84, 0xDF, 0x94, 0x92, 0x00, 0x20,
    0x1C, 0x00, 0x83, 0x63, 0x2C, 0xE7, 0x3C, 0x02, 0xFF, 0x85, 0xE7, 0x1C, 0x7B, 0xEF, 0x00, 0x20,
    0x26, 0x00, 0x83, 0x29, 0x65, 0xC6, 0x18, 0x02, 0xFF, 0x87, 0xCE, 0x79, 0x18, 0xC3, 0x52, 0x8A,
    0xE7, 0x1C, 0x02, 0xFF, 0x83, 0xCE, 0x79, 0x42, 0x08, 0x78, 0x00, 0x85, 0x29, 0x65, 0xA5, 0x34,
    0xFF, 0xDF, 0x05, 0xFF, 0x82, 0xDF, 0xF7, 0xBE, 0x05, 0xFF, 0x84, 0xDF, 0xDE, 0xDB, 0x63, 0x0C,
    0x02, 0x00, 0x83, 0x10, 0xA2, 0xDE, 0xFB, 0x02, 0xFF, 0x83, 0xE7, 0x3C, 0x52, 0x8A, 0x1E, 0x00,
    0x89, 0x5A, 0xEB, 0xDE, 0xDB, 0xCE, 0x59, 0x52, 0x8A, 0x00, 0x20, 0x2A, 0x00, 0x93, 0x6B, 0x4D,
    0xEF, 0x7D, 0xFF, 0xDF, 0x7B, 0xCF, 0x00, 0x20, 0x73, 0xAE, 0xF7, 0x9E, 0xFF, 0xDF, 0xC6, 0x38,
    0x21, 0x04, 0x76, 0x00, 0x8B, 0x08, 0x61, 0x94, 0xB2, 0xF7, 0xBE, 0xF7, 0x9E, 0xDE, 0xDB, 0xF7,
    0xBE, 0x02, 0xFF, 0x85, 0xF7, 0x9E, 0xCE, 0x79, 0xEF, 0x5D, 0x02, 0xFF, 0x85, 0xDE, 0xDB, 0x63,
    0x0C, 0xAD, 0x55, 0x04, 0xFF, 0x83, 0xF7, 0x9E, 0x6B, 0x6D, 0x1E, 0x00, 0x85, 0x08, 0x61, 0x4A,
    0x49, 0x39, 0xC7, 0x2E, 0x00, 0x83, 0x21, 0x04, 0xBD, 0xD7, 0x02, 0xFF, 0x8D, 0xCE, 0x59, 0x29,
    0x45, 0x08, 0x61, 0x94, 0xB2, 0xF7, 0xBE, 0xF7, 0xBE, 0x9C, 0xF3, 0x76, 0x00, 0x8B, 0x5A, 0xCB,
    0xDE, 0xFB, 0xFF, 0xDF, 0xAD, 0x75, 0x4A, 0x49, 0xD6, 0xBA, 0x02, 0xFF, 0x87, 0xB5, 0x96, 0x31,
    0x86, 0x73, 0x8E, 0xE7, 0x1C, 0x02, 0xFF, 0x83, 0xE7, 0x1C, 0xEF, 0x7D, 0x06, 0xFF, 0x83, 0xAD,
    0x75, 0x10, 0x82, 0x52, 0x00, 0x87, 0x63, 0x2C, 0xF7, 0xBE, 0xF7, 0x9E, 0x6B, 0x4D, 0x02, 0x00,
    0x83, 0x21, 0x24, 0xB5, 0x96, 0x02, 0xFF, 0x83, 0xEF, 0x7D, 0x73, 0xAE, 0x72, 0x00, 0x91, 0x18,
    0xC3, 0xB5, 0xB6, 0xFF, 0xDF, 0xD6, 0xBA, 0x4A, 0x49, 0x4A, 0x69, 0xEF, 0x7D, 0xF7, 0x9E, 0x73,
    0x8E, 0x02, 0x00, 0x85, 0x08, 0x61, 0x7B, 0xCF, 0xDE, 0xFB, 0x0A, 0xFF, 0x87, 0xE7, 0x3C, 0x6B,
    0x4D, 0x21, 0x24, 0x00, 0x20, 0x4E, 0x00, 0x83, 0x29, 0x45, 0xCE, 0x79, 0x02, 0xFF, 0x83, 0xA5,
    0x14, 0x08, 0x61, 0x02, 0x00, 0x83, 0x4A, 0x49, 0xD6, 0xBA, 0x02, 0xFF, 0x83, 0xDE, 0xFB, 0x39,
    0xC7, 0x70, 0x00, 0x91, 0x63, 0x2C, 0xEF, 0x5D, 0xF7, 0x9E, 0x8C, 0x51, 0x00, 0x20, 0x5A, 0xEB,
    0xFF, 0xDF, 0xEF, 0x5D, 0x42, 0x28, 0x04, 0x00, 0x83, 0x08, 0x41, 0x73, 0xAE, 0x05, 0xFF, 0x80,
    0xDF, 0x06, 0xFF, 0x8B, 0xDE, 0xFB, 0xBD, 0xD7, 0x94, 0x92, 0x63, 0x2C, 0x31, 0x86, 0x00, 0x20,
    0x48, 0x00, 0x83, 0x08, 0x61, 0x9C, 0xD3, 0x02, 0xFF, 0x83, 0xCE, 0x59, 0x31, 0x86, 0x04, 0x00,
    0x83, 0x63, 0x2C, 0xEF, 0x5D, 0x02, 0xFF, 0x83, 0xAD, 0x75, 0x18, 0xC3, 0x6C, 0x00, 0x89, 0x10,
    0xA2, 0xB5, 0x96, 0xFF, 0xDF, 0xCE, 0x59, 0x39, 0xC7, 0x02, 0x00, 0x87, 0x5A, 0xCB, 0xFF, 0xDF,
    0xEF, 0x7D, 0x52, 0x8A, 0x05, 0x00, 0x82, 0x20, 0xA5, 0x34, 0x02, 0xFF, 0x87, 0xEF, 0x5D, 0x84,
    0x10, 0xBD, 0xD7, 0xE7, 0x1C, 0x07, 0xFF, 0x8A, 0xDF, 0xEF, 0x7D, 0xCE, 0x59, 0x8C, 0x51, 0x42,
    0x08, 0x10, 0xA2, 0x46, 0x00, 0x87, 0x5A, 0xCB, 0xFF, 0xDF, 0xEF, 0x5D, 0x52, 0xAA, 0x04, 0x00,
    0x83, 0x08, 0x61, 0x94, 0xB2, 0x02, 0xFF, 0x83, 0xF7, 0xBE, 0x6B, 0x6D, 0x6C, 0x00, 0x89, 0x52,
    0xAA, 0xEF, 0x7D, 0xF7, 0x9E, 0x84, 0x30, 0x00, 0x20, 0x02, 0x00, 0x83, 0x31, 0xA6, 0xDE, 0xDB,
    0x02, 0xFF, 0x83, 0xA5, 0x14, 0x10, 0xA2, 0x02, 0x00, 0x83, 0x31, 0x86, 0xD6, 0xBA, 0x02, 0xFF,
    0x91, 0xB5, 0x96, 0x18, 0xE3, 0x10, 0x82, 0x52, 0xAA, 0xE7, 0x3C, 0xFF, 0xDF, 0xCE, 0x79, 0xD6,
    0x9A, 0xF7, 0xBE, 0x03, 0xFF, 0x88, 0xDF, 0xDE, 0xFB, 0xA5, 0x14, 0x52, 0x8A, 0x08, 0x41, 0x42,
    0x00, 0x87, 0x21, 0x24, 0xEF, 0x5D, 0xF7, 0xBE, 0x73, 0xAE, 0x06, 0x00, 0x83, 0x29, 0x45, 0xCE,
    0x79, 0x02, 0xFF, 0x83, 0xCE, 0x79, 0x31, 0x86, 0x6A, 0x00, 0x87, 0x84, 0x10, 0xFF, 0xDF, 0xDE,
    0xFB, 0x42, 0x08, 0x04, 0x00, 0x83, 0x08, 0x41, 0x94, 0x92, 0x02, 0xFF, 0x89, 0xF7, 0x9E, 0xB5,
    0x96, 0x94, 0x92, 0xCE, 0x79, 0xFF, 0xDF, 0x02, 0xFF, 0x97, 0xEF, 0x5D, 0xDE, 0xDB, 0xD6, 0x9A,
    0xD6, 0x9A, 0xF7, 0xBE, 0xFF, 0xDF, 0xA5, 0x14, 0x31, 0x86, 0x52, 0x8A, 0xAD, 0x75, 0xE7, 0x1C,
    0xFF, 0xDF, 0x02, 0xFF, 0x87, 0xEF, 0x5D, 0xAD, 0x75, 0x4A, 0x49, 0x08, 0x41, 0x3E, 0x00, 0x83,
    0x08, 0x61, 0xCE, 0x59, 0x02, 0xFF, 0x81, 0xAD, 0x75, 0x08, 0x00, 0x89, 0x52, 0x8A, 0xF7, 0x9E,
    0xFF, 0xDF, 0x8C, 0x51, 0x08, 0x41, 0x68, 0x00, 0x87, 0x6B, 0x6D, 0xF7, 0xBE, 0xEF, 0x7D, 0x73,
    0x8E, 0x06, 0x00, 0x85, 0x29, 0x45, 0xC6, 0x18, 0xFF, 0xDF, 0x0B, 0xFF, 0x80, 0xDF, 0x0A, 0xFF,
    0x8F, 0xF7, 0x9E, 0xD6, 0x9A, 0x9C, 0xF3, 0x52, 0x8A, 0x4A, 0x49, 0x94, 0x92, 0xD6, 0x9A, 0xF7,
    0xBE, 0x02, 0xFF, 0x87, 0xE7, 0x1C, 0xA5, 0x14, 0x5A, 0xCB, 0x18, 0xC3, 0x3C, 0x00, 0x81, 0xBD,
    0xD7, 0x02, 0xFF, 0x83, 0xC6, 0x18, 0x10, 0x82, 0x07, 0x00, 0x82, 0x20, 0xB5, 0x96, 0x02, 0xFF,
    0x83, 0xD6, 0x9A, 0x31, 0xA6, 0x68, 0x00, 0x89, 0x29, 0x45, 0xC6, 0x38, 0xFF, 0xDF, 0xB5, 0xB6,
    0x18, 0xE3, 0x06, 0x00, 0x97, 0x31, 0xA6, 0x84, 0x30, 0xBD, 0xF7, 0xCE, 0x79, 0xCE, 0x59, 0xFF,
    0xDF, 0xEF, 0x7D, 0x84, 0x30, 0x84, 0x30, 0x8C, 0x71, 0xA5, 0x14, 0xEF, 0x7D, 0x03, 0xFF, 0x9E,
    0xDF, 0xFF, 0xDF, 0xFF, 0xDF, 0xE7, 0x1C, 0x7B, 0xEF, 0x18, 0xC3, 0x42, 0x08, 0x8C, 0x71, 0xDE,
    0xDB, 0xFF, 0xDF, 0xFF, 0xDF, 0xE7, 0x3C, 0xBD, 0xF7, 0x7B, 0xEF, 0x39, 0xE7, 0x10, 0x82, 0x36,
    0x00, 0x81, 0x94, 0xB2, 0x02, 0xFF, 0x83, 0xD6, 0x9A, 0x31, 0x86, 0x08, 0x00, 0x87, 0x5A, 0xEB,
    0xEF, 0x7D, 0xF7, 0xBE, 0x73, 0xAE, 0x68, 0x00, 0x83, 0x18, 0xC3, 0xC6, 0x18, 0x02, 0xFF, 0x83,
    0xB5, 0xB6, 0x18, 0xE3, 0x09, 0x00, 0x8C, 0x20, 0x21, 0x24, 0x31, 0x86, 0x73, 0xAE, 0xF7, 0x9E,
    0xEF, 0x7D, 0x31, 0xA6, 0x04, 0x00, 0x8B, 0x4A, 0x49, 0xE7, 0x1C, 0xF7, 0xBE, 0xAD, 0x55, 0xA5,
    0x14, 0xDE, 0xFB, 0x02, 0xFF, 0x83, 0xD6, 0xBA, 0x42, 0x08, 0x02, 0x00, 0x89, 0x08, 0x61, 0x4A,
    0x69, 0x94, 0xB2, 0xCE, 0x79, 0xF7, 0x9E, 0x02, 0xFF, 0x8D, 0xF7, 0x9E, 0xDE, 0xDB, 0xAD, 0x75,
    0x84, 0x10, 0x5A, 0xCB, 0x31, 0xA6, 0x18, 0xE3, 0x0C, 0x00, 0x89, 0x18, 0xE3, 0x42, 0x08, 0x4A,
    0x69, 0x31, 0xA6, 0x08, 0x41, 0x18, 0x00, 0x87, 0x63, 0x2C, 0xFF, 0xDF, 0xE7, 0x3C, 0x5A, 0xCB,
    0x08, 0x00, 0x83, 0x08, 0x61, 0xCE, 0x79, 0x02, 0xFF, 0x83, 0xBD, 0xD7, 0x10, 0x82, 0x66, 0x00,
    0x8F, 0x39, 0xC7, 0xE7, 0x1C, 0xF7, 0xBE, 0x8C, 0x51, 0x00, 0x20, 0x10, 0xA2, 0x21, 0x04, 0x08,
    0x41, 0x08, 0x00, 0x89, 0x52, 0xAA, 0xE7, 0x3C, 0xFF, 0xDF, 0x8C, 0x71, 0x08, 0x61, 0x02, 0x00,
    0x8B, 0x7B, 0xEF, 0xF7, 0x9E, 0xEF, 0x7D, 0x6B, 0x4D, 0x84, 0x10, 0xD6, 0xBA, 0x02, 0xFF, 0x83,
    0xDE, 0xFB, 0x42, 0x28, 0x06, 0x00, 0x9B, 0x08, 0x61, 0x39, 0xC7, 0x7B, 0xEF, 0xBD, 0xD7, 0xE7,
    0x3C, 0xFF, 0xDF, 0xFF, 0xDF, 0xF7, 0xBE, 0xE7, 0x3C, 0xD6, 0x9A, 0xB5, 0xB6, 0x8C, 0x71, 0x52,
    0xAA, 0x18, 0xE3, 0x02, 0x00, 0x8F, 0x18, 0xC3, 0x6B, 0x6D, 0xBD, 0xD7, 0xDE, 0xDB, 0xE7, 0x1C,
    0xCE, 0x79, 0x84, 0x10, 0x18, 0xC3, 0x16, 0x00, 0x87, 0x42, 0x28, 0xFF, 0xDF, 0xF7, 0xBE, 0x6B,
    0x4D, 0x0A, 0x00, 0x87, 0x94, 0xB2, 0xFF, 0xDF, 0xE7, 0x1C, 0x31, 0xA6, 0x66, 0x00, 0x91, 0x29,
    0x65, 0xD6, 0x9A, 0xFF, 0xDF, 0xB5, 0xB6, 0x6B, 0x6D, 0xA5, 0x34, 0xC6, 0x18, 0x8C, 0x71, 0x31,
    0xA6, 0x06, 0x00, 0x83, 0x18, 0xE3, 0xB5, 0xB6, 0x02, 0xFF, 0x87, 0xEF, 0x7D, 0x9C, 0xD3, 0x73,
    0xAE, 0xB5, 0xB6, 0x02, 0xFF, 0x85, 0xF7, 0xBE, 0xDE, 0xFB, 0xF7, 0xBE, 0x02, 0xFF, 0x85, 0xEF,
    0x7D, 0x9C, 0xD3, 0x18, 0xC3, 0x0C, 0x00, 0x8D, 0x18, 0xC3, 0x52, 0xAA, 0x94, 0x92, 0xBD, 0xF7,
    0xDE, 0xDB, 0xEF, 0x5D, 0xFF, 0xDF, 0x04, 0xFF, 0x89, 0xE7, 0x3C, 0xB5, 0x96, 0x6B, 0x4D, 0x9C,
    0xF3, 0xEF, 0x5D, 0x02, 0xFF, 0x8B, 0xF7, 0xBE, 0xEF, 0x7D, 0xFF, 0xDF, 0xEF, 0x5D, 0x7B, 0xEF,
    0x00, 0x20, 0x14, 0x00, 0x87, 0x39, 0xC7, 0xFF, 0xDF, 0xF7, 0xBE, 0x6B, 0x4D, 0x0A, 0x00, 0x87,
    0x63, 0x0C, 0xEF, 0x7D, 0xEF, 0x7D, 0x6B, 0x4D, 0x67, 0x00, 0x88, 0x20, 0x8C, 0x71, 0xF7, 0x9E,
    0xFF, 0xDF, 0xEF, 0x7D, 0x05, 0xFF, 0x84, 0xDF, 0xBD, 0xD7, 0x29, 0x65, 0x06, 0x00, 0x85, 0x4A,
    0x49, 0xCE, 0x59, 0xFF, 0xDF, 0x03, 0xFF, 0x82, 0xDF, 0xFF, 0xDF, 0x06, 0xFF, 0x87, 0xEF, 0x7D,
    0xC6, 0x18, 0x73, 0x8E, 0x18, 0xC3, 0x14, 0x00, 0x8D, 0x10, 0xA2, 0x39, 0xE7, 0x63, 0x0C, 0x8C,
    0x51, 0xB5, 0xB6, 0xDE, 0xDB, 0xFF, 0xDF, 0x02, 0xFF, 0x93, 0xEF, 0x7D, 0xFF, 0xDF, 0xFF, 0xDF,
    0xCE, 0x79, 0x84, 0x10, 0x6B, 0x4D, 0xC6, 0x38, 0xFF, 0xDF, 0xD6, 0x9A, 0x39, 0xC7, 0x14, 0x00,
    0x8A, 0x39, 0xE7, 0xFF, 0xDF, 0xFF, 0xDF, 0x8C, 0x51, 0x5A, 0xEB, 0x42, 0x02, 0x08, 0x80, 0x61,
    0x04, 0x00, 0x87, 0x31, 0x86, 0xE7, 0x1C, 0xFF, 0xDF, 0x84, 0x10, 0x68, 0x00, 0x91, 0x18, 0xC3,
    0x8C, 0x71, 0xDE, 0xFB, 0xF7, 0x9E, 0xE7, 0x3C, 0xCE, 0x59, 0xF7, 0xBE, 0xFF, 0xDF, 0x8C, 0x51,
    0x08, 0x00, 0x8B, 0x31, 0x86, 0x9C, 0xD3, 0xD6, 0x9A, 0xDE, 0xDB, 0xDE, 0xFB, 0xEF, 0x7D, 0x03,
    0xFF, 0x84, 0xDF, 0xA5, 0x14, 0x10, 0x82, 0x22, 0x00, 0x8D, 0x29, 0x65, 0x8C, 0x51, 0xD6, 0x9A,
    0xEF, 0x5D, 0xDE, 0xFB, 0x9C, 0xF3, 0x21, 0x24, 0x04, 0x00, 0x87, 0x63, 0x0C, 0xE7, 0x3C, 0xF7,
    0xBE, 0x84, 0x10, 0x14, 0x00, 0x83, 0x4A, 0x49, 0xFF, 0xDF, 0x06, 0xFF, 0x85, 0xE7, 0x3C, 0x9C,
    0xD3, 0x10, 0xA2, 0x02, 0x00, 0x87, 0x21, 0x24, 0xE7, 0x1C, 0xFF, 0xDF, 0x84, 0x30, 0x6C, 0x00,
    0x8D, 0x31, 0x86, 0x52, 0xAA, 0x42, 0x28, 0x7B, 0xEF, 0xF7, 0xBE, 0xFF, 0xDF, 0x94, 0x92, 0x0C,
    0x00, 0x8F, 0x08, 0x41, 0x21, 0x04, 0x29, 0x45, 0x5A, 0xEB, 0xC6, 0x18, 0xFF, 0xDF, 0xEF, 0x5D,
    0x4A, 0x49, 0x26, 0x00, 0x85, 0x18, 0xE3, 0x4A, 0x49, 0x29, 0x65, 0x08, 0x00, 0x83, 0x08, 0x61,
    0xBD, 0xF7, 0x02, 0xFF, 0x83, 0xB5, 0xB6, 0x08, 0x61, 0x10, 0x00, 0x83, 0x42, 0x08, 0xC6, 0x38,
    0x04, 0xFF, 0x85, 0xEF, 0x7D, 0xEF, 0x5D, 0xFF, 0xDF, 0x02, 0xFF, 0x81, 0xA5, 0x34, 0x02, 0x00,
    0x80, 0x39, 0x02, 0xE7, 0x84, 0x3C, 0xF7, 0xBE, 0x7B, 0xEF, 0x70, 0x00, 0x83, 0x39, 0xC7, 0xD6,
    0x9A, 0x02, 0xFF, 0x83, 0xC6, 0x38, 0x39, 0xC7, 0x14, 0x00, 0x83, 0x52, 0x8A, 0xDE, 0xDB, 0x02,
    0xFF, 0x83, 0xB5, 0x96, 0x08, 0x61, 0x34, 0x00, 0x87, 0x8C, 0x71, 0xF7, 0xBE, 0xD6, 0xBA, 0x29,
    0x45, 0x0E, 0x00, 0x83, 0x4A, 0x49, 0xD6, 0x9A, 0x05, 0xFF, 0x86, 0xDF, 0x84, 0x30, 0x4A, 0x49,
    0xB5, 0x96, 0x02, 0xFF, 0x8B, 0xEF, 0x7D, 0x21, 0x04, 0x73, 0xAE, 0xF7, 0x9E, 0xEF, 0x5D, 0x52,
    0x8A, 0x70, 0x00, 0x87, 0x52, 0x8A, 0xE7, 0x3C, 0xF7, 0x9E, 0x63, 0x0C, 0x16, 0x00, 0x89, 0x08,
    0x41, 0x8C, 0x51, 0xF7, 0xBE, 0xF7, 0x9E, 0x5A, 0xEB, 0x34, 0x00, 0x87, 0x73, 0xAE, 0xF7, 0x9E,
    0xEF, 0x5D, 0x39, 0xE7, 0x0C, 0x00, 0x83, 0x39, 0xE7, 0xC6, 0x38, 0x02, 0xFF, 0x87, 0xEF, 0x5D,
    0xEF, 0x5D, 0xFF, 0xDF, 0x9C, 0xF3, 0x02, 0x00, 0x8F, 0x63, 0x2C, 0xFF, 0xDF, 0xFF, 0xDF, 0x42,
    0x08, 0x94, 0xB2, 0xFF, 0xDF, 0xE7, 0x1C, 0x29, 0x45, 0x70, 0x00, 0x87, 0x63, 0x0C, 0xEF, 0x7D,
    0xE7, 0x3C, 0x39, 0xE7, 0x18, 0x00, 0x83, 0x39, 0xC7, 0xCE, 0x79, 0x02, 0xFF, 0x83, 0xCE, 0x79,
    0x31, 0xA6, 0x32, 0x00, 0x87, 0x7B, 0xCF, 0xF7, 0x9E, 0xE7, 0x3C, 0x31, 0xA6, 0x0A, 0x00, 0x8B,
    0x18, 0xC3, 0x9C, 0xF3, 0xFF, 0xDF, 0xEF, 0x7D, 0x7B, 0xCF, 0xB5, 0x96, 0x02, 0xFF, 0x85, 0xE7,
    0x1C, 0x94, 0xB2, 0xBD, 0xD7, 0x02, 0xFF, 0x85, 0xEF, 0x7D, 0x21, 0x24, 0xA5, 0x34, 0x02, 0xFF,
    0x83, 0xD6, 0x9A, 0x10, 0xA2, 0x70, 0x00, 0x87, 0x7B, 0xEF, 0xFF, 0xDF, 0xDE, 0xDB, 0x18, 0xE3,
    0x1A, 0x00, 0x83, 0x6B, 0x4D, 0xEF, 0x5D, 0x02, 0xFF, 0x89, 0xAD, 0x75, 0x6B, 0x4D, 0x6B, 0x4D,
    0x42, 0x28, 0x00, 0x20, 0x03, 0x00, 0x8C, 0x20, 0x21, 0x04, 0x4A, 0x49, 0x52, 0xAA, 0x4A, 0x69,
    0x29, 0x65, 0x08, 0x61, 0x1A, 0x00, 0x87, 0xA5, 0x14, 0xFF, 0xDF, 0xCE, 0x59, 0x21, 0x04, 0x0A,
    0x00, 0x8D, 0x5A, 0xEB, 0xE7, 0x3C, 0xFF, 0xDF, 0xA5, 0x14, 0x08, 0x41, 0x5A, 0xEB, 0xE7, 0x3C,
    0x06, 0xFF, 0x83, 0xF7, 0xBE, 0xAD, 0x55, 0x02, 0x00, 0x81, 0xAD, 0x75, 0x02, 0xFF, 0x83, 0xB5,
    0xB6, 0x08, 0x61, 0x6E, 0x00, 0x83, 0x18, 0xC3, 0xAD, 0x75, 0x02, 0xFF, 0x81, 0xC6, 0x38, 0x1C,
    0x00, 0xA3, 0x10, 0x82, 0x94, 0x92, 0xF7, 0xBE, 0xFF, 0xDF, 0xEF, 0x7D, 0xF7, 0x9E, 0xDE, 0xDB,
    0x73, 0x8E, 0x5A, 0xEB, 0xAD, 0x75, 0xD6, 0x9A, 0xE7, 0x1C, 0xEF, 0x5D, 0xE7, 0x3C, 0xD6, 0xBA,
    0xC6, 0x18, 0x7B, 0xEF, 0x39, 0xE7, 0x14, 0x00, 0x83, 0x31, 0x86, 0xCE, 0x79, 0x02, 0xFF, 0x83,
    0xA5, 0x34, 0x00, 0x20, 0x08, 0x00, 0x83, 0x10, 0x82, 0xA5, 0x34, 0x02, 0xFF, 0x83, 0xDE, 0xFB,
    0x39, 0xC7, 0x03, 0x00, 0x8C, 0x20, 0x73, 0x8E, 0xD6, 0x9A, 0xE7, 0x3C, 0xDE, 0xFB, 0x94, 0xB2,
    0x18, 0xE3, 0x02, 0x00, 0x81, 0xAD, 0x55, 0x02, 0xFF, 0x83, 0xC6, 0x18, 0x10, 0x82, 0x6E, 0x00,
    0x87, 0x39, 0xE7, 0xDE, 0xFB, 0xFF, 0xDF, 0x8C, 0x51, 0x1E, 0x00, 0x89, 0x10, 0xA2, 0x9C, 0xF3,
    0xEF, 0x5D, 0xF7, 0xBE, 0xF7, 0xBE, 0x02, 0xFF, 0x83, 0xEF, 0x7D, 0xEF, 0x7D, 0x05, 0xFF, 0x84,
    0xDF, 0xF7, 0xBE, 0xFF, 0xDF, 0x06, 0xFF, 0x85, 0xDE, 0xDB, 0x84, 0x10, 0x29, 0x45, 0x0F, 0x00,
    0x88, 0x20, 0x8C, 0x51, 0xF7, 0xBE, 0xEF, 0x7D, 0x63, 0x0C, 0x0A, 0x00, 0x83, 0x39, 0xE7, 0xDE,
    0xFB, 0x02, 0xFF, 0x87, 0xCE, 0x79, 0x94, 0xB2, 0x73, 0x8E, 0x31, 0x86, 0x03, 0x00, 0x84, 0x20,
    0x10, 0xA2, 0x00, 0x20, 0x06, 0x00, 0x81, 0x9C, 0xF3, 0x02, 0xFF, 0x83, 0xDE, 0xDB, 0x10, 0xA2,
    0x6E, 0x00, 0x87, 0x5A, 0xEB, 0xEF, 0x5D, 0xEF, 0x5D, 0x52, 0xAA, 0x22, 0x00, 0x87, 0x31, 0xA6,
    0x4A, 0x49, 0x84, 0x30, 0xF7, 0x9E, 0x04, 0xFF, 0x8F, 0xDE, 0xFB, 0xAD, 0x55, 0x73, 0xAE, 0x5A,
    0xEB, 0x6B, 0x4D, 0x9C, 0xF3, 0xC6, 0x38, 0xFF, 0xDF, 0x04, 0xFF, 0x83, 0xCE, 0x79, 0x4A, 0x49,
    0x0C, 0x00, 0x83, 0x63, 0x2C, 0xE7, 0x3C, 0x02, 0xFF, 0x83, 0xB5, 0xB6, 0x18, 0xC3, 0x08, 0x00,
    0x85, 0x63, 0x0C, 0xCE, 0x59, 0xFF, 0xDF, 0x08, 0xFF, 0x83, 0xD6, 0x9A, 0x4A, 0x49, 0x0C, 0x00,
    0x87, 0x94, 0xB2, 0xFF, 0xDF, 0xE7, 0x1C, 0x18, 0xE3, 0x6E, 0x00, 0x87, 0x4A, 0x69, 0xE7, 0x3C,
    0xFF, 0xDF, 0x8C, 0x71, 0x24, 0x00, 0x83, 0x52, 0x8A, 0xDE, 0xDB, 0x04, 0xFF, 0x83, 0xD6, 0x9A,
    0x21, 0x04, 0x0C, 0x00, 0x82, 0x42, 0x08, 0xBD, 0x02, 0xF7, 0x80, 0xBE, 0x02, 0xFF, 0x83, 0xE7,
    0x3C, 0x5A, 0xCB, 0x08, 0x00, 0x83, 0x73, 0x8E, 0xEF, 0x5D, 0x02, 0xFF, 0x83, 0xDE, 0xFB, 0x52,
    0xAA, 0x06, 0x00, 0x85, 0x08, 0x41, 0x94, 0xB2, 0xFF, 0xDF, 0x05, 0xFF, 0x86, 0xDF, 0xD6, 0xBA,
    0xD6, 0xBA, 0xF7, 0xBE, 0x02, 0xFF, 0x83, 0xB5, 0x96, 0x00, 0x20, 0x0A, 0x00, 0x87, 0x94, 0x92,
    0xFF, 0xDF, 0xE7, 0x1C, 0x21, 0x24, 0x6E, 0x00, 0x83, 0x18, 0xE3, 0xAD, 0x75, 0x02, 0xFF, 0x83,
    0xE7, 0x3C, 0x52, 0x8A, 0x20, 0x00, 0x83, 0x18, 0xC3, 0xBD, 0xD7, 0x02, 0xFF, 0x89, 0xEF, 0x7D,
    0xF7, 0xBE, 0xF7, 0xBE, 0xA5, 0x14, 0x21, 0x04, 0x0C, 0x00, 0x85, 0x18, 0xC3, 0x7B, 0xCF, 0xEF,
    0x5D, 0x02, 0xFF, 0x83, 0xD6, 0x9A, 0x31, 0xA6, 0x02, 0x00, 0x85, 0x31, 0xA6, 0xA5, 0x34, 0xEF,
    0x7D, 0x02, 0xFF, 0x85, 0xDE, 0xDB, 0x63, 0x0C, 0x00, 0x20, 0x06, 0x00, 0x91, 0x73, 0x8E, 0xF7,
    0x9E, 0xFF, 0xDF, 0xE7, 0x3C, 0xFF, 0xDF, 0xEF, 0x7D, 0x6B, 0x4D, 0x29, 0x45, 0xBD, 0xF7, 0x02,
    0xFF, 0x83, 0xC6, 0x38, 0x18, 0xC3, 0x0A, 0x00, 0x87, 0x94, 0x92, 0xFF, 0xDF, 0xE7, 0x1C, 0x29,
    0x45, 0x70, 0x00, 0x83, 0x4A, 0x69, 0xDE, 0xDB, 0x02, 0xFF, 0x83, 0x9C, 0xF3, 0x08, 0x61, 0x1E,
    0x00, 0x89, 0x4A, 0x69, 0xE7, 0x1C, 0xF7, 0x9E, 0x94, 0x92, 0xBD, 0xD7, 0x03, 0xFF, 0x84, 0xDF,
    0xA5, 0x14, 0x18, 0xC3, 0x0D, 0x00, 0x96, 0x20, 0x84, 0x10, 0xF7, 0x9E, 0xFF, 0xDF, 0xA5, 0x14,
    0x94, 0xB2, 0xDE, 0xFB, 0xFF, 0xDF, 0xFF, 0xDF, 0xD6, 0x9A, 0x63, 0x0C, 0x08, 0x41, 0x06, 0x00,
    0x83, 0x08, 0x61, 0xC6, 0x38, 0x02, 0xFF, 0x85, 0xC6, 0x38, 0x5A, 0xEB, 0xDE, 0xFB, 0x02, 0xFF,
    0x85, 0xC6, 0x18, 0x5A, 0xCB, 0xD6, 0x9A, 0x02, 0xFF, 0x83, 0xBD, 0xF7, 0x08, 0x61, 0x0A, 0x00,
    0x87, 0x94, 0xB2, 0xFF, 0xDF, 0xE7, 0x1C, 0x21, 0x24, 0x70, 0x00, 0x83, 0x10, 0x82, 0x9C, 0xF3,
    0x02, 0xFF, 0x83, 0xBD, 0xF7, 0x18, 0xE3, 0x1E, 0x00, 0x91, 0x73, 0x8E, 0xF7, 0x9E, 0xDE, 0xFB,
    0x4A, 0x69, 0x42, 0x08, 0xB5, 0x96, 0xFF, 0xDF, 0xDE, 0xFB, 0x42, 0x08, 0x09, 0x00, 0x88, 0x20,
    0x39, 0xC7, 0x6B, 0x4D, 0x73, 0xAE, 0xE7, 0x1C, 0x02, 0xFF, 0x83, 0xF7, 0x9E, 0xFF, 0xDF, 0x02,
    0xFF, 0x85, 0xEF, 0x7D, 0xA5, 0x14, 0x42, 0x08, 0x0A, 0x00, 0x91, 0x31, 0x86, 0xE7, 0x1C, 0xF7,
    0xBE, 0x7B, 0xEF, 0x08, 0x61, 0x8C, 0x51, 0xF7, 0x9E, 0xFF, 0xDF, 0xE7, 0x3C, 0x02, 0xFF, 0x83,
    0xEF, 0x7D, 0x7B, 0xCF, 0x0C, 0x00, 0x81, 0xAD, 0x55, 0x02, 0xFF, 0x83, 0xD6, 0xBA, 0x18, 0xC3,
    0x70, 0x00, 0x83, 0x08, 0x41, 0x84, 0x30, 0x02, 0xFF, 0x83, 0xC6, 0x38, 0x21, 0x24, 0x1E, 0x00,
    0x91, 0x6B, 0x6D, 0xEF, 0x7D, 0xE7, 0x3C, 0x6B, 0x4D, 0x42, 0x08, 0x8C, 0x71, 0xF7, 0xBE, 0xE7,
    0x3C, 0x4A, 0x69, 0x04, 0x00, 0x8D, 0x08, 0x41, 0x5A, 0xEB, 0xB5, 0x96, 0xD6, 0xBA, 0xEF, 0x7D,
    0xF7, 0x9E, 0xFF, 0xDF, 0x04, 0xFF, 0x87, 0xEF, 0x5D, 0xB5, 0x96, 0x5A, 0xEB, 0x08, 0x41, 0x0C,
    0x00, 0x87, 0x31, 0x86, 0xE7, 0x1C, 0xF7, 0xBE, 0x7B, 0xCF, 0x02, 0x00, 0x8D, 0x21, 0x24, 0x9C,
    0xD3, 0xE7, 0x3C, 0xF7, 0xBE, 0xEF, 0x5D, 0x9C, 0xF3, 0x21, 0x04, 0x0A, 0x00, 0x83, 0x18, 0xC3,
    0xDE, 0xFB, 0x02, 0xFF, 0x83, 0xA5, 0x14, 0x08, 0x41, 0x70, 0x00, 0x83, 0x08, 0x61, 0x94, 0xB2,
    0x02, 0xFF, 0x83, 0xBD, 0xD7, 0x18, 0xE3, 0x1E, 0x00, 0x8B, 0x39, 0xE7, 0xD6, 0xBA, 0xFF, 0xDF,
    0xDE, 0xFB, 0xD6, 0xBA, 0xF7, 0x9E, 0x02, 0xFF, 0x83, 0xC6, 0x38, 0x29, 0x65, 0x04, 0x00, 0x9B,
    0x63, 0x0C, 0xDE, 0xFB, 0xFF, 0xDF, 0xFF, 0xDF, 0xF7, 0x9E, 0xF7, 0x9E, 0xE7, 0x1C, 0xFF, 0xDF,
    0xF7, 0x9E, 0x7B, 0xCF, 0x73, 0xAE, 0x94, 0x92, 0x7B, 0xCF, 0x21, 0x24, 0x0A, 0x00, 0x83, 0x10,
    0x82, 0xC6, 0x38, 0x02, 0xFF, 0x83, 0xB5, 0xB6, 0x29, 0x65, 0x02, 0x00, 0x89, 0x10, 0x82, 0x52,
    0x8A, 0x7B, 0xCF, 0x52, 0x8A, 0x08, 0x61, 0x0C, 0x00, 0x87, 0x7B, 0xCF, 0xF7, 0xBE, 0xF7, 0x9E,
    0x6B, 0x4D, 0x72, 0x00, 0x83, 0x10, 0xA2, 0xAD, 0x75, 0x02, 0xFF, 0x83, 0xAD, 0x75, 0x10, 0x82,
    0x20, 0x00, 0x8D, 0x7B, 0xCF, 0xE7, 0x1C, 0xFF, 0xDF, 0xFF, 0xDF, 0xF7, 0xBE, 0xC6, 0x38, 0x4A,
    0x69, 0x04, 0x00, 0x83, 0x10, 0x82, 0xB5, 0x96, 0x02, 0xFF, 0x8E, 0xE7, 0x3C, 0x9C, 0xD3, 0x5A,
    0xCB, 0x42, 0x08, 0x8C, 0x71, 0xFF, 0xDF, 0xEF, 0x7D, 0xBD, 0x02, 0xF7, 0x88, 0x9E, 0xFF, 0xDF,
    0xF7, 0x9E, 0xA5, 0x14, 0x18, 0xE3, 0x0A, 0x00, 0x89, 0x7B, 0xCF, 0xF7, 0x9E, 0xF7, 0x9E, 0x9C,
    0xF3, 0x29, 0x65, 0x14, 0x00, 0x83, 0x29, 0x65, 0xD6, 0xBA, 0x02, 0xFF, 0x83, 0xC6, 0x18, 0x21,
    0x24, 0x72, 0x00, 0x83, 0x21, 0x04, 0xBD, 0xF7, 0x02, 0xFF, 0x83, 0x9C, 0xF3, 0x08, 0x41, 0x21,
    0x00, 0x8A, 0x20, 0x42, 0x08, 0x84, 0x10, 0x8C, 0x51, 0x4A, 0x69, 0x10, 0xA2, 0x06, 0x00, 0x87,
    0x18, 0xE3, 0xD6, 0xBA, 0xFF, 0xDF, 0xA5, 0x14, 0x06, 0x00, 0x81, 0x9C, 0xD3, 0x05, 0xFF, 0x80,
    0xDF, 0x02, 0xFF, 0x81, 0xDE, 0xFB, 0x02, 0xFF, 0x83, 0xEF, 0x7D, 0x5A, 0xEB, 0x0A, 0x00, 0x8D,
    0x18, 0xE3, 0xB5, 0x96, 0xFF, 0xDF, 0xF7, 0xBE, 0xC6, 0x18, 0x6B, 0x4D, 0x10, 0xA2, 0x0E, 0x00,
    0x83, 0x42, 0x08, 0xC6, 0x18, 0x02, 0xFF, 0x83, 0xEF, 0x7D, 0x63, 0x2C, 0x74, 0x00, 0x87, 0x39,
    0xE7, 0xD6, 0xBA, 0xF7, 0xBE, 0x73, 0xAE, 0x34, 0x00, 0x83, 0x08, 0x61, 0xAD, 0x55, 0x02, 0xFF,
    0x83, 0xDE, 0xDB, 0x42, 0x28, 0x04, 0x00, 0x81, 0x94, 0x92, 0x06, 0xFF, 0x85, 0xC6, 0x18, 0x31,
    0x86, 0xDE, 0xDB, 0x02, 0xFF, 0x83, 0x84, 0x30, 0x00, 0x20, 0x0A, 0x00, 0x85, 0x21, 0x04, 0x9C,
    0xF3, 0xEF, 0x7D, 0x02, 0xFF, 0x93, 0xF7, 0x9E, 0xCE, 0x79, 0x9C, 0xF3, 0x7B, 0xCF, 0x52, 0x8A,
    0x39, 0xC7, 0x4A, 0x49, 0x73, 0x8E, 0xA5, 0x14, 0xE7, 0x1C, 0x02, 0xFF, 0x85, 0xF7, 0x9E, 0x7B,
    0xEF, 0x08, 0x41, 0x74, 0x00, 0x87, 0x52, 0xAA, 0xE7, 0x3C, 0xEF, 0x7D, 0x52, 0xAA, 0x36, 0x00,
    0x8F, 0x5A, 0xEB, 0xE7, 0x1C, 0xFF, 0xDF, 0xD6, 0xBA, 0x6B, 0x4D, 0x08, 0x61, 0x52, 0xAA, 0xEF,
    0x7D, 0x03, 0xFF, 0x86, 0xDF, 0x84, 0x10, 0x08, 0x41, 0xCE, 0x79, 0x02, 0xFF, 0x83, 0x8C, 0x71,
    0x08, 0x41, 0x0C, 0x00, 0x87, 0x18, 0xC3, 0x6B, 0x6D, 0xC6, 0x18, 0xEF, 0x7D, 0x05, 0xFF, 0x8A,
    0xDF, 0xEF, 0x5D, 0xE7, 0x1C, 0xE7, 0x3C, 0xF7, 0xBE, 0xFF, 0xDF, 0x02, 0xFF, 0x82, 0xDE, 0xFB,
    0x84, 0x02, 0x10, 0x80, 0xA2, 0x76, 0x00, 0x87, 0x7B, 0xCF, 0xF7, 0xBE, 0xDE, 0xFB, 0x29, 0x65,
    0x36, 0x00, 0x85, 0x10, 0x82, 0x7B, 0xEF, 0xE7, 0x1C, 0x02, 0xFF, 0x87, 0xEF, 0x5D, 0x8C, 0x71,
    0x21, 0x24, 0xC6, 0x18, 0x03, 0xFF, 0x8A, 0xDF, 0xA5, 0x34, 0x73, 0xAE, 0xEF, 0x7D, 0xF7, 0xBE,
    0x73, 0x8E, 0x11, 0x00, 0x9A, 0x20, 0x29, 0x65, 0x63, 0x2C, 0x9C, 0xD3, 0xCE, 0x79, 0xE7, 0x1C,
    0xEF, 0x5D, 0xEF, 0x7D, 0xEF, 0x5D, 0xE7, 0x1C, 0xD6, 0xBA, 0x94, 0xB2, 0x4A, 0x69, 0x08, 0x41,
    0x76, 0x00, 0x83, 0x10, 0x82, 0x9C, 0xF3, 0x02, 0xFF, 0x83, 0xC6, 0x38, 0x00, 0x20, 0x38, 0x00,
    0x8F, 0x10, 0x82, 0x63, 0x0C, 0xCE, 0x79, 0xFF, 0xDF, 0xEF, 0x7D, 0x84, 0x30, 0x94, 0x92, 0xFF,
    0xDF, 0x03, 0xFF, 0x82, 0xDF, 0xF7, 0x9E, 0x02, 0xFF, 0x83, 0xD6, 0x9A, 0x42, 0x08, 0x16, 0x00,
    0x91, 0x08, 0x61, 0x29, 0x45, 0x42, 0x08, 0x5A, 0xEB, 0x6B, 0x6D, 0x63, 0x0C, 0x4A, 0x49, 0x31,
    0x86, 0x08, 0x61, 0x7A, 0x00, 0x87, 0x31, 0x86, 0xD6, 0x9A, 0xFF, 0xDF, 0x9C, 0xD3, 0x3E, 0x00,
    0x83, 0x42, 0x08, 0xC6, 0x18, 0x02, 0xFF, 0x83, 0xDE, 0xFB, 0xAD, 0x55, 0x02, 0xFF, 0x8B, 0xEF,
    0x7D, 0xE7, 0x3C, 0xEF, 0x7D, 0xCE, 0x79, 0x6B, 0x4D, 0x08, 0x41, 0x7F, 0x00, 0x23, 0x00, 0x87,
    0x6B, 0x6D, 0xEF, 0x7D, 0xEF, 0x7D, 0x63, 0x0C, 0x40, 0x00, 0x87, 0x4A, 0x49, 0xFF, 0xDF, 0xFF,
    0xDF, 0xDE, 0xFB, 0x02, 0xFF, 0x89, 0xBD, 0xD7, 0x4A, 0x49, 0x52, 0x8A, 0x31, 0x86, 0x00, 0x20,
    0x7F, 0x00, 0x23, 0x00, 0x83, 0x10, 0xA2, 0xAD, 0x55, 0x02, 0xFF, 0x83, 0xCE, 0x59, 0x10, 0x82,
    0x40, 0x00, 0x83, 0x29, 0x65, 0xFF, 0xDF, 0x05, 0xFF, 0x82, 0xDF, 0x8C, 0x71, 0x7F, 0x00, 0x2B,
    0x00, 0x87, 0x39, 0xC7, 0xD6, 0x9A, 0xFF, 0xDF, 0x8C, 0x71, 0x42, 0x00, 0x83, 0x42, 0x28, 0xFF,
    0xDF, 0x04, 0xFF, 0x83, 0xE7, 0x1C, 0x39, 0xE7, 0x7F, 0x00, 0x2B, 0x00, 0x87, 0x63, 0x2C, 0xEF,
    0x7D, 0xE7, 0x3C, 0x5A, 0xCB, 0x42, 0x00, 0x83, 0x29, 0x45, 0xE7, 0x3C, 0x02, 0xFF, 0x83, 0xEF,
    0x7D, 0x84, 0x10, 0x7F, 0x00, 0x2D, 0x00, 0x8B, 0x73, 0xAE, 0xF7, 0x9E, 0xDE, 0xFB, 0x42, 0x08,
    0x00, 0x20, 0x00, 0x20, 0x40, 0x00, 0x87, 0x6B, 0x4D, 0x9C, 0xD3, 0x73, 0x8E, 0x10, 0xA2, 0x7F,
    0x00, 0x2D, 0x00, 0x91, 0x6B, 0x4D, 0xEF, 0x7D, 0xF7, 0x9E, 0xB5, 0xB6, 0xA5, 0x14, 0x9C, 0xF3,
    0x84, 0x30, 0x52, 0x8A, 0x08, 0x61, 0x3C, 0x00, 0x81, 0x08, 0x41, 0x7F, 0x00, 0x31, 0x00, 0x85,
    0x31, 0xA6, 0xC6, 0x18, 0xFF, 0xDF, 0x03, 0xFF, 0x88, 0xDF, 0xFF, 0xDF, 0xF7, 0xBE, 0xE7, 0x1C,
    0x7B, 0xEF, 0x7F, 0x00, 0x71, 0x00, 0x8B, 0x42, 0x28, 0x9C, 0xF3, 0xBD, 0xD7, 0xC6, 0x18, 0xC6,
    0x18, 0xDE, 0xFB, 0x02, 0xFF, 0x83, 0xD6, 0x9A, 0x42, 0x08, 0x25, 0x00, 0x88, 0x20, 0x39, 0xC7,
    0x6B, 0x4D, 0x52, 0xAA, 0x10, 0xA2, 0x7F, 0x00, 0x45, 0x00, 0x8D, 0x08, 0x61, 0x10, 0xA2, 0x10,
    0xA2, 0x63, 0x0C, 0xEF, 0x7D, 0xF7, 0x9E, 0x73, 0xAE, 0x22, 0x00, 0x8B, 0x18, 0xC3, 0x73, 0xAE,
    0xD6, 0xBA, 0xEF, 0x7D, 0xDE, 0xFB, 0x63, 0x0C, 0x7F, 0x00, 0x4B, 0x00, 0x87, 0x21, 0x04, 0xD6,
    0x9A, 0xF7, 0xBE, 0x8C, 0x71, 0x20, 0x00, 0x85, 0x18, 0xE3, 0x8C, 0x71, 0xF7, 0x9E, 0x04, 0xFF,
    0x83, 0xF7, 0xBE, 0x84, 0x10, 0x7F, 0x00, 0x4B, 0x00, 0x83, 0x10, 0xA2, 0xC6, 0x18, 0x02, 0xFF,
    0x81, 0xAD, 0x75, 0x1E, 0x00, 0x85, 0x08, 0x61, 0x84, 0x30, 0xF7, 0x9E, 0x02, 0xFF, 0x81, 0xF7,
    0x9E, 0x02, 0xFF, 0x83, 0xEF, 0x7D, 0x63, 0x2C, 0x7F, 0x00, 0x4C, 0x00, 0x88, 0x20, 0x9C, 0xD3,
    0xFF, 0xDF, 0xEF, 0x5D, 0x6B, 0x4D, 0x1C, 0x00, 0x83, 0x73, 0x8E, 0xEF, 0x7D, 0x02, 0xFF, 0x83,
    0xC6, 0x38, 0xC6, 0x18, 0x02, 0xFF, 0x83, 0xC6, 0x38, 0x31, 0x86, 0x7F, 0x00, 0x4D, 0x00, 0x83,
    0x42, 0x28, 0xD6, 0xBA, 0x02, 0xFF, 0x83, 0xDE, 0xFB, 0x52, 0x8A, 0x18, 0x00, 0x83, 0x31, 0x86,
    0xC6, 0x38, 0x02, 0xFF, 0x8B, 0xCE, 0x79, 0x8C, 0x71, 0xF7, 0xBE, 0xF7, 0x9E, 0x84, 0x10, 0x00,
    0x20, 0x7F, 0x00, 0x4F, 0x00, 0x87, 0x63, 0x0C, 0xE7, 0x1C, 0xFF, 0xDF, 0xAD, 0x75, 0x18, 0x00,
    0x89, 0x7B, 0xEF, 0xF7, 0x9E, 0xEF, 0x7D, 0x8C, 0x71, 0xE7, 0x1C, 0x02, 0xFF, 0x83, 0xBD, 0xD7,
    0x29, 0x65, 0x7F, 0x00, 0x51, 0x00, 0x83, 0x08, 0x41, 0xA5, 0x34, 0x02, 0xFF, 0x81, 0xCE, 0x79,
    0x16, 0x00, 0x83, 0x29, 0x65, 0xC6, 0x38, 0x02, 0xFF, 0x83, 0xCE, 0x79, 0xC6, 0x38, 0x02, 0xFF,
    0x83, 0xDE, 0xFB, 0x52, 0xAA, 0x7F, 0x00, 0x54, 0x00, 0x82, 0x20, 0x94, 0xB2, 0x02, 0xFF, 0x81,
    0xCE, 0x79, 0x16, 0x00, 0x8F, 0x6B, 0x4D, 0xEF, 0x7D, 0xFF, 0xDF, 0xD6, 0xBA, 0xFF, 0xDF, 0xF7,
    0xBE, 0x84, 0x10, 0x08, 0x41, 0x7F, 0x00, 0x54, 0x00, 0x82, 0x20, 0x9C, 0xD3, 0x02, 0xFF, 0x81,
    0xCE, 0x79, 0x16, 0x00, 0x83, 0xA5, 0x14, 0xFF, 0xDF, 0x04, 0xFF, 0x85, 0xF7, 0xBE, 0xA5, 0x14,
    0x08, 0x61, 0x7F, 0x00, 0x57, 0x00, 0x81, 0x8C, 0x71, 0x02, 0xFF, 0x83, 0xE7, 0x1C, 0x31, 0x86,
    0x12, 0x00, 0x83, 0x29, 0x45, 0xC6, 0x38, 0x05, 0xFF, 0x84, 0xDF, 0xAD, 0x55, 0x18, 0xE3, 0x7F,
    0x00, 0x23, 0x00, 0x87, 0x08, 0x41, 0x42, 0x28, 0x39, 0xE7, 0x00, 0x20, 0x2E, 0x00, 0x83, 0x5A,
    0xEB, 0xEF, 0x5D, 0x02, 0xFF, 0x83, 0xC6, 0x38, 0x39, 0xC7, 0x0C, 0x00, 0x87, 0x18, 0xE3, 0x63,
    0x2C, 0xB5, 0xB6, 0xF7, 0xBE, 0x02, 0xFF, 0x85, 0xF7, 0x9E, 0x9C, 0xF3, 0x18, 0xE3, 0x7F, 0x00,
    0x0D, 0x00, 0x83, 0x08, 0x41, 0x00, 0x20, 0x12, 0x00, 0x89, 0x10, 0x82, 0xB5, 0x96, 0xEF, 0x7D,
    0xE7, 0x1C, 0x6B, 0x6D, 0x2E, 0x00, 0x85, 0x08, 0x41, 0x8C, 0x51, 0xF7, 0x9E, 0x02, 0xFF, 0x91,
    0xEF, 0x5D, 0xC6, 0x18, 0x9C, 0xD3, 0x8C, 0x71, 0x8C, 0x71, 0xA5, 0x14, 0xC6, 0x18, 0xDE, 0xDB,
    0xF7, 0xBE, 0x04, 0xFF, 0x85, 0xEF, 0x7D, 0x7B, 0xCF, 0x08, 0x61, 0x7F, 0x00, 0x0D, 0x00, 0x87,
    0x6B, 0x4D, 0xCE, 0x79, 0xAD, 0x75, 0x18, 0xC3, 0x10, 0x00, 0x83, 0x94, 0xB2, 0xFF, 0xDF, 0x04,
    0xFF, 0x81, 0x9C, 0xF3, 0x30, 0x00, 0x87, 0x10, 0xA2, 0x7B, 0xEF, 0xDE, 0xFB, 0xFF, 0xDF, 0x03,
    0xFF, 0x86, 0xDF, 0xFF, 0xDF, 0xFF, 0xDF, 0xFF, 0xDF, 0x03, 0xFF, 0x84, 0xDF, 0xEF, 0x7D, 0xE7,
    0x3C, 0x02, 0xFF, 0x83, 0xDE, 0xDB, 0x42, 0x08, 0x7F, 0x00, 0x0D, 0x00, 0x83, 0x39, 0xC7, 0xCE,
    0x59, 0x02, 0xFF, 0x8D, 0xDE, 0xFB, 0x31, 0x86, 0x08, 0x41, 0x63, 0x2C, 0xA5, 0x34, 0x9C, 0xD3,
    0x52, 0x8A, 0x04, 0x00, 0x83, 0x39, 0xC7, 0xE7, 0x3C, 0x05, 0xFF, 0x82, 0xDF, 0x8C, 0x71, 0x32,
    0x00, 0x9D, 0x08, 0x41, 0x42, 0x08, 0x7B, 0xEF, 0xA5, 0x34, 0xCE, 0x59, 0xDE, 0xDB, 0xDE, 0xDB,
    0xC6, 0x18, 0xA5, 0x14, 0x84, 0x30, 0x5A, 0xCB, 0x8C, 0x71, 0xFF, 0xDF, 0xD6, 0x9A, 0x31, 0x86,
    0x7F, 0x00, 0x0C, 0x00, 0x9A, 0x20, 0x7B, 0xEF, 0xF7, 0x9E, 0xFF, 0xDF, 0xB5, 0xB6, 0x10, 0xA2,
    0x5A, 0xCB, 0xE7, 0x1C, 0xFF, 0xDF, 0xFF, 0xDF, 0xCE, 0x59, 0x42, 0x28, 0x08, 0x41, 0x94, 0xB2,
    0x06, 0xFF, 0x83, 0xEF, 0x5D, 0x5A, 0xEB, 0x37, 0x00, 0x8E, 0x20, 0x10, 0x82, 0x21, 0x04, 0x29,
    0x45, 0x29, 0x45, 0x18, 0xE3, 0x10, 0x82, 0x00, 0x20, 0x02, 0x00, 0x87, 0x84, 0x30, 0xFF, 0xDF,
    0xCE, 0x79, 0x29, 0x65, 0x7F, 0x00, 0x0B, 0x00, 0x83, 0x5A, 0xCB, 0xD6, 0xBA, 0x02, 0xFF, 0x87,
    0xDE, 0xDB, 0x4A, 0x69, 0x00, 0x20, 0xAD, 0x75, 0x02, 0xFF, 0x8B, 0xE7, 0x3C, 0xEF, 0x7D, 0xF7,
    0xBE, 0x84, 0x30, 0x39, 0xC7, 0xDE, 0xFB, 0x05, 0xFF, 0x84, 0xDF, 0xB5, 0x96, 0x10, 0xA2, 0x48,
    0x00, 0x87, 0x84, 0x30, 0xFF, 0xDF, 0xCE, 0x79, 0x29, 0x65, 0x7F, 0x00, 0x09, 0x00, 0x85, 0x42,
    0x08, 0xC6, 0x38, 0xFF, 0xDF, 0x02, 0xFF, 0x93, 0xA5, 0x34, 0x00, 0x20, 0x39, 0xC7, 0xE7, 0x1C,
    0xFF, 0xDF, 0x9C, 0xD3, 0xCE, 0x59, 0xFF, 0xDF, 0x9C, 0xF3, 0x7B, 0xEF, 0x06, 0xFF, 0x83, 0xD6,
    0xBA, 0x4A, 0x49, 0x4A, 0x00, 0x87, 0x84, 0x10, 0xFF, 0xDF, 0xD6, 0x9A, 0x31, 0x86, 0x7F, 0x00,
    0x07, 0x00, 0x85, 0x29, 0x65, 0xB5, 0xB6, 0xFF, 0xDF, 0x02, 0xFF, 0x87, 0xF7, 0xBE, 0x7B, 0xEF,
    0x00, 0x20, 0x73, 0xAE, 0x02, 0xFF, 0x8B, 0xE7, 0x1C, 0x84, 0x30, 0xEF, 0x7D, 0xF7, 0x9E, 0x84,
    0x10, 0xC6, 0x38, 0x04, 0xFF, 0x85, 0xEF, 0x5D, 0x6B, 0x6D, 0x00, 0x20, 0x4A, 0x00, 0x87, 0x84,
    0x10, 0xFF, 0xDF, 0xD6, 0x9A, 0x31, 0x86, 0x7F, 0x00, 0x05, 0x00, 0x85, 0x10, 0xA2, 0xAD, 0x75,
    0xFF, 0xDF, 0x04, 0xFF, 0x87, 0xEF, 0x7D, 0x63, 0x2C, 0x18, 0xC3, 0xAD, 0x75, 0x02, 0xFF, 0x83,
    0xDE, 0xDB, 0xE7, 0x1C, 0x02, 0xFF, 0x85, 0xD6, 0x9A, 0x63, 0x0C, 0xE7, 0x3C, 0x03, 0xFF, 0x88,
    0xDF, 0xA5, 0x14, 0x6B, 0x4D, 0x7B, 0xCF, 0x31, 0xA6, 0x08, 0x00, 0x85, 0x31, 0xA6, 0x4A, 0x49,
    0x18, 0xE3, 0x3A, 0x00, 0x87, 0x8C, 0x71, 0xFF, 0xDF, 0xCE, 0x79, 0x29, 0x65, 0x7F, 0x00, 0x03,
    0x00, 0x93, 0x21, 0x04, 0xA5, 0x34, 0xFF, 0xDF, 0xF7, 0xBE, 0xBD, 0xF7, 0xEF, 0x7D, 0xEF, 0x7D,
    0x5A, 0xCB, 0x39, 0xC7, 0xDE, 0xDB, 0x06, 0xFF, 0x87, 0xE7, 0x1C, 0x6B, 0x6D, 0x7B, 0xEF, 0xFF,
    0xDF, 0x02, 0xFF, 0x85, 0xCE, 0x79, 0xB5, 0xB6, 0xFF, 0xDF, 0x02, 0xFF, 0x83, 0xBD, 0xF7, 0x08,
    0x61, 0x02, 0x00, 0x93, 0x29, 0x45, 0xA5, 0x34, 0xDE, 0xFB, 0xEF, 0x7D, 0xCE, 0x79, 0x63, 0x2C,
    0x00, 0x20, 0x39, 0xC7, 0x7B, 0xCF, 0x31, 0x86, 0x02, 0x00, 0x83, 0x08, 0x41, 0x00, 0x20, 0x2A,
    0x00, 0x81, 0xB5, 0x96, 0x02, 0xFF, 0x83, 0xB5, 0xB6, 0x18, 0xC3, 0x7F, 0x00, 0x96, 0x00, 0x21,
    0x04, 0xA5, 0x14, 0xF7, 0xBE, 0xF7, 0xBE, 0x9C, 0xD3, 0x73, 0x8E, 0xEF, 0x5D, 0xE7, 0x3C, 0x52,
    0xAA, 0x7B, 0xCF, 0xF7, 0x9E, 0x04, 0xFF, 0x87, 0xE7, 0x1C, 0x73, 0xAE, 0x18, 0xE3, 0xAD, 0x75,
    0x02, 0xFF, 0x85, 0xF7, 0xBE, 0xDE, 0xDB, 0xFF, 0xDF, 0x04, 0xFF, 0x8D, 0xE7, 0x3C, 0x29, 0x45,
    0x29, 0x45, 0xBD, 0xF7, 0xFF, 0xDF, 0xFF, 0xDF, 0xF7, 0x9E, 0x02, 0xFF, 0x91, 0xCE, 0x79, 0x39,
    0xC7, 0xB5, 0xB6, 0xFF, 0xDF, 0xB5, 0x96, 0x84, 0x30, 0xB5, 0xB6, 0xA5, 0x14, 0x4A, 0x49, 0x06,
    0x00, 0x87, 0x10, 0xA2, 0x42, 0x28, 0x42, 0x08, 0x18, 0xC3, 0x18, 0x00, 0x83, 0x21, 0x04, 0xD6,
    0xBA, 0x02, 0xFF, 0x83, 0x94, 0x92, 0x00, 0x20, 0x7E, 0x00, 0x95, 0x21, 0x04, 0x9C, 0xF3, 0xF7,
    0x9E, 0xFF, 0xDF, 0xA5, 0x34, 0x29, 0x45, 0x73, 0x8E, 0xEF, 0x7D, 0xEF, 0x7D, 0xC6, 0x38, 0xEF,
    0x7D, 0x02, 0xFF, 0x8B, 0xF7, 0xBE, 0xC6, 0x18, 0x63, 0x2C, 0x10, 0x82, 0x5A, 0xCB, 0xE7, 0x3C,
    0x02, 0xFF, 0x87, 0xEF, 0x5D, 0xFF, 0xDF, 0xF7, 0xBE, 0xD6, 0x9A, 0x02, 0xFF, 0x8D, 0xE7, 0x3C,
    0x21, 0x24, 0x84, 0x10, 0xF7, 0xBE, 0xF7, 0xBE, 0xA5, 0x14, 0xC6, 0x38, 0x02, 0xFF, 0x85, 0xD6,
    0xBA, 0x6B, 0x6D, 0xEF, 0x5D, 0x02, 0xFF, 0x83, 0xF7, 0xBE, 0xF7, 0xBE, 0x03, 0xFF, 0x92, 0xDF,
    0xB5, 0xB6, 0x21, 0x04, 0x18, 0xC3, 0x6B, 0x6D, 0xBD, 0xF7, 0xEF, 0x5D, 0xEF, 0x5D, 0xB5, 0xB6,
    0x52, 0x8A, 0x16, 0x00, 0x87, 0x73, 0x8E, 0xF7, 0x9E, 0xEF, 0x5D, 0x63, 0x0C, 0x7E, 0x00, 0x91,
    0x21, 0x24, 0x9C, 0xF3, 0xF7, 0x9E, 0xFF, 0xDF, 0xAD, 0x75, 0x29, 0x45, 0x31, 0xA6, 0xAD, 0x55,
    0xFF, 0xDF, 0x08, 0xFF, 0x83, 0xB5, 0xB6, 0x39, 0xC7, 0x02, 0x00, 0x83, 0x21, 0x24, 0xB5, 0xB6,
    0x05, 0xFF, 0x80, 0xDF, 0x02, 0xFF, 0x8B, 0xBD, 0xF7, 0xA5, 0x34, 0xFF, 0xDF, 0xDE, 0xFB, 0x29,
    0x45, 0xC6, 0x38, 0x02, 0xFF, 0x8D, 0xC6, 0x18, 0xA5, 0x14, 0xEF, 0x7D, 0xF7, 0xBE, 0x9C, 0xF3,
    0x9C, 0xF3, 0xFF, 0xDF, 0x04, 0xFF, 0x8D, 0xF7, 0x9E, 0xCE, 0x79, 0xF7, 0xBE, 0xEF, 0x5D, 0x5A,
    0xEB, 0x9C, 0xD3, 0xEF, 0x5D, 0x03, 0xFF, 0x88, 0xDF, 0xFF, 0xDF, 0xFF, 0xDF, 0xC6, 0x38, 0x5A,
    0xEB, 0x12, 0x00, 0x83, 0x18, 0xC3, 0xC6, 0x18, 0x02, 0xFF, 0x83, 0xBD, 0xF7, 0x21, 0x24, 0x7C,
    0x00, 0x91, 0x21, 0x24, 0xA5, 0x14, 0xF7, 0x9E, 0xF7, 0xBE, 0xB5, 0xB6, 0x31, 0xA6, 0x73, 0x8E,
    0xD6, 0x9A, 0xF7, 0xBE, 0x02, 0xFF, 0x85, 0xF7, 0xBE, 0xD6, 0x9A, 0xF7, 0x9E, 0x02, 0xFF, 0x81,
    0x73, 0xAE, 0x03, 0x00, 0x84, 0x20, 0x73, 0xAE, 0xEF, 0x7D, 0x06, 0xFF, 0x85, 0xDE, 0xFB, 0x52,
    0x8A, 0xBD, 0xD7, 0x02, 0xFF, 0x85, 0xBD, 0xD7, 0x42, 0x28, 0xE7, 0x1C, 0x02, 0xFF, 0x8B, 0xD6,
    0xBA, 0xF7, 0x9E, 0xFF, 0xDF, 0xBD, 0xF7, 0x4A, 0x69, 0xC6, 0x38, 0x05, 0xFF, 0x8C, 0xDF, 0x9C,
    0xF3, 0x6B, 0x6D, 0xEF, 0x7D, 0xF7, 0xBE, 0xB5, 0xB6, 0xF7, 0x9E, 0x02, 0xFF, 0x87, 0xEF, 0x5D,
    0x9C, 0xF3, 0xB5, 0x96, 0xF7, 0xBE, 0x02, 0xFF, 0x81, 0xD6, 0x9A, 0x10, 0x00, 0x8B, 0x08, 0x61,
    0x7B, 0xEF, 0xF7, 0x9E, 0xEF, 0x7D, 0x73, 0x8E, 0x00, 0x20, 0x7A, 0x00, 0x8F, 0x29, 0x45, 0xA5,
    0x34, 0xF7, 0xBE, 0xF7, 0xBE, 0xB5, 0xB6, 0x42, 0x08, 0x9C, 0xD3, 0xEF, 0x7D, 0x03, 0xFF, 0x80,
    0xDF, 0x02, 0xFF, 0x89, 0xDE, 0xDB, 0x73, 0xAE, 0xEF, 0x5D, 0xF7, 0xBE, 0x52, 0xAA, 0x02, 0x00,
    0x83, 0x31, 0x86, 0xC6, 0x38, 0x07, 0xFF, 0x86, 0xDF, 0x8C, 0x51, 0x10, 0x82, 0xCE, 0x59, 0x02,
    0xFF, 0x85, 0xA5, 0x14, 0x52, 0xAA, 0xEF, 0x7D, 0x03, 0xFF, 0x8A, 0xDF, 0xFF, 0xDF, 0xC6, 0x18,
    0x42, 0x28, 0x84, 0x30, 0xEF, 0x7D, 0x04, 0xFF, 0x87, 0xC6, 0x18, 0x29, 0x65, 0x8C, 0x71, 0xFF,
    0xDF, 0x03, 0xFF, 0x80, 0xDF, 0x03, 0xFF, 0x88, 0xDF, 0x94, 0x92, 0x08, 0x61, 0x5A, 0xCB, 0xEF,
    0x7D, 0x02, 0xFF, 0x81, 0xD6, 0xBA, 0x0E, 0x00, 0x85, 0x08, 0x41, 0x63, 0x2C, 0xDE, 0xFB, 0x02,
    0xFF, 0x83, 0xB5, 0xB6, 0x29, 0x45, 0x7A, 0x00, 0xA7, 0x21, 0x04, 0xAD, 0x75, 0xFF, 0xDF, 0xFF,
    0xDF, 0xB5, 0x96, 0x29, 0x65, 0x8C, 0x51, 0xF7, 0xBE, 0xFF, 0xDF, 0xCE, 0x59, 0xB5, 0x96, 0xF7,
    0xBE, 0xD6, 0xBA, 0x94, 0x92, 0xFF, 0xDF, 0xDE, 0xFB, 0x29, 0x45, 0x08, 0x41, 0x8C, 0x71, 0xF7,
    0xBE, 0x06, 0xFF, 0x8F, 0xDE, 0xFB, 0x21, 0x24, 0x21, 0x24, 0xDE, 0xFB, 0xFF, 0xDF, 0x8C, 0x71,
    0x52, 0x8A, 0xEF, 0x5D, 0x03, 0xFF, 0x88, 0xDF, 0xBD, 0xD7, 0x39, 0xE7, 0x73, 0xAE, 0xE7, 0x3C,
    0x04, 0xFF, 0x87, 0xEF, 0x7D, 0x52, 0x8A, 0x08, 0x61, 0xB5, 0xB6, 0x08, 0xFF, 0x8D, 0xEF, 0x7D,
    0x52, 0x8A, 0x00, 0x20, 0x94, 0x92, 0xFF, 0xDF, 0xF7, 0xBE, 0x94, 0x92, 0x0C, 0x00, 0x85, 0x10,
    0xA2, 0x6B, 0x6D, 0xDE, 0xFB, 0x02, 0xFF, 0x83, 0xD6, 0x9A, 0x42, 0x28, 0x71, 0x00, 0x80, 0x20,
    0x08, 0x00, 0x83, 0x18, 0xE3, 0xB5, 0x96, 0x03, 0xFF, 0x88, 0xDF, 0xAD, 0x75, 0x29, 0x45, 0x21,
    0x04, 0xBD, 0xF7, 0x02, 0xFF, 0x8B, 0xCE, 0x59, 0x31, 0x86, 0x7B, 0xCF, 0xF7, 0x9E, 0xDE, 0xDB,
    0x9C, 0xF3, 0x02, 0xFF, 0x87, 0xD6, 0x9A, 0x10, 0xA2, 0x52, 0x8A, 0xE7, 0x1C, 0x08, 0xFF, 0x81,
    0xAD, 0x55, 0x02, 0x00, 0x89, 0x39, 0xE7, 0xEF, 0x7D, 0xF7, 0x9E, 0x84, 0x10, 0xC6, 0x18, 0x04,
    0xFF, 0x87, 0xDE, 0xDB, 0x4A, 0x69, 0x94, 0x92, 0xEF, 0x5D, 0x06, 0xFF, 0x87, 0xAD, 0x55, 0x08,
    0x41, 0x31, 0x86, 0xD6, 0xBA, 0x04, 0xFF, 0x8B, 0xF7, 0x9E, 0xFF, 0xDF, 0xEF, 0x7D, 0x63, 0x0C,
    0x63, 0x0C, 0xDE, 0xDB, 0x02, 0xFF, 0x83, 0xD6, 0x9A, 0x31, 0x86, 0x09, 0x00, 0x86, 0x20, 0x31,
    0xA6, 0x9C, 0xD3, 0xEF, 0x5D, 0x02, 0xFF, 0x83, 0xDE, 0xDB, 0x52, 0x8A, 0x6E, 0x00, 0x89, 0x21,
    0x04, 0x9C, 0xD3, 0xBD, 0xF7, 0xA5, 0x14, 0x31, 0x86, 0x02, 0x00, 0x83, 0x31, 0xA6, 0xC6, 0x18,
    0x03, 0xFF, 0x84, 0xDF, 0xA5, 0x14, 0x18, 0xC3, 0x02, 0x00, 0x91, 0x08, 0x61, 0x9C, 0xF3, 0xFF,
    0xDF, 0xEF, 0x7D, 0x73, 0xAE, 0x73, 0xAE, 0xEF, 0x7D, 0xDE, 0xFB, 0xA5, 0x14, 0x02, 0xFF, 0x85,
    0xD6, 0xBA, 0x29, 0x65, 0xBD, 0xF7, 0x02, 0xFF, 0x83, 0xEF, 0x7D, 0xF7, 0xBE, 0x02, 0xFF, 0x83,
    0xF7, 0x9E, 0x6B, 0x4D, 0x02, 0x00, 0x87, 0x4A, 0x49, 0xF7, 0x9E, 0xFF, 0xDF, 0xE7, 0x3C, 0x03,
    0xFF, 0x82, 0xDF, 0xFF, 0xDF, 0x02, 0xFF, 0x81, 0xF7, 0x9E, 0x03, 0xFF, 0x82, 0xDF, 0xF7, 0xBE,
    0x02, 0xFF, 0x83, 0xEF, 0x5D, 0x4A, 0x69, 0x02, 0x00, 0x83, 0x42, 0x08, 0xE7, 0x1C, 0x02, 0xFF,
    0x85, 0xEF, 0x7D, 0x9C, 0xD3, 0xD6, 0x9A, 0x02, 0xFF, 0x83, 0xF7, 0x9E, 0xF7, 0xBE, 0x04, 0xFF,
    0x8F, 0xE7, 0x3C, 0x94, 0x92, 0x4A, 0x49, 0x39, 0xE7, 0x4A, 0x69, 0x7B, 0xEF, 0xB5, 0xB6, 0xE7,
    0x1C, 0x03, 0xFF, 0x84, 0xDF, 0xCE, 0x59, 0x4A, 0x49, 0x70, 0x00, 0x83, 0x8C, 0x71, 0xFF, 0xDF,
    0x02, 0xFF, 0x87, 0xF7, 0x9E, 0x84, 0x10, 0x73, 0x8E, 0xDE, 0xDB, 0x02, 0xFF, 0x85, 0xF7, 0x9E,
    0x9C, 0xD3, 0x21, 0x04, 0x06, 0x00, 0x83, 0x42, 0x08, 0xCE, 0x79, 0x02, 0xFF, 0x97, 0xEF, 0x7D,
    0xC6, 0x18, 0xF7, 0x9E, 0xE7, 0x3C, 0x94, 0x92, 0xF7, 0xBE, 0xEF, 0x5D, 0xBD, 0xD7, 0xFF, 0xDF,
    0xEF, 0x7D, 0xA5, 0x34, 0xE7, 0x3C, 0x02, 0xFF, 0x83, 0xD6, 0x9A, 0x10, 0x82, 0x02, 0x00, 0x83,
    0x39, 0xE7, 0xEF, 0x7D, 0x04, 0xFF, 0x95, 0xF7, 0x9E, 0x94, 0x92, 0xA5, 0x34, 0xE7, 0x3C, 0xF7,
    0x9E, 0xDE, 0xFB, 0xA5, 0x34, 0x7B, 0xEF, 0xC6, 0x18, 0x8C, 0x71, 0x08, 0x61, 0x02, 0x00, 0x95,
    0x29, 0x45, 0xB5, 0xB6, 0xE7, 0x1C, 0x94, 0x92, 0x18, 0xE3, 0x7B, 0xCF, 0xDE, 0xDB, 0xF7, 0x9E,
    0xEF, 0x7D, 0xCE, 0x79, 0xE7, 0x1C, 0x03, 0xFF, 0x88, 0xDF, 0xFF, 0xDF, 0xFF, 0xDF, 0xFF, 0xDF,
    0xFF, 0xDF, 0x03, 0xFF, 0x86, 0xDF, 0xDE, 0xFB, 0xA5, 0x14, 0x31, 0xA6, 0x72, 0x00, 0x83, 0x9C,
    0xD3, 0xFF, 0xDF, 0x04, 0xFF, 0x83, 0xE7, 0x3C, 0xF7, 0x9E, 0x02, 0xFF, 0x85, 0xE7, 0x3C, 0x7B,
    0xEF, 0x18, 0xC3, 0x0A, 0x00, 0x85, 0x4A, 0x49, 0xCE, 0x59, 0xFF, 0xDF, 0x04, 0xFF, 0x85, 0xE7,
    0x3C, 0x63, 0x2C, 0xD6, 0xBA, 0x04, 0xFF, 0x8B, 0xF7, 0xBE, 0xA5, 0x14, 0x4A, 0x69, 0xDE, 0xFB,
    0xFF, 0xDF, 0x94, 0xB2, 0x04, 0x00, 0x82, 0x18, 0xC3, 0xBD, 0x02, 0xF7, 0x96, 0xBE, 0xE7, 0x3C,
    0x8C, 0x51, 0x10, 0xA2, 0x18, 0xC3, 0x4A, 0x69, 0x63, 0x0C, 0x42, 0x28, 0x10, 0xA2, 0x08, 0x41,
    0x29, 0x45, 0x10, 0x82, 0x06, 0x00, 0x85, 0x31, 0xA6, 0x4A, 0x49, 0x18, 0xC3, 0x02, 0x00, 0x9F,
    0x08, 0x61, 0x42, 0x08, 0x63, 0x0C, 0x5A, 0xCB, 0x31, 0xA6, 0x5A, 0xEB, 0xB5, 0xB6, 0xDE, 0xDB,
    0xF7, 0x9E, 0xF7, 0xBE, 0xF7, 0x9E, 0xDE, 0xDB, 0xC6, 0x38, 0x94, 0xB2, 0x4A, 0x69, 0x10, 0xA2,
    0x74, 0x00, 0x8F, 0x42, 0x08, 0xC6, 0x38, 0xF7, 0x9E, 0xFF, 0xDF, 0xFF, 0xDF, 0xEF, 0x7D, 0xCE,
    0x59, 0x73, 0x8E, 0x10, 0x00, 0x9D, 0x42, 0x08, 0xAD, 0x75, 0xE7, 0x3C, 0xF7, 0x9E, 0xBD, 0xD7,
    0x29, 0x65, 0x7B, 0xCF, 0xDE, 0xDB, 0xDE, 0xFB, 0xA5, 0x14, 0x31, 0x86, 0x18, 0xC3, 0x94, 0x92,
    0xAD, 0x75, 0x42, 0x08, 0x06, 0x00, 0x87, 0x42, 0x08, 0x73, 0x8E, 0x5A, 0xCB, 0x00, 0x20, 0x2C,
    0x00, 0x8D, 0x10, 0x82, 0x42, 0x28, 0x6B, 0x4D, 0x6B, 0x4D, 0x63, 0x2C, 0x42, 0x28, 0x18, 0xC3,
    0x7C, 0x00, 0x8B, 0x31, 0xA6, 0x7B, 0xCF, 0x94, 0x92, 0x8C, 0x71, 0x6B, 0x6D, 0x29, 0x65, 0x14,
    0x00, 0x87, 0x10, 0xA2, 0x5A, 0xCB, 0x73, 0x8E, 0x39, 0xE7, 0x02, 0x00, 0x87, 0x08, 0x41, 0x42,
    0x08, 0x4A, 0x49, 0x10, 0xA2, 0x07, 0x00, 0x80, 0x20, 0x7F, 0x00, 0x7F, 0x00, 0x7F, 0x00, 0x7F,
    0x00, 0x7F, 0x00, 0x7F, 0x00, 0x7F, 0x00, 0x7F, 0x00, 0x7F, 0x00, 0x7F, 0x00, 0x7F, 0x00, 0x7F,
    0x00, 0x7F, 0x00, 0x7F, 0x00, 0x7F, 0x00, 0x7F, 0x00, 0x7F, 0x00, 0x7F, 0x00, 0x7F, 0x00, 0x7F,
    0x00, 0x7F, 0x00, 0x7F, 0x00, 0x7F, 0x00, 0x5B, 0x00, 0x02, 0xFD, 0x06, 0x00, 0x00, 0x08, 0x00,
    0x01, 0xFF, 0x64, 0x00, 0x05, 0xFA, 0x9C, 0x21, 0x00, 0x7F, 0x00, 0x7F, 0x00, 0x7F, 0x00, 0x7F,
    0x00, 0x7F, 0x00, 0x7F, 0x00, 0x7F, 0x00, 0x7F, 0x00, 0x7F, 0x00, 0x7F, 0x00, 0x7F, 0x00, 0x7F,
    0x00, 0x7F, 0x00, 0x7F, 0x00, 0x7F, 0x00, 0x7F, 0x00, 0x7F, 0x00, 0x7F, 0x00, 0x7F, 0x00, 0x7F,
    0x00, 0x7F, 0x00, 0x7F, 0x00, 0x7F, 0x00, 0x7F, 0x00, 0x7F, 0x00, 0x7F, 0x00, 0x7F, 0x00, 0x7F,
    0x00, 0x7F, 0x00, 0x7F, 0x00, 0x7F, 0x00, 0x7F, 0x00, 0x7F, 0x00, 0x7F, 0x00, 0x7F, 0x00, 0x12,
    0x00, 0x96, 0x20, 0x18, 0xE3, 0x4A, 0x69, 0x73, 0xAE, 0x84, 0x10, 0x8C, 0x71, 0x94, 0xB2, 0x94,
    0x92, 0x84, 0x30, 0x7B, 0xCF, 0x42, 0x28, 0x10, 0xA2, 0x7F, 0x00, 0x63, 0x00, 0xA1, 0x08, 0x41,
    0x39, 0xE7, 0x73, 0xAE, 0xA5, 0x34, 0xCE, 0x79, 0xE7, 0x1C, 0xF7, 0xBE, 0xFF, 0xDF, 0xFF, 0xDF,
    0xFF, 0xDF, 0xFF, 0xDF, 0xFF, 0xDF, 0xF7, 0xBE, 0xDE, 0xFB, 0xC6, 0x18, 0x7B, 0xEF, 0x31, 0x86,
    0x10, 0x00, 0x89, 0x10, 0x82, 0x21, 0x24, 0x29, 0x45, 0x21, 0x04, 0x10, 0x82, 0x7F, 0x00, 0x41,
    0x00, 0xA7, 0x08, 0x41, 0x4A, 0x49, 0x9C, 0xF3, 0xD6, 0x9A, 0xEF, 0x7D, 0xFF, 0xDF, 0xFF, 0xDF,
    0xF7, 0x9E, 0xE7, 0x3C, 0xE7, 0x1C, 0xCE, 0x79, 0xC6, 0x18, 0xC6, 0x38, 0xDE, 0xFB, 0xE7, 0x3C,
    0xF7, 0xBE, 0xFF, 0xDF, 0xF7, 0x9E, 0xBD, 0xF7, 0x42, 0x08, 0x08, 0x00, 0x99, 0x39, 0xC7, 0x7B,
    0xEF, 0xAD, 0x75, 0xBD, 0xF7, 0xC6, 0x38, 0xCE, 0x59, 0xC6, 0x38, 0xBD, 0xD7, 0xAD, 0x75, 0x8C,
    0x51, 0x5A, 0xEB, 0x39, 0xC7, 0x08, 0x61, 0x7F, 0x00, 0x35, 0x00, 0xAB, 0x31, 0x86, 0x8C, 0x51,
    0xD6, 0xBA, 0xFF, 0xDF, 0xFF, 0xDF, 0xE7, 0x3C, 0xC6, 0x18, 0x94, 0xB2, 0x73, 0x8E, 0x42, 0x28,
    0x31, 0x86, 0x21, 0x24, 0x21, 0x04, 0x21, 0x24, 0x31, 0x86, 0x42, 0x08, 0x84, 0x10, 0xBD, 0xD7,
    0xF7, 0x9E, 0xFF, 0xDF, 0xB5, 0x96, 0x18, 0xC3, 0x02, 0x00, 0x87, 0x08, 0x61, 0x6B, 0x6D, 0xCE,
    0x59, 0xF7, 0x9E, 0x05, 0xFF, 0x84, 0xDF, 0xF7, 0xBE, 0xFF, 0xDF, 0x04, 0xFF, 0x8D, 0xF7, 0xBE,
    0xEF, 0x5D, 0xCE, 0x79, 0xAD, 0x55, 0x73, 0xAE, 0x42, 0x28, 0x18, 0xE3, 0x7F, 0x00, 0x2D, 0x00,
    0x91, 0x4A, 0x69, 0xBD, 0xD7, 0xF7, 0x9E, 0xFF, 0xDF, 0xE7, 0x1C, 0xA5, 0x14, 0x52, 0xAA, 0x21,
    0x24, 0x00, 0x20, 0x12, 0x00, 0x89, 0x21, 0x24, 0x9C, 0xF3, 0xF7, 0xBE, 0xEF, 0x7D, 0x5A, 0xCB,
    0x02, 0x00, 0x9B, 0x6B, 0x6D, 0xE7, 0x1C, 0xFF, 0xDF, 0xEF, 0x5D, 0xC6, 0x18, 0xA5, 0x34, 0x8C,
    0x71, 0x84, 0x30, 0x94, 0x92, 0xAD, 0x55, 0xBD, 0xD7, 0xDE, 0xDB, 0xF7, 0x9E, 0xFF, 0xDF, 0x02,
    0xFF, 0x8B, 0xF7, 0x9E, 0xDE, 0xDB, 0xB5, 0x96, 0x7B, 0xCF, 0x31, 0xA6, 0x08, 0x41, 0x7F, 0x00,
    0x24, 0x00, 0x84, 0x20, 0x4A, 0x49, 0xD6, 0x9A, 0x02, 0xFF, 0x87, 0xEF, 0x7D, 0xAD, 0x75, 0x4A,
    0x69, 0x08, 0x41, 0x1A, 0x00, 0x83, 0x31, 0xA6, 0xD6, 0x9A, 0x02, 0xFF, 0x85, 0x9C, 0xF3, 0x31,
    0x86, 0xD6, 0xBA, 0x02, 0xFF, 0x85, 0xCE, 0x79, 0x63, 0x2C, 0x18, 0xC3, 0x03, 0x00, 0x82, 0x20,
    0x00, 0x20, 0x03, 0x00, 0x8E, 0x20, 0x10, 0x82, 0x31, 0xA6, 0x5A, 0xEB, 0x9C, 0xD3, 0xC6, 0x18,
    0xE7, 0x1C, 0xFF, 0xDF, 0x02, 0xFF, 0x89, 0xF7, 0xBE, 0xCE, 0x79, 0x8C, 0x51, 0x42, 0x28, 0x10,
    0xA2, 0x7F, 0x00, 0x1F, 0x00, 0x83, 0x42, 0x08, 0xCE, 0x79, 0x02, 0xFF, 0x85, 0xE7, 0x3C, 0x7B,
    0xCF, 0x18, 0xE3, 0x10, 0x00, 0x85, 0x08, 0x41, 0x08, 0x61, 0x08, 0x41, 0x08, 0x00, 0x83, 0x10,
    0x82, 0xCE, 0x59, 0x02, 0xFF, 0x89, 0xAD, 0x75, 0x84, 0x30, 0xFF, 0xDF, 0xE7, 0x1C, 0x5A, 0xEB,
    0x02, 0x00, 0x8D, 0x31, 0x86, 0x63, 0x0C, 0x7B, 0xEF, 0x7B, 0xCF, 0x63, 0x0C, 0x39, 0xE7, 0x08,
    0x41, 0x06, 0x00, 0x89, 0x10, 0xA2, 0x42, 0x08, 0x84, 0x10, 0xC6, 0x18, 0xEF, 0x7D, 0x03, 0xFF,
    0x86, 0xDF, 0xDE, 0xFB, 0xA5, 0x14, 0x4A, 0x49, 0x7F, 0x00, 0x1B, 0x00, 0x83, 0x29, 0x65, 0xB5,
    0xB6, 0x02, 0xFF, 0x85, 0xE7, 0x3C, 0x6B, 0x6D, 0x08, 0x41, 0x08, 0x00, 0xA1, 0x08, 0x61, 0x39,
    0xC7, 0x6B, 0x6D, 0xA5, 0x34, 0xC6, 0x38, 0xCE, 0x59, 0xCE, 0x79, 0xCE, 0x59, 0xC6, 0x38, 0x9C,
    0xF3, 0x6B, 0x4D, 0x42, 0x28, 0x63, 0x2C, 0xE7, 0x3C, 0xFF, 0xDF, 0x8C, 0x71, 0xCE, 0x59, 0x02,
    0xFF, 0x89, 0xAD, 0x55, 0x18, 0xE3, 0x73, 0xAE, 0xDE, 0xDB, 0xFF, 0xDF, 0x06, 0xFF, 0x85, 0xE7,
    0x3C, 0xA5, 0x14, 0x31, 0xA6, 0x0A, 0x00, 0x89, 0x08, 0x41, 0x52, 0x8A, 0xA5, 0x34, 0xDE, 0xFB,
    0xFF, 0xDF, 0x02, 0xFF, 0x87, 0xEF, 0x7D, 0xA5, 0x34, 0x42, 0x28, 0x08, 0x61, 0x7F, 0x00, 0x13,
    0x00, 0x8B, 0x08, 0x61, 0x94, 0x92, 0xF7, 0xBE, 0xF7, 0x9E, 0x73, 0xAE, 0x08, 0x61, 0x06, 0x00,
    0x89, 0x10, 0xA2, 0x63, 0x0C, 0xB5, 0x96, 0xDE, 0xFB, 0xFF, 0xDF, 0x0F, 0xFF, 0x84, 0xDF, 0xE7,
    0x3C, 0xE7, 0x1C, 0x02, 0xFF, 0x8D, 0xE7, 0x3C, 0x73, 0xAE, 0xEF, 0x7D, 0xF7, 0xBE, 0x63, 0x0C,
    0x7B, 0xEF, 0xE7, 0x3C, 0x02, 0xFF, 0x8F, 0xE7, 0x3C, 0xCE, 0x79, 0xCE, 0x79, 0xE7, 0x1C, 0xFF,
    0xDF, 0xFF, 0xDF, 0xAD, 0x55, 0x18, 0xC3, 0x06, 0x00, 0x8F, 0x10, 0x82, 0x21, 0x24, 0x21, 0x24,
    0x18, 0xE3, 0x4A, 0x49, 0x8C, 0x51, 0xD6, 0x9A, 0xF7, 0xBE, 0x02, 0xFF, 0x87, 0xE7, 0x1C, 0xA5,
    0x34, 0x4A, 0x69, 0x08, 0x41, 0x7F, 0x00, 0x0F, 0x00, 0x89, 0x4A, 0x49, 0xD6, 0xBA, 0xFF, 0xDF,
    0xAD, 0x55, 0x10, 0x82, 0x04, 0x00, 0x87, 0x10, 0xA2, 0x52, 0xAA, 0xAD, 0x75, 0xEF, 0x5D, 0x02,
    0xFF, 0x91, 0xF7, 0xBE, 0xE7, 0x1C, 0xC6, 0x18, 0xA5, 0x14, 0x9C, 0xD3, 0x9C, 0xD3, 0x9C, 0xD3,
    0xA5, 0x34, 0xDE, 0xFB, 0x08, 0xFF, 0x83, 0xF7, 0xBE, 0xDE, 0xFB, 0x02, 0xFF, 0x85, 0xD6, 0x9A,
    0x4A, 0x69, 0xD6, 0x9A, 0x02, 0xFF, 0xB3, 0xCE, 0x59, 0x5A, 0xEB, 0x31, 0x86, 0x31, 0x86, 0x4A,
    0x49, 0xA5, 0x14, 0xFF, 0xDF, 0xE7, 0x3C, 0x63, 0x0C, 0x42, 0x28, 0x73, 0x8E, 0xAD, 0x55, 0xBD,
    0xD7, 0xCE, 0x79, 0xCE, 0x79, 0xBD, 0xD7, 0x9C, 0xD3, 0x4A, 0x69, 0x39, 0xE7, 0x8C, 0x51, 0xD6,
    0xBA, 0xF7, 0xBE, 0xFF, 0xDF, 0xE7, 0x1C, 0x8C, 0x71, 0x31, 0x86, 0x7F, 0x00, 0x0D, 0x00, 0x9F,
    0x7B, 0xEF, 0xF7, 0x9E, 0xE7, 0x3C, 0x4A, 0x49, 0x18, 0xC3, 0x39, 0xC7, 0x73, 0x8E, 0xAD, 0x75,
    0xE7, 0x3C, 0xFF, 0xDF, 0xF7, 0xBE, 0xCE, 0x59, 0x8C, 0x51, 0x52, 0x8A, 0x29, 0x65, 0x08, 0x41,
    0x04, 0x00, 0x85, 0x39, 0xC7, 0x94, 0x92, 0xE7, 0x1C, 0x03, 0xFF, 0x86, 0xDF, 0xDE, 0xFB, 0xD6,
    0xBA, 0xF7, 0xBE, 0x04, 0xFF, 0x9D, 0xDE, 0xFB, 0xAD, 0x55, 0xF7, 0xBE, 0xE7, 0x3C, 0x63, 0x2C,
    0x00, 0x20, 0x08, 0x41, 0x18, 0xC3, 0x29, 0x65, 0x7B, 0xCF, 0xF7, 0xBE, 0xFF, 0xDF, 0xD6, 0x9A,
    0xE7, 0x3C, 0xF7, 0x9E, 0x04, 0xFF, 0x83, 0xF7, 0xBE, 0xF7, 0xBE, 0x03, 0xFF, 0x96, 0xDF, 0xE7,
    0x1C, 0x9C, 0xF3, 0x29, 0x45, 0x4A, 0x49, 0x94, 0xB2, 0xDE, 0xDB, 0xFF, 0xDF, 0xF7, 0xBE, 0xC6,
    0x38, 0x6B, 0x6D, 0x18, 0xC3, 0x7F, 0x00, 0x09, 0x00, 0x97, 0x94, 0x92, 0xFF, 0xDF, 0xE7, 0x1C,
    0x9C, 0xF3, 0xBD, 0xD7, 0xDE, 0xFB, 0xEF, 0x7D, 0xFF, 0xDF, 0xF7, 0xBE, 0xD6, 0xBA, 0x8C, 0x71,
    0x31, 0xA6, 0x0A, 0x00, 0x93, 0x52, 0x8A, 0xCE, 0x79, 0xFF, 0xDF, 0xFF, 0xDF, 0xE7, 0x3C, 0xAD,
    0x75, 0x52, 0x8A, 0x42, 0x28, 0xA5, 0x14, 0xFF, 0xDF, 0x05, 0xFF, 0x80, 0xDF, 0x02, 0xFF, 0x8D,
    0xDE, 0xFB, 0x9C, 0xD3, 0x94, 0x92, 0x9C, 0xF3, 0xC6, 0x18, 0xDE, 0xFB, 0xEF, 0x5D, 0x05, 0xFF,
    0xA0, 0xDF, 0xF7, 0x9E, 0xE7, 0x3C, 0xC6, 0x38, 0xB5, 0x96, 0x8C, 0x71, 0x94, 0x92, 0xB5, 0xB6,
    0xDE, 0xFB, 0xFF, 0xDF, 0xFF, 0xDF, 0xAD, 0x75, 0x10, 0x82, 0x08, 0x41, 0x52, 0x8A, 0xAD, 0x75,
    0xEF, 0x5D, 0x02, 0xFF, 0x87, 0xEF, 0x7D, 0xA5, 0x14, 0x39, 0xC7, 0x00, 0x20, 0x7F, 0x00, 0x05,
    0x00, 0x83, 0x63, 0x2C, 0xE7, 0x1C, 0x07, 0xFF, 0x88, 0xDF, 0xE7, 0x3C, 0xC6, 0x38, 0x8C, 0x71,
    0x42, 0x28, 0x0C, 0x00, 0x83, 0x18, 0xC3, 0xC6, 0x18, 0x02, 0xFF, 0x87, 0xEF, 0x7D, 0xAD, 0x55,
    0x63, 0x0C, 0x10, 0x82, 0x04, 0x00, 0x87, 0x8C, 0x71, 0xFF, 0xDF, 0xEF, 0x5D, 0xF7, 0x9E, 0x0D,
    0xFF, 0x82, 0xDF, 0xFF, 0xDF, 0x03, 0xFF, 0x9C, 0xDF, 0xD6, 0x9A, 0xA5, 0x34, 0x7B, 0xEF, 0x5A,
    0xCB, 0x18, 0xE3, 0x08, 0x41, 0x00, 0x20, 0x00, 0x20, 0x08, 0x41, 0x52, 0x8A, 0xB5, 0x96, 0xF7,
    0xBE, 0xF7, 0xBE, 0x52, 0x8A, 0x04, 0x00, 0x8F, 0x18, 0xC3, 0x73, 0xAE, 0xC6, 0x38, 0xF7, 0xBE,
    0xFF, 0xDF, 0xCE, 0x59, 0x63, 0x2C, 0x10, 0xA2, 0x7F, 0x00, 0x03, 0x00, 0x8F, 0x10, 0x82, 0x6B,
    0x4D, 0xB5, 0x96, 0xCE, 0x79, 0xAD, 0x75, 0x8C, 0x51, 0x5A, 0xCB, 0x18, 0xE3, 0x10, 0x00, 0x83,
    0x31, 0xA6, 0xDE, 0xDB, 0x02, 0xFF, 0x83, 0xA5, 0x34, 0x08, 0x41, 0x06, 0x00, 0x83, 0x21, 0x04,
    0xBD, 0xF7, 0x02, 0xFF, 0x83, 0xE7, 0x1C, 0xEF, 0x7D, 0x02, 0xFF, 0xA9, 0xC6, 0x38, 0xC6, 0x18,
    0xD6, 0xBA, 0xDE, 0xDB, 0xCE, 0x59, 0xA5, 0x34, 0xA5, 0x34, 0xF7, 0xBE, 0xF7, 0xBE, 0xA5, 0x14,
    0x7B, 0xEF, 0x84, 0x30, 0x8C, 0x51, 0x8C, 0x71, 0x8C, 0x71, 0x84, 0x30, 0x7B, 0xCF, 0x6B, 0x6D,
    0x63, 0x0C, 0x6B, 0x4D, 0xDE, 0xFB, 0x02, 0xFF, 0x85, 0x94, 0x92, 0x10, 0x82, 0x00, 0x20, 0x04,
    0x00, 0x85, 0x31, 0x86, 0x9C, 0xD3, 0xEF, 0x5D, 0x02, 0xFF, 0x85, 0xEF, 0x5D, 0x94, 0x92, 0x29,
    0x45, 0x7F, 0x00, 0x21, 0x00, 0x83, 0x10, 0xA2, 0xBD, 0xF7, 0x02, 0xFF, 0x8D, 0xE7, 0x3C, 0x6B,
    0x4D, 0x31, 0x86, 0x29, 0x65, 0x42, 0x28, 0x7B, 0xEF, 0xE7, 0x3C, 0x06, 0xFF, 0x83, 0xD6, 0xBA,
    0x4A, 0x49, 0x0A, 0x00, 0x83, 0x5A, 0xCB, 0xEF, 0x7D, 0x1C, 0xFF, 0x91, 0xE7, 0x1C, 0xB5, 0x96,
    0x7B, 0xCF, 0x4A, 0x69, 0x21, 0x04, 0x08, 0x41, 0x08, 0x41, 0x63, 0x2C, 0xD6, 0x9A, 0x03, 0xFF,
    0x84, 0xDF, 0xB5, 0x96, 0x31, 0xA6, 0x7F, 0x00, 0x21, 0x00, 0x83, 0x52, 0x8A, 0xDE, 0xFB, 0x04,
    0xFF, 0x85, 0xEF, 0x7D, 0xEF, 0x5D, 0xF7, 0xBE, 0x06, 0xFF, 0x85, 0xEF, 0x7D, 0xB5, 0x96, 0x42,
    0x28, 0x0C, 0x00, 0x9B, 0x10, 0xA2, 0x94, 0xB2, 0xD6, 0xBA, 0xDE, 0xFB, 0xD6, 0xBA, 0xCE, 0x79,
    0xCE, 0x59, 0xC6, 0x38, 0xC6, 0x38, 0xCE, 0x79, 0xDE, 0xDB, 0xEF, 0x5D, 0xEF, 0x7D, 0xFF, 0xDF,
    0x0B, 0xFF, 0x8E, 0xDF, 0xE7, 0x1C, 0xBD, 0xF7, 0x8C, 0x71, 0x31, 0x86, 0x29, 0x65, 0xAD, 0x55,
    0xF7, 0xBE, 0x02, 0xFF, 0x83, 0xD6, 0x9A, 0x5A, 0xCB, 0x7F, 0x00, 0x20, 0x00, 0x8E, 0x20, 0x52,
    0xAA, 0xC6, 0x38, 0xE7, 0x3C, 0xF7, 0x9E, 0xF7, 0x9E, 0xEF, 0x7D, 0xFF, 0xDF, 0x02, 0xFF, 0x85,
    0xCE, 0x59, 0x4A, 0x69, 0x10, 0xA2, 0x10, 0x00, 0x99, 0x08, 0x61, 0x29, 0x65, 0x31, 0x86, 0x29,
    0x65, 0x21, 0x24, 0x21, 0x04, 0x21, 0x04, 0x21, 0x04, 0x21, 0x24, 0x31, 0x86, 0x39, 0xC7, 0x52,
    0xAA, 0xCE, 0x59, 0x02, 0xFF, 0x8B, 0xE7, 0x3C, 0xAD, 0x75, 0xBD, 0xF7, 0xD6, 0xBA, 0xEF, 0x5D,
    0xFF, 0xDF, 0x04, 0xFF, 0x89, 0xEF, 0x7D, 0xB5, 0x96, 0x63, 0x0C, 0x94, 0x92, 0xEF, 0x5D, 0x02,
    0xFF, 0x83, 0xE7, 0x1C, 0x73, 0x8E, 0x7F, 0x00, 0x07, 0x00, 0x89, 0x10, 0x82, 0x63, 0x0C, 0x84,
    0x30, 0x5A, 0xCB, 0x08, 0x61, 0x10, 0x00, 0x8F, 0x29, 0x45, 0x4A, 0x69, 0x63, 0x2C, 0x63, 0x2C,
    0x8C, 0x51, 0xF7, 0x9E, 0xF7, 0xBE, 0x73, 0xAE, 0x28, 0x00, 0x99, 0x6B, 0x4D, 0xD6, 0x9A, 0xFF,
    0xDF, 0xF7, 0x9E, 0x7B, 0xEF, 0x00, 0x20, 0x18, 0xC3, 0x39, 0xE7, 0x5A, 0xCB, 0x84, 0x10, 0xBD,
    0xD7, 0xE7, 0x1C, 0xFF, 0xDF, 0x02, 0xFF, 0x87, 0xEF, 0x7D, 0xAD, 0x75, 0x84, 0x10, 0xDE, 0xDB,
    0x02, 0xFF, 0x83, 0xEF, 0x5D, 0x84, 0x10, 0x7F, 0x00, 0x03, 0x00, 0x8D, 0x29, 0x65, 0xB5, 0xB6,
    0xEF, 0x7D, 0xFF, 0xDF, 0xEF, 0x7D, 0xC6, 0x18, 0x5A, 0xCB, 0x15, 0x00, 0x88, 0x20, 0xAD, 0x55,
    0xFF, 0xDF, 0xD6, 0xBA, 0x29, 0x45, 0x24, 0x00, 0x85, 0x29, 0x65, 0xA5, 0x14, 0xEF, 0x5D, 0x02,
    0xFF, 0x85, 0xEF, 0x7D, 0x94, 0xB2, 0x08, 0x41, 0x0A, 0x00, 0x91, 0x10, 0x82, 0x4A, 0x69, 0x94,
    0x92, 0xDE, 0xFB, 0xFF, 0xDF, 0xFF, 0xDF, 0xCE, 0x59, 0x7B, 0xEF, 0xD6, 0xBA, 0x02, 0xFF, 0x82,
    0xEF, 0x7D, 0x84, 0x02, 0x10, 0x80, 0x82, 0x7E, 0x00, 0x89, 0x84, 0x10, 0xF7, 0xBE, 0xFF, 0xDF,
    0xEF, 0x5D, 0xF7, 0xBE, 0x02, 0xFF, 0x83, 0xDE, 0xFB, 0x5A, 0xCB, 0x06, 0x00, 0x87, 0x08, 0x41,
    0x31, 0x86, 0x39, 0xE7, 0x10, 0x82, 0x04, 0x00, 0x89, 0x42, 0x28, 0xDE, 0xFB, 0xFF, 0xDF, 0x9C,
    0xF3, 0x00, 0x20, 0x22, 0x00, 0x83, 0x6B, 0x4D, 0xCE, 0x79, 0x03, 0xFF, 0x86, 0xDF, 0xDE, 0xFB,
    0x7B, 0xCF, 0x08, 0x41, 0x12, 0x00, 0x85, 0x39, 0xC7, 0x9C, 0xF3, 0xEF, 0x7D, 0x02, 0xFF, 0x85,
    0xD6, 0x9A, 0x73, 0xAE, 0xCE, 0x79, 0x02, 0xFF, 0x85, 0xEF, 0x7D, 0x84, 0x30, 0x10, 0xA2, 0x7B,
    0x00, 0x8C, 0x20, 0xAD, 0x55, 0xFF, 0xDF, 0xBD, 0xF7, 0x52, 0x8A, 0x8C, 0x71, 0xE7, 0x3C, 0x02,
    0xFF, 0x9B, 0xB5, 0xB6, 0x18, 0xC3, 0x08, 0x61, 0x5A, 0xEB, 0xBD, 0xD7, 0xDE, 0xDB, 0xDE, 0xFB,
    0xD6, 0x9A, 0x6B, 0x6D, 0x10, 0xA2, 0x9C, 0xD3, 0xFF, 0xDF, 0xEF, 0x5D, 0x5A, 0xCB, 0x20, 0x00,
    0x85, 0x29, 0x65, 0x9C, 0xF3, 0xEF, 0x7D, 0x02, 0xFF, 0x85, 0xF7, 0xBE, 0xB5, 0xB6, 0x42, 0x28,
    0x18, 0x00, 0x85, 0x08, 0x41, 0x7B, 0xEF, 0xE7, 0x3C, 0x02, 0xFF, 0x85, 0xCE, 0x59, 0x5A, 0xCB,
    0xCE, 0x79, 0x02, 0xFF, 0x85, 0xEF, 0x5D, 0x7B, 0xCF, 0x08, 0x61, 0x79, 0x00, 0x8C, 0x20, 0xA5,
    0x34, 0xFF, 0xDF, 0xC6, 0x18, 0x29, 0x65, 0x10, 0xA2, 0x9C, 0xF3, 0x02, 0xFF, 0x87, 0xDE, 0xFB,
    0x39, 0xC7, 0x8C, 0x71, 0xEF, 0x5D, 0x05, 0xFF, 0x80, 0xDF, 0x02, 0xFF, 0x85, 0xF7, 0x9E, 0xA5,
    0x14, 0xEF, 0x5D, 0x02, 0xFF, 0x83, 0xB5, 0x96, 0x08, 0x61, 0x1D, 0x00, 0x86, 0x20, 0x4A, 0x69,
    0xBD, 0xF7, 0xFF, 0xDF, 0x02, 0xFF, 0x85, 0xDE, 0xDB, 0x7B, 0xCF, 0x08, 0x61, 0x1C, 0x00, 0x82,
    0x08, 0x41, 0x7B, 0x02, 0xEF, 0x88, 0x7D, 0xFF, 0xDF, 0xB5, 0x96, 0x42, 0x08, 0xD6, 0xBA, 0x02,
    0xFF, 0x85, 0xE7, 0x3C, 0x73, 0xAE, 0x00, 0x20, 0x78, 0x00, 0x8B, 0x73, 0xAE, 0xF7, 0x9E, 0xF7,
    0xBE, 0xA5, 0x14, 0x73, 0xAE, 0xEF, 0x7D, 0x02, 0xFF, 0x85, 0xB5, 0xB6, 0x94, 0x92, 0xF7, 0xBE,
    0x02, 0xFF, 0x87, 0xE7, 0x1C, 0x9C, 0xD3, 0x84, 0x30, 0xDE, 0xFB, 0x06, 0xFF, 0x83, 0xE7, 0x3C,
    0x4A, 0x49, 0x1E, 0x00, 0x83, 0x6B, 0x4D, 0xDE, 0xFB, 0x03, 0xFF, 0x84, 0xDF, 0xAD, 0x75, 0x31,
    0x86, 0x22, 0x00, 0x8D, 0x08, 0x61, 0x8C, 0x71, 0xF7, 0xBE, 0xF7, 0x9E, 0x73, 0xAE, 0x39, 0xE7,
    0xDE, 0xFB, 0x02, 0xFF, 0x83, 0xDE, 0xFB, 0x52, 0xAA, 0x78, 0x00, 0x89, 0x18, 0xE3, 0xB5, 0x96,
    0xFF, 0xDF, 0xFF, 0xDF, 0xFF, 0xDF, 0x02, 0xFF, 0x85, 0xEF, 0x5D, 0xA5, 0x34, 0xF7, 0xBE, 0x02,
    0xFF, 0x83, 0xE7, 0x3C, 0x63, 0x2C, 0x04, 0x00, 0x83, 0x18, 0xC3, 0xDE, 0xFB, 0x03, 0xFF, 0x84,
    0xDF, 0x94, 0x92, 0x00, 0x20, 0x1A, 0x00, 0x85, 0x08, 0x41, 0x84, 0x10, 0xEF, 0x5D, 0x02, 0xFF,
    0x85, 0xE7, 0x3C, 0x7B, 0xEF, 0x00, 0x20, 0x26, 0x00, 0x83, 0x29, 0x45, 0xBD, 0xF7, 0x02, 0xFF,
    0x87, 0xCE, 0x79, 0x10, 0xA2, 0x52, 0x8A, 0xE7, 0x1C, 0x02, 0xFF, 0x83, 0xCE, 0x79, 0x42, 0x08,
    0x78, 0x00, 0x85, 0x29, 0x65, 0xA5, 0x34, 0xF7, 0xBE, 0x05, 0xFF, 0x82, 0xDF, 0xF7, 0xBE, 0x05,
    0xFF, 0x84, 0xDF, 0xDE, 0xDB, 0x63, 0x0C, 0x02, 0x00, 0x83, 0x10, 0xA2, 0xDE, 0xDB, 0x02, 0xFF,
    0x83, 0xE7, 0x3C, 0x4A, 0x69, 0x1B, 0x00, 0x81, 0x20, 0x7B, 0x02, 0xEF, 0x80, 0x5D, 0x02, 0xFF,
    0x85, 0xCE, 0x79, 0x52, 0x8A, 0x00, 0x20, 0x2A, 0x00, 0x93, 0x6B, 0x4D, 0xEF, 0x7D, 0xF7, 0xBE,
    0x7B, 0xCF, 0x00, 0x20, 0x73, 0x8E, 0xEF, 0x7D, 0xFF, 0xDF, 0xC6, 0x18, 0x21, 0x04, 0x76, 0x00,
    0x8B, 0x08, 0x61, 0x94, 0xB2, 0xF7, 0xBE, 0xF7, 0x9E, 0xD6, 0xBA, 0xF7, 0xBE, 0x02, 0xFF, 0x85,
    0xF7, 0x9E, 0xCE, 0x79, 0xE7, 0x3C, 0x02, 0xFF, 0x85, 0xDE, 0xDB, 0x63, 0x0C, 0xAD, 0x55, 0x04,
    0xFF, 0x83, 0xF7, 0x9E, 0x6B, 0x6D, 0x1A, 0x00, 0x89, 0x5A, 0xCB, 0xE7, 0x1C, 0xFF, 0xDF, 0xCE,
    0x79, 0x52, 0x8A, 0x0A, 0x00, 0x89, 0x10, 0xA2, 0x39, 0xC7, 0x42, 0x28, 0x31, 0xA6, 0x00, 0x20,
    0x1A, 0x00, 0x83, 0x21, 0x04, 0xBD, 0xD7, 0x02, 0xFF, 0x8D, 0xCE, 0x59, 0x21, 0x24, 0x08, 0x61,
    0x94, 0xB2, 0xF7, 0xBE, 0xF7, 0xBE, 0x9C, 0xF3, 0x76, 0x00, 0x8B, 0x5A, 0xCB, 0xDE, 0xFB, 0xFF,
    0xDF, 0xAD, 0x55, 0x42, 0x28, 0xD6, 0xBA, 0x02, 0xFF, 0x87, 0xB5, 0x96, 0x31, 0x86, 0x73, 0x8E,
    0xE7, 0x1C, 0x02, 0xFF, 0x83, 0xE7, 0x1C, 0xEF, 0x7D, 0x06, 0xFF, 0x83, 0xAD, 0x75, 0x10, 0x82,
    0x16, 0x00, 0x89, 0x08, 0x61, 0xB5, 0x96, 0xFF, 0xDF, 0xD6, 0x9A, 0x52, 0xAA, 0x08, 0x00, 0x8F,
    0x42, 0x08, 0x8C, 0x51, 0xBD, 0xD7, 0xD6, 0xBA, 0xDE, 0xFB, 0xD6, 0x9A, 0x9C, 0xF3, 0x21, 0x24,
    0x1A, 0x00, 0x87, 0x63, 0x2C, 0xF7, 0xBE, 0xF7, 0x9E, 0x63, 0x2C, 0x02, 0x00, 0x83, 0x21, 0x24,
    0xB5, 0x96, 0x02, 0xFF, 0x83, 0xEF, 0x7D, 0x73, 0x8E, 0x72, 0x00, 0x91, 0x18, 0xC3, 0xB5, 0x96,
    0xFF, 0xDF, 0xD6, 0x9A, 0x4A, 0x49, 0x4A, 0x49, 0xEF, 0x5D, 0xF7, 0x9E, 0x6B, 0x6D, 0x02, 0x00,
    0x85, 0x08, 0x61, 0x7B, 0xCF, 0xDE, 0xFB, 0x07, 0xFF, 0x80, 0xDF, 0x02, 0xFF, 0x87, 0xE7, 0x3C,
    0x63, 0x2C, 0x21, 0x24, 0x00, 0x20, 0x12, 0x00, 0x89, 0x29, 0x45, 0xDE, 0xDB, 0xFF, 0xDF, 0x94,
    0xB2, 0x00, 0x20, 0x02, 0x00, 0x89, 0x18, 0xC3, 0x4A, 0x49, 0x94, 0x92, 0xD6, 0x9A, 0xF7, 0xBE,
    0x02, 0xFF, 0x8B, 0xF7, 0xBE, 0xF7, 0x9E, 0xFF, 0xDF, 0xFF, 0xDF, 0xA5, 0x14, 0x18, 0xC3, 0x18,
    0x00, 0x83, 0x29, 0x45, 0xCE, 0x79, 0x02, 0xFF, 0x83, 0xA5, 0x14, 0x08, 0x61, 0x02, 0x00, 0x83,
    0x4A, 0x49, 0xD6, 0x9A, 0x02, 0xFF, 0x83, 0xDE, 0xFB, 0x31, 0xA6, 0x70, 0x00, 0x91, 0x63, 0x2C,
    0xEF, 0x5D, 0xF7, 0x9E, 0x8C, 0x51, 0x00, 0x20, 0x5A, 0xEB, 0xFF, 0xDF, 0xEF, 0x5D, 0x42, 0x28,
    0x04, 0x00, 0x85, 0x08, 0x41, 0x73, 0xAE, 0xFF, 0xDF, 0x03, 0xFF, 0x80, 0xDF, 0x06, 0xFF, 0x8B,
    0xDE, 0xFB, 0xBD, 0xD7, 0x94, 0xB2, 0x63, 0x2C, 0x31, 0x86, 0x00, 0x20, 0x0C, 0x00, 0x83, 0x18,
    0xE3, 0xCE, 0x59, 0x02, 0xFF, 0x8B, 0xCE, 0x59, 0x8C, 0x71, 0x8C, 0x71, 0xAD, 0x55, 0xDE, 0xDB,
    0xF7, 0xBE, 0x02, 0xFF, 0x8F, 0xEF, 0x5D, 0xBD, 0xD7, 0x84, 0x30, 0x6B, 0x6D, 0xAD, 0x55, 0xFF,
    0xDF, 0xEF, 0x7D, 0x4A, 0x49, 0x18, 0x00, 0x83, 0x08, 0x61, 0x9C, 0xD3, 0x02, 0xFF, 0x83, 0xCE,
    0x59, 0x31, 0x86, 0x04, 0x00, 0x83, 0x63, 0x0C, 0xEF, 0x5D, 0x02, 0xFF, 0x83, 0xAD, 0x55, 0x18,
    0xC3, 0x6C, 0x00, 0x89, 0x10, 0xA2, 0xB5, 0x96, 0xFF, 0xDF, 0xCE, 0x59, 0x39, 0xC7, 0x02, 0x00,
    0x87, 0x5A, 0xCB, 0xFF, 0xDF, 0xEF, 0x7D, 0x52, 0x8A, 0x05, 0x00, 0x82, 0x20, 0xA5, 0x34, 0x02,
    0xFF, 0x87, 0xEF, 0x5D, 0x84, 0x10, 0xB5, 0xB6, 0xDE, 0xFB, 0x07, 0xFF, 0x8A, 0xDF, 0xEF, 0x7D,
    0xCE, 0x59, 0x8C, 0x51, 0x42, 0x08, 0x10, 0xA2, 0x0A, 0x00, 0x80, 0x7B, 0x02, 0xEF, 0x80, 0x7D,
    0x03, 0xFF, 0x8E, 0xDF, 0xFF, 0xDF, 0xFF, 0xDF, 0xFF, 0xDF, 0xE7, 0x3C, 0xAD, 0x75, 0x52, 0x8A,
    0x10, 0xA2, 0x04, 0x00, 0x83, 0x4A, 0x49, 0xF7, 0x9E, 0x02, 0xFF, 0x81, 0x5A, 0xCB, 0x1A, 0x00,
    0x87, 0x5A, 0xCB, 0xFF, 0xDF, 0xE7, 0x3C, 0x52, 0x8A, 0x04, 0x00, 0x83, 0x08, 0x61, 0x94, 0x92,
    0x02, 0xFF, 0x83, 0xF7, 0xBE, 0x6B, 0x4D, 0x6C, 0x00, 0x89, 0x52, 0xAA, 0xEF, 0x7D, 0xF7, 0x9E,
    0x84, 0x10, 0x00, 0x20, 0x02, 0x00, 0x89, 0x31, 0xA6, 0xDE, 0xDB, 0xFF, 0xDF, 0xA5, 0x14, 0x10,
    0xA2, 0x02, 0x00, 0x83, 0x29, 0x65, 0xD6, 0xBA, 0x02, 0xFF, 0x91, 0xB5, 0x96, 0x18, 0xC3, 0x10,
    0x82, 0x52, 0xAA, 0xE7, 0x3C, 0xFF, 0xDF, 0xCE, 0x79, 0xD6, 0x9A, 0xF7, 0xBE, 0x03, 0xFF, 0x88,
    0xDF, 0xDE, 0xFB, 0xA5, 0x14, 0x52, 0x8A, 0x00, 0x20, 0x06, 0x00, 0x91, 0x08, 0x61, 0x6B, 0x6D,
    0xBD, 0xF7, 0xD6, 0xBA, 0xD6, 0x9A, 0xC6, 0x18, 0x8C, 0x51, 0x39, 0xE7, 0x08, 0x41, 0x06, 0x00,
    0x89, 0x10, 0xA2, 0xA5, 0x14, 0xFF, 0xDF, 0xEF, 0x5D, 0x42, 0x08, 0x1A, 0x00, 0x87, 0x21, 0x24,
    0xEF, 0x5D, 0xF7, 0xBE, 0x73, 0xAE, 0x06, 0x00, 0x83, 0x29, 0x45, 0xCE, 0x79, 0x02, 0xFF, 0x83,
    0xCE, 0x79, 0x31, 0x86, 0x6A, 0x00, 0x87, 0x84, 0x10, 0xFF, 0xDF, 0xDE, 0xFB, 0x42, 0x08, 0x04,
    0x00, 0x83, 0x08, 0x41, 0x94, 0x92, 0x02, 0xFF, 0x89, 0xF7, 0x9E, 0xB5, 0x96, 0x94, 0x92, 0xCE,
    0x59, 0xFF, 0xDF, 0x02, 0xFF, 0x97, 0xEF, 0x5D, 0xDE, 0xDB, 0xD6, 0x9A, 0xD6, 0x9A, 0xF7, 0xBE,
    0xFF, 0xDF, 0xA5, 0x14, 0x31, 0x86, 0x52, 0xAA, 0xAD, 0x55, 0xE7, 0x1C, 0xFF, 0xDF, 0x02, 0xFF,
    0x87, 0xEF, 0x5D, 0xAD, 0x75, 0x4A, 0x49, 0x00, 0x20, 0x06, 0x00, 0x87, 0x10, 0x82, 0x21, 0x04,
    0x18, 0xE3, 0x08, 0x61, 0x0A, 0x00, 0x85, 0x10, 0xA2, 0x94, 0x92, 0xF7, 0x9E, 0x02, 0xFF, 0x83,
    0x8C, 0x71, 0x08, 0x61, 0x1A, 0x00, 0x83, 0x08, 0x61, 0xCE, 0x59, 0x02, 0xFF, 0x81, 0xAD, 0x55,
    0x08, 0x00, 0x89, 0x4A, 0x69, 0xEF, 0x7D, 0xFF, 0xDF, 0x8C, 0x51, 0x00, 0x20, 0x68, 0x00, 0x87,
    0x6B, 0x6D, 0xF7, 0xBE, 0xEF, 0x7D, 0x73, 0x8E, 0x06, 0x00, 0x85, 0x29, 0x45, 0xBD, 0xF7, 0xFF,
    0xDF, 0x0B, 0xFF, 0x80, 0xDF, 0x0A, 0xFF, 0x8F, 0xEF, 0x7D, 0xD6, 0x9A, 0x9C, 0xF3, 0x52, 0x8A,
    0x4A, 0x49, 0x8C, 0x71, 0xD6, 0x9A, 0xF7, 0xBE, 0x02, 0xFF, 0x87, 0xE7, 0x1C, 0xA5, 0x14, 0x5A,
    0xCB, 0x18, 0xC3, 0x12, 0x00, 0x85, 0x21, 0x24, 0x9C, 0xD3, 0xEF, 0x7D, 0x02, 0xFF, 0x83, 0xBD,
    0xF7, 0x21, 0x04, 0x1E, 0x00, 0x81, 0xBD, 0xD7, 0x02, 0xFF, 0x83, 0xC6, 0x18, 0x10, 0x82, 0x07,
    0x00, 0x82, 0x20, 0xB5, 0x96, 0x02, 0xFF, 0x83, 0xD6, 0x9A, 0x31, 0xA6, 0x68, 0x00, 0x89, 0x29,
    0x45, 0xC6, 0x38, 0xFF, 0xDF, 0xB5, 0xB6, 0x18, 0xE3, 0x06, 0x00, 0x97, 0x31, 0xA6, 0x84, 0x30,
    0xBD, 0xD7, 0xCE, 0x59, 0xCE, 0x59, 0xFF, 0xDF, 0xEF, 0x5D, 0x84, 0x10, 0x84, 0x30, 0x8C, 0x71,
    0xA5, 0x14, 0xEF, 0x7D, 0x03, 0xFF, 0x9E, 0xDF, 0xFF, 0xDF, 0xFF, 0xDF, 0xDE, 0xFB, 0x7B, 0xEF,
    0x18, 0xC3, 0x42, 0x08, 0x8C, 0x51, 0xDE, 0xDB, 0xF7, 0xBE, 0xFF, 0xDF, 0xE7, 0x3C, 0xBD, 0xF7,
    0x7B, 0xEF, 0x39, 0xE7, 0x10, 0x82, 0x0A, 0x00, 0x8B, 0x21, 0x24, 0xAD, 0x55, 0xF7, 0x9E, 0xFF,
    0xDF, 0xBD, 0xD7, 0x31, 0xA6, 0x20, 0x00, 0x81, 0x94, 0xB2, 0x02, 0xFF, 0x83, 0xCE, 0x79, 0x29,
    0x65, 0x08, 0x00, 0x87, 0x5A, 0xEB, 0xEF, 0x7D, 0xF7, 0xBE, 0x73, 0xAE, 0x68, 0x00, 0x83, 0x18,
    0xC3, 0xBD, 0xF7, 0x02, 0xFF, 0x83, 0xB5, 0xB6, 0x18, 0xE3, 0x09, 0x00, 0x8C, 0x20, 0x21, 0x24,
    0x29, 0x65, 0x73, 0xAE, 0xF7, 0x9E, 0xEF, 0x7D, 0x31, 0xA6, 0x04, 0x00, 0x8B, 0x42, 0x28, 0xE7,
    0x1C, 0xF7, 0xBE, 0xA5, 0x34, 0x9C, 0xF3, 0xDE, 0xFB, 0x02, 0xFF, 0x83, 0xD6, 0xBA, 0x42, 0x08,
    0x02, 0x00, 0x89, 0x08, 0x61, 0x4A, 0x49, 0x94, 0xB2, 0xCE, 0x79, 0xF7, 0x9E, 0x02, 0xFF, 0xA3,
    0xF7, 0x9E, 0xDE, 0xDB, 0xAD, 0x75, 0x84, 0x10, 0x5A, 0xEB, 0x31, 0xA6, 0x18, 0xE3, 0x21, 0x24,
    0xAD, 0x55, 0xF7, 0xBE, 0xF7, 0xBE, 0xAD, 0x75, 0x31, 0xA6, 0x18, 0xE3, 0x42, 0x08, 0x4A, 0x69,
    0x31, 0xA6, 0x08, 0x41, 0x18, 0x00, 0x87, 0x63, 0x0C, 0xFF, 0xDF, 0xE7, 0x1C, 0x52, 0x8A, 0x08,
    0x00, 0x83, 0x08, 0x41, 0xCE, 0x59, 0x02, 0xFF, 0x83, 0xB5, 0xB6, 0x10, 0x82, 0x66, 0x00, 0x8F,
    0x39, 0xC7, 0xDE, 0xFB, 0xF7, 0xBE, 0x8C, 0x51, 0x00, 0x20, 0x10, 0xA2, 0x18, 0xE3, 0x08, 0x41,
    0x08, 0x00, 0x89, 0x52, 0xAA, 0xE7, 0x3C, 0xFF, 0xDF, 0x8C, 0x71, 0x08, 0x61, 0x02, 0x00, 0x8B,
    0x7B, 0xEF, 0xF7, 0x9E, 0xEF, 0x7D, 0x6B, 0x4D, 0x7B, 0xEF, 0xD6, 0xBA, 0x02, 0xFF, 0x83, 0xDE,
    0xFB, 0x42, 0x28, 0x06, 0x00, 0xAD, 0x08, 0x61, 0x39, 0xC7, 0x7B, 0xCF, 0xBD, 0xD7, 0xE7, 0x3C,
    0xF7, 0xBE, 0xFF, 0xDF, 0xF7, 0xBE, 0xE7, 0x3C, 0xD6, 0x9A, 0xB5, 0xB6, 0xB5, 0x96, 0xF7, 0xBE,
    0xF7, 0xBE, 0xA5, 0x34, 0x31, 0xA6, 0x6B, 0x6D, 0xBD, 0xD7, 0xDE, 0xDB, 0xE7, 0x1C, 0xCE, 0x79,
    0x84, 0x10, 0x18, 0xC3, 0x16, 0x00, 0x87, 0x42, 0x28, 0xFF, 0xDF, 0xF7, 0x9E, 0x6B, 0x4D, 0x0A,
    0x00, 0x87, 0x94, 0xB2, 0xFF, 0xDF, 0xE7, 0x1C, 0x31, 0xA6, 0x66, 0x00, 0x91, 0x29, 0x45, 0xD6,
    0x9A, 0xFF, 0xDF, 0xB5, 0xB6, 0x6B, 0x6D, 0xA5, 0x34, 0xBD, 0xF7, 0x8C, 0x51, 0x31, 0x86, 0x06,
    0x00, 0x83, 0x18, 0xE3, 0xB5, 0xB6, 0x02, 0xFF, 0x87, 0xEF, 0x7D, 0x9C, 0xD3, 0x73, 0xAE, 0xB5,
    0xB6, 0x02, 0xFF, 0x85, 0xF7, 0xBE, 0xDE, 0xFB, 0xF7, 0x9E, 0x02, 0xFF, 0x85, 0xEF, 0x7D, 0x94,
    0xB2, 0x18, 0xC3, 0x0C, 0x00, 0x8D, 0x18, 0xC3, 0x52, 0xAA, 0x94, 0x92, 0xBD, 0xD7, 0xDE, 0xDB,
    0xEF, 0x5D, 0xFF, 0xDF, 0x06, 0xFF, 0x87, 0xE7, 0x1C, 0x73, 0xAE, 0xA5, 0x14, 0xEF, 0x7D, 0x02,
    0xFF, 0x83, 0xF7, 0xBE, 0xEF, 0x7D, 0x02, 0xFF, 0x85, 0xEF, 0x5D, 0x7B, 0xEF, 0x08, 0x41, 0x14,
    0x00, 0x87, 0x39, 0xE7, 0xFF, 0xDF, 0xF7, 0xBE, 0x6B, 0x4D, 0x0A, 0x00, 0x87, 0x5A, 0xEB, 0xEF,
    0x5D, 0xEF, 0x7D, 0x63, 0x2C, 0x67, 0x00, 0x8A, 0x20, 0x8C, 0x71, 0xF7, 0x9E, 0xFF, 0xDF, 0xEF,
    0x7D, 0xFF, 0xDF, 0x03, 0xFF, 0x84, 0xDF, 0xBD, 0xD7, 0x29, 0x65, 0x06, 0x00, 0x85, 0x4A, 0x49,
    0xCE, 0x59, 0xFF, 0xDF, 0x02, 0xFF, 0x83, 0xF7, 0xBE, 0xFF, 0xDF, 0x06, 0xFF, 0x87, 0xEF, 0x7D,
    0xC6, 0x18, 0x73, 0x8E, 0x18, 0xC3, 0x14, 0x00, 0x89, 0x10, 0x82, 0x39, 0xC7, 0x63, 0x0C, 0x8C,
    0x51, 0xDE, 0xFB, 0x06, 0xFF, 0x93, 0xEF, 0x7D, 0xFF, 0xDF, 0xFF, 0xDF, 0xCE, 0x79, 0x84, 0x10,
    0x6B, 0x6D, 0xC6, 0x38, 0xFF, 0xDF, 0xD6, 0x9A, 0x39, 0xC7, 0x14, 0x00, 0x8A, 0x39, 0xE7, 0xFF,
    0xDF, 0xF7, 0xBE, 0x84, 0x30, 0x5A, 0xEB, 0x42, 0x02, 0x08, 0x80, 0x61, 0x04, 0x00, 0x87, 0x29,
    0x65, 0xE7, 0x1C, 0xFF, 0xDF, 0x84, 0x10, 0x68, 0x00, 0x91, 0x18, 0xC3, 0x8C, 0x51, 0xDE, 0xDB,
    0xF7, 0x9E, 0xE7, 0x3C, 0xC6, 0x38, 0xF7, 0xBE, 0xFF, 0xDF, 0x8C, 0x51, 0x08, 0x00, 0x8B, 0x31,
    0x86, 0x9C, 0xD3, 0xCE, 0x79, 0xDE, 0xDB, 0xDE, 0xFB, 0xEF, 0x7D, 0x03, 0xFF, 0x84, 0xDF, 0x9C,
    0xF3, 0x10, 0x82, 0x1E, 0x00, 0x83, 0x08, 0x61, 0xDE, 0xDB, 0x02, 0xFF, 0x8B, 0xBD, 0xF7, 0xD6,
    0x9A, 0xEF, 0x5D, 0xDE, 0xFB, 0x9C, 0xF3, 0x21, 0x24, 0x04, 0x00, 0x87, 0x63, 0x0C, 0xE7, 0x3C,
    0xF7, 0xBE, 0x84, 0x10, 0x14, 0x00, 0x83, 0x4A, 0x49, 0xFF, 0xDF, 0x03, 0xFF, 0x88, 0xDF, 0xFF,
    0xDF, 0xE7, 0x1C, 0x9C, 0xD3, 0x10, 0xA2, 0x02, 0x00, 0x87, 0x29, 0x45, 0xE7, 0x1C, 0xFF, 0xDF,
    0x84, 0x30, 0x6C, 0x00, 0x89, 0x31, 0x86, 0x52, 0xAA, 0x42, 0x28, 0x7B, 0xEF, 0xF7, 0x9E, 0x02,
    0xFF, 0x81, 0x94, 0x92, 0x0C, 0x00, 0x8F, 0x08, 0x41, 0x21, 0x04, 0x21, 0x24, 0x5A, 0xEB, 0xBD,
    0xF7, 0xFF, 0xDF, 0xEF, 0x5D, 0x4A, 0x49, 0x1E, 0x00, 0x83, 0x08, 0x61, 0xDE, 0xDB, 0x02, 0xFF,
    0x87, 0x9C, 0xD3, 0x21, 0x04, 0x4A, 0x49, 0x29, 0x65, 0x08, 0x00, 0x83, 0x08, 0x61, 0xBD, 0xF7,
    0x02, 0xFF, 0x83, 0xB5, 0xB6, 0x08, 0x61, 0x10, 0x00, 0x83, 0x39, 0xE7, 0xC6, 0x38, 0x04, 0xFF,
    0x85, 0xEF, 0x7D, 0xEF, 0x5D, 0xFF, 0xDF, 0x02, 0xFF, 0x81, 0xA5, 0x34, 0x02, 0x00, 0x87, 0x39,
    0xC7, 0xE7, 0x3C, 0xF7, 0xBE, 0x7B, 0xCF, 0x70, 0x00, 0x83, 0x31, 0xA6, 0xCE, 0x79, 0x02, 0xFF,
    0x83, 0xC6, 0x38, 0x39, 0xC7, 0x14, 0x00, 0x83, 0x4A, 0x69, 0xD6, 0xBA, 0x02, 0xFF, 0x83, 0xB5,
    0x96, 0x08, 0x61, 0x1E, 0x00, 0x81, 0xB5, 0xB6, 0x02, 0xFF, 0x83, 0xDE, 0xFB, 0x42, 0x28, 0x0A,
    0x00, 0x8D, 0x08, 0x41, 0x29, 0x45, 0xA5, 0x14, 0xFF, 0xDF, 0xDE, 0xDB, 0x52, 0x8A, 0x08, 0x41,
    0x0C, 0x00, 0x83, 0x42, 0x28, 0xD6, 0x9A, 0x05, 0xFF, 0x86, 0xDF, 0x84, 0x30, 0x4A, 0x49, 0xAD,
    0x75, 0x02, 0xFF, 0x8B, 0xEF, 0x7D, 0x18, 0xE3, 0x73, 0xAE, 0xF7, 0x9E, 0xEF, 0x5D, 0x52, 0x8A,
    0x70, 0x00, 0x87, 0x52, 0x8A, 0xE7, 0x3C, 0xF7, 0x9E, 0x63, 0x0C, 0x17, 0x00, 0x88, 0x20, 0x8C,
    0x51, 0xF7, 0x9E, 0xF7, 0x9E, 0x5A, 0xCB, 0x1E, 0x00, 0x83, 0x5A, 0xCB, 0xEF, 0x5D, 0x02, 0xFF,
    0x91, 0xBD, 0xF7, 0x4A, 0x49, 0x08, 0x61, 0x08, 0x61, 0x21, 0x24, 0x6B, 0x6D, 0xAD, 0x55, 0xDE,
    0xFB, 0xF7, 0xBE, 0x04, 0xFF, 0x85, 0xE7, 0x3C, 0x8C, 0x71, 0x08, 0x61, 0x08, 0x00, 0x83, 0x39,
    0xE7, 0xC6, 0x38, 0x02, 0xFF, 0x87, 0xE7, 0x3C, 0xEF, 0x5D, 0xFF, 0xDF, 0x9C, 0xF3, 0x02, 0x00,
    0x8F, 0x63, 0x2C, 0xFF, 0xDF, 0xFF, 0xDF, 0x39, 0xE7, 0x94, 0xB2, 0xFF, 0xDF, 0xE7, 0x1C, 0x29,
    0x45, 0x70, 0x00, 0x87, 0x63, 0x0C, 0xEF, 0x7D, 0xE7, 0x3C, 0x39, 0xC7, 0x18, 0x00, 0x83, 0x39,
    0xC7, 0xCE, 0x59, 0x02, 0xFF, 0x83, 0xCE, 0x79, 0x31, 0xA6, 0x1D, 0x00, 0x90, 0x20, 0x94, 0xB2,
    0xF7, 0x9E, 0xFF, 0xDF, 0xE7, 0x3C, 0xBD, 0xF7, 0xC6, 0x18, 0xE7, 0x1C, 0xF7, 0x9E, 0x03, 0xFF,
    0x82, 0xDF, 0xFF, 0xDF, 0x03, 0xFF, 0x80, 0xDF, 0x02, 0xFF, 0x85, 0xF7, 0x9E, 0x73, 0xAE, 0x00,
    0x20, 0x04, 0x00, 0x8B, 0x18, 0xC3, 0x9C, 0xF3, 0xFF, 0xDF, 0xEF, 0x7D, 0x73, 0xAE, 0xAD, 0x75,
    0x02, 0xFF, 0x85, 0xDE, 0xFB, 0x94, 0xB2, 0xBD, 0xD7, 0x02, 0xFF, 0x85, 0xEF, 0x7D, 0x21, 0x24,
    0xA5, 0x34, 0x02, 0xFF, 0x83, 0xCE, 0x79, 0x10, 0xA2, 0x70, 0x00, 0x87, 0x7B, 0xEF, 0xFF, 0xDF,
    0xDE, 0xDB, 0x18, 0xE3, 0x1A, 0x00, 0x83, 0x6B, 0x4D, 0xE7, 0x3C, 0x02, 0xFF, 0x89, 0xAD, 0x75,
    0x63, 0x2C, 0x6B, 0x4D, 0x42, 0x28, 0x00, 0x20, 0x03, 0x00, 0x8C, 0x20, 0x21, 0x04, 0x4A, 0x49,
    0x52, 0xAA, 0x4A, 0x69, 0x29, 0x65, 0x08, 0x41, 0x06, 0x00, 0x87, 0x18, 0xE3, 0x94, 0xB2, 0xE7,
    0x1C, 0xFF, 0xDF, 0x05, 0xFF, 0x88, 0xDF, 0xEF, 0x5D, 0xD6, 0x9A, 0x9C, 0xD3, 0xC6, 0x18, 0x02,
    0xFF, 0x83, 0xD6, 0xBA, 0xCE, 0x59, 0x02, 0xFF, 0x83, 0xC6, 0x18, 0x21, 0x24, 0x04, 0x00, 0x8D,
    0x5A, 0xCB, 0xE7, 0x1C, 0xFF, 0xDF, 0xA5, 0x14, 0x00, 0x20, 0x5A, 0xEB, 0xE7, 0x3C, 0x06, 0xFF,
    0x83, 0xF7, 0xBE, 0xAD, 0x55, 0x02, 0x00, 0x81, 0xAD, 0x75, 0x02, 0xFF, 0x83, 0xB5, 0xB6, 0x08,
    0x61, 0x6E, 0x00, 0x83, 0x18, 0xC3, 0xAD, 0x55, 0x02, 0xFF, 0x81, 0xC6, 0x38, 0x1C, 0x00, 0xA3,
    0x10, 0x82, 0x94, 0x92, 0xF7, 0xBE, 0xFF, 0xDF, 0xEF, 0x7D, 0xF7, 0x9E, 0xDE, 0xDB, 0x73, 0x8E,
    0x5A, 0xEB, 0xAD, 0x75, 0xD6, 0x9A, 0xE7, 0x1C, 0xEF, 0x5D, 0xE7, 0x3C, 0xD6, 0xBA, 0xC6, 0x18,
    0x7B, 0xEF, 0x39, 0xC7, 0x05, 0x00, 0x92, 0x20, 0x5A, 0xCB, 0x94, 0xB2, 0xB5, 0x96, 0xAD, 0x75,
    0x94, 0xB2, 0x63, 0x2C, 0x21, 0x24, 0x31, 0xA6, 0xD6, 0x9A, 0x02, 0xFF, 0x89, 0xAD, 0x55, 0x73,
    0x8E, 0xF7, 0xBE, 0xDE, 0xFB, 0x39, 0xE7, 0x02, 0x00, 0x83, 0x10, 0x82, 0xA5, 0x14, 0x02, 0xFF,
    0x83, 0xDE, 0xFB, 0x39, 0xC7, 0x03, 0x00, 0x8C, 0x20, 0x73, 0x8E, 0xD6, 0x9A, 0xE7, 0x3C, 0xDE,
    0xFB, 0x94, 0x92, 0x18, 0xC3, 0x02, 0x00, 0x81, 0xAD, 0x55, 0x02, 0xFF, 0x83, 0xBD, 0xF7, 0x10,
    0x82, 0x6E, 0x00, 0x87, 0x39, 0xE7, 0xDE, 0xFB, 0xFF, 0xDF, 0x8C, 0x51, 0x1E, 0x00, 0x89, 0x10,
    0xA2, 0x9C, 0xF3, 0xEF, 0x5D, 0xF7, 0xBE, 0xF7, 0xBE, 0x02, 0xFF, 0x83, 0xEF, 0x7D, 0xEF, 0x7D,
    0x05, 0xFF, 0x86, 0xDF, 0xF7, 0xBE, 0xF7, 0xBE, 0xFF, 0xDF, 0x04, 0xFF, 0x85, 0xDE, 0xDB, 0x84,
    0x10, 0x29, 0x45, 0x0F, 0x00, 0x90, 0x20, 0x8C, 0x51, 0xF7, 0xBE, 0xEF, 0x7D, 0x63, 0x2C, 0x63,
    0x2C, 0xF7, 0x9E, 0xE7, 0x1C, 0x42, 0x08, 0x02, 0x00, 0x83, 0x42, 0x08, 0xDE, 0xFB, 0x02, 0xFF,
    0x87, 0xCE, 0x79, 0x94, 0x92, 0x6B, 0x6D, 0x31, 0x86, 0x03, 0x00, 0x84, 0x20, 0x10, 0xA2, 0x00,
    0x20, 0x06, 0x00, 0x81, 0x9C, 0xF3, 0x02, 0xFF, 0x83, 0xDE, 0xDB, 0x10, 0xA2, 0x6E, 0x00, 0x87,
    0x5A, 0xEB, 0xEF, 0x5D, 0xEF, 0x5D, 0x52, 0x8A, 0x22, 0x00, 0x87, 0x31, 0x86, 0x42, 0x28, 0x84,
    0x30, 0xF7, 0x9E, 0x04, 0xFF, 0x8F, 0xDE, 0xFB, 0xAD, 0x55, 0x73, 0x8E, 0x5A, 0xEB, 0x6B, 0x4D,
    0x9C, 0xD3, 0xC6, 0x38, 0xFF, 0xDF, 0x04, 0xFF, 0x83, 0xCE, 0x79, 0x4A, 0x49, 0x0C, 0x00, 0x83,
    0x63, 0x2C, 0xE7, 0x3C, 0x02, 0xFF, 0x91, 0xB5, 0xB6, 0x21, 0x04, 0x8C, 0x51, 0xFF, 0xDF, 0xD6,
    0x9A, 0x31, 0x86, 0x63, 0x2C, 0xCE, 0x59, 0xFF, 0xDF, 0x08, 0xFF, 0x83, 0xD6, 0x9A, 0x4A, 0x69,
    0x0C, 0x00, 0x87, 0x94, 0xB2, 0xFF, 0xDF, 0xE7, 0x1C, 0x18, 0xE3, 0x6E, 0x00, 0x87, 0x4A, 0x69,
    0xE7, 0x3C, 0xFF, 0xDF, 0x8C, 0x51, 0x24, 0x00, 0x83, 0x52, 0x8A, 0xDE, 0xDB, 0x04, 0xFF, 0x83,
    0xCE, 0x79, 0x18, 0xE3, 0x0C, 0x00, 0x82, 0x42, 0x08, 0xBD, 0x02, 0xF7, 0x80, 0xBE, 0x02, 0xFF,
    0x83, 0xE7, 0x3C, 0x5A, 0xCB, 0x08, 0x00, 0x83, 0x73, 0x8E, 0xEF, 0x5D, 0x02, 0xFF, 0x87, 0xDE,
    0xFB, 0x5A, 0xCB, 0x21, 0x24, 0xB5, 0xB6, 0x02, 0xFF, 0x85, 0xB5, 0x96, 0x9C, 0xD3, 0xFF, 0xDF,
    0x05, 0xFF, 0x86, 0xDF, 0xD6, 0xBA, 0xD6, 0x9A, 0xF7, 0xBE, 0x02, 0xFF, 0x83, 0xB5, 0x96, 0x00,
    0x20, 0x0A, 0x00, 0x87, 0x94, 0x92, 0xFF, 0xDF, 0xE7, 0x1C, 0x21, 0x24, 0x6E, 0x00, 0x83, 0x18,
    0xE3, 0xAD, 0x75, 0x02, 0xFF, 0x83, 0xE7, 0x3C, 0x52, 0x8A, 0x20, 0x00, 0x8F, 0x18, 0xC3, 0xB5,
    0xB6, 0xFF, 0xDF, 0xEF, 0x7D, 0xFF, 0xDF, 0xF7, 0xBE, 0x9C, 0xF3, 0x21, 0x04, 0x0C, 0x00, 0x85,
    0x18, 0xC3, 0x73, 0xAE, 0xEF, 0x5D, 0x02, 0xFF, 0x83, 0xD6, 0x9A, 0x31, 0xA6, 0x02, 0x00, 0x85,
    0x31, 0xA6, 0xA5, 0x34, 0xEF, 0x7D, 0x02, 0xFF, 0x89, 0xDE, 0xDB, 0x63, 0x0C, 0x00, 0x20, 0x5A,
    0xCB, 0xE7, 0x3C, 0x02, 0xFF, 0x91, 0xB5, 0x96, 0xEF, 0x7D, 0xFF, 0xDF, 0xE7, 0x3C, 0xFF, 0xDF,
    0xEF, 0x5D, 0x63, 0x2C, 0x21, 0x24, 0xBD, 0xD7, 0x02, 0xFF, 0x83, 0xC6, 0x38, 0x18, 0xC3, 0x0A,
    0x00, 0x87, 0x94, 0x92, 0xFF, 0xDF, 0xE7, 0x1C, 0x29, 0x45, 0x70, 0x00, 0x83, 0x4A, 0x49, 0xDE,
    0xDB, 0x02, 0xFF, 0x83, 0x9C, 0xF3, 0x08, 0x61, 0x1E, 0x00, 0x89, 0x4A, 0x69, 0xE7, 0x1C, 0xF7,
    0x9E, 0x8C, 0x71, 0xBD, 0xD7, 0x03, 0xFF, 0x84, 0xDF, 0xA5, 0x14, 0x18, 0xC3, 0x0D, 0x00, 0x9A,
    0x20, 0x84, 0x10, 0xF7, 0x9E, 0xFF, 0xDF, 0xA5, 0x14, 0x94, 0xB2, 0xDE, 0xFB, 0xFF, 0xDF, 0xFF,
    0xDF, 0xD6, 0x9A, 0x63, 0x0C, 0x00, 0x20, 0x10, 0xA2, 0xA5, 0x34, 0x02, 0xFF, 0x83, 0xDE, 0xFB,
    0xD6, 0xBA, 0x02, 0xFF, 0x85, 0xC6, 0x38, 0x5A, 0xEB, 0xDE, 0xDB, 0x02, 0xFF, 0x85, 0xC6, 0x18,
    0x5A, 0xCB, 0xD6, 0x9A, 0x02, 0xFF, 0x83, 0xBD, 0xD7, 0x08, 0x41, 0x0A, 0x00, 0x87, 0x94, 0x92,
    0xFF, 0xDF, 0xE7, 0x1C, 0x21, 0x24, 0x70, 0x00, 0x83, 0x08, 0x61, 0x9C, 0xD3, 0x02, 0xFF, 0x83,
    0xBD, 0xD7, 0x18, 0xE3, 0x1E, 0x00, 0x91, 0x73, 0x8E, 0xF7, 0x9E, 0xDE, 0xFB, 0x4A, 0x49, 0x42,
    0x08, 0xAD, 0x75, 0xFF, 0xDF, 0xDE, 0xFB, 0x42, 0x08, 0x09, 0x00, 0x88, 0x20, 0x31, 0xA6, 0x63,
    0x2C, 0x73, 0x8E, 0xDE, 0xFB, 0x02, 0xFF, 0x83, 0xF7, 0x9E, 0xFF, 0xDF, 0x02, 0xFF, 0x85, 0xEF,
    0x5D, 0x9C, 0xF3, 0x42, 0x08, 0x04, 0x00, 0x97, 0x52, 0x8A, 0xDE, 0xFB, 0xFF, 0xDF, 0xA5, 0x14,
    0xE7, 0x1C, 0xF7, 0xBE, 0x7B, 0xEF, 0x08, 0x61, 0x8C, 0x51, 0xF7, 0x9E, 0xFF, 0xDF, 0xE7, 0x3C,
    0x02, 0xFF, 0x83, 0xEF, 0x7D, 0x73, 0xAE, 0x0C, 0x00, 0x81, 0xA5, 0x34, 0x02, 0xFF, 0x83, 0xD6,
    0xBA, 0x18, 0xC3, 0x70, 0x00, 0x83, 0x08, 0x41, 0x84, 0x30, 0x02, 0xFF, 0x83, 0xC6, 0x18, 0x21,
    0x04, 0x1E, 0x00, 0x91, 0x6B, 0x6D, 0xEF, 0x7D, 0xE7, 0x1C, 0x6B, 0x4D, 0x42, 0x08, 0x8C, 0x71,
    0xF7, 0xBE, 0xEF, 0x5D, 0x4A, 0x69, 0x04, 0x00, 0x8D, 0x08, 0x41, 0x5A, 0xEB, 0xB5, 0x96, 0xD6,
    0xBA, 0xEF, 0x5D, 0xF7, 0x9E, 0xFF, 0xDF, 0x04, 0xFF, 0x87, 0xEF, 0x5D, 0xB5, 0x96, 0x5A, 0xEB,
    0x08, 0x41, 0x04, 0x00, 0x8F, 0x08, 0x41, 0x94, 0x92, 0xF7, 0xBE, 0xDE, 0xFB, 0x52, 0x8A, 0xE7,
    0x1C, 0xF7, 0xBE, 0x73, 0xAE, 0x02, 0x00, 0x8D, 0x21, 0x04, 0x94, 0xB2, 0xE7, 0x3C, 0xF7, 0xBE,
    0xE7, 0x3C, 0x9C, 0xD3, 0x21, 0x04, 0x0A, 0x00, 0x83, 0x18, 0xC3, 0xDE, 0xDB, 0x02, 0xFF, 0x83,
    0x9C, 0xF3, 0x08, 0x41, 0x70, 0x00, 0x83, 0x08, 0x61, 0x94, 0x92, 0x02, 0xFF, 0x83, 0xBD, 0xD7,
    0x18, 0xE3, 0x1E, 0x00, 0x8B, 0x39, 0xE7, 0xD6, 0xBA, 0xFF, 0xDF, 0xDE, 0xFB, 0xD6, 0xBA, 0xF7,
    0x9E, 0x02, 0xFF, 0x83, 0xC6, 0x38, 0x29, 0x65, 0x04, 0x00, 0x9B, 0x63, 0x0C, 0xDE, 0xFB, 0xFF,
    0xDF, 0xFF, 0xDF, 0xF7, 0x9E, 0xF7, 0x9E, 0xE7, 0x1C, 0xFF, 0xDF, 0xF7, 0x9E, 0x73, 0xAE, 0x73,
    0xAE, 0x94, 0x92, 0x7B, 0xCF, 0x21, 0x24, 0x02, 0x00, 0x8B, 0x31, 0xA6, 0xCE, 0x59, 0xFF, 0xDF,
    0xAD, 0x75, 0x18, 0xC3, 0xCE, 0x59, 0x02, 0xFF, 0x83, 0xB5, 0xB6, 0x29, 0x65, 0x02, 0x00, 0x89,
    0x08, 0x61, 0x4A, 0x69, 0x7B, 0xCF, 0x52, 0x8A, 0x08, 0x61, 0x0C, 0x00, 0x87, 0x7B, 0xCF, 0xF7,
    0xBE, 0xEF, 0x7D, 0x6B, 0x4D, 0x72, 0x00, 0x83, 0x10, 0xA2, 0xAD, 0x75, 0x02, 0xFF, 0x83, 0xAD,
    0x55, 0x10, 0x82, 0x1F, 0x00, 0x8E, 0x20, 0x7B, 0xCF, 0xE7, 0x1C, 0xFF, 0xDF, 0xFF, 0xDF, 0xF7,
    0xBE, 0xC6, 0x18, 0x4A, 0x69, 0x04, 0x00, 0x83, 0x10, 0x82, 0xAD, 0x75, 0x02, 0xFF, 0xA1, 0xE7,
    0x3C, 0x9C, 0xD3, 0x5A, 0xCB, 0x42, 0x08, 0x8C, 0x51, 0xFF, 0xDF, 0xEF, 0x7D, 0xBD, 0xD7, 0xF7,
    0x9E, 0xFF, 0xDF, 0xF7, 0x9E, 0xA5, 0x14, 0x18, 0xE3, 0x6B, 0x4D, 0xEF, 0x7D, 0xF7, 0x9E, 0x63,
    0x0C, 0x02, 0x00, 0x89, 0x7B, 0xEF, 0xF7, 0x9E, 0xF7, 0x9E, 0x9C, 0xF3, 0x29, 0x65, 0x14, 0x00,
    0x83, 0x29, 0x65, 0xD6, 0xBA, 0x02, 0xFF, 0x83, 0xC6, 0x18, 0x21, 0x24, 0x72, 0x00, 0x83, 0x21,
    0x04, 0xBD, 0xF7, 0x02, 0xFF, 0x83, 0x9C, 0xF3, 0x08, 0x41, 0x21, 0x00, 0x8A, 0x20, 0x39, 0xE7,
    0x84, 0x10, 0x84, 0x30, 0x4A, 0x69, 0x10, 0xA2, 0x06, 0x00, 0x87, 0x18, 0xE3, 0xD6, 0xBA, 0xFF,
    0xDF, 0xA5, 0x14, 0x06, 0x00, 0x81, 0x9C, 0xD3, 0x05, 0xFF, 0x80, 0xDF, 0x02, 0xFF, 0x81, 0xDE,
    0xDB, 0x02, 0xFF, 0x8B, 0xEF, 0x5D, 0x5A, 0xCB, 0xA5, 0x34, 0xFF, 0xDF, 0xCE, 0x79, 0x21, 0x24,
    0x02, 0x00, 0x8D, 0x18, 0xE3, 0xB5, 0x96, 0xFF, 0xDF, 0xF7, 0xBE, 0xC6, 0x18, 0x63, 0x2C, 0x10,
    0xA2, 0x0E, 0x00, 0x83, 0x39, 0xE7, 0xC6, 0x18, 0x02, 0xFF, 0x83, 0xEF, 0x7D, 0x63, 0x2C, 0x74,
    0x00, 0x87, 0x39, 0xE7, 0xD6, 0xBA, 0xF7, 0xBE, 0x73, 0xAE, 0x34, 0x00, 0x83, 0x08, 0x61, 0xAD,
    0x55, 0x02, 0xFF, 0x83, 0xDE, 0xDB, 0x42, 0x08, 0x04, 0x00, 0x81, 0x94, 0x92, 0x06, 0xFF, 0x85,
    0xBD, 0xF7, 0x29, 0x65, 0xDE, 0xDB, 0x02, 0xFF, 0x83, 0x84, 0x30, 0xBD, 0xF7, 0x02, 0xFF, 0x81,
    0xAD, 0x75, 0x06, 0x00, 0x85, 0x21, 0x04, 0x9C, 0xF3, 0xEF, 0x7D, 0x02, 0xFF, 0x93, 0xEF, 0x7D,
    0xD6, 0x9A, 0x9C, 0xF3, 0x7B, 0xCF, 0x52, 0x8A, 0x39, 0xC7, 0x4A, 0x49, 0x73, 0x8E, 0xA5, 0x14,
    0xE7, 0x1C, 0x02, 0xFF, 0x85, 0xF7, 0x9E, 0x7B, 0xEF, 0x08, 0x41, 0x74, 0x00, 0x87, 0x52, 0x8A,
    0xE7, 0x3C, 0xEF, 0x7D, 0x52, 0xAA, 0x36, 0x00, 0x8F, 0x5A, 0xEB, 0xE7, 0x1C, 0xFF, 0xDF, 0xD6,
    0xBA, 0x63, 0x2C, 0x08, 0x61, 0x52, 0xAA, 0xEF, 0x7D, 0x03, 0xFF, 0x86, 0xDF, 0x7B, 0xEF, 0x08,
    0x41, 0xCE, 0x79, 0x02, 0xFF, 0x83, 0x8C, 0x71, 0xC6, 0x18, 0x02, 0xFF, 0x81, 0xAD, 0x75, 0x08,
    0x00, 0x87, 0x18, 0xC3, 0x6B, 0x6D, 0xC6, 0x18, 0xEF, 0x7D, 0x05, 0xFF, 0x8A, 0xDF, 0xEF, 0x5D,
    0xE7, 0x1C, 0xE7, 0x3C, 0xF7, 0xBE, 0xFF, 0xDF, 0x02, 0xFF, 0x85, 0xDE, 0xFB, 0x7B, 0xEF, 0x10,
    0x82, 0x76, 0x00, 0x87, 0x7B, 0xCF, 0xF7, 0xBE, 0xDE, 0xFB, 0x29, 0x45, 0x36, 0x00, 0x85, 0x10,
    0x82, 0x7B, 0xCF, 0xE7, 0x1C, 0x02, 0xFF, 0x87, 0xE7, 0x3C, 0x8C, 0x51, 0x21, 0x24, 0xC6, 0x18,
    0x03, 0xFF, 0x92, 0xDF, 0xA5, 0x14, 0x73, 0xAE, 0xEF, 0x5D, 0xF7, 0xBE, 0x73, 0xAE, 0xAD, 0x55,
    0xFF, 0xDF, 0xD6, 0x9A, 0x39, 0xC7, 0x09, 0x00, 0x9A, 0x20, 0x29, 0x65, 0x63, 0x2C, 0x9C, 0xD3,
    0xCE, 0x79, 0xE7, 0x1C, 0xEF, 0x5D, 0xEF, 0x7D, 0xEF, 0x5D, 0xE7, 0x1C, 0xD6, 0x9A, 0x94, 0xB2,
    0x4A, 0x69, 0x08, 0x41, 0x76, 0x00, 0x83, 0x10, 0x82, 0x9C, 0xF3, 0x02, 0xFF, 0x83, 0xC6, 0x38,
    0x00, 0x20, 0x38, 0x00, 0x8F, 0x08, 0x61, 0x63, 0x0C, 0xCE, 0x79, 0xFF, 0xDF, 0xEF, 0x7D, 0x84,
    0x10, 0x8C, 0x71, 0xFF, 0xDF, 0x03, 0xFF, 0x82, 0xDF, 0xF7, 0x9E, 0x02, 0xFF, 0x8F, 0xD6, 0x9A,
    0x42, 0x08, 0x63, 0x2C, 0xE7, 0x3C, 0xFF, 0xDF, 0xB5, 0xB6, 0x52, 0x8A, 0x00, 0x20, 0x0A, 0x00,
    0x91, 0x08, 0x61, 0x29, 0x45, 0x42, 0x08, 0x5A, 0xEB, 0x6B, 0x4D, 0x63, 0x0C, 0x4A, 0x49, 0x29,
    0x65, 0x08, 0x61, 0x7A, 0x00, 0x87, 0x31, 0x86, 0xCE, 0x79, 0xFF, 0xDF, 0x94, 0xB2, 0x3E, 0x00,
    0x83, 0x39, 0xE7, 0xC6, 0x18, 0x02, 0xFF, 0x83, 0xDE, 0xFB, 0xAD, 0x55, 0x02, 0xFF, 0x97, 0xEF,
    0x7D, 0xE7, 0x1C, 0xEF, 0x7D, 0xCE, 0x79, 0x6B, 0x4D, 0x08, 0x41, 0x18, 0xC3, 0x94, 0xB2, 0xEF,
    0x7D, 0xFF, 0xDF, 0xD6, 0xBA, 0x39, 0xE7, 0x7F, 0x00, 0x17, 0x00, 0x87, 0x73, 0x8E, 0xEF, 0x7D,
    0xEF, 0x7D, 0x63, 0x0C, 0x40, 0x00, 0x87, 0x4A, 0x49, 0xFF, 0xDF, 0xFF, 0xDF, 0xDE, 0xDB, 0x02,
    0xFF, 0x89, 0xBD, 0xD7, 0x42, 0x28, 0x52, 0x8A, 0x29, 0x65, 0x00, 0x20, 0x04, 0x00, 0x89, 0x21,
    0x04, 0x8C, 0x51, 0xD6, 0xBA, 0xDE, 0xDB, 0x39, 0xE7, 0x7F, 0x00, 0x15, 0x00, 0x83, 0x10, 0xA2,
    0xAD, 0x55, 0x02, 0xFF, 0x83, 0xCE, 0x59, 0x10, 0xA2, 0x40, 0x00, 0x83, 0x29, 0x65, 0xFF, 0xDF,
    0x05, 0xFF, 0x82, 0xDF, 0x8C, 0x71, 0x0F, 0x00, 0x84, 0x20, 0x31, 0xA6, 0x39, 0xC7, 0x7F, 0x00,
    0x17, 0x00, 0x87, 0x39, 0xC7, 0xD6, 0x9A, 0xFF, 0xDF, 0x8C, 0x71, 0x42, 0x00, 0x83, 0x42, 0x08,
    0xFF, 0xDF, 0x04, 0xFF, 0x83, 0xE7, 0x1C, 0x39, 0xE7, 0x7F, 0x00, 0x2B, 0x00, 0x87, 0x63, 0x2C,
    0xEF, 0x5D, 0xE7, 0x3C, 0x52, 0xAA, 0x42, 0x00, 0x83, 0x29, 0x45, 0xE7, 0x3C, 0x02, 0xFF, 0x83,
    0xEF, 0x7D, 0x84, 0x10, 0x7F, 0x00, 0x2D, 0x00, 0x8B, 0x73, 0xAE, 0xF7, 0x9E, 0xDE, 0xFB, 0x42,
    0x08, 0x00, 0x20, 0x00, 0x20, 0x40, 0x00, 0x87, 0x6B, 0x4D, 0x9C, 0xD3, 0x6B, 0x6D, 0x10, 0xA2,
    0x7F, 0x00, 0x2D, 0x00, 0x91, 0x6B, 0x4D, 0xEF, 0x7D, 0xF7, 0x9E, 0xB5, 0x96, 0x9C, 0xF3, 0x9C,
    0xF3, 0x84, 0x30, 0x4A, 0x69, 0x08, 0x61, 0x3C, 0x00, 0x81, 0x08, 0x41, 0x7F, 0x00, 0x31, 0x00,
    0x85, 0x31, 0xA6, 0xBD, 0xF7, 0xFF, 0xDF, 0x03, 0xFF, 0x88, 0xDF, 0xFF, 0xDF, 0xF7, 0xBE, 0xDE,
    0xFB, 0x7B, 0xCF, 0x7F, 0x00, 0x71, 0x00, 0x8B, 0x42, 0x28, 0x9C, 0xF3, 0xBD, 0xF7, 0xC6, 0x18,
    0xC6, 0x18, 0xDE, 0xFB, 0x02, 0xFF, 0x83, 0xD6, 0x9A, 0x42, 0x08, 0x25, 0x00, 0x88, 0x20, 0x39,
    0xC7, 0x6B, 0x4D, 0x52, 0xAA, 0x10, 0x82, 0x7F, 0x00, 0x45, 0x00, 0x8D, 0x08, 0x61, 0x10, 0x82,
    0x10, 0xA2, 0x63, 0x0C, 0xEF, 0x7D, 0xF7, 0x9E, 0x73, 0xAE, 0x22, 0x00, 0x8B, 0x18, 0xC3, 0x73,
    0xAE, 0xD6, 0xBA, 0xEF, 0x7D, 0xDE, 0xFB, 0x63, 0x0C, 0x7F, 0x00, 0x4B, 0x00, 0x87, 0x21, 0x04,
    0xD6, 0x9A, 0xF7, 0xBE, 0x8C, 0x71, 0x20, 0x00, 0x85, 0x18, 0xC3, 0x8C, 0x71, 0xF7, 0x9E, 0x04,
    0xFF, 0x83, 0xF7, 0xBE, 0x84, 0x10, 0x7F, 0x00, 0x4B, 0x00, 0x83, 0x10, 0x82, 0xC6, 0x18, 0x02,
    0xFF, 0x81, 0xAD, 0x55, 0x1E, 0x00, 0x85, 0x08, 0x41, 0x84, 0x30, 0xF7, 0x9E, 0x02, 0xFF, 0x81,
    0xF7, 0x9E, 0x02, 0xFF, 0x83, 0xEF, 0x7D, 0x63, 0x2C, 0x7F, 0x00, 0x4C, 0x00, 0x88, 0x20, 0x9C,
    0xD3, 0xFF, 0xDF, 0xEF, 0x5D, 0x6B, 0x4D, 0x1C, 0x00, 0x83, 0x6B, 0x6D, 0xEF, 0x7D, 0x02, 0xFF,
    0x83, 0xC6, 0x18, 0xC6, 0x18, 0x02, 0xFF, 0x83, 0xC6, 0x38, 0x31, 0x86, 0x7F, 0x00, 0x4D, 0x00,
    0x83, 0x42, 0x08, 0xD6, 0xBA, 0x02, 0xFF, 0x83, 0xDE, 0xFB, 0x52, 0x8A, 0x18, 0x00, 0x83, 0x31,
    0x86, 0xC6, 0x18, 0x02, 0xFF, 0x8B, 0xCE, 0x79, 0x8C, 0x51, 0xF7, 0xBE, 0xF7, 0x9E, 0x84, 0x10,
    0x00, 0x20, 0x7F, 0x00, 0x4F, 0x00, 0x87, 0x63, 0x0C, 0xE7, 0x1C, 0xFF, 0xDF, 0xAD, 0x55, 0x18,
    0x00, 0x89, 0x7B, 0xEF, 0xF7, 0x9E, 0xEF, 0x7D, 0x8C, 0x51, 0xDE, 0xFB, 0x02, 0xFF, 0x83, 0xBD,
    0xD7, 0x29, 0x45, 0x7F, 0x00, 0x51, 0x00, 0x83, 0x08, 0x41, 0xA5, 0x14, 0x02, 0xFF, 0x81, 0xCE,
    0x79, 0x16, 0x00, 0x83, 0x29, 0x45, 0xC6, 0x18, 0x02, 0xFF, 0x83, 0xCE, 0x59, 0xC6, 0x18, 0x02,
    0xFF, 0x83, 0xDE, 0xFB, 0x52, 0xAA, 0x7F, 0x00, 0x54, 0x00, 0x82, 0x20, 0x94, 0xB2, 0x02, 0xFF,
    0x81, 0xCE, 0x79, 0x16, 0x00, 0x8F, 0x6B, 0x4D, 0xEF, 0x7D, 0xFF, 0xDF, 0xD6, 0xBA, 0xFF, 0xDF,
    0xF7, 0xBE, 0x84, 0x10, 0x08, 0x41, 0x7F, 0x00, 0x54, 0x00, 0x82, 0x20, 0x94, 0xB2, 0x02, 0xFF,
    0x81, 0xCE, 0x79, 0x16, 0x00, 0x83, 0xA5, 0x14, 0xFF, 0xDF, 0x04, 0xFF, 0x85, 0xF7, 0xBE, 0x9C,
    0xF3, 0x08, 0x61, 0x7F, 0x00, 0x57, 0x00, 0x81, 0x8C, 0x71, 0x02, 0xFF, 0x83, 0xE7, 0x1C, 0x31,
    0x86, 0x12, 0x00, 0x83, 0x21, 0x24, 0xC6, 0x38, 0x04, 0xFF, 0x85, 0xF7, 0xBE, 0xAD, 0x55, 0x18,
    0xC3, 0x7F, 0x00, 0x23, 0x00, 0x85, 0x08, 0x41, 0x42, 0x28, 0x39, 0xE7, 0x30, 0x00, 0x83, 0x5A,
    0xEB, 0xEF, 0x5D, 0x02, 0xFF, 0x83, 0xC6, 0x38, 0x39, 0xC7, 0x0C, 0x00, 0x87, 0x18, 0xE3, 0x63,
    0x0C, 0xB5, 0xB6, 0xF7, 0x9E, 0x02, 0xFF, 0x85, 0xF7, 0x9E, 0xA5, 0x14, 0x21, 0x04, 0x7F, 0x00,
    0x0D, 0x00, 0x81, 0x08, 0x41, 0x14, 0x00, 0x89, 0x10, 0x82, 0xB5, 0x96, 0xEF, 0x7D, 0xE7, 0x1C,
    0x6B, 0x6D, 0x2E, 0x00, 0x85, 0x08, 0x41, 0x8C, 0x51, 0xF7, 0x9E, 0x02, 0xFF, 0x91, 0xE7, 0x3C,
    0xC6, 0x18, 0x9C, 0xD3, 0x8C, 0x71, 0x8C, 0x71, 0xA5, 0x14, 0xC6, 0x18, 0xDE, 0xDB, 0xF7, 0xBE,
    0x04, 0xFF, 0x85, 0xEF, 0x5D, 0x7B, 0xCF, 0x08, 0x61, 0x7F, 0x00, 0x0D, 0x00, 0x87, 0x6B, 0x4D,
    0xCE, 0x79, 0xAD, 0x75, 0x18, 0xC3, 0x10, 0x00, 0x83, 0x94, 0xB2, 0xFF, 0xDF, 0x04, 0xFF, 0x81,
    0x9C, 0xD3, 0x30, 0x00, 0x87, 0x10, 0xA2, 0x7B, 0xEF, 0xDE, 0xFB, 0xFF, 0xDF, 0x03, 0xFF, 0x86,
    0xDF, 0xFF, 0xDF, 0xFF, 0xDF, 0xFF, 0xDF, 0x03, 0xFF, 0x84, 0xDF, 0xEF, 0x5D, 0xE7, 0x3C, 0x02,
    0xFF, 0x83, 0xD6, 0xBA, 0x39, 0xE7, 0x7F, 0x00, 0x0D, 0x00, 0x83, 0x31, 0xA6, 0xCE, 0x59, 0x02,
    0xFF, 0x8D, 0xDE, 0xFB, 0x31, 0x86, 0x08, 0x41, 0x63, 0x2C, 0xA5, 0x34, 0x9C, 0xD3, 0x52, 0x8A,
    0x04, 0x00, 0x83, 0x31, 0xA6, 0xE7, 0x3C, 0x05, 0xFF, 0x82, 0xDF, 0x8C, 0x51, 0x32, 0x00, 0x9D,
    0x08, 0x41, 0x42, 0x08, 0x7B, 0xEF, 0xA5, 0x34, 0xC6, 0x38, 0xDE, 0xDB, 0xD6, 0xBA, 0xC6, 0x18,
    0xA5, 0x14, 0x84, 0x30, 0x5A, 0xCB, 0x8C, 0x71, 0xFF, 0xDF, 0xD6, 0x9A, 0x31, 0x86, 0x7F, 0x00,
    0x0C, 0x00, 0x81, 0x20, 0x7B, 0x02, 0xEF, 0x91, 0x7D, 0xFF, 0xDF, 0xB5, 0x96, 0x10, 0xA2, 0x52,
    0xAA, 0xE7, 0x1C, 0xFF, 0xDF, 0xFF, 0xDF, 0xCE, 0x59, 0x42, 0x02, 0x08, 0x82, 0x41, 0x94, 0x92,
    0x06, 0xFF, 0x83, 0xEF, 0x5D, 0x5A, 0xEB, 0x37, 0x00, 0x8E, 0x20, 0x10, 0x82, 0x21, 0x04, 0x29,
    0x45, 0x21, 0x24, 0x18, 0xE3, 0x10, 0x82, 0x00, 0x20, 0x02, 0x00, 0x87, 0x84, 0x30, 0xFF, 0xDF,
    0xCE, 0x79, 0x29, 0x65, 0x7F, 0x00, 0x0B, 0x00, 0x83, 0x5A, 0xCB, 0xD6, 0xBA, 0x02, 0xFF, 0x87,
    0xD6, 0xBA, 0x4A, 0x69, 0x00, 0x20, 0xAD, 0x75, 0x02, 0xFF, 0x8B, 0xE7, 0x3C, 0xEF, 0x7D, 0xF7,
    0x9E, 0x84, 0x30, 0x39, 0xC7, 0xDE, 0xFB, 0x05, 0xFF, 0x84, 0xDF, 0xB5, 0x96, 0x10, 0x82, 0x48,
    0x00, 0x87, 0x84, 0x30, 0xFF, 0xDF, 0xD6, 0x9A, 0x29, 0x65, 0x7F, 0x00, 0x09, 0x00, 0x85, 0x39,
    0xE7, 0xC6, 0x18, 0xFF, 0xDF, 0x02, 0xFF, 0x93, 0xA5, 0x34, 0x00, 0x20, 0x39, 0xC7, 0xE7, 0x1C,
    0xFF, 0xDF, 0x94, 0xB2, 0xCE, 0x59, 0xFF, 0xDF, 0x9C, 0xF3, 0x7B, 0xEF, 0x06, 0xFF, 0x83, 0xDE,
    0xDB, 0x4A, 0x49, 0x4A, 0x00, 0x87, 0x84, 0x10, 0xFF, 0xDF, 0xD6, 0x9A, 0x31, 0x86, 0x7F, 0x00,
    0x07, 0x00, 0x85, 0x29, 0x65, 0xB5, 0xB6, 0xFF, 0xDF, 0x02, 0xFF, 0x87, 0xF7, 0x9E, 0x7B, 0xEF,
    0x00, 0x20, 0x73, 0xAE, 0x02, 0xFF, 0x8B, 0xE7, 0x1C, 0x84, 0x10, 0xEF, 0x5D, 0xF7, 0x9E, 0x84,
    0x10, 0xC6, 0x38, 0x04, 0xFF, 0x85, 0xEF, 0x5D, 0x6B, 0x6D, 0x00, 0x20, 0x4A, 0x00, 0x87, 0x84,
    0x10, 0xFF, 0xDF, 0xD6, 0x9A, 0x31, 0x86, 0x7F, 0x00, 0x05, 0x00, 0x85, 0x10, 0xA2, 0xAD, 0x75,
    0xFF, 0xDF, 0x04, 0xFF, 0x87, 0xF7, 0x9E, 0x63, 0x2C, 0x10, 0xA2, 0xAD, 0x75, 0x02, 0xFF, 0x83,
    0xDE, 0xDB, 0xDE, 0xFB, 0x02, 0xFF, 0x85, 0xD6, 0x9A, 0x63, 0x0C, 0xE7, 0x3C, 0x03, 0xFF, 0x88,
    0xDF, 0x9C, 0xF3, 0x6B, 0x4D, 0x7B, 0xCF, 0x31, 0xA6, 0x08, 0x00, 0x85, 0x31, 0x86, 0x42, 0x28,
    0x18, 0xE3, 0x3A, 0x00, 0x87, 0x8C, 0x71, 0xFF, 0xDF, 0xCE, 0x79, 0x29, 0x65, 0x7F, 0x00, 0x03,
    0x00, 0x93, 0x21, 0x04, 0xA5, 0x14, 0xFF, 0xDF, 0xF7, 0xBE, 0xBD, 0xF7, 0xEF, 0x7D, 0xEF, 0x7D,
    0x5A, 0xCB, 0x39, 0xC7, 0xD6, 0xBA, 0x06, 0xFF, 0x87, 0xE7, 0x1C, 0x6B, 0x4D, 0x7B, 0xEF, 0xFF,
    0xDF, 0x02, 0xFF, 0x85, 0xCE, 0x79, 0xB5, 0xB6, 0xF7, 0xBE, 0x02, 0xFF, 0x83, 0xBD, 0xD7, 0x08,
    0x41, 0x02, 0x00, 0x93, 0x29, 0x45, 0xA5, 0x14, 0xDE, 0xFB, 0xEF, 0x5D, 0xCE, 0x59, 0x63, 0x2C,
    0x00, 0x20, 0x31, 0xA6, 0x7B, 0xCF, 0x31, 0x86, 0x02, 0x00, 0x83, 0x08, 0x41, 0x00, 0x20, 0x2A,
    0x00, 0x87, 0xAD, 0x75, 0xFF, 0xDF, 0xB5, 0x96, 0x18, 0xC3, 0x7F, 0x00, 0x96, 0x00, 0x21, 0x04,
    0x9C, 0xF3, 0xF7, 0xBE, 0xF7, 0xBE, 0x9C, 0xD3, 0x73, 0x8E, 0xEF, 0x5D, 0xE7, 0x1C, 0x52, 0x8A,
    0x7B, 0xCF, 0xEF, 0x7D, 0x04, 0xFF, 0x87, 0xE7, 0x1C, 0x73, 0xAE, 0x18, 0xE3, 0xAD, 0x55, 0x02,
    0xFF, 0x85, 0xF7, 0xBE, 0xDE, 0xDB, 0xFF, 0xDF, 0x04, 0xFF, 0x8D, 0xE7, 0x3C, 0x21, 0x24, 0x29,
    0x45, 0xBD, 0xD7, 0xFF, 0xDF, 0xFF, 0xDF, 0xF7, 0x9E, 0x02, 0xFF, 0x91, 0xCE, 0x79, 0x39, 0xC7,
    0xB5, 0xB6, 0xFF, 0xDF, 0xB5, 0x96, 0x84, 0x30, 0xB5, 0xB6, 0xA5, 0x14, 0x42, 0x28, 0x06, 0x00,
    0x87, 0x10, 0xA2, 0x42, 0x08, 0x42, 0x28, 0x18, 0xC3, 0x18, 0x00, 0x83, 0x21, 0x04, 0xD6, 0xBA,
    0x02, 0xFF, 0x83, 0x94, 0x92, 0x00, 0x20, 0x7E, 0x00, 0x95, 0x21, 0x04, 0x9C, 0xD3, 0xF7, 0x9E,
    0xFF, 0xDF, 0xA5, 0x34, 0x29, 0x45, 0x73, 0x8E, 0xEF, 0x7D, 0xEF, 0x7D, 0xC6, 0x38, 0xEF, 0x7D,
    0x02, 0xFF, 0x8B, 0xF7, 0xBE, 0xC6, 0x18, 0x63, 0x0C, 0x08, 0x61, 0x5A, 0xCB, 0xE7, 0x1C, 0x02,
    0xFF, 0x87, 0xEF, 0x5D, 0xFF, 0xDF, 0xF7, 0xBE, 0xD6, 0x9A, 0x02, 0xFF, 0x8D, 0xE7, 0x3C, 0x21,
    0x24, 0x84, 0x10, 0xF7, 0xBE, 0xF7, 0xBE, 0xA5, 0x14, 0xC6, 0x38, 0x02, 0xFF, 0x85, 0xD6, 0xBA,
    0x6B, 0x4D, 0xEF, 0x5D, 0x02, 0xFF, 0x83, 0xF7, 0xBE, 0xF7, 0xBE, 0x03, 0xFF, 0x92, 0xDF, 0xB5,
    0xB6, 0x21, 0x04, 0x18, 0xC3, 0x6B, 0x6D, 0xBD, 0xD7, 0xE7, 0x3C, 0xEF, 0x5D, 0xB5, 0x96, 0x4A,
    0x69, 0x16, 0x00, 0x87, 0x73, 0x8E, 0xF7, 0x9E, 0xEF, 0x5D, 0x63, 0x0C, 0x7E, 0x00, 0x91, 0x21,
    0x24, 0x9C, 0xF3, 0xF7, 0x9E, 0xFF, 0xDF, 0xAD, 0x75, 0x29, 0x45, 0x31, 0xA6, 0xA5, 0x34, 0xF7,
    0xBE, 0x08, 0xFF, 0x83, 0xB5, 0x96, 0x31, 0xA6, 0x02, 0x00, 0x83, 0x21, 0x24, 0xB5, 0xB6, 0x05,
    0xFF, 0x80, 0xDF, 0x02, 0xFF, 0x8B, 0xBD, 0xF7, 0xA5, 0x14, 0xFF, 0xDF, 0xDE, 0xFB, 0x29, 0x45,
    0xC6, 0x38, 0x02, 0xFF, 0x8D, 0xC6, 0x18, 0xA5, 0x14, 0xEF, 0x7D, 0xF7, 0xBE, 0x9C, 0xF3, 0x9C,
    0xD3, 0xFF, 0xDF, 0x04, 0xFF, 0x8D, 0xF7, 0x9E, 0xCE, 0x79, 0xF7, 0xBE, 0xE7, 0x3C, 0x5A, 0xEB,
    0x94, 0xB2, 0xEF, 0x5D, 0x03, 0xFF, 0x88, 0xDF, 0xFF, 0xDF, 0xFF, 0xDF, 0xC6, 0x38, 0x5A, 0xCB,
    0x12, 0x00, 0x83, 0x18, 0xC3, 0xC6, 0x18, 0x02, 0xFF, 0x83, 0xBD, 0xD7, 0x21, 0x24, 0x7C, 0x00,
    0x91, 0x21, 0x04, 0x9C, 0xF3, 0xF7, 0x9E, 0xF7, 0xBE, 0xB5, 0x96, 0x31, 0xA6, 0x73, 0x8E, 0xCE,
    0x79, 0xF7, 0xBE, 0x02, 0xFF, 0x85, 0xF7, 0xBE, 0xD6, 0x9A, 0xF7, 0x9E, 0x02, 0xFF, 0x81, 0x73,
    0x8E, 0x03, 0x00, 0x84, 0x20, 0x73, 0xAE, 0xEF, 0x7D, 0x06, 0xFF, 0x85, 0xDE, 0xDB, 0x52, 0x8A,
    0xB5, 0xB6, 0x02, 0xFF, 0x85, 0xBD, 0xD7, 0x42, 0x28, 0xE7, 0x1C, 0x02, 0xFF, 0x8B, 0xD6, 0x9A,
    0xF7, 0x9E, 0xFF, 0xDF, 0xBD, 0xF7, 0x4A, 0x49, 0xC6, 0x38, 0x04, 0xFF, 0x8D, 0xF7, 0xBE, 0x9C,
    0xF3, 0x6B, 0x6D, 0xEF, 0x7D, 0xF7, 0xBE, 0xB5, 0x96, 0xF7, 0x9E, 0x02, 0xFF, 0x87, 0xE7, 0x3C,
    0x9C, 0xD3, 0xB5, 0x96, 0xF7, 0xBE, 0x02, 0xFF, 0x81, 0xCE, 0x79, 0x10, 0x00, 0x8B, 0x08, 0x61,
    0x7B, 0xEF, 0xF7, 0x9E, 0xEF, 0x7D, 0x73, 0x8E, 0x00, 0x20, 0x7A, 0x00, 0x8F, 0x29, 0x45, 0xA5,
    0x34, 0xF7, 0xBE, 0xF7, 0xBE, 0xB5, 0x96, 0x42, 0x08, 0x9C, 0xD3, 0xEF, 0x7D, 0x03, 0xFF, 0x80,
    0xDF, 0x02, 0xFF, 0x89, 0xDE, 0xDB, 0x73, 0xAE, 0xEF, 0x5D, 0xF7, 0x9E, 0x52, 0x8A, 0x02, 0x00,
    0x83, 0x31, 0x86, 0xC6, 0x38, 0x07, 0xFF, 0x86, 0xDF, 0x84, 0x30, 0x10, 0xA2, 0xCE, 0x59, 0x02,
    0xFF, 0x85, 0xA5, 0x14, 0x52, 0x8A, 0xEF, 0x7D, 0x03, 0xFF, 0x8A, 0xDF, 0xFF, 0xDF, 0xBD, 0xF7,
    0x42, 0x28, 0x84, 0x10, 0xEF, 0x7D, 0x04, 0xFF, 0x87, 0xC6, 0x18, 0x29, 0x65, 0x8C, 0x51, 0xF7,
    0xBE, 0x03, 0xFF, 0x80, 0xDF, 0x03, 0xFF, 0x88, 0xDF, 0x94, 0x92, 0x08, 0x61, 0x5A, 0xCB, 0xEF,
    0x7D, 0x02, 0xFF, 0x81, 0xD6, 0xBA, 0x0E, 0x00, 0x85, 0x08, 0x41, 0x63, 0x2C, 0xDE, 0xFB, 0x02,
    0xFF, 0x83, 0xB5, 0xB6, 0x29, 0x45, 0x7A, 0x00, 0xA7, 0x21, 0x04, 0xAD, 0x55, 0xFF, 0xDF, 0xFF,
    0xDF, 0xB5, 0x96, 0x29, 0x65, 0x8C, 0x51, 0xF7, 0xBE, 0xFF, 0xDF, 0xCE, 0x59, 0xAD, 0x75, 0xF7,
    0xBE, 0xD6, 0xBA, 0x8C, 0x71, 0xFF, 0xDF, 0xDE, 0xFB, 0x29, 0x45, 0x08, 0x41, 0x8C, 0x71, 0xF7,
    0xBE, 0x06, 0xFF, 0x8F, 0xDE, 0xDB, 0x21, 0x24, 0x21, 0x24, 0xDE, 0xFB, 0xFF, 0xDF, 0x8C, 0x71,
    0x52, 0x8A, 0xEF, 0x5D, 0x03, 0xFF, 0x88, 0xDF, 0xB5, 0xB6, 0x39, 0xC7, 0x73, 0xAE, 0xE7, 0x3C,
    0x04, 0xFF, 0x87, 0xEF, 0x5D, 0x4A, 0x69, 0x08, 0x61, 0xB5, 0xB6, 0x08, 0xFF, 0x8D, 0xEF, 0x7D,
    0x52, 0x8A, 0x00, 0x20, 0x94, 0x92, 0xFF, 0xDF, 0xF7, 0xBE, 0x8C, 0x71, 0x0C, 0x00, 0x85, 0x10,
    0x82, 0x6B, 0x6D, 0xDE, 0xFB, 0x02, 0xFF, 0x83, 0xD6, 0x9A, 0x42, 0x28, 0x7A, 0x00, 0x83, 0x18,
    0xC3, 0xB5, 0x96, 0x03, 0xFF, 0x88, 0xDF, 0xAD, 0x75, 0x29, 0x45, 0x21, 0x04, 0xBD, 0xF7, 0x02,
    0xFF, 0x8B, 0xCE, 0x59, 0x31, 0x86, 0x73, 0xAE, 0xF7, 0x9E, 0xDE, 0xDB, 0x9C, 0xF3, 0x02, 0xFF,
    0x87, 0xD6, 0x9A, 0x10, 0x82, 0x4A, 0x69, 0xE7, 0x1C, 0x07, 0xFF, 0x82, 0xDF, 0xAD, 0x55, 0x02,
    0x00, 0x89, 0x39, 0xE7, 0xEF, 0x7D, 0xF7, 0x9E, 0x84, 0x10, 0xC6, 0x18, 0x04, 0xFF, 0x87, 0xDE,
    0xDB, 0x4A, 0x69, 0x94, 0x92, 0xEF, 0x5D, 0x06, 0xFF, 0x87, 0xAD, 0x55, 0x08, 0x41, 0x31, 0x86,
    0xD6, 0x9A, 0x04, 0xFF, 0x8B, 0xF7, 0x9E, 0xFF, 0xDF, 0xEF, 0x7D, 0x63, 0x0C, 0x63, 0x0C, 0xDE,
    0xDB, 0x02, 0xFF, 0x83, 0xD6, 0x9A, 0x29, 0x65, 0x0A, 0x00, 0x85, 0x31, 0xA6, 0x94, 0xB2, 0xEF,
    0x5D, 0x02, 0xFF, 0x83, 0xDE, 0xDB, 0x52, 0x8A, 0x6E, 0x00, 0x89, 0x21, 0x04, 0x9C, 0xD3, 0xBD,
    0xF7, 0x9C, 0xF3, 0x31, 0x86, 0x02, 0x00, 0x83, 0x31, 0xA6, 0xC6, 0x18, 0x03, 0xFF, 0x84, 0xDF,
    0xA5, 0x14, 0x18, 0xC3, 0x02, 0x00, 0x91, 0x08, 0x61, 0x9C, 0xF3, 0xFF, 0xDF, 0xEF, 0x7D, 0x73,
    0x8E, 0x73, 0x8E, 0xEF, 0x7D, 0xDE, 0xFB, 0xA5, 0x14, 0x02, 0xFF, 0x85, 0xD6, 0x9A, 0x29, 0x45,
    0xBD, 0xF7, 0x02, 0xFF, 0x83, 0xEF, 0x5D, 0xF7, 0x9E, 0x02, 0xFF, 0x83, 0xF7, 0x9E, 0x6B, 0x4D,
    0x02, 0x00, 0x87, 0x4A, 0x49, 0xF7, 0x9E, 0xFF, 0xDF, 0xE7, 0x1C, 0x03, 0xFF, 0x82, 0xDF, 0xFF,
    0xDF, 0x02, 0xFF, 0x81, 0xF7, 0x9E, 0x03, 0xFF, 0x82, 0xDF, 0xF7, 0xBE, 0x02, 0xFF, 0x83, 0xEF,
    0x5D, 0x4A, 0x69, 0x02, 0x00, 0x83, 0x42, 0x08, 0xE7, 0x1C, 0x02, 0xFF, 0x85, 0xEF, 0x7D, 0x94,
    0xB2, 0xD6, 0x9A, 0x02, 0xFF, 0x83, 0xF7, 0x9E, 0xFF, 0xDF, 0x04, 0xFF, 0x97, 0xE7, 0x3C, 0x8C,
    0x71, 0x4A, 0x49, 0x39, 0xE7, 0x4A, 0x69, 0x7B, 0xCF, 0xB5, 0xB6, 0xE7, 0x1C, 0xFF, 0xDF, 0xFF,
    0xDF, 0xCE, 0x59, 0x42, 0x28, 0x70, 0x00, 0x83, 0x94, 0x92, 0xFF, 0xDF, 0x02, 0xFF, 0x87, 0xF7,
    0x9E, 0x7B, 0xEF, 0x73, 0x8E, 0xD6, 0xBA, 0x02, 0xFF, 0x85, 0xEF, 0x7D, 0x94, 0xB2, 0x21, 0x04,
    0x06, 0x00, 0x83, 0x42, 0x08, 0xCE, 0x79, 0x02, 0xFF, 0x97, 0xEF, 0x7D, 0xC6, 0x18, 0xF7, 0x9E,
    0xE7, 0x3C, 0x94, 0x92, 0xF7, 0xBE, 0xEF, 0x5D, 0xBD, 0xD7, 0xFF, 0xDF, 0xEF, 0x7D, 0xA5, 0x14,
    0xE7, 0x3C, 0x02, 0xFF, 0x83, 0xD6, 0x9A, 0x10, 0xA2, 0x02, 0x00, 0x83, 0x42, 0x08, 0xEF, 0x7D,
    0x04, 0xFF, 0x95, 0xF7, 0x9E, 0x94, 0x92, 0xA5, 0x34, 0xE7, 0x3C, 0xF7, 0x9E, 0xDE, 0xFB, 0xA5,
    0x34, 0x7B, 0xCF, 0xBD, 0xF7, 0x8C, 0x51, 0x08, 0x61, 0x02, 0x00, 0x95, 0x21, 0x24, 0xB5, 0xB6,
    0xE7, 0x1C, 0x94, 0x92, 0x18, 0xE3, 0x7B, 0xCF, 0xDE, 0xDB, 0xF7, 0x9E, 0xEF, 0x5D, 0xCE, 0x79,
    0xE7, 0x1C, 0x03, 0xFF, 0x88, 0xDF, 0xFF, 0xDF, 0xFF, 0xDF, 0xFF, 0xDF, 0xFF, 0xDF, 0x03, 0xFF,
    0x86, 0xDF, 0xDE, 0xFB, 0x9C, 0xF3, 0x31, 0xA6, 0x72, 0x00, 0x83, 0x94, 0xB2, 0xFF, 0xDF, 0x04,
    0xFF, 0x83, 0xE7, 0x3C, 0xF7, 0x9E, 0x02, 0xFF, 0x85, 0xE7, 0x3C, 0x7B, 0xEF, 0x10, 0xA2, 0x0A,
    0x00, 0x85, 0x4A, 0x49, 0xCE, 0x59, 0xFF, 0xDF, 0x04, 0xFF, 0x85, 0xE7, 0x3C, 0x63, 0x2C, 0xD6,
    0x9A, 0x04, 0xFF, 0x8B, 0xF7, 0xBE, 0xA5, 0x14, 0x4A, 0x69, 0xDE, 0xFB, 0xFF, 0xDF, 0x94, 0xB2,
    0x04, 0x00, 0x82, 0x18, 0xC3, 0xBD, 0x02, 0xF7, 0x96, 0xBE, 0xE7, 0x1C, 0x8C, 0x51, 0x10, 0xA2,
    0x18, 0xC3, 0x52, 0x8A, 0x63, 0x0C, 0x42, 0x28, 0x10, 0xA2, 0x08, 0x41, 0x29, 0x45, 0x10, 0x82,
    0x06, 0x00, 0x85, 0x31, 0x86, 0x4A, 0x49, 0x18, 0xC3, 0x02, 0x00, 0x9F, 0x08, 0x61, 0x42, 0x08,
    0x63, 0x0C, 0x5A, 0xCB, 0x31, 0xA6, 0x5A, 0xEB, 0xB5, 0xB6, 0xDE, 0xDB, 0xF7, 0x9E, 0xF7, 0xBE,
    0xF7, 0x9E, 0xDE, 0xDB, 0xC6, 0x38, 0x94, 0xB2, 0x4A, 0x69, 0x10, 0xA2, 0x74, 0x00, 0x8F, 0x42,
    0x08, 0xC6, 0x38, 0xF7, 0x9E, 0xFF, 0xDF, 0xFF, 0xDF, 0xEF, 0x7D, 0xCE, 0x59, 0x6B, 0x6D, 0x10,
    0x00, 0x9D, 0x39, 0xE7, 0xAD, 0x75, 0xE7, 0x3C, 0xEF, 0x7D, 0xB5, 0xB6, 0x29, 0x65, 0x7B, 0xCF,
    0xDE, 0xDB, 0xDE, 0xFB, 0x9C, 0xF3, 0x29, 0x65, 0x18, 0xC3, 0x8C, 0x71, 0xAD, 0x55, 0x42, 0x08,
    0x06, 0x00, 0x87, 0x42, 0x08, 0x73, 0x8E, 0x52, 0xAA, 0x00, 0x20, 0x2C, 0x00, 0x8D, 0x08, 0x61,
    0x42, 0x08, 0x6B, 0x4D, 0x6B, 0x4D, 0x63, 0x2C, 0x42, 0x08, 0x18, 0xC3, 0x7C, 0x00, 0x8B, 0x31,
    0xA6, 0x7B, 0xCF, 0x94, 0x92, 0x8C, 0x71, 0x6B, 0x6D, 0x29, 0x65, 0x14, 0x00, 0x87, 0x10, 0xA2,
    0x5A, 0xCB, 0x73, 0x8E, 0x39, 0xE7, 0x02, 0x00, 0x87, 0x08, 0x41, 0x39, 0xE7, 0x42, 0x28, 0x10,
    0x82, 0x07, 0x00, 0x80, 0x20, 0x7F, 0x00, 0x7F, 0x00, 0x7F, 0x00, 0x7F, 0x00, 0x7F, 0x00, 0x7F,
    0x00, 0x7F, 0x00, 0x7F, 0x00, 0x7F, 0x00, 0x7F, 0x00, 0x7F, 0x00, 0x7F, 0x00, 0x7F, 0x00, 0x7F,
    0x00, 0x7F, 0x00, 0x7F, 0x00, 0x7F, 0x00, 0x7F, 0x00, 0x7F, 0x00, 0x7F, 0x00, 0x7F, 0x00, 0x7F,
    0x00, 0x7F, 0x00, 0x5B, 0x00, 0x02, 0xFD, 0x06, 0x00, 0x00, 0x08, 0x00, 0x01, 0xFF, 0x64, 0x00,
    0x05, 0xFA, 0xE2, 0x22, 0x00, 0x7F, 0x00, 0x7F, 0x00, 0x7F, 0x00, 0x7F, 0x00, 0x7F, 0x00, 0x7F,
    0x00, 0x7F, 0x00, 0x7F, 0x00, 0x7F, 0x00, 0x7F, 0x00, 0x7F, 0x00, 0x7F, 0x00, 0x7F, 0x00, 0x7F,
    0x00, 0x7F, 0x00, 0x7F, 0x00, 0x7F, 0x00, 0x7F, 0x00, 0x7F, 0x00, 0x7F, 0x00, 0x7F, 0x00, 0x7F,
    0x00, 0x7F, 0x00, 0x7F, 0x00, 0x7F, 0x00, 0x7F, 0x00, 0x7F, 0x00, 0x7F, 0x00, 0x7F, 0x00, 0x7F,
    0x00, 0x7F, 0x00, 0x7F, 0x00, 0x7F, 0x00, 0x7F, 0x00, 0x7F, 0x00, 0x12, 0x00, 0x96, 0x20, 0x18,
    0xE3, 0x4A, 0x69, 0x73, 0xAE, 0x84, 0x10, 0x8C, 0x71, 0x94, 0xB2, 0x94, 0x92, 0x84, 0x30, 0x7B,
    0xCF, 0x4A, 0x49, 0x10, 0xA2, 0x7F, 0x00, 0x64, 0x00, 0xA0, 0x20, 0x39, 0xE7, 0x73, 0xAE, 0xA5,
    0x14, 0xCE, 0x79, 0xE7, 0x1C, 0xF7, 0xBE, 0xFF, 0xDF, 0xFF, 0xDF, 0xFF, 0xDF, 0xFF, 0xDF, 0xFF,
    0xDF, 0xF7, 0xBE, 0xE7, 0x1C, 0xC6, 0x18, 0x7B, 0xEF, 0x31, 0x86, 0x10, 0x00, 0x89, 0x10, 0x82,
    0x21, 0x04, 0x29, 0x45, 0x21, 0x04, 0x08, 0x61, 0x7F, 0x00, 0x41, 0x00, 0xA7, 0x08, 0x41, 0x4A,
    0x49, 0x9C, 0xD3, 0xD6, 0x9A, 0xEF, 0x7D, 0xFF, 0xDF, 0xFF, 0xDF, 0xF7, 0x9E, 0xE7, 0x3C, 0xDE,
    0xFB, 0xCE, 0x59, 0xC6, 0x18, 0xC6, 0x38, 0xDE, 0xFB, 0xE7, 0x3C, 0xF7, 0xBE, 0xFF, 0xDF, 0xF7,
    0x9E, 0xBD, 0xD7, 0x42, 0x08, 0x08, 0x00, 0x99, 0x39, 0xC7, 0x7B, 0xEF, 0xAD, 0x75, 0xBD, 0xF7,
    0xC6, 0x38, 0xCE, 0x59, 0xC6, 0x38, 0xBD, 0xD7, 0xAD, 0x75, 0x8C, 0x51, 0x5A, 0xEB, 0x39, 0xC7,
    0x08, 0x61, 0x7F, 0x00, 0x35, 0x00, 0xAB, 0x31, 0x86, 0x84, 0x30, 0xD6, 0x9A, 0xF7, 0xBE, 0xFF,
    0xDF, 0xE7, 0x3C, 0xC6, 0x18, 0x94, 0xB2, 0x73, 0x8E, 0x42, 0x28, 0x31, 0x86, 0x21, 0x24, 0x18,
    0xE3, 0x21, 0x04, 0x29, 0x65, 0x42, 0x08, 0x7B, 0xEF, 0xBD, 0xD7, 0xF7, 0x9E, 0xFF, 0xDF, 0xB5,
    0x96, 0x18, 0xC3, 0x02, 0x00, 0x87, 0x08, 0x61, 0x6B, 0x6D, 0xCE, 0x59, 0xF7, 0x9E, 0x04, 0xFF,
    0x85, 0xF7, 0xBE, 0xF7, 0xBE, 0xFF, 0xDF, 0x04, 0xFF, 0x8D, 0xF7, 0xBE, 0xEF, 0x5D, 0xCE, 0x79,
    0xAD, 0x55, 0x73, 0xAE, 0x42, 0x28, 0x18, 0xE3, 0x7F, 0x00, 0x2D, 0x00, 0x91, 0x4A, 0x49, 0xB5,
    0xB6, 0xF7, 0x9E, 0xFF, 0xDF, 0xDE, 0xFB, 0xA5, 0x14, 0x52, 0xAA, 0x21, 0x24, 0x00, 0x20, 0x12,
    0x00, 0x89, 0x21, 0x24, 0x9C, 0xF3, 0xF7, 0xBE, 0xEF, 0x7D, 0x5A, 0xCB, 0x02, 0x00, 0x9B, 0x6B,
    0x6D, 0xE7, 0x1C, 0xFF, 0xDF, 0xEF, 0x5D, 0xBD, 0xF7, 0xA5, 0x34, 0x8C, 0x71, 0x84, 0x30, 0x94,
    0x92, 0xAD, 0x55, 0xBD, 0xD7, 0xDE, 0xDB, 0xF7, 0x9E, 0xFF, 0xDF, 0x02, 0xFF, 0x8B, 0xEF, 0x7D,
    0xDE, 0xDB, 0xB5, 0x96, 0x7B, 0xCF, 0x31, 0xA6, 0x08, 0x41, 0x7F, 0x00, 0x24, 0x00, 0x84, 0x20,
    0x4A, 0x69, 0xD6, 0x9A, 0x02, 0xFF, 0x87, 0xEF, 0x7D, 0xAD, 0x75, 0x52, 0x8A, 0x08, 0x41, 0x1A,
    0x00, 0x83, 0x31, 0xA6, 0xD6, 0x9A, 0x02, 0xFF, 0x85, 0x9C, 0xF3, 0x29, 0x65, 0xD6, 0x9A, 0x02,
    0xFF, 0x85, 0xCE, 0x79, 0x63, 0x2C, 0x18, 0xC3, 0x03, 0x00, 0x82, 0x20, 0x00, 0x20, 0x04, 0x00,
    0x8D, 0x10, 0x82, 0x31, 0xA6, 0x5A, 0xCB, 0x9C, 0xD3, 0xC6, 0x18, 0xE7, 0x1C, 0xFF, 0xDF, 0x02,
    0xFF, 0x89, 0xF7, 0x9E, 0xCE, 0x79, 0x8C, 0x51, 0x42, 0x28, 0x10, 0xA2, 0x7F, 0x00, 0x1F, 0x00,
    0x83, 0x42, 0x08, 0xCE, 0x79, 0x02, 0xFF, 0x85, 0xE7, 0x1C, 0x7B, 0xCF, 0x18, 0xE3, 0x10, 0x00,
    0x85, 0x08, 0x41, 0x08, 0x61, 0x00, 0x20, 0x08, 0x00, 0x83, 0x10, 0x82, 0xCE, 0x59, 0x02, 0xFF,
    0x89, 0xAD, 0x75, 0x84, 0x30, 0xFF, 0xDF, 0xE7, 0x1C, 0x5A, 0xEB, 0x02, 0x00, 0x8D, 0x31, 0x86,
    0x63, 0x2C, 0x7B, 0xEF, 0x7B, 0xCF, 0x63, 0x0C, 0x39, 0xE7, 0x08, 0x41, 0x06, 0x00, 0x89, 0x10,
    0xA2, 0x42, 0x08, 0x7B, 0xEF, 0xC6, 0x18, 0xEF, 0x7D, 0x03, 0xFF, 0x88, 0xDF, 0xDE, 0xFB, 0xA5,
    0x14, 0x4A, 0x49, 0x00, 0x20, 0x7F, 0x00, 0x19, 0x00, 0x83, 0x29, 0x65, 0xB5, 0xB6, 0x02, 0xFF,
    0x85, 0xE7, 0x3C, 0x6B, 0x6D, 0x08, 0x41, 0x08, 0x00, 0xA1, 0x08, 0x61, 0x39, 0xC7, 0x6B, 0x6D,
    0xA5, 0x14, 0xC6, 0x38, 0xCE, 0x59, 0xCE, 0x79, 0xCE, 0x59, 0xC6, 0x38, 0x9C, 0xF3, 0x6B, 0x6D,
    0x42, 0x08, 0x63, 0x0C, 0xE7, 0x3C, 0xFF, 0xDF, 0x8C, 0x51, 0xCE, 0x59, 0x02, 0xFF, 0x89, 0xAD,
    0x55, 0x18, 0xE3, 0x73, 0xAE, 0xD6, 0xBA, 0xFF, 0xDF, 0x06, 0xFF, 0x85, 0xE7, 0x3C, 0xA5, 0x14,
    0x31, 0xA6, 0x0A, 0x00, 0x89, 0x08, 0x41, 0x52, 0x8A, 0xA5, 0x34, 0xDE, 0xFB, 0xFF, 0xDF, 0x02,
    0xFF, 0x87, 0xEF, 0x5D, 0xA5, 0x34, 0x42, 0x28, 0x08, 0x61, 0x7F, 0x00, 0x13, 0x00, 0x8B, 0x08,
    0x61, 0x94, 0x92, 0xF7, 0xBE, 0xEF, 0x7D, 0x73, 0xAE, 0x08, 0x61, 0x06, 0x00, 0x89, 0x10, 0xA2,
    0x63, 0x0C, 0xAD, 0x75, 0xDE, 0xFB, 0xFF, 0xDF, 0x0F, 0xFF, 0x84, 0xDF, 0xE7, 0x3C, 0xDE, 0xFB,
    0x02, 0xFF, 0x8D, 0xE7, 0x3C, 0x73, 0xAE, 0xEF, 0x7D, 0xF7, 0xBE, 0x63, 0x0C, 0x7B, 0xEF, 0xE7,
    0x3C, 0x02, 0xFF, 0x8F, 0xE7, 0x3C, 0xCE, 0x59, 0xCE, 0x79, 0xE7, 0x1C, 0xFF, 0xDF, 0xFF, 0xDF,
    0xAD, 0x55, 0x18, 0xC3, 0x06, 0x00, 0x8F, 0x10, 0x82, 0x21, 0x24, 0x21, 0x24, 0x18, 0xE3, 0x42,
    0x28, 0x8C, 0x51, 0xCE, 0x79, 0xF7, 0xBE, 0x02, 0xFF, 0x87, 0xE7, 0x1C, 0xA5, 0x14, 0x4A, 0x49,
    0x08, 0x41, 0x7F, 0x00, 0x0F, 0x00, 0x89, 0x4A, 0x49, 0xD6, 0xBA, 0xFF, 0xDF, 0xAD, 0x55, 0x10,
    0x82, 0x04, 0x00, 0x9B, 0x10, 0xA2, 0x52, 0xAA, 0xAD, 0x75, 0xEF, 0x5D, 0xFF, 0xDF, 0xF7, 0xBE,
    0xE7, 0x1C, 0xBD, 0xF7, 0xA5, 0x14, 0x9C, 0xD3, 0x94, 0xB2, 0x9C, 0xD3, 0xA5, 0x34, 0xDE, 0xFB,
    0x08, 0xFF, 0x83, 0xF7, 0xBE, 0xDE, 0xFB, 0x02, 0xFF, 0x85, 0xD6, 0x9A, 0x4A, 0x69, 0xD6, 0x9A,
    0x02, 0xFF, 0xB3, 0xCE, 0x59, 0x5A, 0xEB, 0x31, 0x86, 0x31, 0x86, 0x4A, 0x49, 0xA5, 0x14, 0xFF,
    0xDF, 0xE7, 0x3C, 0x63, 0x0C, 0x42, 0x28, 0x73, 0x8E, 0xA5, 0x34, 0xBD, 0xD7, 0xCE, 0x79, 0xCE,
    0x79, 0xBD, 0xD7, 0x9C, 0xD3, 0x4A, 0x69, 0x39, 0xE7, 0x8C, 0x51, 0xD6, 0xBA, 0xF7, 0xBE, 0xFF,
    0xDF, 0xE7, 0x1C, 0x8C, 0x71, 0x29, 0x65, 0x7F, 0x00, 0x0D, 0x00, 0x9F, 0x7B, 0xEF, 0xF7, 0x9E,
    0xE7, 0x3C, 0x4A, 0x49, 0x18, 0xC3, 0x39, 0xC7, 0x73, 0x8E, 0xAD, 0x75, 0xE7, 0x3C, 0xFF, 0xDF,
    0xF7, 0x9E, 0xCE, 0x59, 0x8C, 0x51, 0x4A, 0x69, 0x29, 0x45, 0x08, 0x41, 0x04, 0x00, 0x85, 0x39,
    0xC7, 0x94, 0x92, 0xDE, 0xFB, 0x03, 0xFF, 0x86, 0xDF, 0xDE, 0xDB, 0xD6, 0xBA, 0xF7, 0x9E, 0x04,
    0xFF, 0x9D, 0xDE, 0xFB, 0xAD, 0x55, 0xF7, 0xBE, 0xE7, 0x3C, 0x63, 0x2C, 0x00, 0x20, 0x08, 0x41,
    0x18, 0xC3, 0x29, 0x65, 0x73, 0xAE, 0xF7, 0xBE, 0xFF, 0xDF, 0xD6, 0x9A, 0xE7, 0x3C, 0xF7, 0x9E,
    0x04, 0xFF, 0x83, 0xF7, 0xBE, 0xF7, 0xBE, 0x03, 0xFF, 0x96, 0xDF, 0xE7, 0x1C, 0x9C, 0xF3, 0x21,
    0x24, 0x42, 0x28, 0x94, 0xB2, 0xDE, 0xDB, 0xFF, 0xDF, 0xF7, 0xBE, 0xC6, 0x38, 0x6B, 0x6D, 0x10,
    0xA2, 0x7F, 0x00, 0x09, 0x00, 0x97, 0x94, 0x92, 0xFF, 0xDF, 0xE7, 0x1C, 0x9C, 0xF3, 0xBD, 0xD7,
    0xDE, 0xFB, 0xEF, 0x7D, 0xFF, 0xDF, 0xF7, 0xBE, 0xD6, 0xBA, 0x8C, 0x71, 0x31, 0xA6, 0x0A, 0x00,
    0x93, 0x52, 0x8A, 0xCE, 0x79, 0xFF, 0xDF, 0xFF, 0xDF, 0xE7, 0x3C, 0xAD, 0x75, 0x52, 0x8A, 0x42,
    0x08, 0xA5, 0x14, 0xFF, 0xDF, 0x05, 0xFF, 0x80, 0xDF, 0x02, 0xFF, 0x8D, 0xDE, 0xFB, 0x9C, 0xD3,
    0x94, 0x92, 0x9C, 0xF3, 0xBD, 0xF7, 0xDE, 0xFB, 0xEF, 0x5D, 0x05, 0xFF, 0xA0, 0xDF, 0xF7, 0x9E,
    0xE7, 0x3C, 0xC6, 0x38, 0xB5, 0x96, 0x8C, 0x71, 0x94, 0x92, 0xB5, 0xB6, 0xDE, 0xFB, 0xFF, 0xDF,
    0xFF, 0xDF, 0xAD, 0x75, 0x08, 0x61, 0x08, 0x41, 0x52, 0x8A, 0xAD, 0x75, 0xEF, 0x5D, 0x02, 0xFF,
    0x87, 0xEF, 0x7D, 0xA5, 0x14, 0x39, 0xC7, 0x00, 0x20, 0x7F, 0x00, 0x05, 0x00, 0x83, 0x63, 0x2C,
    0xE7, 0x1C, 0x07, 0xFF, 0x88, 0xDF, 0xE7, 0x3C, 0xC6, 0x38, 0x8C, 0x71, 0x42, 0x28, 0x0C, 0x00,
    0x83, 0x18, 0xC3, 0xC6, 0x18, 0x02, 0xFF, 0x87, 0xEF, 0x7D, 0xAD, 0x55, 0x63, 0x0C, 0x08, 0x61,
    0x04, 0x00, 0x87, 0x8C, 0x71, 0xFF, 0xDF, 0xEF, 0x7D, 0xEF, 0x7D, 0x0D, 0xFF, 0x82, 0xDF, 0xFF,
    0xDF, 0x03, 0xFF, 0x9C, 0xDF, 0xD6, 0x9A, 0xA5, 0x14, 0x7B, 0xCF, 0x5A, 0xCB, 0x18, 0xE3, 0x00,
    0x20, 0x00, 0x20, 0x00, 0x20, 0x00, 0x20, 0x4A, 0x69, 0xB5, 0x96, 0xFF, 0xDF, 0xF7, 0x9E, 0x52,
    0x8A, 0x04, 0x00, 0x8F, 0x18, 0xC3, 0x73, 0x8E, 0xC6, 0x38, 0xF7, 0xBE, 0xFF, 0xDF, 0xCE, 0x59,
    0x63, 0x2C, 0x10, 0xA2, 0x7F, 0x00, 0x03, 0x00, 0x8F, 0x10, 0x82, 0x6B, 0x4D, 0xB5, 0x96, 0xCE,
    0x59, 0xAD, 0x75, 0x8C, 0x51, 0x5A, 0xCB, 0x18, 0xE3, 0x10, 0x00, 0x83, 0x31, 0xA6, 0xDE, 0xDB,
    0x02, 0xFF, 0x83, 0xA5, 0x34, 0x08, 0x41, 0x06, 0x00, 0x83, 0x18, 0xE3, 0xBD, 0xD7, 0x02, 0xFF,
    0xAF, 0xE7, 0x1C, 0xEF, 0x7D, 0xFF, 0xDF, 0xC6, 0x38, 0xC6, 0x18, 0xD6, 0xBA, 0xDE, 0xDB, 0xC6,
    0x38, 0xA5, 0x14, 0xA5, 0x34, 0xF7, 0xBE, 0xF7, 0xBE, 0xA5, 0x14, 0x7B, 0xCF, 0x84, 0x10, 0x8C,
    0x51, 0x8C, 0x71, 0x8C, 0x51, 0x84, 0x10, 0x73, 0xAE, 0x6B, 0x4D, 0x5A, 0xEB, 0x6B, 0x4D, 0xDE,
    0xFB, 0x02, 0xFF, 0x85, 0x94, 0x92, 0x10, 0x82, 0x00, 0x20, 0x04, 0x00, 0x85, 0x31, 0x86, 0x94,
    0xB2, 0xEF, 0x5D, 0x02, 0xFF, 0x85, 0xEF, 0x5D, 0x94, 0x92, 0x29, 0x45, 0x7F, 0x00, 0x21, 0x00,
    0x83, 0x10, 0xA2, 0xBD, 0xF7, 0x02, 0xFF, 0x8D, 0xE7, 0x3C, 0x6B, 0x4D, 0x31, 0x86, 0x29, 0x65,
    0x42, 0x28, 0x7B, 0xCF, 0xE7, 0x1C, 0x06, 0xFF, 0x83, 0xD6, 0x9A, 0x4A, 0x49, 0x0A, 0x00, 0x83,
    0x5A, 0xCB, 0xEF, 0x7D, 0x1C, 0xFF, 0x99, 0xE7, 0x1C, 0xB5, 0x96, 0x7B, 0xCF, 0x4A, 0x69, 0x21,
    0x04, 0x08, 0x41, 0x08, 0x41, 0x63, 0x2C, 0xD6, 0x9A, 0xFF, 0xDF, 0xF7, 0xBE, 0xB5, 0x96, 0x31,
    0xA6, 0x7F, 0x00, 0x21, 0x00, 0x83, 0x52, 0x8A, 0xDE, 0xFB, 0x04, 0xFF, 0x85, 0xEF, 0x7D, 0xEF,
    0x5D, 0xF7, 0xBE, 0x06, 0xFF, 0x85, 0xEF, 0x7D, 0xAD, 0x75, 0x42, 0x08, 0x0C, 0x00, 0x9B, 0x10,
    0xA2, 0x94, 0xB2, 0xD6, 0xBA, 0xDE, 0xDB, 0xD6, 0x9A, 0xCE, 0x79, 0xC6, 0x38, 0xC6, 0x38, 0xC6,
    0x38, 0xCE, 0x79, 0xD6, 0xBA, 0xEF, 0x5D, 0xEF, 0x7D, 0xF7, 0xBE, 0x0A, 0xFF, 0x8F, 0xF7, 0xBE,
    0xE7, 0x1C, 0xBD, 0xF7, 0x8C, 0x51, 0x31, 0x86, 0x29, 0x65, 0xAD, 0x55, 0xF7, 0xBE, 0x02, 0xFF,
    0x83, 0xCE, 0x79, 0x5A, 0xCB, 0x7F, 0x00, 0x20, 0x00, 0x8E, 0x20, 0x52, 0xAA, 0xC6, 0x38, 0xE7,
    0x3C, 0xF7, 0x9E, 0xF7, 0x9E, 0xEF, 0x7D, 0xFF, 0xDF, 0x02, 0xFF, 0x85, 0xCE, 0x59, 0x4A, 0x49,
    0x10, 0xA2, 0x10, 0x00, 0x99, 0x08, 0x61, 0x29, 0x65, 0x31, 0x86, 0x29, 0x45, 0x21, 0x24, 0x21,
    0x04, 0x21, 0x04, 0x21, 0x04, 0x21, 0x24, 0x29, 0x65, 0x39, 0xC7, 0x52, 0xAA, 0xCE, 0x59, 0x02,
    0xFF, 0x8B, 0xE7, 0x3C, 0xB5, 0x96, 0xBD, 0xF7, 0xD6, 0xBA, 0xEF, 0x5D, 0xFF, 0xDF, 0x03, 0xFF,
    0x8A, 0xDF, 0xEF, 0x7D, 0xB5, 0x96, 0x63, 0x0C, 0x94, 0x92, 0xEF, 0x5D, 0x02, 0xFF, 0x83, 0xE7,
    0x1C, 0x6B, 0x6D, 0x7F, 0x00, 0x07, 0x00, 0x89, 0x10, 0x82, 0x63, 0x0C, 0x84, 0x30, 0x5A, 0xCB,
    0x08, 0x61, 0x10, 0x00, 0x8F, 0x29, 0x45, 0x4A, 0x69, 0x63, 0x0C, 0x63, 0x2C, 0x84, 0x30, 0xF7,
    0x9E, 0xF7, 0xBE, 0x73, 0x8E, 0x28, 0x00, 0x99, 0x6B, 0x4D, 0xCE, 0x79, 0xFF, 0xDF, 0xF7, 0x9E,
    0x7B, 0xEF, 0x00, 0x20, 0x18, 0xC3, 0x39, 0xC7, 0x5A, 0xCB, 0x84, 0x10, 0xBD, 0xD7, 0xE7, 0x1C,
    0xFF, 0xDF, 0x02, 0xFF, 0x87, 0xEF, 0x7D, 0xAD, 0x75, 0x84, 0x10, 0xD6, 0xBA, 0x02, 0xFF, 0x83,
    0xEF, 0x5D, 0x84, 0x10, 0x7F, 0x00, 0x03, 0x00, 0x8D, 0x29, 0x65, 0xB5, 0x96, 0xEF, 0x7D, 0xFF,
    0xDF, 0xEF, 0x7D, 0xC6, 0x18, 0x5A, 0xCB, 0x15, 0x00, 0x88, 0x20, 0xA5, 0x34, 0xFF, 0xDF, 0xD6,
    0x9A, 0x21, 0x24, 0x24, 0x00, 0x85, 0x29, 0x45, 0x9C, 0xF3, 0xEF, 0x5D, 0x02, 0xFF, 0x85, 0xEF,
    0x7D, 0x94, 0x92, 0x08, 0x41, 0x0A, 0x00, 0x91, 0x10, 0x82, 0x4A, 0x69, 0x94, 0x92, 0xDE, 0xFB,
    0xFF, 0xDF, 0xFF, 0xDF, 0xCE, 0x59, 0x7B, 0xEF, 0xD6, 0xBA, 0x02, 0xFF, 0x82, 0xEF, 0x7D, 0x84,
    0x02, 0x10, 0x80, 0x82, 0x7E, 0x00, 0x89, 0x7B, 0xEF, 0xF7, 0xBE, 0xFF, 0xDF, 0xEF, 0x5D, 0xF7,
    0xBE, 0x02, 0xFF, 0x83, 0xDE, 0xFB, 0x5A, 0xCB, 0x06, 0x00, 0x87, 0x08, 0x41, 0x31, 0x86, 0x39,
    0xE7, 0x10, 0x82, 0x04, 0x00, 0x89, 0x42, 0x08, 0xDE, 0xFB, 0xFF, 0xDF, 0x9C, 0xF3, 0x00, 0x20,
    0x22, 0x00, 0x8D, 0x6B, 0x4D, 0xCE, 0x79, 0xFF, 0xDF, 0xFF, 0xDF, 0xDE, 0xFB, 0x7B, 0xCF, 0x08,
    0x41, 0x12, 0x00, 0x85, 0x39, 0xC7, 0x9C, 0xF3, 0xEF, 0x7D, 0x02, 0xFF, 0x85, 0xD6, 0x9A, 0x73,
    0xAE, 0xCE, 0x79, 0x02, 0xFF, 0x85, 0xEF, 0x7D, 0x84, 0x30, 0x10, 0xA2, 0x7B, 0x00, 0x8C, 0x20,
    0xAD, 0x55, 0xFF, 0xDF, 0xBD, 0xF7, 0x4A, 0x69, 0x8C, 0x51, 0xE7, 0x3C, 0x02, 0xFF, 0x9B, 0xB5,
    0xB6, 0x18, 0xC3, 0x08, 0x61, 0x5A, 0xEB, 0xBD, 0xD7, 0xDE, 0xDB, 0xDE, 0xFB, 0xD6, 0x9A, 0x6B,
    0x4D, 0x10, 0xA2, 0x9C, 0xD3, 0xFF, 0xDF, 0xEF, 0x5D, 0x52, 0xAA, 0x20, 0x00, 0x85, 0x29, 0x45,
    0x9C, 0xF3, 0xEF, 0x7D, 0x02, 0xFF, 0x85, 0xF7, 0xBE, 0xB5, 0xB6, 0x42, 0x28, 0x18, 0x00, 0x85,
    0x08, 0x41, 0x7B, 0xCF, 0xE7, 0x3C, 0x02, 0xFF, 0x85, 0xC6, 0x38, 0x52, 0xAA, 0xCE, 0x59, 0x02,
    0xFF, 0x85, 0xEF, 0x5D, 0x7B, 0xCF, 0x08, 0x61, 0x79, 0x00, 0x8C, 0x20, 0xA5, 0x34, 0xFF, 0xDF,
    0xBD, 0xF7, 0x29, 0x65, 0x10, 0xA2, 0x9C, 0xF3, 0x02, 0xFF, 0x87, 0xDE, 0xFB, 0x31, 0xA6, 0x8C,
    0x71, 0xEF, 0x5D, 0x05, 0xFF, 0x80, 0xDF, 0x02, 0xFF, 0x85, 0xF7, 0x9E, 0xA5, 0x14, 0xE7, 0x3C,
    0x02, 0xFF, 0x83, 0xB5, 0x96, 0x08, 0x61, 0x1D, 0x00, 0x86, 0x20, 0x4A, 0x49, 0xBD, 0xF7, 0xFF,
    0xDF, 0x02, 0xFF, 0x85, 0xDE, 0xDB, 0x7B, 0xCF, 0x08, 0x41, 0x1D, 0x00, 0x8C, 0x20, 0x7B, 0xCF,
    0xEF, 0x7D, 0xFF, 0xDF, 0xB5, 0x96, 0x39, 0xE7, 0xD6, 0xBA, 0x02, 0xFF, 0x85, 0xE7, 0x3C, 0x73,
    0xAE, 0x00, 0x20, 0x78, 0x00, 0x8B, 0x73, 0xAE, 0xF7, 0x9E, 0xF7, 0xBE, 0xA5, 0x14, 0x73, 0xAE,
    0xEF, 0x7D, 0x02, 0xFF, 0x85, 0xB5, 0xB6, 0x94, 0x92, 0xF7, 0xBE, 0x02, 0xFF, 0x87, 0xDE, 0xFB,
    0x9C, 0xD3, 0x84, 0x10, 0xDE, 0xFB, 0x06, 0xFF, 0x83, 0xE7, 0x3C, 0x4A, 0x49, 0x1E, 0x00, 0x83,
    0x63, 0x2C, 0xDE, 0xDB, 0x03, 0xFF, 0x84, 0xDF, 0xAD, 0x75, 0x29, 0x65, 0x22, 0x00, 0x8D, 0x08,
    0x61, 0x8C, 0x71, 0xF7, 0xBE, 0xF7, 0x9E, 0x73, 0x8E, 0x39, 0xC7, 0xDE, 0xFB, 0x02, 0xFF, 0x83,
    0xDE, 0xFB, 0x52, 0xAA, 0x78, 0x00, 0x89, 0x18, 0xC3, 0xAD, 0x75, 0xFF, 0xDF, 0xFF, 0xDF, 0xFF,
    0xDF, 0x02, 0xFF, 0x85, 0xEF, 0x5D, 0xA5, 0x14, 0xF7, 0xBE, 0x02, 0xFF, 0x83, 0xE7, 0x3C, 0x63,
    0x0C, 0x04, 0x00, 0x83, 0x18, 0xC3, 0xDE, 0xFB, 0x03, 0xFF, 0x84, 0xDF, 0x94, 0x92, 0x00, 0x20,
    0x1A, 0x00, 0x85, 0x08, 0x41, 0x84, 0x10, 0xEF, 0x5D, 0x02, 0xFF, 0x85, 0xE7, 0x1C, 0x7B, 0xEF,
    0x00, 0x20, 0x26, 0x00, 0x83, 0x29, 0x45, 0xBD, 0xF7, 0x02, 0xFF, 0x87, 0xCE, 0x79, 0x10, 0xA2,
    0x52, 0x8A, 0xE7, 0x1C, 0x02, 0xFF, 0x83, 0xCE, 0x59, 0x42, 0x08, 0x78, 0x00, 0x85, 0x29, 0x65,
    0xA5, 0x14, 0xF7, 0xBE, 0x05, 0xFF, 0x82, 0xDF, 0xF7, 0xBE, 0x05, 0xFF, 0x84, 0xDF, 0xDE, 0xDB,
    0x5A, 0xEB, 0x02, 0x00, 0x83, 0x10, 0x82, 0xDE, 0xDB, 0x02, 0xFF, 0x83, 0xE7, 0x1C, 0x4A, 0x69,
    0x1B, 0x00, 0x81, 0x20, 0x7B, 0x02, 0xEF, 0x80, 0x5D, 0x02, 0xFF, 0x85, 0xCE, 0x79, 0x52, 0x8A,
    0x00, 0x20, 0x2A, 0x00, 0x90, 0x6B, 0x4D, 0xEF, 0x7D, 0xF7, 0xBE, 0x73, 0xAE, 0x00, 0x20, 0x73,
    0x8E, 0xEF, 0x7D, 0xFF, 0xDF, 0xC6, 0x02, 0x18, 0x80, 0xE3, 0x76, 0x00, 0x8B, 0x08, 0x61, 0x94,
    0xB2, 0xF7, 0xBE, 0xF7, 0x9E, 0xD6, 0xBA, 0xF7, 0xBE, 0x02, 0xFF, 0x85, 0xF7, 0x9E, 0xCE, 0x79,
    0xE7, 0x3C, 0x02, 0xFF, 0x85, 0xDE, 0xDB, 0x5A, 0xEB, 0xA5, 0x34, 0x04, 0xFF, 0x83, 0xF7, 0x9E,
    0x6B, 0x4D, 0x1A, 0x00, 0x83, 0x52, 0xAA, 0xE7, 0x1C, 0x02, 0xFF, 0x83, 0xCE, 0x79, 0x52, 0x8A,
    0x0A, 0x00, 0x89, 0x10, 0x82, 0x39, 0xC7, 0x42, 0x28, 0x31, 0xA6, 0x00, 0x20, 0x1A, 0x00, 0x83,
    0x21, 0x04, 0xBD, 0xD7, 0x02, 0xFF, 0x8D, 0xC6, 0x38, 0x21, 0x24, 0x08, 0x61, 0x94, 0xB2, 0xF7,
    0xBE, 0xF7, 0xBE, 0x9C, 0xF3, 0x76, 0x00, 0x8B, 0x52, 0xAA, 0xDE, 0xFB, 0xFF, 0xDF, 0xAD, 0x55,
    0x42, 0x28, 0xD6, 0xBA, 0x02, 0xFF, 0x87, 0xAD, 0x75, 0x29, 0x65, 0x73, 0x8E, 0xE7, 0x1C, 0x02,
    0xFF, 0x83, 0xE7, 0x1C, 0xEF, 0x7D, 0x06, 0xFF, 0x83, 0xAD, 0x55, 0x10, 0x82, 0x16, 0x00, 0x89,
    0x08, 0x61, 0xB5, 0x96, 0xFF, 0xDF, 0xD6, 0x9A, 0x52, 0xAA, 0x08, 0x00, 0x8F, 0x42, 0x08, 0x84,
    0x30, 0xBD, 0xD7, 0xD6, 0xBA, 0xDE, 0xFB, 0xD6, 0x9A, 0x9C, 0xF3, 0x21, 0x24, 0x1A, 0x00, 0x87,
    0x63, 0x0C, 0xF7, 0xBE, 0xF7, 0x9E, 0x63, 0x2C, 0x02, 0x00, 0x83, 0x21, 0x04, 0xB5, 0x96, 0x02,
    0xFF, 0x83, 0xEF, 0x7D, 0x6B, 0x6D, 0x72, 0x00, 0x91, 0x18, 0xC3, 0xB5, 0x96, 0xFF, 0xDF, 0xD6,
    0xBA, 0x4A, 0x49, 0x4A, 0x49, 0xEF, 0x5D, 0xF7, 0x9E, 0x6B, 0x6D, 0x02, 0x00, 0x85, 0x08, 0x61,
    0x7B, 0xCF, 0xDE, 0xFB, 0x07, 0xFF, 0x80, 0xDF, 0x02, 0xFF, 0x87, 0xE7, 0x3C, 0x63, 0x2C, 0x21,
    0x24, 0x00, 0x20, 0x12, 0x00, 0x89, 0x29, 0x45, 0xDE, 0xDB, 0xFF, 0xDF, 0x94, 0xB2, 0x00, 0x20,
    0x02, 0x00, 0x97, 0x18, 0xC3, 0x4A, 0x49, 0x94, 0x92, 0xD6, 0x9A, 0xF7, 0xBE, 0xFF, 0xDF, 0xF7,
    0xBE, 0xF7, 0x9E, 0xFF, 0xDF, 0xFF, 0xDF, 0xA5, 0x14, 0x18, 0xC3, 0x18, 0x00, 0x83, 0x29, 0x45,
    0xCE, 0x79, 0x02, 0xFF, 0x83, 0xA5, 0x14, 0x08, 0x61, 0x02, 0x00, 0x83, 0x42, 0x28, 0xD6, 0x9A,
    0x02, 0xFF, 0x83, 0xDE, 0xFB, 0x31, 0xA6, 0x70, 0x00, 0x91, 0x63, 0x0C, 0xEF, 0x5D, 0xF7, 0x9E,
    0x8C, 0x51, 0x00, 0x20, 0x5A, 0xEB, 0xFF, 0xDF, 0xEF, 0x5D, 0x42, 0x08, 0x04, 0x00, 0x85, 0x08,
    0x41, 0x73, 0xAE, 0xFF, 0xDF, 0x02, 0xFF, 0x81, 0xF7, 0xBE, 0x06, 0xFF, 0x8B, 0xDE, 0xFB, 0xBD,
    0xD7, 0x94, 0x92, 0x63, 0x0C, 0x29, 0x65, 0x00, 0x20, 0x0C, 0x00, 0x91, 0x18, 0xE3, 0xCE, 0x59,
    0xFF, 0xDF, 0xCE, 0x59, 0x8C, 0x71, 0x8C, 0x51, 0xAD, 0x55, 0xDE, 0xDB, 0xF7, 0xBE, 0x02, 0xFF,
    0x8F, 0xEF, 0x7D, 0xBD, 0xD7, 0x84, 0x30, 0x6B, 0x6D, 0xA5, 0x34, 0xFF, 0xDF, 0xEF, 0x7D, 0x4A,
    0x49, 0x18, 0x00, 0x83, 0x08, 0x61, 0x94, 0xB2, 0x02, 0xFF, 0x83, 0xCE, 0x59, 0x31, 0x86, 0x04,
    0x00, 0x83, 0x63, 0x0C, 0xEF, 0x5D, 0x02, 0xFF, 0x83, 0xAD, 0x55, 0x18, 0xC3, 0x6C, 0x00, 0x89,
    0x10, 0xA2, 0xB5, 0x96, 0xFF, 0xDF, 0xCE, 0x59, 0x31, 0xA6, 0x02, 0x00, 0x87, 0x52, 0xAA, 0xF7,
    0xBE, 0xEF, 0x7D, 0x52, 0x8A, 0x05, 0x00, 0x82, 0x20, 0xA5, 0x14, 0x02, 0xFF, 0x89, 0xEF, 0x5D,
    0x7B, 0xCF, 0xB5, 0xB6, 0xDE, 0xFB, 0xFF, 0xDF, 0x05, 0xFF, 0x8A, 0xDF, 0xEF, 0x7D, 0xC6, 0x38,
    0x84, 0x30, 0x42, 0x08, 0x10, 0xA2, 0x0A, 0x00, 0x83, 0x7B, 0xCF, 0xEF, 0x7D, 0x03, 0xFF, 0x8E,
    0xDF, 0xFF, 0xDF, 0xFF, 0xDF, 0xFF, 0xDF, 0xE7, 0x3C, 0xAD, 0x75, 0x52, 0x8A, 0x10, 0xA2, 0x04,
    0x00, 0x83, 0x4A, 0x49, 0xF7, 0x9E, 0x02, 0xFF, 0x81, 0x5A, 0xCB, 0x1A, 0x00, 0x87, 0x5A, 0xCB,
    0xF7, 0xBE, 0xE7, 0x3C, 0x52, 0x8A, 0x04, 0x00, 0x83, 0x08, 0x41, 0x94, 0x92, 0x02, 0xFF, 0x83,
    0xF7, 0xBE, 0x63, 0x2C, 0x6C, 0x00, 0x89, 0x52, 0xAA, 0xEF, 0x5D, 0xF7, 0x9E, 0x84, 0x10, 0x00,
    0x20, 0x02, 0x00, 0x83, 0x31, 0x86, 0xDE, 0xDB, 0x02, 0xFF, 0x83, 0xA5, 0x14, 0x10, 0xA2, 0x02,
    0x00, 0x83, 0x29, 0x65, 0xD6, 0xBA, 0x02, 0xFF, 0x91, 0xB5, 0x96, 0x18, 0xC3, 0x10, 0x82, 0x52,
    0xAA, 0xE7, 0x3C, 0xFF, 0xDF, 0xCE, 0x79, 0xD6, 0x9A, 0xF7, 0xBE, 0x03, 0xFF, 0x88, 0xDF, 0xDE,
    0xDB, 0x9C, 0xF3, 0x52, 0x8A, 0x00, 0x20, 0x06, 0x00, 0x91, 0x08, 0x41, 0x6B, 0x6D, 0xBD, 0xF7,
    0xD6, 0xBA, 0xD6, 0x9A, 0xBD, 0xF7, 0x84, 0x30, 0x39, 0xE7, 0x08, 0x41, 0x06, 0x00, 0x89, 0x10,
    0xA2, 0x9C, 0xF3, 0xFF, 0xDF, 0xEF, 0x5D, 0x42, 0x08, 0x1A, 0x00, 0x87, 0x21, 0x24, 0xEF, 0x5D,
    0xF7, 0xBE, 0x73, 0x8E, 0x06, 0x00, 0x83, 0x29, 0x45, 0xCE, 0x79, 0x02, 0xFF, 0x83, 0xCE, 0x79,
    0x31, 0x86, 0x6A, 0x00, 0x87, 0x84, 0x10, 0xFF, 0xDF, 0xDE, 0xFB, 0x42, 0x08, 0x04, 0x00, 0x83,
    0x08, 0x41, 0x8C, 0x71, 0x02, 0xFF, 0x89, 0xF7, 0x9E, 0xAD, 0x75, 0x94, 0x92, 0xCE, 0x59, 0xFF,
    0xDF, 0x02, 0xFF, 0x97, 0xEF, 0x5D, 0xDE, 0xDB, 0xD6, 0x9A, 0xD6, 0x9A, 0xF7, 0xBE, 0xFF, 0xDF,
    0x9C, 0xF3, 0x31, 0x86, 0x52, 0x8A, 0xAD, 0x55, 0xE7, 0x1C, 0xFF, 0xDF, 0x02, 0xFF, 0x87, 0xEF,
    0x5D, 0xAD, 0x75, 0x42, 0x28, 0x08, 0x41, 0x06, 0x00, 0x87, 0x08, 0x61, 0x18, 0xE3, 0x18, 0xE3,
    0x08, 0x61, 0x0A, 0x00, 0x8B, 0x10, 0xA2, 0x8C, 0x71, 0xF7, 0x9E, 0xFF, 0xDF, 0x8C, 0x71, 0x08,
    0x61, 0x1A, 0x00, 0x83, 0x08, 0x61, 0xCE, 0x59, 0x02, 0xFF, 0x81, 0xAD, 0x55, 0x08, 0x00, 0x89,
    0x4A, 0x69, 0xEF, 0x7D, 0xFF, 0xDF, 0x84, 0x30, 0x00, 0x20, 0x68, 0x00, 0x87, 0x6B, 0x4D, 0xF7,
    0xBE, 0xEF, 0x7D, 0x73, 0x8E, 0x06, 0x00, 0x85, 0x29, 0x45, 0xBD, 0xF7, 0xFF, 0xDF, 0x03, 0xFF,
    0x80, 0xDF, 0x06, 0xFF, 0x81, 0xF7, 0xBE, 0x0A, 0xFF, 0x8F, 0xEF, 0x7D, 0xD6, 0x9A, 0x9C, 0xD3,
    0x52, 0x8A, 0x42, 0x28, 0x8C, 0x71, 0xCE, 0x79, 0xF7, 0xBE, 0x02, 0xFF, 0x87, 0xE7, 0x1C, 0xA5,
    0x14, 0x52, 0xAA, 0x18, 0xC3, 0x12, 0x00, 0x85, 0x21, 0x24, 0x9C, 0xD3, 0xEF, 0x7D, 0x02, 0xFF,
    0x83, 0xBD, 0xD7, 0x21, 0x04, 0x1E, 0x00, 0x81, 0xBD, 0xD7, 0x02, 0xFF, 0x83, 0xC6, 0x18, 0x08,
    0x61, 0x07, 0x00, 0x82, 0x20, 0xB5, 0x96, 0x02, 0xFF, 0x83, 0xD6, 0x9A, 0x31, 0x86, 0x68, 0x00,
    0x89, 0x21, 0x24, 0xC6, 0x38, 0xFF, 0xDF, 0xB5, 0xB6, 0x18, 0xE3, 0x06, 0x00, 0x97, 0x31, 0xA6,
    0x84, 0x30, 0xBD, 0xD7, 0xCE, 0x59, 0xCE, 0x59, 0xFF, 0xDF, 0xEF, 0x5D, 0x7B, 0xEF, 0x84, 0x30,
    0x8C, 0x71, 0xA5, 0x14, 0xEF, 0x7D, 0x02, 0xFF, 0x9F, 0xF7, 0xBE, 0xFF, 0xDF, 0xFF, 0xDF, 0xDE,
    0xFB, 0x7B, 0xCF, 0x18, 0xC3, 0x39, 0xE7, 0x8C, 0x51, 0xDE, 0xDB, 0xFF, 0xDF, 0xFF, 0xDF, 0xE7,
    0x3C, 0xBD, 0xF7, 0x7B, 0xEF, 0x39, 0xE7, 0x10, 0x82, 0x0A, 0x00, 0x8B, 0x21, 0x24, 0xAD, 0x55,
    0xF7, 0x9E, 0xFF, 0xDF, 0xBD, 0xD7, 0x31, 0xA6, 0x20, 0x00, 0x81, 0x94, 0x92, 0x02, 0xFF, 0x83,
    0xCE, 0x79, 0x29, 0x65, 0x08, 0x00, 0x87, 0x5A, 0xEB, 0xEF, 0x7D, 0xF7, 0xBE, 0x73, 0xAE, 0x68,
    0x00, 0x89, 0x18, 0xC3, 0xBD, 0xF7, 0xFF, 0xDF, 0xB5, 0xB6, 0x18, 0xE3, 0x09, 0x00, 0x8C, 0x20,
    0x21, 0x24, 0x29, 0x65, 0x73, 0xAE, 0xF7, 0x9E, 0xEF, 0x7D, 0x31, 0x86, 0x04, 0x00, 0x8B, 0x4A,
    0x49, 0xE7, 0x1C, 0xF7, 0xBE, 0xA5, 0x34, 0x9C, 0xF3, 0xDE, 0xFB, 0x02, 0xFF, 0x83, 0xD6, 0xBA,
    0x42, 0x08, 0x02, 0x00, 0x89, 0x08, 0x61, 0x4A, 0x49, 0x94, 0x92, 0xCE, 0x79, 0xF7, 0x9E, 0x02,
    0xFF, 0xA3, 0xF7, 0x9E, 0xDE, 0xDB, 0xAD, 0x75, 0x84, 0x10, 0x5A, 0xCB, 0x31, 0xA6, 0x18, 0xC3,
    0x21, 0x24, 0xAD, 0x55, 0xF7, 0xBE, 0xF7, 0xBE, 0xAD, 0x75, 0x31, 0xA6, 0x18, 0xE3, 0x42, 0x08,
    0x4A, 0x69, 0x31, 0xA6, 0x08, 0x41, 0x18, 0x00, 0x87, 0x63, 0x0C, 0xFF, 0xDF, 0xE7, 0x1C, 0x52,
    0x8A, 0x08, 0x00, 0x83, 0x08, 0x41, 0xCE, 0x59, 0x02, 0xFF, 0x83, 0xB5, 0xB6, 0x10, 0x82, 0x66,
    0x00, 0x8F, 0x39, 0xC7, 0xDE, 0xFB, 0xF7, 0xBE, 0x8C, 0x51, 0x00, 0x20, 0x10, 0xA2, 0x18, 0xE3,
    0x08, 0x41, 0x08, 0x00, 0x89, 0x52, 0xAA, 0xE7, 0x3C, 0xFF, 0xDF, 0x8C, 0x51, 0x08, 0x61, 0x02,
    0x00, 0x8B, 0x7B, 0xEF, 0xF7, 0x9E, 0xEF, 0x7D, 0x63, 0x2C, 0x7B, 0xEF, 0xD6, 0xBA, 0x02, 0xFF,
    0x83, 0xDE, 0xFB, 0x42, 0x28, 0x06, 0x00, 0xAD, 0x08, 0x61, 0x39, 0xC7, 0x7B, 0xCF, 0xBD, 0xD7,
    0xE7, 0x3C, 0xF7, 0xBE, 0xFF, 0xDF, 0xF7, 0x9E, 0xE7, 0x3C, 0xD6, 0x9A, 0xB5, 0x96, 0xB5, 0x96,
    0xF7, 0xBE, 0xF7, 0xBE, 0xA5, 0x14, 0x31, 0xA6, 0x6B, 0x6D, 0xBD, 0xD7, 0xDE, 0xDB, 0xE7, 0x1C,
    0xCE, 0x79, 0x7B, 0xEF, 0x18, 0xC3, 0x16, 0x00, 0x87, 0x42, 0x28, 0xFF, 0xDF, 0xF7, 0x9E, 0x6B,
    0x4D, 0x0A, 0x00, 0x87, 0x94, 0xB2, 0xFF, 0xDF, 0xE7, 0x1C, 0x31, 0x86, 0x66, 0x00, 0x91, 0x29,
    0x45, 0xD6, 0x9A, 0xFF, 0xDF, 0xB5, 0xB6, 0x6B, 0x4D, 0xA5, 0x14, 0xBD, 0xF7, 0x8C, 0x51, 0x31,
    0x86, 0x06, 0x00, 0x83, 0x18, 0xE3, 0xB5, 0xB6, 0x02, 0xFF, 0x87, 0xEF, 0x7D, 0x9C, 0xD3, 0x73,
    0xAE, 0xB5, 0x96, 0x02, 0xFF, 0x85, 0xF7, 0xBE, 0xDE, 0xFB, 0xF7, 0x9E, 0x02, 0xFF, 0x85, 0xEF,
    0x7D, 0x94, 0xB2, 0x18, 0xC3, 0x0C, 0x00, 0x8D, 0x18, 0xC3, 0x52, 0xAA, 0x94, 0x92, 0xBD, 0xD7,
    0xDE, 0xDB, 0xEF, 0x5D, 0xFF, 0xDF, 0x06, 0xFF, 0x87, 0xE7, 0x1C, 0x73, 0xAE, 0x9C, 0xF3, 0xEF,
    0x7D, 0x02, 0xFF, 0x8B, 0xF7, 0xBE, 0xEF, 0x7D, 0xFF, 0xDF, 0xEF, 0x5D, 0x7B, 0xCF, 0x00, 0x20,
    0x14, 0x00, 0x87, 0x39, 0xC7, 0xFF, 0xDF, 0xF7, 0xBE, 0x6B, 0x4D, 0x0A, 0x00, 0x87, 0x5A, 0xCB,
    0xEF, 0x5D, 0xEF, 0x7D, 0x63, 0x2C, 0x67, 0x00, 0x88, 0x20, 0x8C, 0x51, 0xF7, 0x9E, 0xFF, 0xDF,
    0xEF, 0x7D, 0x05, 0xFF, 0x84, 0xDF, 0xB5, 0xB6, 0x29, 0x65, 0x06, 0x00, 0x85, 0x4A, 0x49, 0xCE,
    0x59, 0xFF, 0xDF, 0x02, 0xFF, 0x83, 0xF7, 0xBE, 0xFF, 0xDF, 0x06, 0xFF, 0x87, 0xEF, 0x7D, 0xC6,
    0x18, 0x6B, 0x6D, 0x18, 0xC3, 0x14, 0x00, 0x89, 0x10, 0x82, 0x39, 0xE7, 0x63, 0x0C, 0x8C, 0x51,
    0xDE, 0xFB, 0x06, 0xFF, 0x93, 0xEF, 0x7D, 0xFF, 0xDF, 0xFF, 0xDF, 0xCE, 0x59, 0x84, 0x10, 0x6B,
    0x4D, 0xC6, 0x38, 0xFF, 0xDF, 0xD6, 0x9A, 0x31, 0xA6, 0x14, 0x00, 0x8A, 0x39, 0xC7, 0xFF, 0xDF,
    0xF7, 0xBE, 0x84, 0x30, 0x5A, 0xEB, 0x42, 0x02, 0x08, 0x80, 0x61, 0x04, 0x00, 0x87, 0x29, 0x45,
    0xE7, 0x1C, 0xFF, 0xDF, 0x84, 0x10, 0x68, 0x00, 0x91, 0x18, 0xC3, 0x8C, 0x51, 0xDE, 0xDB, 0xEF,
    0x7D, 0xE7, 0x1C, 0xC6, 0x38, 0xF7, 0xBE, 0xFF, 0xDF, 0x8C, 0x51, 0x08, 0x00, 0x8B, 0x31, 0x86,
    0x94, 0xB2, 0xCE, 0x79, 0xDE, 0xDB, 0xDE, 0xFB, 0xEF, 0x7D, 0x03, 0xFF, 0x84, 0xDF, 0x9C, 0xF3,
    0x08, 0x61, 0x1E, 0x00, 0x83, 0x08, 0x61, 0xD6, 0xBA, 0x02, 0xFF, 0x8B, 0xBD, 0xF7, 0xD6, 0x9A,
    0xEF, 0x5D, 0xDE, 0xDB, 0x9C, 0xF3, 0x21, 0x24, 0x04, 0x00, 0x87, 0x63, 0x0C, 0xE7, 0x3C, 0xF7,
    0xBE, 0x84, 0x10, 0x14, 0x00, 0x83, 0x42, 0x28, 0xFF, 0xDF, 0x03, 0xFF, 0x88, 0xDF, 0xFF, 0xDF,
    0xE7, 0x1C, 0x94, 0xB2, 0x10, 0xA2, 0x02, 0x00, 0x87, 0x21, 0x24, 0xE7, 0x1C, 0xFF, 0xDF, 0x84,
    0x30, 0x6C, 0x00, 0x8D, 0x29, 0x65, 0x52, 0xAA, 0x42, 0x28, 0x7B, 0xEF, 0xF7, 0x9E, 0xFF, 0xDF,
    0x94, 0x92, 0x0C, 0x00, 0x8F, 0x08, 0x41, 0x18, 0xE3, 0x21, 0x24, 0x5A, 0xCB, 0xBD, 0xF7, 0xFF,
    0xDF, 0xE7, 0x3C, 0x42, 0x28, 0x1E, 0x00, 0x83, 0x08, 0x61, 0xD6, 0xBA, 0x02, 0xFF, 0x87, 0x9C,
    0xD3, 0x21, 0x04, 0x4A, 0x49, 0x29, 0x45, 0x08, 0x00, 0x83, 0x08, 0x41, 0xBD, 0xF7, 0x02, 0xFF,
    0x83, 0xB5, 0xB6, 0x08, 0x61, 0x10, 0x00, 0x83, 0x39, 0xE7, 0xC6, 0x38, 0x04, 0xFF, 0x85, 0xEF,
    0x7D, 0xEF, 0x5D, 0xFF, 0xDF, 0x02, 0xFF, 0x81, 0xA5, 0x14, 0x02, 0x00, 0x87, 0x39, 0xC7, 0xE7,
    0x3C, 0xF7, 0xBE, 0x7B, 0xCF, 0x70, 0x00, 0x83, 0x39, 0xC7, 0xD6, 0x9A, 0x02, 0xFF, 0x83, 0xC6,
    0x38, 0x39, 0xC7, 0x14, 0x00, 0x83, 0x4A, 0x69, 0xD6, 0xBA, 0x02, 0xFF, 0x83, 0xB5, 0x96, 0x08,
    0x61, 0x1E, 0x00, 0x81, 0xB5, 0xB6, 0x02, 0xFF, 0x83, 0xDE, 0xFB, 0x42, 0x28, 0x0A, 0x00, 0x8D,
    0x08, 0x41, 0x29, 0x45, 0xA5, 0x14, 0xFF, 0xDF, 0xDE, 0xDB, 0x52, 0x8A, 0x08, 0x41, 0x0C, 0x00,
    0x83, 0x42, 0x28, 0xD6, 0x9A, 0x05, 0xFF, 0x86, 0xDF, 0x84, 0x30, 0x4A, 0x49, 0xAD, 0x75, 0x02,
    0xFF, 0x8B, 0xEF, 0x7D, 0x18, 0xE3, 0x73, 0x8E, 0xF7, 0x9E, 0xEF, 0x5D, 0x52, 0x8A, 0x70, 0x00,
    0x87, 0x52, 0x8A, 0xE7, 0x3C, 0xF7, 0x9E, 0x63, 0x0C, 0x16, 0x00, 0x89, 0x08, 0x41, 0x8C, 0x51,
    0xF7, 0x9E, 0xEF, 0x7D, 0x5A, 0xCB, 0x1E, 0x00, 0x83, 0x52, 0xAA, 0xEF, 0x5D, 0x02, 0xFF, 0x91,
    0xBD, 0xF7, 0x4A, 0x49, 0x08, 0x61, 0x08, 0x61, 0x21, 0x24, 0x6B, 0x6D, 0xAD, 0x55, 0xDE, 0xDB,
    0xF7, 0xBE, 0x04, 0xFF, 0x85, 0xE7, 0x3C, 0x8C, 0x71, 0x10, 0x82, 0x08, 0x00, 0x83, 0x39, 0xE7,
    0xC6, 0x38, 0x02, 0xFF, 0x87, 0xE7, 0x3C, 0xEF, 0x5D, 0xFF, 0xDF, 0x9C, 0xD3, 0x02, 0x00, 0x8F,
    0x63, 0x0C, 0xF7, 0xBE, 0xF7, 0xBE, 0x39, 0xE7, 0x94, 0xB2, 0xFF, 0xDF, 0xE7, 0x1C, 0x29, 0x45,
    0x70, 0x00, 0x87, 0x63, 0x0C, 0xEF, 0x7D, 0xE7, 0x3C, 0x39, 0xC7, 0x18, 0x00, 0x83, 0x39, 0xC7,
    0xCE, 0x59, 0x02, 0xFF, 0x83, 0xCE, 0x79, 0x31, 0xA6, 0x1D, 0x00, 0x96, 0x20, 0x94, 0xB2, 0xF7,
    0x9E, 0xFF, 0xDF, 0xE7, 0x3C, 0xBD, 0xF7, 0xBD, 0xF7, 0xE7, 0x1C, 0xF7, 0x9E, 0xFF, 0xDF, 0xFF,
    0xDF, 0xFF, 0xDF, 0x03, 0xFF, 0x80, 0xDF, 0x02, 0xFF, 0x85, 0xF7, 0x9E, 0x73, 0xAE, 0x00, 0x20,
    0x04, 0x00, 0x8B, 0x10, 0xA2, 0x9C, 0xF3, 0xFF, 0xDF, 0xEF, 0x7D, 0x73, 0xAE, 0xAD, 0x75, 0x02,
    0xFF, 0x85, 0xDE, 0xFB, 0x94, 0xB2, 0xBD, 0xD7, 0x02, 0xFF, 0x85, 0xEF, 0x7D, 0x21, 0x04, 0xA5,
    0x14, 0x02, 0xFF, 0x83, 0xCE, 0x79, 0x10, 0xA2, 0x70, 0x00, 0x87, 0x7B, 0xCF, 0xFF, 0xDF, 0xDE,
    0xDB, 0x18, 0xE3, 0x1A, 0x00, 0x83, 0x6B, 0x4D, 0xE7, 0x3C, 0x02, 0xFF, 0x89, 0xAD, 0x55, 0x63,
    0x2C, 0x6B, 0x4D, 0x42, 0x28, 0x00, 0x20, 0x03, 0x00, 0x8C, 0x20, 0x21, 0x04, 0x42, 0x28, 0x52,
    0xAA, 0x4A, 0x69, 0x29, 0x65, 0x08, 0x41, 0x06, 0x00, 0x87, 0x18, 0xC3, 0x94, 0xB2, 0xE7, 0x1C,
    0xFF, 0xDF, 0x03, 0xFF, 0x90, 0xDF, 0xFF, 0xDF, 0xEF, 0x5D, 0xCE, 0x79, 0x9C, 0xD3, 0xC6, 0x18,
    0xFF, 0xDF, 0xD6, 0xBA, 0xCE, 0x59, 0x02, 0xFF, 0x83, 0xC6, 0x18, 0x21, 0x24, 0x04, 0x00, 0x8D,
    0x5A, 0xCB, 0xE7, 0x1C, 0xFF, 0xDF, 0xA5, 0x14, 0x00, 0x20, 0x5A, 0xEB, 0xE7, 0x3C, 0x06, 0xFF,
    0x83, 0xF7, 0xBE, 0xAD, 0x55, 0x02, 0x00, 0x81, 0xAD, 0x75, 0x02, 0xFF, 0x83, 0xB5, 0xB6, 0x08,
    0x61, 0x6E, 0x00, 0x83, 0x10, 0xA2, 0xAD, 0x55, 0x02, 0xFF, 0x81, 0xC6, 0x38, 0x1C, 0x00, 0xA3,
    0x10, 0x82, 0x94, 0x92, 0xF7, 0xBE, 0xFF, 0xDF, 0xEF, 0x7D, 0xF7, 0x9E, 0xDE, 0xDB, 0x6B, 0x6D,
    0x5A, 0xCB, 0xAD, 0x55, 0xD6, 0x9A, 0xE7, 0x1C, 0xEF, 0x5D, 0xE7, 0x3C, 0xD6, 0xBA, 0xC6, 0x18,
    0x7B, 0xCF, 0x39, 0xC7, 0x05, 0x00, 0x92, 0x20, 0x5A, 0xCB, 0x94, 0xB2, 0xAD, 0x75, 0xAD, 0x55,
    0x94, 0xB2, 0x63, 0x2C, 0x21, 0x24, 0x31, 0xA6, 0xCE, 0x79, 0x02, 0xFF, 0x89, 0xA5, 0x34, 0x73,
    0x8E, 0xF7, 0x9E, 0xDE, 0xFB, 0x39, 0xE7, 0x02, 0x00, 0x83, 0x10, 0x82, 0xA5, 0x14, 0x02, 0xFF,
    0x83, 0xDE, 0xDB, 0x31, 0xA6, 0x03, 0x00, 0x8C, 0x20, 0x6B, 0x6D, 0xD6, 0x9A, 0xE7, 0x3C, 0xDE,
    0xFB, 0x94, 0x92, 0x18, 0xC3, 0x02, 0x00, 0x81, 0xAD, 0x55, 0x02, 0xFF, 0x83, 0xBD, 0xD7, 0x10,
    0x82, 0x6E, 0x00, 0x87, 0x39, 0xC7, 0xDE, 0xFB, 0xFF, 0xDF, 0x84, 0x30, 0x1E, 0x00, 0x89, 0x10,
    0xA2, 0x9C, 0xF3, 0xEF, 0x5D, 0xF7, 0xBE, 0xF7, 0xBE, 0x02, 0xFF, 0x83, 0xEF, 0x7D, 0xEF, 0x7D,
    0x05, 0xFF, 0x86, 0xDF, 0xF7, 0xBE, 0xF7, 0xBE, 0xFF, 0xDF, 0x04, 0xFF, 0x85, 0xDE, 0xDB, 0x84,
    0x10, 0x21, 0x24, 0x0F, 0x00, 0x90, 0x20, 0x8C, 0x51, 0xF7, 0xBE, 0xEF, 0x7D, 0x63, 0x0C, 0x63,
    0x2C, 0xF7, 0x9E, 0xE7, 0x1C, 0x42, 0x08, 0x02, 0x00, 0x83, 0x39, 0xE7, 0xDE, 0xFB, 0x02, 0xFF,
    0x87, 0xCE, 0x59, 0x94, 0x92, 0x6B, 0x6D, 0x31, 0x86, 0x03, 0x00, 0x84, 0x20, 0x10, 0x82, 0x00,
    0x20, 0x06, 0x00, 0x81, 0x9C, 0xF3, 0x02, 0xFF, 0x83, 0xD6, 0xBA, 0x10, 0xA2, 0x6E, 0x00, 0x87,
    0x5A, 0xCB, 0xEF, 0x5D, 0xEF, 0x5D, 0x52, 0x8A, 0x22, 0x00, 0x87, 0x31, 0x86, 0x42, 0x28, 0x84,
    0x10, 0xF7, 0x9E, 0x04, 0xFF, 0x8F, 0xDE, 0xFB, 0xAD, 0x55, 0x73, 0x8E, 0x5A, 0xCB, 0x63, 0x2C,
    0x94, 0xB2, 0xC6, 0x38, 0xFF, 0xDF, 0x04, 0xFF, 0x83, 0xCE, 0x59, 0x42, 0x28, 0x0C, 0x00, 0x83,
    0x63, 0x0C, 0xE7, 0x3C, 0x02, 0xFF, 0x91, 0xB5, 0x96, 0x18, 0xE3, 0x84, 0x30, 0xFF, 0xDF, 0xD6,
    0x9A, 0x31, 0x86, 0x63, 0x0C, 0xCE, 0x59, 0xFF, 0xDF, 0x08, 0xFF, 0x83, 0xD6, 0x9A, 0x4A, 0x69,
    0x0C, 0x00, 0x87, 0x94, 0xB2, 0xFF, 0xDF, 0xE7, 0x1C, 0x18, 0xE3, 0x6E, 0x00, 0x87, 0x4A, 0x69,
    0xE7, 0x3C, 0xFF, 0xDF, 0x8C, 0x51, 0x24, 0x00, 0x83, 0x4A, 0x69, 0xDE, 0xDB, 0x04, 0xFF, 0x83,
    0xCE, 0x79, 0x18, 0xE3, 0x0C, 0x00, 0x85, 0x42, 0x08, 0xBD, 0xD7, 0xF7, 0xBE, 0x02, 0xFF, 0x83,
    0xE7, 0x3C, 0x5A, 0xCB, 0x08, 0x00, 0x83, 0x73, 0x8E, 0xEF, 0x5D, 0x02, 0xFF, 0x87, 0xDE, 0xFB,
    0x52, 0xAA, 0x21, 0x04, 0xB5, 0xB6, 0x02, 0xFF, 0x85, 0xB5, 0x96, 0x94, 0xB2, 0xF7, 0xBE, 0x05,
    0xFF, 0x86, 0xDF, 0xD6, 0xBA, 0xD6, 0x9A, 0xF7, 0xBE, 0x02, 0xFF, 0x83, 0xAD, 0x75, 0x00, 0x20,
    0x0A, 0x00, 0x87, 0x94, 0x92, 0xFF, 0xDF, 0xE7, 0x1C, 0x21, 0x24, 0x6E, 0x00, 0x89, 0x18, 0xE3,
    0xAD, 0x55, 0xFF, 0xDF, 0xE7, 0x3C, 0x4A, 0x69, 0x20, 0x00, 0x8F, 0x18, 0xC3, 0xB5, 0xB6, 0xFF,
    0xDF, 0xEF, 0x7D, 0xF7, 0xBE, 0xF7, 0xBE, 0x9C, 0xF3, 0x21, 0x04, 0x0C, 0x00, 0x85, 0x18, 0xC3,
    0x73, 0xAE, 0xEF, 0x5D, 0x02, 0xFF, 0x83, 0xD6, 0x9A, 0x31, 0xA6, 0x02, 0x00, 0x85, 0x31, 0xA6,
    0xA5, 0x14, 0xEF, 0x7D, 0x02, 0xFF, 0x89, 0xDE, 0xDB, 0x63, 0x2C, 0x00, 0x20, 0x5A, 0xCB, 0xE7,
    0x3C, 0x02, 0xFF, 0x91, 0xAD, 0x75, 0xEF, 0x7D, 0xFF, 0xDF, 0xE7, 0x1C, 0xFF, 0xDF, 0xEF, 0x5D,
    0x63, 0x2C, 0x21, 0x24, 0xBD, 0xD7, 0x02, 0xFF, 0x83, 0xC6, 0x38, 0x18, 0xC3, 0x0A, 0x00, 0x87,
    0x94, 0x92, 0xFF, 0xDF, 0xE7, 0x1C, 0x29, 0x45, 0x70, 0x00, 0x83, 0x4A, 0x49, 0xD6, 0xBA, 0x02,
    0xFF, 0x83, 0x9C, 0xF3, 0x08, 0x61, 0x1E, 0x00, 0x89, 0x4A, 0x49, 0xDE, 0xFB, 0xF7, 0x9E, 0x8C,
    0x71, 0xBD, 0xD7, 0x03, 0xFF, 0x84, 0xDF, 0x9C, 0xF3, 0x18, 0xC3, 0x0D, 0x00, 0x9A, 0x20, 0x7B,
    0xEF, 0xF7, 0x9E, 0xFF, 0xDF, 0xA5, 0x14, 0x94, 0x92, 0xDE, 0xFB, 0xFF, 0xDF, 0xFF, 0xDF, 0xD6,
    0x9A, 0x63, 0x0C, 0x00, 0x20, 0x10, 0xA2, 0xA5, 0x34, 0x02, 0xFF, 0x83, 0xDE, 0xFB, 0xD6, 0xBA,
    0x02, 0xFF, 0x85, 0xC6, 0x38, 0x5A, 0xEB, 0xDE, 0xDB, 0x02, 0xFF, 0x85, 0xBD, 0xF7, 0x52, 0xAA,
    0xD6, 0x9A, 0x02, 0xFF, 0x83, 0xBD, 0xD7, 0x08, 0x61, 0x0A, 0x00, 0x87, 0x94, 0xB2, 0xFF, 0xDF,
    0xE7, 0x1C, 0x21, 0x24, 0x70, 0x00, 0x83, 0x08, 0x61, 0x9C, 0xD3, 0x02, 0xFF, 0x83, 0xBD, 0xD7,
    0x18, 0xE3, 0x1E, 0x00, 0x91, 0x6B, 0x6D, 0xF7, 0x9E, 0xDE, 0xFB, 0x4A, 0x49, 0x42, 0x08, 0xAD,
    0x75, 0xFF, 0xDF, 0xDE, 0xFB, 0x42, 0x08, 0x09, 0x00, 0x88, 0x20, 0x31, 0xA6, 0x63, 0x2C, 0x73,
    0x8E, 0xDE, 0xFB, 0x02, 0xFF, 0x83, 0xF7, 0x9E, 0xFF, 0xDF, 0x02, 0xFF, 0x85, 0xEF, 0x5D, 0x9C,
    0xF3, 0x42, 0x08, 0x04, 0x00, 0x97, 0x52, 0x8A, 0xDE, 0xFB, 0xFF, 0xDF, 0xA5, 0x14, 0xE7, 0x1C,
    0xF7, 0xBE, 0x7B, 0xEF, 0x08, 0x61, 0x84, 0x30, 0xF7, 0x9E, 0xFF, 0xDF, 0xE7, 0x3C, 0x02, 0xFF,
    0x83, 0xEF, 0x7D, 0x73, 0xAE, 0x0C, 0x00, 0x81, 0xA5, 0x34, 0x02, 0xFF, 0x83, 0xD6, 0x9A, 0x10,
    0xA2, 0x71, 0x00, 0x82, 0x20, 0x84, 0x10, 0x02, 0xFF, 0x83, 0xC6, 0x18, 0x21, 0x04, 0x1E, 0x00,
    0x91, 0x6B, 0x4D, 0xEF, 0x7D, 0xE7, 0x3C, 0x6B, 0x4D, 0x42, 0x08, 0x8C, 0x71, 0xF7, 0xBE, 0xE7,
    0x3C, 0x4A, 0x69, 0x04, 0x00, 0x8D, 0x08, 0x41, 0x5A, 0xCB, 0xB5, 0x96, 0xD6, 0xBA, 0xEF, 0x5D,
    0xF7, 0x9E, 0xFF, 0xDF, 0x04, 0xFF, 0x87, 0xEF, 0x5D, 0xB5, 0x96, 0x5A, 0xEB, 0x08, 0x41, 0x05,
    0x00, 0x8E, 0x20, 0x94, 0x92, 0xF7, 0xBE, 0xDE, 0xFB, 0x52, 0x8A, 0xE7, 0x1C, 0xF7, 0x9E, 0x73,
    0xAE, 0x02, 0x00, 0x8D, 0x21, 0x04, 0x94, 0xB2, 0xE7, 0x3C, 0xF7, 0xBE, 0xE7, 0x3C, 0x9C, 0xD3,
    0x21, 0x04, 0x0A, 0x00, 0x83, 0x18, 0xC3, 0xDE, 0xDB, 0x02, 0xFF, 0x83, 0x9C, 0xF3, 0x08, 0x41,
    0x70, 0x00, 0x83, 0x08, 0x61, 0x94, 0x92, 0x02, 0xFF, 0x83, 0xBD, 0xD7, 0x18, 0xE3, 0x1E, 0x00,
    0x8B, 0x39, 0xE7, 0xD6, 0x9A, 0xFF, 0xDF, 0xDE, 0xFB, 0xD6, 0xBA, 0xF7, 0x9E, 0x02, 0xFF, 0x83,
    0xC6, 0x38, 0x29, 0x65, 0x04, 0x00, 0x83, 0x63, 0x0C, 0xDE, 0xFB, 0x03, 0xFF, 0x94, 0xDF, 0xF7,
    0x9E, 0xF7, 0x9E, 0xE7, 0x1C, 0xFF, 0xDF, 0xF7, 0x9E, 0x73, 0xAE, 0x73, 0xAE, 0x8C, 0x71, 0x73,
    0xAE, 0x21, 0x24, 0x02, 0x00, 0x8B, 0x31, 0x86, 0xCE, 0x59, 0xFF, 0xDF, 0xAD, 0x75, 0x18, 0xC3,
    0xCE, 0x59, 0x02, 0xFF, 0x83, 0xB5, 0xB6, 0x29, 0x65, 0x02, 0x00, 0x89, 0x08, 0x61, 0x4A, 0x69,
    0x7B, 0xCF, 0x52, 0x8A, 0x08, 0x61, 0x0C, 0x00, 0x87, 0x7B, 0xCF, 0xF7, 0xBE, 0xEF, 0x7D, 0x6B,
    0x4D, 0x72, 0x00, 0x83, 0x10, 0xA2, 0xAD, 0x75, 0x02, 0xFF, 0x83, 0xAD, 0x55, 0x10, 0x82, 0x20,
    0x00, 0x8D, 0x7B, 0xCF, 0xE7, 0x1C, 0xFF, 0xDF, 0xFF, 0xDF, 0xF7, 0xBE, 0xC6, 0x18, 0x4A, 0x49,
    0x04, 0x00, 0x83, 0x10, 0x82, 0xAD, 0x75, 0x02, 0xFF, 0xA1, 0xE7, 0x3C, 0x94, 0xB2, 0x5A, 0xCB,
    0x42, 0x08, 0x84, 0x30, 0xF7, 0xBE, 0xEF, 0x7D, 0xB5, 0xB6, 0xF7, 0x9E, 0xFF, 0xDF, 0xF7, 0x9E,
    0xA5, 0x14, 0x18, 0xE3, 0x6B, 0x4D, 0xEF, 0x7D, 0xEF, 0x7D, 0x63, 0x0C, 0x02, 0x00, 0x89, 0x7B,
    0xCF, 0xF7, 0x9E, 0xF7, 0x9E, 0x9C, 0xF3, 0x29, 0x65, 0x14, 0x00, 0x83, 0x29, 0x65, 0xD6, 0xBA,
    0x02, 0xFF, 0x83, 0xC6, 0x18, 0x21, 0x24, 0x72, 0x00, 0x83, 0x21, 0x04, 0xBD, 0xF7, 0x02, 0xFF,
    0x83, 0x9C, 0xD3, 0x08, 0x41, 0x21, 0x00, 0x8A, 0x20, 0x39, 0xE7, 0x84, 0x10, 0x84, 0x30, 0x4A,
    0x49, 0x10, 0xA2, 0x06, 0x00, 0x87, 0x18, 0xE3, 0xD6, 0x9A, 0xFF, 0xDF, 0xA5, 0x14, 0x06, 0x00,
    0x81, 0x94, 0xB2, 0x03, 0xFF, 0x94, 0xDF, 0xFF, 0xDF, 0xFF, 0xDF, 0xDE, 0xDB, 0xFF, 0xDF, 0xEF,
    0x5D, 0x5A, 0xEB, 0xA5, 0x14, 0xFF, 0xDF, 0xCE, 0x79, 0x21, 0x24, 0x02, 0x00, 0x8D, 0x18, 0xE3,
    0xB5, 0x96, 0xFF, 0xDF, 0xF7, 0xBE, 0xC6, 0x18, 0x63, 0x2C, 0x10, 0xA2, 0x0E, 0x00, 0x83, 0x39,
    0xE7, 0xBD, 0xF7, 0x02, 0xFF, 0x83, 0xEF, 0x7D, 0x63, 0x0C, 0x74, 0x00, 0x87, 0x39, 0xC7, 0xD6,
    0x9A, 0xF7, 0xBE, 0x73, 0xAE, 0x34, 0x00, 0x83, 0x08, 0x61, 0xAD, 0x55, 0x02, 0xFF, 0x83, 0xD6,
    0xBA, 0x42, 0x08, 0x04, 0x00, 0x83, 0x8C, 0x71, 0xFF, 0xDF, 0x04, 0xFF, 0x85, 0xC6, 0x18, 0x29,
    0x65, 0xDE, 0xDB, 0x02, 0xFF, 0x83, 0x84, 0x30, 0xBD, 0xF7, 0x02, 0xFF, 0x81, 0xAD, 0x75, 0x06,
    0x00, 0x85, 0x21, 0x04, 0x9C, 0xF3, 0xEF, 0x7D, 0x02, 0xFF, 0x93, 0xEF, 0x7D, 0xCE, 0x79, 0x9C,
    0xF3, 0x73, 0xAE, 0x4A, 0x69, 0x31, 0xA6, 0x42, 0x28, 0x73, 0x8E, 0x9C, 0xF3, 0xE7, 0x1C, 0x02,
    0xFF, 0x85, 0xF7, 0x9E, 0x7B, 0xEF, 0x08, 0x41, 0x74, 0x00, 0x87, 0x52, 0x8A, 0xE7, 0x3C, 0xEF,
    0x7D, 0x52, 0xAA, 0x36, 0x00, 0x8F, 0x5A, 0xEB, 0xE7, 0x1C, 0xFF, 0xDF, 0xD6, 0xBA, 0x6B, 0x4D,
    0x08, 0x61, 0x52, 0xAA, 0xEF, 0x7D, 0x02, 0xFF, 0x87, 0xF7, 0xBE, 0x7B, 0xEF, 0x08, 0x41, 0xCE,
    0x79, 0x02, 0xFF, 0x83, 0x8C, 0x71, 0xC6, 0x18, 0x02, 0xFF, 0x81, 0xAD, 0x75, 0x08, 0x00, 0x87,
    0x18, 0xC3, 0x6B, 0x6D, 0xC6, 0x18, 0xEF, 0x7D, 0x05, 0xFF, 0x88, 0xDF, 0xE7, 0x3C, 0xDE, 0xFB,
    0xE7, 0x3C, 0xF7, 0xBE, 0x04, 0xFF, 0x85, 0xDE, 0xFB, 0x7B, 0xEF, 0x10, 0x82, 0x76, 0x00, 0x87,
    0x73, 0xAE, 0xF7, 0xBE, 0xDE, 0xFB, 0x29, 0x45, 0x36, 0x00, 0x85, 0x10, 0x82, 0x7B, 0xCF, 0xDE,
    0xFB, 0x02, 0xFF, 0x87, 0xE7, 0x3C, 0x8C, 0x51, 0x21, 0x24, 0xC6, 0x18, 0x03, 0xFF, 0x92, 0xDF,
    0xA5, 0x14, 0x73, 0x8E, 0xEF, 0x5D, 0xF7, 0xBE, 0x73, 0xAE, 0xAD, 0x55, 0xFF, 0xDF, 0xD6, 0x9A,
    0x39, 0xC7, 0x06, 0x00, 0x9D, 0x31, 0xA6, 0x8C, 0x51, 0xA5, 0x14, 0x84, 0x10, 0x9C, 0xF3, 0xD6,
    0x9A, 0xE7, 0x1C, 0xEF, 0x5D, 0xEF, 0x7D, 0xEF, 0x5D, 0xE7, 0x1C, 0xD6, 0x9A, 0x94, 0x92, 0x4A,
    0x49, 0x08, 0x41, 0x76, 0x00, 0x83, 0x10, 0x82, 0x9C, 0xF3, 0x02, 0xFF, 0x83, 0xC6, 0x38, 0x00,
    0x20, 0x38, 0x00, 0x8F, 0x08, 0x61, 0x5A, 0xEB, 0xCE, 0x59, 0xFF, 0xDF, 0xEF, 0x7D, 0x84, 0x10,
    0x8C, 0x71, 0xFF, 0xDF, 0x02, 0xFF, 0x83, 0xF7, 0xBE, 0xF7, 0x9E, 0x02, 0xFF, 0xAB, 0xD6, 0xBA,
    0x42, 0x08, 0x63, 0x2C, 0xE7, 0x3C, 0xFF, 0xDF, 0xB5, 0xB6, 0x52, 0xAA, 0x21, 0x24, 0x42, 0x28,
    0xBD, 0xD7, 0xF7, 0x9E, 0xFF, 0xDF, 0xC6, 0x38, 0x42, 0x08, 0x29, 0x65, 0x42, 0x08, 0x5A, 0xEB,
    0x6B, 0x4D, 0x63, 0x0C, 0x42, 0x28, 0x29, 0x65, 0x08, 0x61, 0x7A, 0x00, 0x87, 0x31, 0x86, 0xCE,
    0x79, 0xFF, 0xDF, 0x94, 0xB2, 0x3E, 0x00, 0x83, 0x39, 0xE7, 0xBD, 0xF7, 0x02, 0xFF, 0x83, 0xDE,
    0xFB, 0xAD, 0x55, 0x02, 0xFF, 0x9B, 0xEF, 0x7D, 0xE7, 0x1C, 0xF7, 0x9E, 0xD6, 0xBA, 0x73, 0x8E,
    0x08, 0x61, 0x18, 0xC3, 0x94, 0xB2, 0xEF, 0x7D, 0xFF, 0xDF, 0xDE, 0xFB, 0xBD, 0xF7, 0xCE, 0x59,
    0xFF, 0xDF, 0x05, 0xFF, 0x88, 0xDF, 0xBD, 0xD7, 0x8C, 0x71, 0x52, 0x8A, 0x08, 0x41, 0x7F, 0x00,
    0x05, 0x00, 0x87, 0x6B, 0x6D, 0xEF, 0x7D, 0xEF, 0x7D, 0x63, 0x0C, 0x40, 0x00, 0x87, 0x4A, 0x49,
    0xF7, 0xBE, 0xFF, 0xDF, 0xDE, 0xDB, 0x02, 0xFF, 0x95, 0xBD, 0xD7, 0x63, 0x2C, 0xB5, 0xB6, 0xE7,
    0x3C, 0xBD, 0xF7, 0x7B, 0xEF, 0x31, 0x86, 0x21, 0x24, 0x8C, 0x71, 0xD6, 0xBA, 0xF7, 0xBE, 0x0F,
    0xFF, 0x84, 0xDF, 0xDE, 0xFB, 0x63, 0x0C, 0x7F, 0x00, 0x03, 0x00, 0x83, 0x10, 0xA2, 0xAD, 0x55,
    0x02, 0xFF, 0x83, 0xC6, 0x38, 0x10, 0x82, 0x40, 0x00, 0x83, 0x29, 0x65, 0xF7, 0xBE, 0x05, 0xFF,
    0x84, 0xDF, 0x9C, 0xD3, 0xC6, 0x38, 0x06, 0xFF, 0x8D, 0xF7, 0xBE, 0xB5, 0xB6, 0x42, 0x08, 0x4A,
    0x49, 0x6B, 0x4D, 0x84, 0x30, 0xEF, 0x5D, 0x02, 0xFF, 0x85, 0xDE, 0xFB, 0xBD, 0xD7, 0xD6, 0xBA,
    0x02, 0xFF, 0x83, 0xF7, 0xBE, 0xEF, 0x7D, 0x02, 0xFF, 0x83, 0xA5, 0x34, 0x08, 0x41, 0x7F, 0x00,
    0x88, 0x00, 0x39, 0xC7, 0xD6, 0x9A, 0xFF, 0xDF, 0x8C, 0x71, 0x42, 0x00, 0x83, 0x42, 0x28, 0xFF,
    0xDF, 0x04, 0xFF, 0xA1, 0xE7, 0x1C, 0x84, 0x30, 0xF7, 0xBE, 0xF7, 0xBE, 0x9C, 0xD3, 0xB5, 0xB6,
    0xF7, 0x9E, 0xFF, 0xDF, 0xCE, 0x79, 0xDE, 0xFB, 0xEF, 0x7D, 0xAD, 0x75, 0xD6, 0x9A, 0xDE, 0xDB,
    0x5A, 0xEB, 0x18, 0xC3, 0xAD, 0x55, 0x02, 0xFF, 0x89, 0xEF, 0x5D, 0xEF, 0x5D, 0xFF, 0xDF, 0x9C,
    0xD3, 0x00, 0x20, 0x7F, 0x00, 0x88, 0x00, 0x63, 0x2C, 0xEF, 0x5D, 0xE7, 0x3C, 0x52, 0xAA, 0x42,
    0x00, 0x83, 0x29, 0x45, 0xE7, 0x3C, 0x02, 0xFF, 0x91, 0xEF, 0x7D, 0x84, 0x10, 0x8C, 0x51, 0xFF,
    0xDF, 0xDE, 0xDB, 0x10, 0xA2, 0x08, 0x61, 0xA5, 0x14, 0xFF, 0xDF, 0x08, 0xFF, 0x89, 0xDE, 0xFB,
    0x8C, 0x71, 0x39, 0xE7, 0x42, 0x28, 0xD6, 0x9A, 0x06, 0xFF, 0x83, 0xCE, 0x79, 0x42, 0x08, 0x7F,
    0x00, 0x03, 0x00, 0x8B, 0x73, 0xAE, 0xF7, 0x9E, 0xDE, 0xFB, 0x42, 0x08, 0x00, 0x20, 0x00, 0x20,
    0x3F, 0x00, 0x96, 0x20, 0x6B, 0x4D, 0x9C, 0xD3, 0x6B, 0x6D, 0x10, 0xA2, 0x6B, 0x6D, 0xF7, 0xBE,
    0xF7, 0xBE, 0x84, 0x10, 0x29, 0x45, 0x73, 0xAE, 0xEF, 0x7D, 0x02, 0xFF, 0x85, 0xE7, 0x1C, 0xA5,
    0x34, 0xEF, 0x5D, 0x02, 0xFF, 0x87, 0xF7, 0xBE, 0xEF, 0x5D, 0xE7, 0x3C, 0xFF, 0xDF, 0x03, 0xFF,
    0x84, 0xDF, 0xCE, 0x79, 0x4A, 0x69, 0x7F, 0x00, 0x05, 0x00, 0x91, 0x6B, 0x4D, 0xEF, 0x7D, 0xF7,
    0x9E, 0xB5, 0x96, 0x9C, 0xF3, 0x9C, 0xF3, 0x84, 0x10, 0x4A, 0x69, 0x08, 0x41, 0x3D, 0x00, 0x80,
    0x20, 0x04, 0x00, 0x8B, 0x31, 0x86, 0xBD, 0xD7, 0xFF, 0xDF, 0xF7, 0xBE, 0xD6, 0x9A, 0xE7, 0x3C,
    0x04, 0xFF, 0x8B, 0xBD, 0xD7, 0x21, 0x24, 0x6B, 0x4D, 0xBD, 0xD7, 0xE7, 0x1C, 0xF7, 0x9E, 0x04,
    0xFF, 0x85, 0xEF, 0x7D, 0xAD, 0x55, 0x4A, 0x49, 0x7F, 0x00, 0x07, 0x00, 0x91, 0x31, 0xA6, 0xBD,
    0xF7, 0xFF, 0xDF, 0xFF, 0xDF, 0xFF, 0xDF, 0xFF, 0xDF, 0xF7, 0xBE, 0xDE, 0xFB, 0x73, 0xAE, 0x44,
    0x00, 0xA1, 0x42, 0x28, 0xAD, 0x55, 0xEF, 0x5D, 0xF7, 0xBE, 0xF7, 0xBE, 0xEF, 0x5D, 0xFF, 0xDF,
    0xEF, 0x5D, 0x8C, 0x71, 0x29, 0x45, 0x29, 0x45, 0x52, 0xAA, 0x94, 0xB2, 0xEF, 0x7D, 0xFF, 0xDF,
    0xAD, 0x75, 0x21, 0x04, 0x7F, 0x00, 0x0B, 0x00, 0x91, 0x42, 0x28, 0x9C, 0xF3, 0xBD, 0xD7, 0xBD,
    0xF7, 0xC6, 0x18, 0xDE, 0xFB, 0xFF, 0xDF, 0xD6, 0x9A, 0x39, 0xE7, 0x25, 0x00, 0x88, 0x20, 0x39,
    0xC7, 0x6B, 0x4D, 0x52, 0xAA, 0x10, 0x82, 0x16, 0x00, 0x9D, 0x10, 0xA2, 0x63, 0x2C, 0x8C, 0x71,
    0x84, 0x30, 0x6B, 0x6D, 0xC6, 0x18, 0xFF, 0xDF, 0xF7, 0xBE, 0xC6, 0x38, 0x94, 0xB2, 0xA5, 0x14,
    0xE7, 0x1C, 0xFF, 0xDF, 0xD6, 0xBA, 0x52, 0xAA, 0x7F, 0x00, 0x11, 0x00, 0x8D, 0x08, 0x61, 0x10,
    0x82, 0x10, 0xA2, 0x5A, 0xEB, 0xEF, 0x7D, 0xF7, 0x9E, 0x73, 0x8E, 0x22, 0x00, 0x8B, 0x18, 0xC3,
    0x73, 0xAE, 0xD6, 0xBA, 0xEF, 0x7D, 0xDE, 0xFB, 0x63, 0x0C, 0x20, 0x00, 0x85, 0x42, 0x28, 0xB5,
    0x96, 0xEF, 0x7D, 0x07, 0xFF, 0x86, 0xDF, 0xD6, 0xBA, 0x6B, 0x6D, 0x00, 0x20, 0x7F, 0x00, 0x17,
    0x00, 0x87, 0x18, 0xE3, 0xD6, 0x9A, 0xF7, 0xBE, 0x8C, 0x71, 0x20, 0x00, 0x85, 0x18, 0xC3, 0x8C,
    0x51, 0xF7, 0x9E, 0x04, 0xFF, 0x83, 0xF7, 0xBE, 0x7B, 0xEF, 0x22, 0x00, 0x8D, 0x10, 0xA2, 0x6B,
    0x6D, 0xB5, 0x96, 0xD6, 0x9A, 0xCE, 0x59, 0x9C, 0xF3, 0x4A, 0x49, 0x7F, 0x00, 0x1B, 0x00, 0x83,
    0x10, 0x82, 0xC6, 0x18, 0x02, 0xFF, 0x81, 0xAD, 0x75, 0x1E, 0x00, 0x85, 0x08, 0x41, 0x84, 0x10,
    0xF7, 0x9E, 0x02, 0xFF, 0x81, 0xF7, 0x9E, 0x02, 0xFF, 0x83, 0xEF, 0x7D, 0x63, 0x2C, 0x7F, 0x00,
    0x4C, 0x00, 0x88, 0x20, 0x9C, 0xD3, 0xFF, 0xDF, 0xEF, 0x5D, 0x63, 0x2C, 0x1C, 0x00, 0x83, 0x6B,
    0x6D, 0xEF, 0x7D, 0x02, 0xFF, 0x83, 0xC6, 0x18, 0xC6, 0x18, 0x02, 0xFF, 0x83, 0xC6, 0x38, 0x31,
    0x86, 0x7F, 0x00, 0x4D, 0x00, 0x83, 0x42, 0x08, 0xD6, 0x9A, 0x02, 0xFF, 0x83, 0xDE, 0xFB, 0x52,
    0x8A, 0x18, 0x00, 0x83, 0x31, 0x86, 0xC6, 0x18, 0x02, 0xFF, 0x8B, 0xCE, 0x79, 0x84, 0x30, 0xF7,
    0xBE, 0xF7, 0x9E, 0x7B, 0xEF, 0x00, 0x20, 0x7F, 0x00, 0x4F, 0x00, 0x87, 0x5A, 0xEB, 0xE7, 0x1C,
    0xFF, 0xDF, 0xAD, 0x55, 0x18, 0x00, 0x89, 0x7B, 0xEF, 0xF7, 0x9E, 0xEF, 0x7D, 0x8C, 0x51, 0xDE,
    0xFB, 0x02, 0xFF, 0x83, 0xBD, 0xD7, 0x29, 0x45, 0x7F, 0x00, 0x51, 0x00, 0x83, 0x08, 0x41, 0xA5,
    0x14, 0x02, 0xFF, 0x81, 0xCE, 0x59, 0x16, 0x00, 0x83, 0x29, 0x65, 0xC6, 0x38, 0x02, 0xFF, 0x83,
    0xCE, 0x59, 0xC6, 0x18, 0x02, 0xFF, 0x83, 0xDE, 0xFB, 0x52, 0x8A, 0x7F, 0x00, 0x54, 0x00, 0x82,
    0x20, 0x94, 0xB2, 0x02, 0xFF, 0x81, 0xCE, 0x79, 0x16, 0x00, 0x8F, 0x63, 0x2C, 0xEF, 0x7D, 0xFF,
    0xDF, 0xD6, 0x9A, 0xFF, 0xDF, 0xF7, 0x9E, 0x7B, 0xEF, 0x08, 0x41, 0x7F, 0x00, 0x54, 0x00, 0x82,
    0x20, 0x9C, 0xD3, 0x02, 0xFF, 0x81, 0xCE, 0x59, 0x16, 0x00, 0x83, 0xA5, 0x14, 0xFF, 0xDF, 0x04,
    0xFF, 0x85, 0xF7, 0xBE, 0x9C, 0xF3, 0x08, 0x41, 0x7F, 0x00, 0x57, 0x00, 0x81, 0x8C, 0x71, 0x02,
    0xFF, 0x83, 0xE7, 0x1C, 0x31, 0x86, 0x12, 0x00, 0x83, 0x21, 0x24, 0xC6, 0x38, 0x04, 0xFF, 0x85,
    0xF7, 0xBE, 0xAD, 0x55, 0x18, 0xE3, 0x7F, 0x00, 0x23, 0x00, 0x85, 0x08, 0x41, 0x42, 0x28, 0x39,
    0xE7, 0x30, 0x00, 0x83, 0x5A, 0xEB, 0xEF, 0x5D, 0x02, 0xFF, 0x83, 0xC6, 0x38, 0x39, 0xC7, 0x0C,
    0x00, 0x87, 0x18, 0xC3, 0x63, 0x0C, 0xB5, 0xB6, 0xF7, 0x9E, 0x02, 0xFF, 0x85, 0xF7, 0x9E, 0x9C,
    0xF3, 0x18, 0xE3, 0x7F, 0x00, 0x0D, 0x00, 0x81, 0x08, 0x41, 0x14, 0x00, 0x89, 0x10, 0x82, 0xB5,
    0x96, 0xEF, 0x7D, 0xE7, 0x1C, 0x6B, 0x4D, 0x2E, 0x00, 0x85, 0x08, 0x41, 0x8C, 0x51, 0xF7, 0x9E,
    0x02, 0xFF, 0x91, 0xE7, 0x3C, 0xC6, 0x18, 0x9C, 0xD3, 0x8C, 0x71, 0x8C, 0x71, 0x9C, 0xF3, 0xBD,
    0xF7, 0xDE, 0xDB, 0xF7, 0xBE, 0x04, 0xFF, 0x85, 0xEF, 0x5D, 0x73, 0xAE, 0x08, 0x61, 0x7F, 0x00,
    0x0D, 0x00, 0x87, 0x6B, 0x4D, 0xCE, 0x79, 0xAD, 0x55, 0x18, 0xC3, 0x10, 0x00, 0x83, 0x94, 0x92,
    0xFF, 0xDF, 0x04, 0xFF, 0x81, 0x9C, 0xD3, 0x30, 0x00, 0x87, 0x10, 0xA2, 0x7B, 0xCF, 0xDE, 0xFB,
    0xFF, 0xDF, 0x03, 0xFF, 0x86, 0xDF, 0xFF, 0xDF, 0xFF, 0xDF, 0xFF, 0xDF, 0x03, 0xFF, 0x84, 0xDF,
    0xEF, 0x5D, 0xE7, 0x3C, 0x02, 0xFF, 0x83, 0xD6, 0xBA, 0x39, 0xE7, 0x7F, 0x00, 0x0D, 0x00, 0x83,
    0x31, 0xA6, 0xC6, 0x38, 0x02, 0xFF, 0x8D, 0xDE, 0xDB, 0x31, 0x86, 0x00, 0x20, 0x63, 0x2C, 0xA5,
    0x34, 0x9C, 0xD3, 0x52, 0x8A, 0x04, 0x00, 0x83, 0x31, 0xA6, 0xE7, 0x3C, 0x05, 0xFF, 0x82, 0xDF,
    0x8C, 0x51, 0x32, 0x00, 0x9D, 0x08, 0x41, 0x42, 0x08, 0x7B, 0xCF, 0xA5, 0x14, 0xC6, 0x38, 0xDE,
    0xDB, 0xD6, 0xBA, 0xBD, 0xF7, 0xA5, 0x14, 0x84, 0x10, 0x5A, 0xCB, 0x8C, 0x71, 0xFF, 0xDF, 0xD6,
    0x9A, 0x31, 0x86, 0x7F, 0x00, 0x0C, 0x00, 0x95, 0x20, 0x7B, 0xCF, 0xEF, 0x7D, 0xFF, 0xDF, 0xB5,
    0x96, 0x10, 0xA2, 0x52, 0xAA, 0xDE, 0xFB, 0xFF, 0xDF, 0xFF, 0xDF, 0xCE, 0x59, 0x42, 0x02, 0x08,
    0x82, 0x41, 0x94, 0x92, 0x06, 0xFF, 0x83, 0xEF, 0x5D, 0x5A, 0xEB, 0x37, 0x00, 0x8E, 0x20, 0x10,
    0x82, 0x18, 0xE3, 0x29, 0x45, 0x21, 0x24, 0x18, 0xE3, 0x10, 0x82, 0x00, 0x20, 0x02, 0x00, 0x87,
    0x84, 0x30, 0xFF, 0xDF, 0xCE, 0x79, 0x29, 0x65, 0x7F, 0x00, 0x0B, 0x00, 0x83, 0x52, 0xAA, 0xD6,
    0x9A, 0x02, 0xFF, 0x87, 0xD6, 0xBA, 0x4A, 0x69, 0x00, 0x20, 0xAD, 0x75, 0x02, 0xFF, 0x8B, 0xE7,
    0x3C, 0xEF, 0x5D, 0xF7, 0x9E, 0x84, 0x30, 0x39, 0xC7, 0xDE, 0xFB, 0x05, 0xFF, 0x84, 0xDF, 0xB5,
    0x96, 0x10, 0x82, 0x48, 0x00, 0x87, 0x84, 0x30, 0xFF, 0xDF, 0xCE, 0x79, 0x29, 0x65, 0x7F, 0x00,
    0x09, 0x00, 0x85, 0x39, 0xE7, 0xC6, 0x18, 0xFF, 0xDF, 0x02, 0xFF, 0x93, 0xA5, 0x34, 0x00, 0x20,
    0x31, 0xA6, 0xE7, 0x1C, 0xFF, 0xDF, 0x94, 0xB2, 0xCE, 0x59, 0xFF, 0xDF, 0x9C, 0xF3, 0x7B, 0xEF,
    0x06, 0xFF, 0x83, 0xD6, 0xBA, 0x4A, 0x49, 0x4A, 0x00, 0x87, 0x84, 0x10, 0xFF, 0xDF, 0xD6, 0x9A,
    0x31, 0x86, 0x7F, 0x00, 0x07, 0x00, 0x85, 0x29, 0x65, 0xB5, 0xB6, 0xFF, 0xDF, 0x02, 0xFF, 0x95,
    0xF7, 0x9E, 0x7B, 0xCF, 0x00, 0x20, 0x73, 0xAE, 0xFF, 0xDF, 0xE7, 0x1C, 0x84, 0x30, 0xEF, 0x5D,
    0xF7, 0x9E, 0x84, 0x10, 0xC6, 0x18, 0x04, 0xFF, 0x85, 0xEF, 0x5D, 0x6B, 0x6D, 0x00, 0x20, 0x4A,
    0x00, 0x87, 0x84, 0x10, 0xFF, 0xDF, 0xD6, 0x9A, 0x29, 0x65, 0x7F, 0x00, 0x05, 0x00, 0x85, 0x10,
    0xA2, 0xAD, 0x75, 0xFF, 0xDF, 0x04, 0xFF, 0x87, 0xEF, 0x7D, 0x63, 0x2C, 0x18, 0xC3, 0xAD, 0x75,
    0x02, 0xFF, 0x83, 0xD6, 0xBA, 0xDE, 0xFB, 0x02, 0xFF, 0x85, 0xD6, 0x9A, 0x63, 0x0C, 0xE7, 0x3C,
    0x03, 0xFF, 0x88, 0xDF, 0x9C, 0xF3, 0x6B, 0x4D, 0x7B, 0xCF, 0x31, 0xA6, 0x08, 0x00, 0x85, 0x29,
    0x65, 0x42, 0x28, 0x18, 0xE3, 0x3A, 0x00, 0x87, 0x8C, 0x51, 0xFF, 0xDF, 0xCE, 0x79, 0x29, 0x65,
    0x7F, 0x00, 0x03, 0x00, 0x93, 0x21, 0x04, 0xA5, 0x14, 0xFF, 0xDF, 0xF7, 0xBE, 0xBD, 0xF7, 0xEF,
    0x7D, 0xEF, 0x7D, 0x5A, 0xCB, 0x31, 0xA6, 0xD6, 0xBA, 0x06, 0xFF, 0x87, 0xE7, 0x1C, 0x6B, 0x4D,
    0x7B, 0xCF, 0xFF, 0xDF, 0x02, 0xFF, 0x85, 0xCE, 0x79, 0xB5, 0xB6, 0xF7, 0xBE, 0x02, 0xFF, 0x83,
    0xBD, 0xD7, 0x08, 0x41, 0x02, 0x00, 0x93, 0x29, 0x45, 0xA5, 0x14, 0xDE, 0xFB, 0xEF, 0x5D, 0xCE,
    0x59, 0x63, 0x2C, 0x00, 0x20, 0x31, 0xA6, 0x73, 0xAE, 0x31, 0x86, 0x02, 0x00, 0x83, 0x08, 0x41,
    0x00, 0x20, 0x2A, 0x00, 0x87, 0xAD, 0x75, 0xFF, 0xDF, 0xB5, 0x96, 0x18, 0xC3, 0x7F, 0x00, 0x96,
    0x00, 0x21, 0x04, 0x9C, 0xF3, 0xF7, 0xBE, 0xF7, 0xBE, 0x9C, 0xD3, 0x6B, 0x6D, 0xEF, 0x5D, 0xE7,
    0x3C, 0x52, 0x8A, 0x73, 0xAE, 0xEF, 0x7D, 0x04, 0xFF, 0x87, 0xE7, 0x1C, 0x73, 0xAE, 0x18, 0xE3,
    0xAD, 0x55, 0x02, 0xFF, 0x85, 0xF7, 0x9E, 0xD6, 0xBA, 0xFF, 0xDF, 0x04, 0xFF, 0x8D, 0xE7, 0x3C,
    0x21, 0x24, 0x29, 0x45, 0xBD, 0xD7, 0xFF, 0xDF, 0xFF, 0xDF, 0xF7, 0x9E, 0x02, 0xFF, 0x91, 0xCE,
    0x79, 0x39, 0xC7, 0xB5, 0xB6, 0xFF, 0xDF, 0xAD, 0x75, 0x84, 0x30, 0xB5, 0x96, 0xA5, 0x14, 0x42,
    0x28, 0x06, 0x00, 0x87, 0x10, 0xA2, 0x42, 0x08, 0x42, 0x08, 0x18, 0xC3, 0x18, 0x00, 0x89, 0x21,
    0x04, 0xD6, 0xBA, 0xFF, 0xDF, 0x94, 0x92, 0x00, 0x20, 0x7E, 0x00, 0x95, 0x21, 0x04, 0x9C, 0xD3,
    0xF7, 0x9E, 0xFF, 0xDF, 0xA5, 0x34, 0x29, 0x45, 0x6B, 0x6D, 0xEF, 0x7D, 0xEF, 0x7D, 0xC6, 0x38,
    0xEF, 0x7D, 0x02, 0xFF, 0x8B, 0xF7, 0xBE, 0xBD, 0xF7, 0x63, 0x0C, 0x10, 0x82, 0x5A, 0xCB, 0xE7,
    0x1C, 0x02, 0xFF, 0x87, 0xEF, 0x5D, 0xF7, 0xBE, 0xF7, 0xBE, 0xD6, 0x9A, 0x02, 0xFF, 0x8D, 0xE7,
    0x3C, 0x21, 0x24, 0x84, 0x10, 0xF7, 0xBE, 0xF7, 0xBE, 0x9C, 0xF3, 0xC6, 0x18, 0x02, 0xFF, 0x85,
    0xD6, 0xBA, 0x6B, 0x4D, 0xEF, 0x5D, 0x02, 0xFF, 0x83, 0xF7, 0x9E, 0xF7, 0xBE, 0x03, 0xFF, 0x92,
    0xDF, 0xB5, 0x96, 0x18, 0xE3, 0x18, 0xC3, 0x6B, 0x6D, 0xBD, 0xD7, 0xE7, 0x3C, 0xEF, 0x5D, 0xB5,
    0x96, 0x4A, 0x69, 0x16, 0x00, 0x87, 0x73, 0x8E, 0xF7, 0x9E, 0xEF, 0x5D, 0x5A, 0xEB, 0x7E, 0x00,
    0x91, 0x21, 0x04, 0x9C, 0xD3, 0xEF, 0x7D, 0xFF, 0xDF, 0xAD, 0x75, 0x29, 0x45, 0x31, 0xA6, 0xA5,
    0x34, 0xF7, 0xBE, 0x08, 0xFF, 0x83, 0xB5, 0x96, 0x31, 0xA6, 0x02, 0x00, 0x83, 0x21, 0x24, 0xB5,
    0xB6, 0x05, 0xFF, 0x80, 0xDF, 0x02, 0xFF, 0x8B, 0xBD, 0xD7, 0xA5, 0x14, 0xFF, 0xDF, 0xDE, 0xFB,
    0x29, 0x45, 0xC6, 0x38, 0x02, 0xFF, 0x8D, 0xC6, 0x18, 0xA5, 0x14, 0xEF, 0x7D, 0xF7, 0xBE, 0x9C,
    0xD3, 0x9C, 0xD3, 0xFF, 0xDF, 0x04, 0xFF, 0x8D, 0xEF, 0x7D, 0xCE, 0x59, 0xF7, 0xBE, 0xE7, 0x3C,
    0x5A, 0xCB, 0x94, 0xB2, 0xEF, 0x5D, 0x03, 0xFF, 0x88, 0xDF, 0xFF, 0xDF, 0xFF, 0xDF, 0xC6, 0x38,
    0x5A, 0xCB, 0x12, 0x00, 0x83, 0x18, 0xC3, 0xC6, 0x18, 0x02, 0xFF, 0x83, 0xBD, 0xD7, 0x21, 0x24,
    0x7C, 0x00, 0x91, 0x21, 0x04, 0x9C, 0xD3, 0xEF, 0x7D, 0xF7, 0xBE, 0xB5, 0x96, 0x31, 0x86, 0x6B,
    0x6D, 0xCE, 0x79, 0xF7, 0xBE, 0x02, 0xFF, 0x85, 0xF7, 0xBE, 0xD6, 0x9A, 0xF7, 0x9E, 0x02, 0xFF,
    0x81, 0x73, 0x8E, 0x04, 0x00, 0x83, 0x73, 0xAE, 0xEF, 0x7D, 0x06, 0xFF, 0x85, 0xDE, 0xDB, 0x4A,
    0x69, 0xB5, 0xB6, 0x02, 0xFF, 0x85, 0xBD, 0xD7, 0x42, 0x28, 0xDE, 0xFB, 0x02, 0xFF, 0x8B, 0xD6,
    0x9A, 0xF7, 0x9E, 0xFF, 0xDF, 0xBD, 0xF7, 0x4A, 0x49, 0xC6, 0x38, 0x04, 0xFF, 0x8D, 0xF7, 0xBE,
    0x9C, 0xF3, 0x6B, 0x4D, 0xEF, 0x7D, 0xF7, 0xBE, 0xB5, 0x96, 0xF7, 0x9E, 0x02, 0xFF, 0x87, 0xE7,
    0x3C, 0x9C, 0xD3, 0xAD, 0x75, 0xF7, 0xBE, 0x02, 0xFF, 0x81, 0xCE, 0x79, 0x10, 0x00, 0x8B, 0x08,
    0x41, 0x7B, 0xEF, 0xF7, 0x9E, 0xEF, 0x7D, 0x73, 0x8E, 0x00, 0x20, 0x7A, 0x00, 0x8F, 0x21, 0x24,
    0xA5, 0x14, 0xF7, 0x9E, 0xF7, 0xBE, 0xB5, 0x96, 0x42, 0x08, 0x9C, 0xD3, 0xEF, 0x7D, 0x03, 0xFF,
    0x80, 0xDF, 0x02, 0xFF, 0x89, 0xDE, 0xDB, 0x73, 0x8E, 0xEF, 0x5D, 0xF7, 0x9E, 0x52, 0x8A, 0x02,
    0x00, 0x83, 0x29, 0x65, 0xC6, 0x38, 0x07, 0xFF, 0x86, 0xDF, 0x84, 0x30, 0x10, 0xA2, 0xCE, 0x59,
    0x02, 0xFF, 0x85, 0xA5, 0x14, 0x52, 0x8A, 0xEF, 0x5D, 0x03, 0xFF, 0x8A, 0xDF, 0xFF, 0xDF, 0xBD,
    0xF7, 0x42, 0x28, 0x84, 0x10, 0xEF, 0x7D, 0x04, 0xFF, 0x87, 0xBD, 0xF7, 0x29, 0x65, 0x8C, 0x51,
    0xF7, 0xBE, 0x03, 0xFF, 0x80, 0xDF, 0x03, 0xFF, 0x88, 0xDF, 0x94, 0x92, 0x08, 0x61, 0x52, 0xAA,
    0xEF, 0x5D, 0x02, 0xFF, 0x81, 0xD6, 0x9A, 0x0E, 0x00, 0x85, 0x08, 0x41, 0x63, 0x2C, 0xDE, 0xFB,
    0x02, 0xFF, 0x83, 0xB5, 0xB6, 0x21, 0x24, 0x7A, 0x00, 0xA7, 0x21, 0x04, 0xAD, 0x55, 0xFF, 0xDF,
    0xFF, 0xDF, 0xB5, 0x96, 0x29, 0x65, 0x8C, 0x51, 0xF7, 0xBE, 0xFF, 0xDF, 0xCE, 0x59, 0xAD, 0x75,
    0xF7, 0xBE, 0xD6, 0xBA, 0x8C, 0x51, 0xFF, 0xDF, 0xDE, 0xFB, 0x21, 0x24, 0x08, 0x41, 0x8C, 0x51,
    0xF7, 0xBE, 0x06, 0xFF, 0x8F, 0xDE, 0xDB, 0x21, 0x24, 0x21, 0x24, 0xDE, 0xDB, 0xFF, 0xDF, 0x8C,
    0x51, 0x52, 0x8A, 0xE7, 0x3C, 0x03, 0xFF, 0x88, 0xDF, 0xB5, 0xB6, 0x39, 0xC7, 0x73, 0xAE, 0xE7,
    0x3C, 0x04, 0xFF, 0x87, 0xEF, 0x5D, 0x4A, 0x69, 0x08, 0x61, 0xB5, 0xB6, 0x08, 0xFF, 0x8D, 0xEF,
    0x7D, 0x52, 0x8A, 0x00, 0x20, 0x94, 0x92, 0xFF, 0xDF, 0xF7, 0xBE, 0x8C, 0x71, 0x0C, 0x00, 0x85,
    0x10, 0x82, 0x6B, 0x6D, 0xDE, 0xFB, 0x02, 0xFF, 0x83, 0xD6, 0x9A, 0x42, 0x28, 0x7A, 0x00, 0x83,
    0x18, 0xC3, 0xB5, 0x96, 0x03, 0xFF, 0x88, 0xDF, 0xAD, 0x75, 0x29, 0x45, 0x21, 0x04, 0xBD, 0xF7,
    0x02, 0xFF, 0x8B, 0xC6, 0x38, 0x29, 0x65, 0x73, 0xAE, 0xF7, 0x9E, 0xDE, 0xDB, 0x9C, 0xD3, 0x02,
    0xFF, 0x87, 0xD6, 0x9A, 0x10, 0x82, 0x4A, 0x69, 0xE7, 0x1C, 0x07, 0xFF, 0x82, 0xDF, 0xA5, 0x34,
    0x02, 0x00, 0x89, 0x39, 0xE7, 0xEF, 0x7D, 0xF7, 0x9E, 0x7B, 0xEF, 0xC6, 0x18, 0x04, 0xFF, 0x87,
    0xDE, 0xDB, 0x4A, 0x69, 0x94, 0x92, 0xEF, 0x5D, 0x06, 0xFF, 0x87, 0xAD, 0x55, 0x08, 0x41, 0x31,
    0x86, 0xD6, 0x9A, 0x04, 0xFF, 0x8B, 0xF7, 0x9E, 0xFF, 0xDF, 0xEF, 0x7D, 0x5A, 0xEB, 0x5A, 0xEB,
    0xDE, 0xDB, 0x02, 0xFF, 0x83, 0xD6, 0x9A, 0x29, 0x65, 0x09, 0x00, 0x86, 0x20, 0x31, 0x86, 0x94,
    0xB2, 0xEF, 0x5D, 0x02, 0xFF, 0x83, 0xDE, 0xDB, 0x4A, 0x69, 0x6E, 0x00, 0x89, 0x18, 0xE3, 0x94,
    0xB2, 0xBD, 0xF7, 0xA5, 0x14, 0x31, 0x86, 0x02, 0x00, 0x83, 0x31, 0xA6, 0xC6, 0x18, 0x03, 0xFF,
    0x84, 0xDF, 0xA5, 0x14, 0x18, 0xC3, 0x02, 0x00, 0x91, 0x08, 0x61, 0x9C, 0xF3, 0xFF, 0xDF, 0xEF,
    0x7D, 0x73, 0x8E, 0x73, 0x8E, 0xEF, 0x7D, 0xDE, 0xFB, 0x9C, 0xF3, 0x02, 0xFF, 0x85, 0xD6, 0x9A,
    0x29, 0x45, 0xBD, 0xF7, 0x02, 0xFF, 0x83, 0xEF, 0x5D, 0xF7, 0x9E, 0x02, 0xFF, 0x83, 0xF7, 0x9E,
    0x63, 0x2C, 0x02, 0x00, 0x87, 0x42, 0x28, 0xF7, 0x9E, 0xFF, 0xDF, 0xE7, 0x1C, 0x03, 0xFF, 0x82,
    0xDF, 0xFF, 0xDF, 0x02, 0xFF, 0x81, 0xF7, 0x9E, 0x03, 0xFF, 0x82, 0xDF, 0xF7, 0xBE, 0x02, 0xFF,
    0x83, 0xEF, 0x5D, 0x4A, 0x69, 0x02, 0x00, 0x83, 0x42, 0x08, 0xE7, 0x1C, 0x02, 0xFF, 0x85, 0xEF,
    0x7D, 0x94, 0xB2, 0xD6, 0x9A, 0x02, 0xFF, 0x83, 0xF7, 0x9E, 0xF7, 0xBE, 0x04, 0xFF, 0x97, 0xE7,
    0x1C, 0x8C, 0x71, 0x4A, 0x49, 0x39, 0xC7, 0x4A, 0x49, 0x73, 0xAE, 0xB5, 0xB6, 0xE7, 0x1C, 0xFF,
    0xDF, 0xFF, 0xDF, 0xCE, 0x59, 0x42, 0x28, 0x70, 0x00, 0x83, 0x8C, 0x71, 0xFF, 0xDF, 0x02, 0xFF,
    0x87, 0xF7, 0x9E, 0x7B, 0xEF, 0x73, 0x8E, 0xD6, 0xBA, 0x02, 0xFF, 0x85, 0xEF, 0x7D, 0x94, 0xB2,
    0x21, 0x04, 0x06, 0x00, 0x83, 0x42, 0x08, 0xCE, 0x79, 0x02, 0xFF, 0x97, 0xEF, 0x7D, 0xC6, 0x18,
    0xF7, 0x9E, 0xE7, 0x3C, 0x8C, 0x71, 0xF7, 0xBE, 0xEF, 0x5D, 0xB5, 0xB6, 0xFF, 0xDF, 0xEF, 0x7D,
    0x9C, 0xF3, 0xE7, 0x3C, 0x02, 0xFF, 0x83, 0xD6, 0x9A, 0x10, 0x82, 0x02, 0x00, 0x83, 0x42, 0x08,
    0xEF, 0x7D, 0x04, 0xFF, 0x95, 0xF7, 0x9E, 0x94, 0x92, 0xA5, 0x14, 0xE7, 0x1C, 0xF7, 0x9E, 0xDE,
    0xDB, 0xA5, 0x14, 0x7B, 0xCF, 0xBD, 0xF7, 0x8C, 0x51, 0x08, 0x41, 0x02, 0x00, 0x95, 0x21, 0x24,
    0xB5, 0xB6, 0xDE, 0xFB, 0x94, 0x92, 0x18, 0xE3, 0x7B, 0xCF, 0xDE, 0xDB, 0xF7, 0x9E, 0xEF, 0x5D,
    0xCE, 0x79, 0xE7, 0x1C, 0x03, 0xFF, 0x88, 0xDF, 0xFF, 0xDF, 0xFF, 0xDF, 0xFF, 0xDF, 0xFF, 0xDF,
    0x03, 0xFF, 0x86, 0xDF, 0xDE, 0xFB, 0x9C, 0xF3, 0x31, 0xA6, 0x72, 0x00, 0x83, 0x94, 0xB2, 0xFF,
    0xDF, 0x04, 0xFF, 0x83, 0xE7, 0x3C, 0xF7, 0x9E, 0x02, 0xFF, 0x85, 0xE7, 0x3C, 0x7B, 0xEF, 0x10,
    0xA2, 0x0A, 0x00, 0x85, 0x4A, 0x49, 0xCE, 0x59, 0xFF, 0xDF, 0x04, 0xFF, 0x85, 0xE7, 0x3C, 0x63,
    0x0C, 0xD6, 0x9A, 0x04, 0xFF, 0x8B, 0xF7, 0xBE, 0xA5, 0x14, 0x4A, 0x69, 0xDE, 0xFB, 0xFF, 0xDF,
    0x94, 0xB2, 0x04, 0x00, 0x82, 0x10, 0xA2, 0xBD, 0x02, 0xF7, 0x96, 0xBE, 0xE7, 0x1C, 0x8C, 0x51,
    0x10, 0xA2, 0x10, 0xA2, 0x4A, 0x69, 0x63, 0x0C, 0x42, 0x28, 0x10, 0xA2, 0x08, 0x41, 0x21, 0x24,
    0x10, 0x82, 0x06, 0x00, 0x85, 0x31, 0x86, 0x4A, 0x49, 0x18, 0xC3, 0x02, 0x00, 0x9F, 0x08, 0x41,
    0x42, 0x08, 0x63, 0x0C, 0x5A, 0xCB, 0x31, 0x86, 0x5A, 0xCB, 0xB5, 0xB6, 0xDE, 0xDB, 0xF7, 0x9E,
    0xF7, 0xBE, 0xEF, 0x7D, 0xDE, 0xDB, 0xC6, 0x38, 0x94, 0xB2, 0x4A, 0x69, 0x10, 0xA2, 0x74, 0x00,
    0x8F, 0x39, 0xE7, 0xC6, 0x38, 0xF7, 0x9E, 0xFF, 0xDF, 0xFF, 0xDF, 0xEF, 0x7D, 0xCE, 0x59, 0x6B,
    0x6D, 0x10, 0x00, 0x9D, 0x39, 0xE7, 0xAD, 0x75, 0xE7, 0x3C, 0xEF, 0x7D, 0xB5, 0xB6, 0x29, 0x65,
    0x7B, 0xCF, 0xDE, 0xDB, 0xDE, 0xFB, 0x9C, 0xF3, 0x29, 0x65, 0x10, 0xA2, 0x8C, 0x71, 0xAD, 0x55,
    0x42, 0x08, 0x06, 0x00, 0x87, 0x42, 0x08, 0x73, 0x8E, 0x52, 0xAA, 0x00, 0x20, 0x2C, 0x00, 0x8D,
    0x08, 0x61, 0x42, 0x08, 0x63, 0x2C, 0x6B, 0x4D, 0x63, 0x2C, 0x42, 0x08, 0x18, 0xC3, 0x7C, 0x00,
    0x8B, 0x31, 0xA6, 0x7B, 0xCF, 0x8C, 0x71, 0x8C, 0x71, 0x6B, 0x6D, 0x29, 0x65, 0x14, 0x00, 0x87,
    0x10, 0xA2, 0x5A, 0xCB, 0x6B, 0x6D, 0x39, 0xC7, 0x02, 0x00, 0x87, 0x08, 0x41, 0x39, 0xE7, 0x42,
    0x28, 0x10, 0x82, 0x07, 0x00, 0x80, 0x20, 0x7F, 0x00, 0x7F, 0x00, 0x7F, 0x00, 0x7F, 0x00, 0x7F,
    0x00, 0x7F, 0x00, 0x7F, 0x00, 0x7F, 0x00, 0x7F, 0x00, 0x7F, 0x00, 0x7F, 0x00, 0x7F, 0x00, 0x7F,
    0x00, 0x7F, 0x00, 0x7F, 0x00, 0x7F, 0x00, 0x7F, 0x00, 0x7F, 0x00, 0x7F, 0x00, 0x7F, 0x00, 0x7F,
    0x00, 0x7F, 0x00, 0x7F, 0x00, 0x5B, 0x00, 0x02, 0xFD, 0x06, 0x00, 0x00, 0x08, 0x00, 0x01, 0xFF,
    0x64, 0x00, 0x05, 0xFA, 0x31, 0x24, 0x00, 0x7F, 0x00, 0x7F, 0x00, 0x7F, 0x00, 0x7F, 0x00, 0x7F,
    0x00, 0x7F, 0x00, 0x7F, 0x00, 0x7F, 0x00, 0x7F, 0x00, 0x7F, 0x00, 0x7F, 0x00, 0x7F, 0x00, 0x7F,
    0x00, 0x7F, 0x00, 0x7F, 0x00, 0x7F, 0x00, 0x7F, 0x00, 0x7F, 0x00, 0x7F, 0x00, 0x7F, 0x00, 0x7F,
    0x00, 0x7F, 0x00, 0x7F, 0x00, 0x7F, 0x00, 0x7F, 0x00, 0x7F, 0x00, 0x7F, 0x00, 0x7F, 0x00, 0x7F,
    0x00, 0x7F, 0x00, 0x7F, 0x00, 0x7F, 0x00, 0x7F, 0x00, 0x7F, 0x00, 0x7F, 0x00, 0x12, 0x00, 0x96,
    0x20, 0x18, 0xE3, 0x4A, 0x69, 0x73, 0xAE, 0x84, 0x10, 0x8C, 0x71, 0x94, 0xB2, 0x94, 0x92, 0x84,
    0x30, 0x7B, 0xCF, 0x42, 0x28, 0x10, 0x82, 0x7F, 0x00, 0x64, 0x00, 0xA0, 0x20, 0x39, 0xE7, 0x73,
    0xAE, 0xA5, 0x34, 0xCE, 0x79, 0xE7, 0x1C, 0xF7, 0xBE, 0xFF, 0xDF, 0xFF, 0xDF, 0xFF, 0xDF, 0xFF,
    0xDF, 0xFF, 0xDF, 0xF7, 0xBE, 0xDE, 0xFB, 0xC6, 0x18, 0x7B, 0xEF, 0x29, 0x65, 0x10, 0x00, 0x89,
    0x10, 0x82, 0x21, 0x04, 0x29, 0x45, 0x21, 0x04, 0x08, 0x61, 0x7F, 0x00, 0x41, 0x00, 0xA7, 0x08,
    0x41, 0x4A, 0x49, 0x9C, 0xD3, 0xD6, 0x9A, 0xEF, 0x7D, 0xFF, 0xDF, 0xFF, 0xDF, 0xEF, 0x7D, 0xE7,
    0x3C, 0xDE, 0xFB, 0xCE, 0x59, 0xBD, 0xF7, 0xC6, 0x38, 0xDE, 0xFB, 0xE7, 0x3C, 0xF7, 0x9E, 0xFF,
    0xDF, 0xEF, 0x7D, 0xBD, 0xD7, 0x42, 0x08, 0x08, 0x00, 0x99, 0x39, 0xC7, 0x7B, 0xCF, 0xAD, 0x75,
    0xBD, 0xF7, 0xC6, 0x38, 0xCE, 0x59, 0xC6, 0x38, 0xBD, 0xD7, 0xAD, 0x75, 0x84, 0x30, 0x5A, 0xEB,
    0x31, 0xA6, 0x08, 0x61, 0x7F, 0x00, 0x35, 0x00, 0xAB, 0x29, 0x65, 0x84, 0x30, 0xD6, 0x9A, 0xF7,
    0xBE, 0xFF, 0xDF, 0xE7, 0x3C, 0xC6, 0x18, 0x94, 0xB2, 0x73, 0x8E, 0x42, 0x28, 0x31, 0x86, 0x21,
    0x24, 0x18, 0xE3, 0x21, 0x04, 0x29, 0x65, 0x42, 0x08, 0x7B, 0xEF, 0xB5, 0xB6, 0xEF, 0x7D, 0xFF,
    0xDF, 0xB5, 0x96, 0x18, 0xC3, 0x02, 0x00, 0x87, 0x08, 0x41, 0x6B, 0x6D, 0xC6, 0x38, 0xF7, 0x9E,
    0x03, 0xFF, 0x86, 0xDF, 0xF7, 0xBE, 0xF7, 0xBE, 0xFF, 0xDF, 0x04, 0xFF, 0x8D, 0xF7, 0xBE, 0xEF,
    0x5D, 0xCE, 0x79, 0xAD, 0x55, 0x73, 0xAE, 0x42, 0x28, 0x18, 0xE3, 0x7F, 0x00, 0x2D, 0x00, 0x91,
    0x4A, 0x49, 0xB5, 0xB6, 0xF7, 0x9E, 0xFF, 0xDF, 0xDE, 0xFB, 0xA5, 0x14, 0x52, 0x8A, 0x21, 0x24,
    0x00, 0x20, 0x12, 0x00, 0x89, 0x21, 0x04, 0x9C, 0xD3, 0xF7, 0xBE, 0xEF, 0x7D, 0x5A, 0xCB, 0x02,
    0x00, 0x9B, 0x6B, 0x6D, 0xE7, 0x1C, 0xFF, 0xDF, 0xEF, 0x5D, 0xBD, 0xF7, 0xA5, 0x34, 0x8C, 0x71,
    0x84, 0x30, 0x8C, 0x71, 0xAD, 0x55, 0xBD, 0xD7, 0xD6, 0xBA, 0xF7, 0x9E, 0xFF, 0xDF, 0x02, 0xFF,
    0x8B, 0xEF, 0x7D, 0xD6, 0xBA, 0xB5, 0x96, 0x73, 0xAE, 0x31, 0xA6, 0x08, 0x41, 0x7F, 0x00, 0x25,
    0x00, 0x83, 0x4A, 0x49, 0xD6, 0x9A, 0x02, 0xFF, 0x87, 0xEF, 0x7D, 0xAD, 0x75, 0x4A, 0x69, 0x08,
    0x41, 0x1A, 0x00, 0x83, 0x31, 0xA6, 0xD6, 0x9A, 0x02, 0xFF, 0x85, 0x9C, 0xF3, 0x29, 0x65, 0xD6,
    0x9A, 0x02, 0xFF, 0x85, 0xCE, 0x79, 0x63, 0x2C, 0x18, 0xC3, 0x03, 0x00, 0x82, 0x20, 0x00, 0x20,
    0x04, 0x00, 0x8D, 0x10, 0x82, 0x31, 0xA6, 0x5A, 0xCB, 0x94, 0xB2, 0xBD, 0xF7, 0xE7, 0x1C, 0xFF,
    0xDF, 0x02, 0xFF, 0x89, 0xF7, 0x9E, 0xCE, 0x79, 0x8C, 0x51, 0x42, 0x08, 0x10, 0xA2, 0x7F, 0x00,
    0x1F, 0x00, 0x83, 0x42, 0x08, 0xCE, 0x79, 0x02, 0xFF, 0x85, 0xE7, 0x1C, 0x7B, 0xCF, 0x18, 0xC3,
    0x10, 0x00, 0x85, 0x08, 0x41, 0x08, 0x61, 0x08, 0x41, 0x08, 0x00, 0x83, 0x10, 0x82, 0xCE, 0x59,
    0x02, 0xFF, 0x89, 0xAD, 0x75, 0x84, 0x30, 0xFF, 0xDF, 0xE7, 0x1C, 0x5A, 0xCB, 0x02, 0x00, 0x8D,
    0x29, 0x65, 0x63, 0x0C, 0x7B, 0xEF, 0x7B, 0xCF, 0x63, 0x0C, 0x39, 0xC7, 0x00, 0x20, 0x06, 0x00,
    0x89, 0x10, 0xA2, 0x42, 0x08, 0x7B, 0xEF, 0xC6, 0x18, 0xEF, 0x7D, 0x03, 0xFF, 0x88, 0xDF, 0xDE,
    0xFB, 0xA5, 0x14, 0x4A, 0x49, 0x00, 0x20, 0x7F, 0x00, 0x19, 0x00, 0x8B, 0x29, 0x65, 0xB5, 0x96,
    0xFF, 0xDF, 0xE7, 0x3C, 0x6B, 0x4D, 0x08, 0x41, 0x08, 0x00, 0xA1, 0x08, 0x61, 0x39, 0xC7, 0x6B,
    0x6D, 0xA5, 0x14, 0xC6, 0x38, 0xCE, 0x59, 0xCE, 0x79, 0xCE, 0x59, 0xC6, 0x38, 0x9C, 0xD3, 0x6B,
    0x6D, 0x42, 0x28, 0x63, 0x0C, 0xE7, 0x3C, 0xFF, 0xDF, 0x8C, 0x51, 0xCE, 0x59, 0x02, 0xFF, 0x89,
    0xAD, 0x55, 0x18, 0xE3, 0x73, 0xAE, 0xD6, 0xBA, 0xFF, 0xDF, 0x05, 0xFF, 0x86, 0xDF, 0xE7, 0x3C,
    0xA5, 0x14, 0x31, 0x86, 0x0A, 0x00, 0x89, 0x08, 0x61, 0x52, 0x8A, 0xA5, 0x34, 0xDE, 0xFB, 0xFF,
    0xDF, 0x02, 0xFF, 0x87, 0xEF, 0x5D, 0xA5, 0x34, 0x42, 0x28, 0x08, 0x61, 0x7F, 0x00, 0x13, 0x00,
    0x8B, 0x08, 0x61, 0x94, 0x92, 0xF7, 0xBE, 0xEF, 0x7D, 0x73, 0xAE, 0x08, 0x61, 0x06, 0x00, 0x89,
    0x10, 0xA2, 0x63, 0x0C, 0xAD, 0x75, 0xDE, 0xFB, 0xFF, 0xDF, 0x0F, 0xFF, 0x84, 0xDF, 0xE7, 0x3C,
    0xDE, 0xFB, 0x02, 0xFF, 0x9F, 0xE7, 0x3C, 0x73, 0xAE, 0xEF, 0x7D, 0xF7, 0xBE, 0x63, 0x0C, 0x7B,
    0xEF, 0xE7, 0x3C, 0xFF, 0xDF, 0xE7, 0x3C, 0xCE, 0x59, 0xCE, 0x79, 0xE7, 0x1C, 0xFF, 0xDF, 0xFF,
    0xDF, 0xAD, 0x55, 0x18, 0xC3, 0x06, 0x00, 0x8F, 0x10, 0x82, 0x21, 0x24, 0x21, 0x04, 0x18, 0xE3,
    0x42, 0x28, 0x8C, 0x51, 0xCE, 0x79, 0xF7, 0xBE, 0x02, 0xFF, 0x87, 0xE7, 0x1C, 0xA5, 0x14, 0x4A,
    0x49, 0x08, 0x41, 0x7F, 0x00, 0x0F, 0x00, 0x89, 0x4A, 0x49, 0xD6, 0xBA, 0xFF, 0xDF, 0xA5, 0x34,
    0x10, 0x82, 0x04, 0x00, 0x9B, 0x18, 0xC3, 0x52, 0x8A, 0xAD, 0x75, 0xEF, 0x5D, 0xFF, 0xDF, 0xF7,
    0xBE, 0xE7, 0x1C, 0xBD, 0xF7, 0xA5, 0x14, 0x9C, 0xD3, 0x9C, 0xD3, 0x9C, 0xD3, 0xA5, 0x34, 0xDE,
    0xDB, 0x08, 0xFF, 0x83, 0xF7, 0xBE, 0xDE, 0xFB, 0x02, 0xFF, 0xBB, 0xD6, 0x9A, 0x4A, 0x69, 0xD6,
    0x9A, 0xFF, 0xDF, 0xCE, 0x59, 0x5A, 0xCB, 0x31, 0x86, 0x31, 0x86, 0x4A, 0x49, 0x9C, 0xF3, 0xFF,
    0xDF, 0xE7, 0x3C, 0x63, 0x0C, 0x42, 0x28, 0x73, 0x8E, 0xA5, 0x34, 0xBD, 0xD7, 0xCE, 0x79, 0xCE,
    0x59, 0xBD, 0xD7, 0x94, 0xB2, 0x4A, 0x69, 0x39, 0xE7, 0x8C, 0x51, 0xD6, 0xBA, 0xF7, 0xBE, 0xFF,
    0xDF, 0xDE, 0xFB, 0x8C, 0x71, 0x29, 0x65, 0x7F, 0x00, 0x0D, 0x00, 0x9F, 0x7B, 0xEF, 0xF7, 0x9E,
    0xE7, 0x3C, 0x4A, 0x49, 0x18, 0xC3, 0x39, 0xC7, 0x73, 0x8E, 0xAD, 0x75, 0xE7, 0x3C, 0xFF, 0xDF,
    0xF7, 0x9E, 0xCE, 0x59, 0x8C, 0x51, 0x4A, 0x69, 0x29, 0x45, 0x08, 0x41, 0x04, 0x00, 0x85, 0x39,
    0xC7, 0x94, 0x92, 0xDE, 0xFB, 0x03, 0xFF, 0x86, 0xDF, 0xDE, 0xDB, 0xD6, 0x9A, 0xF7, 0xBE, 0x04,
    0xFF, 0x9D, 0xDE, 0xFB, 0xAD, 0x55, 0xF7, 0xBE, 0xE7, 0x1C, 0x63, 0x0C, 0x00, 0x20, 0x08, 0x41,
    0x18, 0xC3, 0x29, 0x65, 0x73, 0xAE, 0xF7, 0xBE, 0xFF, 0xDF, 0xD6, 0x9A, 0xE7, 0x3C, 0xF7, 0x9E,
    0x04, 0xFF, 0x83, 0xF7, 0xBE, 0xF7, 0xBE, 0x03, 0xFF, 0x96, 0xDF, 0xE7, 0x1C, 0x9C, 0xF3, 0x29,
    0x45, 0x42, 0x28, 0x94, 0xB2, 0xDE, 0xDB, 0xFF, 0xDF, 0xF7, 0x9E, 0xC6, 0x18, 0x6B, 0x6D, 0x10,
    0xA2, 0x7F, 0x00, 0x09, 0x00, 0x97, 0x94, 0x92, 0xFF, 0xDF, 0xE7, 0x1C, 0x9C, 0xF3, 0xBD, 0xD7,
    0xDE, 0xFB, 0xEF, 0x7D, 0xFF, 0xDF, 0xF7, 0xBE, 0xD6, 0xBA, 0x8C, 0x71, 0x31, 0xA6, 0x0A, 0x00,
    0x93, 0x52, 0x8A, 0xCE, 0x79, 0xFF, 0xDF, 0xFF, 0xDF, 0xE7, 0x3C, 0xAD, 0x75, 0x4A, 0x69, 0x42,
    0x08, 0xA5, 0x14, 0xFF, 0xDF, 0x05, 0xFF, 0x80, 0xDF, 0x02, 0xFF, 0x8D, 0xDE, 0xFB, 0x9C, 0xD3,
    0x94, 0x92, 0x9C, 0xF3, 0xBD, 0xF7, 0xDE, 0xFB, 0xEF, 0x5D, 0x05, 0xFF, 0xA0, 0xDF, 0xF7, 0x9E,
    0xE7, 0x3C, 0xC6, 0x38, 0xB5, 0x96, 0x8C, 0x71, 0x8C, 0x71, 0xB5, 0xB6, 0xDE, 0xFB, 0xFF, 0xDF,
    0xFF, 0xDF, 0xAD, 0x75, 0x08, 0x61, 0x08, 0x41, 0x52, 0x8A, 0xAD, 0x75, 0xEF, 0x5D, 0x02, 0xFF,
    0x87, 0xEF, 0x7D, 0xA5, 0x14, 0x31, 0xA6, 0x00, 0x20, 0x7F, 0x00, 0x05, 0x00, 0x83, 0x63, 0x2C,
    0xE7, 0x1C, 0x07, 0xFF, 0x88, 0xDF, 0xE7, 0x3C, 0xC6, 0x38, 0x8C, 0x71, 0x42, 0x28, 0x0C, 0x00,
    0x83, 0x18, 0xC3, 0xC6, 0x18, 0x02, 0xFF, 0x87, 0xEF, 0x7D, 0xAD, 0x55, 0x63, 0x0C, 0x08, 0x61,
    0x04, 0x00, 0x87, 0x8C, 0x71, 0xFF, 0xDF, 0xEF, 0x5D, 0xF7, 0x9E, 0x0D, 0xFF, 0x82, 0xDF, 0xFF,
    0xDF, 0x03, 0xFF, 0x9C, 0xDF, 0xD6, 0x9A, 0xA5, 0x14, 0x7B, 0xCF, 0x52, 0xAA, 0x18, 0xE3, 0x00,
    0x20, 0x00, 0x20, 0x00, 0x20, 0x00, 0x20, 0x4A, 0x69, 0xB5, 0x96, 0xF7, 0xBE, 0xF7, 0xBE, 0x4A,
    0x69, 0x04, 0x00, 0x8F, 0x18, 0xC3, 0x73, 0x8E, 0xC6, 0x38, 0xF7, 0xBE, 0xFF, 0xDF, 0xCE, 0x59,
    0x63, 0x2C, 0x10, 0xA2, 0x7F, 0x00, 0x03, 0x00, 0x8F, 0x10, 0x82, 0x6B, 0x4D, 0xB5, 0x96, 0xCE,
    0x59, 0xAD, 0x75, 0x8C, 0x51, 0x52, 0xAA, 0x18, 0xE3, 0x10, 0x00, 0x83, 0x31, 0xA6, 0xDE, 0xDB,
    0x02, 0xFF, 0x83, 0xA5, 0x34, 0x08, 0x41, 0x06, 0x00, 0x83, 0x18, 0xE3, 0xBD, 0xD7, 0x02, 0xFF,
    0xAF, 0xE7, 0x1C, 0xEF, 0x7D, 0xFF, 0xDF, 0xC6, 0x38, 0xC6, 0x18, 0xD6, 0xBA, 0xDE, 0xDB, 0xC6,
    0x38, 0xA5, 0x14, 0xA5, 0x34, 0xF7, 0xBE, 0xF7, 0xBE, 0x9C, 0xF3, 0x7B, 0xCF, 0x84, 0x10, 0x8C,
    0x51, 0x8C, 0x51, 0x8C, 0x51, 0x84, 0x10, 0x73, 0xAE, 0x6B, 0x4D, 0x5A, 0xEB, 0x6B, 0x4D, 0xDE,
    0xFB, 0x02, 0xFF, 0x83, 0x94, 0x92, 0x10, 0x82, 0x06, 0x00, 0x85, 0x31, 0x86, 0x94, 0xB2, 0xEF,
    0x5D, 0x02, 0xFF, 0x85, 0xEF, 0x5D, 0x94, 0x92, 0x21, 0x24, 0x7F, 0x00, 0x21, 0x00, 0x83, 0x10,
    0xA2, 0xBD, 0xF7, 0x02, 0xFF, 0x8D, 0xE7, 0x3C, 0x63, 0x2C, 0x31, 0x86, 0x29, 0x45, 0x42, 0x28,
    0x7B, 0xCF, 0xE7, 0x3C, 0x06, 0xFF, 0x83, 0xD6, 0x9A, 0x4A, 0x49, 0x0A, 0x00, 0x83, 0x52, 0xAA,
    0xEF, 0x7D, 0x1C, 0xFF, 0x99, 0xE7, 0x1C, 0xB5, 0x96, 0x73, 0xAE, 0x4A, 0x69, 0x21, 0x04, 0x08,
    0x41, 0x08, 0x41, 0x63, 0x0C, 0xD6, 0x9A, 0xFF, 0xDF, 0xF7, 0xBE, 0xAD, 0x75, 0x31, 0xA6, 0x7F,
    0x00, 0x21, 0x00, 0x83, 0x52, 0x8A, 0xDE, 0xFB, 0x04, 0xFF, 0x85, 0xEF, 0x7D, 0xEF, 0x5D, 0xF7,
    0xBE, 0x06, 0xFF, 0x85, 0xEF, 0x7D, 0xAD, 0x75, 0x42, 0x08, 0x0C, 0x00, 0x9B, 0x10, 0xA2, 0x94,
    0x92, 0xD6, 0x9A, 0xDE, 0xDB, 0xD6, 0x9A, 0xCE, 0x59, 0xC6, 0x38, 0xC6, 0x38, 0xC6, 0x38, 0xCE,
    0x59, 0xD6, 0xBA, 0xEF, 0x5D, 0xEF, 0x7D, 0xF7, 0xBE, 0x0A, 0xFF, 0x8F, 0xF7, 0xBE, 0xE7, 0x1C,
    0xBD, 0xF7, 0x8C, 0x51, 0x29, 0x65, 0x29, 0x65, 0xAD, 0x55, 0xF7, 0xBE, 0x02, 0xFF, 0x83, 0xCE,
    0x79, 0x5A, 0xCB, 0x7F, 0x00, 0x20, 0x00, 0x8E, 0x20, 0x52, 0xAA, 0xC6, 0x18, 0xE7, 0x1C, 0xF7,
    0x9E, 0xF7, 0x9E, 0xEF, 0x7D, 0xFF, 0xDF, 0x02, 0xFF, 0x85, 0xCE, 0x59, 0x4A, 0x49, 0x10, 0xA2,
    0x10, 0x00, 0x99, 0x08, 0x61, 0x29, 0x65, 0x31, 0x86, 0x29, 0x45, 0x21, 0x24, 0x21, 0x04, 0x21,
    0x04, 0x21, 0x04, 0x21, 0x24, 0x29, 0x65, 0x39, 0xC7, 0x52, 0xAA, 0xCE, 0x59, 0x02, 0xFF, 0x8B,
    0xE7, 0x3C, 0xAD, 0x75, 0xBD, 0xD7, 0xD6, 0xBA, 0xEF, 0x5D, 0xFF, 0xDF, 0x03, 0xFF, 0x8A, 0xDF,
    0xEF, 0x7D, 0xAD, 0x75, 0x5A, 0xEB, 0x94, 0x92, 0xEF, 0x5D, 0x02, 0xFF, 0x83, 0xE7, 0x1C, 0x6B,
    0x6D, 0x7F, 0x00, 0x07, 0x00, 0x89, 0x08, 0x61, 0x5A, 0xEB, 0x84, 0x30, 0x5A, 0xCB, 0x08, 0x61,
    0x10, 0x00, 0x8F, 0x21, 0x24, 0x4A, 0x49, 0x63, 0x0C, 0x63, 0x2C, 0x84, 0x30, 0xEF, 0x7D, 0xF7,
    0xBE, 0x73, 0x8E, 0x28, 0x00, 0x99, 0x63, 0x2C, 0xCE, 0x79, 0xFF, 0xDF, 0xEF, 0x7D, 0x7B, 0xEF,
    0x00, 0x20, 0x18, 0xC3, 0x39, 0xC7, 0x52, 0xAA, 0x84, 0x10, 0xBD, 0xD7, 0xE7, 0x1C, 0xFF, 0xDF,
    0x02, 0xFF, 0x87, 0xEF, 0x7D, 0xAD, 0x75, 0x84, 0x10, 0xD6, 0xBA, 0x02, 0xFF, 0x83, 0xEF, 0x5D,
    0x84, 0x10, 0x7F, 0x00, 0x03, 0x00, 0x8D, 0x29, 0x65, 0xB5, 0x96, 0xEF, 0x7D, 0xFF, 0xDF, 0xEF,
    0x7D, 0xBD, 0xF7, 0x5A, 0xCB, 0x15, 0x00, 0x88, 0x20, 0xAD, 0x55, 0xFF, 0xDF, 0xD6, 0x9A, 0x29,
    0x45, 0x24, 0x00, 0x85, 0x29, 0x45, 0x9C, 0xF3, 0xEF, 0x5D, 0x02, 0xFF, 0x85, 0xEF, 0x7D, 0x94,
    0x92, 0x08, 0x41, 0x0A, 0x00, 0x91, 0x10, 0x82, 0x4A, 0x49, 0x94, 0x92, 0xDE, 0xDB, 0xFF, 0xDF,
    0xFF, 0xDF, 0xCE, 0x59, 0x7B, 0xEF, 0xD6, 0xBA, 0x02, 0xFF, 0x82, 0xEF, 0x5D, 0x84, 0x02, 0x10,
    0x80, 0x82, 0x7E, 0x00, 0x89, 0x7B, 0xEF, 0xF7, 0xBE, 0xFF, 0xDF, 0xEF, 0x5D, 0xF7, 0xBE, 0x02,
    0xFF, 0x83, 0xDE, 0xFB, 0x5A, 0xCB, 0x06, 0x00, 0x87, 0x08, 0x41, 0x31, 0x86, 0x39, 0xC7, 0x08,
    0x61, 0x04, 0x00, 0x89, 0x42, 0x08, 0xDE, 0xDB, 0xFF, 0xDF, 0x9C, 0xF3, 0x00, 0x20, 0x22, 0x00,
    0x8D, 0x63, 0x2C, 0xCE, 0x79, 0xFF, 0xDF, 0xFF, 0xDF, 0xDE, 0xFB, 0x7B, 0xCF, 0x08, 0x41, 0x12,
    0x00, 0x85, 0x39, 0xC7, 0x9C, 0xF3, 0xEF, 0x7D, 0x02, 0xFF, 0x85, 0xD6, 0x9A, 0x73, 0xAE, 0xCE,
    0x79, 0x02, 0xFF, 0x85, 0xEF, 0x7D, 0x84, 0x30, 0x10, 0xA2, 0x7B, 0x00, 0x8C, 0x20, 0xAD, 0x55,
    0xFF, 0xDF, 0xBD, 0xF7, 0x4A, 0x69, 0x8C, 0x51, 0xE7, 0x1C, 0x02, 0xFF, 0x9B, 0xB5, 0xB6, 0x18,
    0xC3, 0x08, 0x61, 0x5A, 0xCB, 0xBD, 0xD7, 0xDE, 0xDB, 0xDE, 0xFB, 0xD6, 0x9A, 0x6B, 0x4D, 0x10,
    0x82, 0x94, 0xB2, 0xFF, 0xDF, 0xEF, 0x5D, 0x52, 0xAA, 0x20, 0x00, 0x85, 0x29, 0x45, 0x9C, 0xD3,
    0xEF, 0x7D, 0x02, 0xFF, 0x85, 0xF7, 0xBE, 0xB5, 0x96, 0x42, 0x08, 0x18, 0x00, 0x85, 0x08, 0x41,
    0x7B, 0xCF, 0xE7, 0x3C, 0x02, 0xFF, 0x85, 0xCE, 0x59, 0x52, 0xAA, 0xCE, 0x59, 0x02, 0xFF, 0x85,
    0xEF, 0x5D, 0x7B, 0xCF, 0x08, 0x61, 0x79, 0x00, 0x8C, 0x20, 0xA5, 0x14, 0xFF, 0xDF, 0xBD, 0xF7,
    0x29, 0x65, 0x10, 0xA2, 0x9C, 0xF3, 0x02, 0xFF, 0x87, 0xDE, 0xDB, 0x31, 0xA6, 0x8C, 0x71, 0xEF,
    0x5D, 0x05, 0xFF, 0x80, 0xDF, 0x02, 0xFF, 0x85, 0xF7, 0x9E, 0xA5, 0x14, 0xE7, 0x3C, 0x02, 0xFF,
    0x83, 0xB5, 0x96, 0x08, 0x61, 0x1D, 0x00, 0x86, 0x20, 0x4A, 0x49, 0xBD, 0xF7, 0xFF, 0xDF, 0x02,
    0xFF, 0x85, 0xDE, 0xDB, 0x7B, 0xCF, 0x08, 0x61, 0x1D, 0x00, 0x8C, 0x20, 0x7B, 0xCF, 0xEF, 0x7D,
    0xFF, 0xDF, 0xB5, 0x96, 0x39, 0xE7, 0xD6, 0xBA, 0x02, 0xFF, 0x85, 0xE7, 0x3C, 0x73, 0xAE, 0x00,
    0x20, 0x78, 0x00, 0x8B, 0x73, 0xAE, 0xF7, 0x9E, 0xF7, 0xBE, 0xA5, 0x14, 0x73, 0xAE, 0xEF, 0x7D,
    0x02, 0xFF, 0x85, 0xB5, 0xB6, 0x94, 0x92, 0xF7, 0xBE, 0x02, 0xFF, 0x87, 0xDE, 0xFB, 0x94, 0xB2,
    0x84, 0x10, 0xDE, 0xFB, 0x06, 0xFF, 0x83, 0xE7, 0x3C, 0x4A, 0x49, 0x1E, 0x00, 0x83, 0x63, 0x2C,
    0xDE, 0xDB, 0x03, 0xFF, 0x84, 0xDF, 0xAD, 0x55, 0x29, 0x65, 0x22, 0x00, 0x8D, 0x08, 0x61, 0x8C,
    0x71, 0xF7, 0xBE, 0xF7, 0x9E, 0x73, 0x8E, 0x39, 0xC7, 0xDE, 0xFB, 0x02, 0xFF, 0x83, 0xDE, 0xFB,
    0x52, 0xAA, 0x78, 0x00, 0x89, 0x18, 0xC3, 0xAD, 0x75, 0xFF, 0xDF, 0xFF, 0xDF, 0xFF, 0xDF, 0x02,
    0xFF, 0x85, 0xEF, 0x5D, 0xA5, 0x14, 0xF7, 0xBE, 0x02, 0xFF, 0x83, 0xE7, 0x3C, 0x63, 0x0C, 0x04,
    0x00, 0x83, 0x18, 0xC3, 0xDE, 0xFB, 0x03, 0xFF, 0x84, 0xDF, 0x94, 0x92, 0x00, 0x20, 0x1A, 0x00,
    0x85, 0x08, 0x41, 0x84, 0x10, 0xEF, 0x5D, 0x02, 0xFF, 0x85, 0xE7, 0x1C, 0x7B, 0xCF, 0x00, 0x20,
    0x26, 0x00, 0x83, 0x29, 0x45, 0xBD, 0xF7, 0x02, 0xFF, 0x87, 0xCE, 0x59, 0x10, 0xA2, 0x52, 0x8A,
    0xE7, 0x1C, 0x02, 0xFF, 0x83, 0xCE, 0x79, 0x42, 0x08, 0x78, 0x00, 0x85, 0x29, 0x65, 0xA5, 0x14,
    0xF7, 0xBE, 0x05, 0xFF, 0x82, 0xDF, 0xF7, 0xBE, 0x05, 0xFF, 0x84, 0xDF, 0xDE, 0xDB, 0x5A, 0xEB,
    0x02, 0x00, 0x83, 0x10, 0x82, 0xDE, 0xDB, 0x02, 0xFF, 0x83, 0xE7, 0x1C, 0x4A, 0x69, 0x1B, 0x00,
    0x81, 0x20, 0x7B, 0x02, 0xEF, 0x80, 0x5D, 0x02, 0xFF, 0x85, 0xCE, 0x79, 0x52, 0x8A, 0x00, 0x20,
    0x2A, 0x00, 0x90, 0x6B, 0x4D, 0xEF, 0x7D, 0xF7, 0xBE, 0x73, 0xAE, 0x00, 0x20, 0x73, 0x8E, 0xEF,
    0x7D, 0xFF, 0xDF, 0xC6, 0x02, 0x18, 0x80, 0xE3, 0x76, 0x00, 0x8B, 0x08, 0x61, 0x94, 0xB2, 0xF7,
    0xBE, 0xF7, 0x9E, 0xD6, 0xBA, 0xF7, 0xBE, 0x02, 0xFF, 0x85, 0xF7, 0x9E, 0xCE, 0x59, 0xE7, 0x3C,
    0x02, 0xFF, 0x85, 0xDE, 0xDB, 0x63, 0x0C, 0xA5, 0x14, 0x04, 0xFF, 0x83, 0xF7, 0x9E, 0x6B, 0x4D,
    0x1A, 0x00, 0x89, 0x5A, 0xCB, 0xE7, 0x1C, 0xFF, 0xDF, 0xCE, 0x59, 0x4A, 0x69, 0x0A, 0x00, 0x89,
    0x10, 0x82, 0x39, 0xC7, 0x42, 0x28, 0x31, 0xA6, 0x00, 0x20, 0x1A, 0x00, 0x83, 0x21, 0x04, 0xBD,
    0xD7, 0x02, 0xFF, 0x8D, 0xC6, 0x38, 0x21, 0x24, 0x08, 0x61, 0x94, 0x92, 0xF7, 0xBE, 0xF7, 0xBE,
    0x9C, 0xD3, 0x76, 0x00, 0x8B, 0x52, 0xAA, 0xDE, 0xFB, 0xFF, 0xDF, 0xAD, 0x55, 0x42, 0x28, 0xD6,
    0xBA, 0x02, 0xFF, 0x87, 0xAD, 0x75, 0x29, 0x65, 0x73, 0x8E, 0xE7, 0x1C, 0x02, 0xFF, 0x83, 0xE7,
    0x1C, 0xEF, 0x7D, 0x06, 0xFF, 0x83, 0xAD, 0x55, 0x10, 0x82, 0x16, 0x00, 0x89, 0x08, 0x61, 0xB5,
    0x96, 0xFF, 0xDF, 0xD6, 0x9A, 0x52, 0xAA, 0x08, 0x00, 0x8F, 0x42, 0x08, 0x84, 0x30, 0xBD, 0xD7,
    0xD6, 0xBA, 0xDE, 0xFB, 0xD6, 0x9A, 0x9C, 0xF3, 0x21, 0x24, 0x1A, 0x00, 0x87, 0x63, 0x0C, 0xF7,
    0x9E, 0xF7, 0x9E, 0x63, 0x2C, 0x02, 0x00, 0x83, 0x21, 0x24, 0xB5, 0x96, 0x02, 0xFF, 0x83, 0xEF,
    0x7D, 0x73, 0x8E, 0x72, 0x00, 0x91, 0x18, 0xC3, 0xB5, 0x96, 0xFF, 0xDF, 0xD6, 0x9A, 0x4A, 0x49,
    0x4A, 0x49, 0xEF, 0x5D, 0xF7, 0x9E, 0x6B, 0x4D, 0x02, 0x00, 0x85, 0x08, 0x41, 0x7B, 0xCF, 0xDE,
    0xFB, 0x07, 0xFF, 0x80, 0xDF, 0x02, 0xFF, 0x87, 0xE7, 0x3C, 0x63, 0x2C, 0x21, 0x24, 0x00, 0x20,
    0x12, 0x00, 0x89, 0x29, 0x45, 0xD6, 0xBA, 0xFF, 0xDF, 0x94, 0x92, 0x00, 0x20, 0x02, 0x00, 0x97,
    0x18, 0xC3, 0x4A, 0x49, 0x8C, 0x71, 0xD6, 0x9A, 0xF7, 0xBE, 0xFF, 0xDF, 0xF7, 0xBE, 0xF7, 0x9E,
    0xFF, 0xDF, 0xFF, 0xDF, 0xA5, 0x14, 0x10, 0xA2, 0x18, 0x00, 0x83, 0x29, 0x45, 0xCE, 0x79, 0x02,
    0xFF, 0x83, 0xA5, 0x14, 0x08, 0x61, 0x02, 0x00, 0x83, 0x42, 0x28, 0xD6, 0x9A, 0x02, 0xFF, 0x83,
    0xDE, 0xFB, 0x31, 0xA6, 0x70, 0x00, 0x91, 0x63, 0x0C, 0xEF, 0x5D, 0xF7, 0x9E, 0x8C, 0x51, 0x00,
    0x20, 0x5A, 0xEB, 0xFF, 0xDF, 0xEF, 0x5D, 0x42, 0x08, 0x04, 0x00, 0x85, 0x08, 0x41, 0x73, 0x8E,
    0xFF, 0xDF, 0x02, 0xFF, 0x81, 0xF7, 0xBE, 0x06, 0xFF, 0x8B, 0xDE, 0xFB, 0xBD, 0xD7, 0x94, 0x92,
    0x63, 0x0C, 0x29, 0x65, 0x00, 0x20, 0x0C, 0x00, 0x83, 0x18, 0xE3, 0xCE, 0x59, 0x02, 0xFF, 0x9D,
    0xCE, 0x59, 0x8C, 0x51, 0x8C, 0x51, 0xAD, 0x55, 0xDE, 0xDB, 0xF7, 0xBE, 0xFF, 0xDF, 0xEF, 0x5D,
    0xBD, 0xD7, 0x84, 0x30, 0x6B, 0x6D, 0xAD, 0x55, 0xFF, 0xDF, 0xEF, 0x7D, 0x4A, 0x49, 0x18, 0x00,
    0x83, 0x08, 0x41, 0x94, 0xB2, 0x02, 0xFF, 0x83, 0xCE, 0x59, 0x29, 0x65, 0x04, 0x00, 0x83, 0x63,
    0x0C, 0xEF, 0x5D, 0x02, 0xFF, 0x83, 0xAD, 0x55, 0x18, 0xC3, 0x6C, 0x00, 0x89, 0x10, 0x82, 0xAD,
    0x75, 0xFF, 0xDF, 0xC6, 0x38, 0x31, 0xA6, 0x02, 0x00, 0x87, 0x52, 0xAA, 0xF7, 0xBE, 0xEF, 0x7D,
    0x52, 0x8A, 0x05, 0x00, 0x82, 0x20, 0xA5, 0x14, 0x02, 0xFF, 0x89, 0xEF, 0x5D, 0x7B, 0xEF, 0xB5,
    0xB6, 0xDE, 0xFB, 0xFF, 0xDF, 0x05, 0xFF, 0x8A, 0xDF, 0xEF, 0x7D, 0xC6, 0x38, 0x84, 0x30, 0x42,
    0x08, 0x10, 0xA2, 0x0A, 0x00, 0x83, 0x7B, 0xCF, 0xEF, 0x7D, 0x03, 0xFF, 0x8E, 0xDF, 0xFF, 0xDF,
    0xFF, 0xDF, 0xFF, 0xDF, 0xE7, 0x3C, 0xAD, 0x55, 0x52, 0x8A, 0x10, 0xA2, 0x04, 0x00, 0x83, 0x4A,
    0x49, 0xF7, 0x9E, 0x02, 0xFF, 0x81, 0x5A, 0xCB, 0x1A, 0x00, 0x87, 0x52, 0xAA, 0xF7, 0xBE, 0xE7,
    0x3C, 0x52, 0x8A, 0x04, 0x00, 0x89, 0x08, 0x41, 0x94, 0x92, 0xFF, 0xDF, 0xF7, 0xBE, 0x63, 0x2C,
    0x6C, 0x00, 0x89, 0x52, 0xAA, 0xEF, 0x5D, 0xF7, 0x9E, 0x84, 0x10, 0x00, 0x20, 0x02, 0x00, 0x89,
    0x31, 0x86, 0xDE, 0xDB, 0xFF, 0xDF, 0x9C, 0xF3, 0x10, 0xA2, 0x02, 0x00, 0x83, 0x29, 0x65, 0xD6,
    0xBA, 0x02, 0xFF, 0x91, 0xB5, 0x96, 0x18, 0xC3, 0x10, 0x82, 0x52, 0xAA, 0xE7, 0x3C, 0xFF, 0xDF,
    0xCE, 0x79, 0xD6, 0x9A, 0xF7, 0xBE, 0x03, 0xFF, 0x88, 0xDF, 0xDE, 0xDB, 0x9C, 0xF3, 0x52, 0x8A,
    0x00, 0x20, 0x06, 0x00, 0x91, 0x08, 0x41, 0x6B, 0x4D, 0xBD, 0xF7, 0xD6, 0xBA, 0xD6, 0x9A, 0xBD,
    0xF7, 0x84, 0x30, 0x39, 0xE7, 0x08, 0x41, 0x06, 0x00, 0x89, 0x10, 0xA2, 0x9C, 0xF3, 0xFF, 0xDF,
    0xEF, 0x5D, 0x42, 0x08, 0x1A, 0x00, 0x87, 0x21, 0x24, 0xEF, 0x5D, 0xF7, 0xBE, 0x73, 0x8E, 0x06,
    0x00, 0x83, 0x29, 0x45, 0xCE, 0x79, 0x02, 0xFF, 0x83, 0xCE, 0x79, 0x31, 0x86, 0x6A, 0x00, 0x87,
    0x7B, 0xEF, 0xFF, 0xDF, 0xDE, 0xDB, 0x39, 0xE7, 0x04, 0x00, 0x83, 0x08, 0x41, 0x8C, 0x71, 0x02,
    0xFF, 0x89, 0xF7, 0x9E, 0xAD, 0x75, 0x94, 0x92, 0xCE, 0x59, 0xFF, 0xDF, 0x02, 0xFF, 0x97, 0xEF,
    0x5D, 0xDE, 0xDB, 0xD6, 0x9A, 0xD6, 0x9A, 0xF7, 0xBE, 0xFF, 0xDF, 0x9C, 0xF3, 0x31, 0x86, 0x52,
    0x8A, 0xAD, 0x55, 0xE7, 0x1C, 0xFF, 0xDF, 0x02, 0xFF, 0x87, 0xEF, 0x5D, 0xAD, 0x75, 0x42, 0x28,
    0x00, 0x20, 0x06, 0x00, 0x87, 0x08, 0x61, 0x18, 0xE3, 0x18, 0xE3, 0x08, 0x61, 0x0A, 0x00, 0x8B,
    0x10, 0xA2, 0x8C, 0x71, 0xF7, 0x9E, 0xFF, 0xDF, 0x8C, 0x71, 0x08, 0x61, 0x1A, 0x00, 0x83, 0x08,
    0x61, 0xCE, 0x59, 0x02, 0xFF, 0x81, 0xAD, 0x55, 0x08, 0x00, 0x89, 0x4A, 0x69, 0xEF, 0x7D, 0xFF,
    0xDF, 0x84, 0x30, 0x00, 0x20, 0x68, 0x00, 0x87, 0x6B, 0x4D, 0xF7, 0xBE, 0xEF, 0x7D, 0x6B, 0x6D,
    0x06, 0x00, 0x82, 0x29, 0x45, 0xBD, 0x02, 0xF7, 0x80, 0xBE, 0x03, 0xFF, 0x80, 0xDF, 0x06, 0xFF,
    0x83, 0xF7, 0xBE, 0xFF, 0xDF, 0x08, 0xFF, 0x99, 0xEF, 0x7D, 0xCE, 0x79, 0x9C, 0xD3, 0x52, 0x8A,
    0x42, 0x28, 0x8C, 0x71, 0xCE, 0x79, 0xF7, 0xBE, 0xFF, 0xDF, 0xE7, 0x1C, 0xA5, 0x14, 0x52, 0xAA,
    0x18, 0xC3, 0x12, 0x00, 0x85, 0x21, 0x04, 0x9C, 0xD3, 0xEF, 0x7D, 0x02, 0xFF, 0x83, 0xBD, 0xD7,
    0x21, 0x04, 0x1E, 0x00, 0x81, 0xB5, 0xB6, 0x02, 0xFF, 0x83, 0xC6, 0x18, 0x08, 0x61, 0x07, 0x00,
    0x82, 0x20, 0xB5, 0x96, 0x02, 0xFF, 0x83, 0xCE, 0x79, 0x31, 0x86, 0x68, 0x00, 0x89, 0x29, 0x45,
    0xC6, 0x38, 0xFF, 0xDF, 0xB5, 0xB6, 0x18, 0xE3, 0x06, 0x00, 0x97, 0x31, 0xA6, 0x84, 0x30, 0xBD,
    0xD7, 0xC6, 0x38, 0xC6, 0x38, 0xFF, 0xDF, 0xEF, 0x5D, 0x84, 0x10, 0x84, 0x10, 0x8C, 0x71, 0xA5,
    0x14, 0xEF, 0x7D, 0x02, 0xFF, 0x9F, 0xF7, 0xBE, 0xFF, 0xDF, 0xFF, 0xDF, 0xDE, 0xFB, 0x7B, 0xCF,
    0x18, 0xC3, 0x39, 0xE7, 0x8C, 0x51, 0xD6, 0xBA, 0xFF, 0xDF, 0xFF, 0xDF, 0xE7, 0x3C, 0xBD, 0xF7,
    0x7B, 0xEF, 0x39, 0xE7, 0x10, 0x82, 0x0A, 0x00, 0x8B, 0x29, 0x45, 0xAD, 0x55, 0xF7, 0x9E, 0xFF,
    0xDF, 0xBD, 0xD7, 0x31, 0xA6, 0x20, 0x00, 0x81, 0x94, 0x92, 0x02, 0xFF, 0x83, 0xCE, 0x79, 0x29,
    0x65, 0x08, 0x00, 0x87, 0x5A, 0xEB, 0xEF, 0x7D, 0xF7, 0xBE, 0x73, 0xAE, 0x68, 0x00, 0x89, 0x10,
    0xA2, 0xBD, 0xF7, 0xFF, 0xDF, 0xB5, 0x96, 0x18, 0xE3, 0x09, 0x00, 0x8C, 0x20, 0x21, 0x24, 0x29,
    0x65, 0x73, 0x8E, 0xF7, 0x9E, 0xEF, 0x5D, 0x31, 0x86, 0x04, 0x00, 0x8B, 0x42, 0x28, 0xE7, 0x1C,
    0xF7, 0xBE, 0xA5, 0x34, 0x9C, 0xF3, 0xDE, 0xFB, 0x02, 0xFF, 0x83, 0xD6, 0x9A, 0x39, 0xE7, 0x02,
    0x00, 0x89, 0x08, 0x61, 0x4A, 0x49, 0x94, 0x92, 0xCE, 0x79, 0xF7, 0x9E, 0x02, 0xFF, 0xA3, 0xF7,
    0x9E, 0xDE, 0xDB, 0xAD, 0x75, 0x84, 0x10, 0x5A, 0xCB, 0x31, 0xA6, 0x18, 0xC3, 0x21, 0x24, 0xAD,
    0x55, 0xF7, 0xBE, 0xF7, 0x9E, 0xAD, 0x75, 0x31, 0xA6, 0x18, 0xE3, 0x42, 0x08, 0x4A, 0x69, 0x31,
    0xA6, 0x08, 0x41, 0x18, 0x00, 0x87, 0x5A, 0xEB, 0xFF, 0xDF, 0xE7, 0x1C, 0x52, 0x8A, 0x08, 0x00,
    0x83, 0x08, 0x41, 0xC6, 0x38, 0x02, 0xFF, 0x83, 0xB5, 0xB6, 0x10, 0x82, 0x66, 0x00, 0x8F, 0x31,
    0xA6, 0xDE, 0xFB, 0xF7, 0xBE, 0x84, 0x30, 0x00, 0x20, 0x10, 0xA2, 0x18, 0xE3, 0x08, 0x41, 0x08,
    0x00, 0x89, 0x52, 0x8A, 0xE7, 0x3C, 0xFF, 0xDF, 0x8C, 0x51, 0x08, 0x61, 0x02, 0x00, 0x8B, 0x7B,
    0xCF, 0xF7, 0x9E, 0xEF, 0x7D, 0x63, 0x2C, 0x7B, 0xCF, 0xD6, 0xBA, 0x02, 0xFF, 0x83, 0xDE, 0xFB,
    0x42, 0x28, 0x06, 0x00, 0xAD, 0x08, 0x41, 0x39, 0xC7, 0x7B, 0xCF, 0xBD, 0xD7, 0xE7, 0x3C, 0xF7,
    0xBE, 0xFF, 0xDF, 0xF7, 0x9E, 0xE7, 0x3C, 0xD6, 0x9A, 0xB5, 0x96, 0xAD, 0x75, 0xF7, 0xBE, 0xF7,
    0xBE, 0xA5, 0x14, 0x31, 0xA6, 0x6B, 0x6D, 0xB5, 0xB6, 0xDE, 0xDB, 0xE7, 0x1C, 0xCE, 0x79, 0x7B,
    0xEF, 0x18, 0xC3, 0x16, 0x00, 0x87, 0x42, 0x08, 0xFF, 0xDF, 0xF7, 0x9E, 0x6B, 0x4D, 0x0A, 0x00,
    0x87, 0x94, 0x92, 0xFF, 0xDF, 0xE7, 0x1C, 0x31, 0x86, 0x66, 0x00, 0x91, 0x29, 0x45, 0xD6, 0x9A,
    0xFF, 0xDF, 0xB5, 0xB6, 0x6B, 0x4D, 0xA5, 0x14, 0xBD, 0xD7, 0x8C, 0x51, 0x31, 0x86, 0x06, 0x00,
    0x83, 0x18, 0xC3, 0xB5, 0xB6, 0x02, 0xFF, 0x87, 0xEF, 0x7D, 0x9C, 0xD3, 0x73, 0xAE, 0xB5, 0x96,
    0x02, 0xFF, 0x85, 0xF7, 0xBE, 0xDE, 0xFB, 0xF7, 0x9E, 0x02, 0xFF, 0x85, 0xEF, 0x7D, 0x94, 0xB2,
    0x18, 0xC3, 0x0C, 0x00, 0x8D, 0x18, 0xC3, 0x52, 0xAA, 0x8C, 0x71, 0xBD, 0xD7, 0xDE, 0xDB, 0xEF,
    0x5D, 0xFF, 0xDF, 0x06, 0xFF, 0x87, 0xE7, 0x1C, 0x73, 0xAE, 0x9C, 0xF3, 0xEF, 0x7D, 0x02, 0xFF,
    0x8B, 0xF7, 0xBE, 0xEF, 0x7D, 0xFF, 0xDF, 0xEF, 0x5D, 0x7B, 0xCF, 0x00, 0x20, 0x14, 0x00, 0x87,
    0x31, 0xA6, 0xFF, 0xDF, 0xF7, 0xBE, 0x6B, 0x4D, 0x0A, 0x00, 0x87, 0x5A, 0xCB, 0xEF, 0x5D, 0xEF,
    0x7D, 0x63, 0x2C, 0x67, 0x00, 0x88, 0x20, 0x8C, 0x51, 0xEF, 0x7D, 0xFF, 0xDF, 0xEF, 0x7D, 0x05,
    0xFF, 0x84, 0xDF, 0xB5, 0xB6, 0x29, 0x65, 0x06, 0x00, 0x85, 0x42, 0x28, 0xCE, 0x59, 0xFF, 0xDF,
    0x02, 0xFF, 0x83, 0xF7, 0xBE, 0xFF, 0xDF, 0x06, 0xFF, 0x87, 0xEF, 0x7D, 0xC6, 0x18, 0x6B, 0x6D,
    0x18, 0xC3, 0x14, 0x00, 0x89, 0x10, 0x82, 0x39, 0xC7, 0x63, 0x0C, 0x8C, 0x51, 0xDE, 0xFB, 0x06,
    0xFF, 0x93, 0xEF, 0x7D, 0xFF, 0xDF, 0xFF, 0xDF, 0xCE, 0x79, 0x84, 0x10, 0x6B, 0x4D, 0xC6, 0x38,
    0xFF, 0xDF, 0xD6, 0x9A, 0x31, 0xA6, 0x14, 0x00, 0x8A, 0x31, 0xA6, 0xFF, 0xDF, 0xF7, 0xBE, 0x84,
    0x30, 0x5A, 0xCB, 0x42, 0x02, 0x08, 0x80, 0x61, 0x04, 0x00, 0x87, 0x29, 0x65, 0xE7, 0x1C, 0xFF,
    0xDF, 0x84, 0x10, 0x68, 0x00, 0x91, 0x10, 0xA2, 0x8C, 0x51, 0xDE, 0xDB, 0xEF, 0x7D, 0xE7, 0x1C,
    0xC6, 0x18, 0xF7, 0xBE, 0xFF, 0xDF, 0x8C, 0x51, 0x08, 0x00, 0x8B, 0x31, 0x86, 0x94, 0xB2, 0xCE,
    0x79, 0xDE, 0xDB, 0xDE, 0xFB, 0xEF, 0x7D, 0x03, 0xFF, 0x84, 0xDF, 0x9C, 0xD3, 0x10, 0x82, 0x1E,
    0x00, 0x83, 0x08, 0x41, 0xD6, 0xBA, 0x02, 0xFF, 0x8B, 0xBD, 0xD7, 0xD6, 0x9A, 0xEF, 0x5D, 0xDE,
    0xDB, 0x9C, 0xD3, 0x21, 0x24, 0x04, 0x00, 0x87, 0x63, 0x0C, 0xE7, 0x3C, 0xF7, 0xBE, 0x84, 0x10,
    0x14, 0x00, 0x83, 0x4A, 0x49, 0xFF, 0xDF, 0x03, 0xFF, 0x88, 0xDF, 0xFF, 0xDF, 0xE7, 0x1C, 0x9C,
    0xD3, 0x10, 0xA2, 0x02, 0x00, 0x87, 0x21, 0x24, 0xE7, 0x1C, 0xFF, 0xDF, 0x84, 0x30, 0x6C, 0x00,
    0x8D, 0x29, 0x65, 0x52, 0xAA, 0x42, 0x28, 0x7B, 0xCF, 0xF7, 0x9E, 0xFF, 0xDF, 0x94, 0x92, 0x0D,
    0x00, 0x8E, 0x20, 0x18, 0xE3, 0x21, 0x24, 0x5A, 0xCB, 0xBD, 0xF7, 0xFF, 0xDF, 0xE7, 0x3C, 0x42,
    0x28, 0x1E, 0x00, 0x83, 0x08, 0x61, 0xD6, 0xBA, 0x02, 0xFF, 0x87, 0x94, 0xB2, 0x18, 0xE3, 0x42,
    0x28, 0x29, 0x45, 0x08, 0x00, 0x83, 0x08, 0x41, 0xBD, 0xF7, 0x02, 0xFF, 0x83, 0xB5, 0xB6, 0x08,
    0x61, 0x10, 0x00, 0x83, 0x39, 0xE7, 0xC6, 0x38, 0x04, 0xFF, 0x85, 0xEF, 0x7D, 0xEF, 0x5D, 0xFF,
    0xDF, 0x02, 0xFF, 0x81, 0xA5, 0x14, 0x02, 0x00, 0x87, 0x39, 0xC7, 0xE7, 0x3C, 0xF7, 0xBE, 0x7B,
    0xCF, 0x70, 0x00, 0x83, 0x31, 0xA6, 0xCE, 0x79, 0x02, 0xFF, 0x83, 0xC6, 0x38, 0x39, 0xC7, 0x14,
    0x00, 0x83, 0x4A, 0x69, 0xD6, 0xBA, 0x02, 0xFF, 0x83, 0xB5, 0x96, 0x08, 0x61, 0x1E, 0x00, 0x81,
    0xB5, 0xB6, 0x02, 0xFF, 0x83, 0xDE, 0xFB, 0x42, 0x28, 0x0A, 0x00, 0x8D, 0x08, 0x41, 0x29, 0x45,
    0xA5, 0x14, 0xFF, 0xDF, 0xDE, 0xDB, 0x52, 0x8A, 0x08, 0x41, 0x0C, 0x00, 0x83, 0x42, 0x28, 0xD6,
    0x9A, 0x05, 0xFF, 0x86, 0xDF, 0x84, 0x30, 0x4A, 0x49, 0xAD, 0x75, 0x02, 0xFF, 0x8B, 0xEF, 0x7D,
    0x18, 0xE3, 0x73, 0x8E, 0xF7, 0x9E, 0xEF, 0x5D, 0x4A, 0x69, 0x70, 0x00, 0x87, 0x52, 0x8A, 0xE7,
    0x3C, 0xF7, 0x9E, 0x5A, 0xEB, 0x17, 0x00, 0x88, 0x20, 0x84, 0x30, 0xF7, 0x9E, 0xEF, 0x7D, 0x5A,
    0xCB, 0x1E, 0x00, 0x83, 0x52, 0xAA, 0xEF, 0x5D, 0x02, 0xFF, 0x91, 0xBD, 0xF7, 0x42, 0x28, 0x08,
    0x61, 0x08, 0x61, 0x21, 0x24, 0x6B, 0x6D, 0xA5, 0x34, 0xDE, 0xDB, 0xF7, 0xBE, 0x04, 0xFF, 0x85,
    0xE7, 0x3C, 0x8C, 0x71, 0x08, 0x61, 0x08, 0x00, 0x83, 0x39, 0xE7, 0xC6, 0x18, 0x02, 0xFF, 0x87,
    0xE7, 0x3C, 0xE7, 0x3C, 0xFF, 0xDF, 0x9C, 0xD3, 0x02, 0x00, 0x8F, 0x63, 0x0C, 0xF7, 0xBE, 0xF7,
    0xBE, 0x39, 0xC7, 0x94, 0xB2, 0xFF, 0xDF, 0xE7, 0x1C, 0x21, 0x24, 0x70, 0x00, 0x87, 0x63, 0x0C,
    0xEF, 0x5D, 0xE7, 0x1C, 0x39, 0xC7, 0x18, 0x00, 0x83, 0x39, 0xC7, 0xCE, 0x59, 0x02, 0xFF, 0x83,
    0xCE, 0x79, 0x31, 0xA6, 0x1D, 0x00, 0x96, 0x20, 0x94, 0x92, 0xF7, 0x9E, 0xFF, 0xDF, 0xE7, 0x1C,
    0xBD, 0xD7, 0xBD, 0xF7, 0xE7, 0x1C, 0xF7, 0x9E, 0xFF, 0xDF, 0xFF, 0xDF, 0xFF, 0xDF, 0x03, 0xFF,
    0x80, 0xDF, 0x02, 0xFF, 0x85, 0xF7, 0x9E, 0x73, 0xAE, 0x00, 0x20, 0x04, 0x00, 0x8B, 0x10, 0xA2,
    0x9C, 0xF3, 0xFF, 0xDF, 0xEF, 0x7D, 0x73, 0xAE, 0xAD, 0x75, 0x02, 0xFF, 0x85, 0xDE, 0xFB, 0x94,
    0xB2, 0xBD, 0xD7, 0x02, 0xFF, 0x85, 0xEF, 0x7D, 0x21, 0x24, 0xA5, 0x14, 0x02, 0xFF, 0x83, 0xCE,
    0x59, 0x10, 0xA2, 0x70, 0x00, 0x87, 0x7B, 0xCF, 0xFF, 0xDF, 0xD6, 0xBA, 0x18, 0xE3, 0x1A, 0x00,
    0x83, 0x6B, 0x4D, 0xE7, 0x3C, 0x02, 0xFF, 0x89, 0xAD, 0x55, 0x63, 0x2C, 0x63, 0x2C, 0x42, 0x28,
    0x00, 0x20, 0x03, 0x00, 0x8C, 0x20, 0x21, 0x04, 0x42, 0x28, 0x52, 0xAA, 0x4A, 0x49, 0x29, 0x65,
    0x08, 0x41, 0x06, 0x00, 0x87, 0x18, 0xC3, 0x94, 0xB2, 0xE7, 0x1C, 0xFF, 0xDF, 0x05, 0xFF, 0x8E,
    0xDF, 0xEF, 0x5D, 0xCE, 0x79, 0x9C, 0xD3, 0xC6, 0x18, 0xFF, 0xDF, 0xD6, 0xBA, 0xCE, 0x59, 0x02,
    0xFF, 0x83, 0xC6, 0x18, 0x21, 0x24, 0x04, 0x00, 0x8D, 0x5A, 0xCB, 0xE7, 0x1C, 0xFF, 0xDF, 0xA5,
    0x14, 0x00, 0x20, 0x5A, 0xCB, 0xE7, 0x3C, 0x06, 0xFF, 0x83, 0xF7, 0xBE, 0xAD, 0x55, 0x02, 0x00,
    0x81, 0xAD, 0x75, 0x02, 0xFF, 0x83, 0xB5, 0x96, 0x08, 0x61, 0x6E, 0x00, 0x83, 0x10, 0xA2, 0xAD,
    0x55, 0x02, 0xFF, 0x81, 0xC6, 0x38, 0x1C, 0x00, 0xA3, 0x10, 0x82, 0x94, 0x92, 0xF7, 0xBE, 0xFF,
    0xDF, 0xEF, 0x7D, 0xEF, 0x7D, 0xDE, 0xDB, 0x6B, 0x6D, 0x5A, 0xCB, 0xAD, 0x55, 0xD6, 0x9A, 0xE7,
    0x1C, 0xEF, 0x5D, 0xE7, 0x1C, 0xD6, 0xBA, 0xC6, 0x18, 0x7B, 0xCF, 0x39, 0xC7, 0x05, 0x00, 0x92,
    0x20, 0x5A, 0xCB, 0x94, 0x92, 0xAD, 0x75, 0xAD, 0x55, 0x94, 0xB2, 0x63, 0x2C, 0x21, 0x24, 0x31,
    0xA6, 0xCE, 0x79, 0x02, 0xFF, 0x89, 0xAD, 0x55, 0x73, 0x8E, 0xF7, 0x9E, 0xDE, 0xFB, 0x39, 0xE7,
    0x02, 0x00, 0x83, 0x10, 0x82, 0xA5, 0x14, 0x02, 0xFF, 0x83, 0xDE, 0xDB, 0x31, 0xA6, 0x03, 0x00,
    0x8C, 0x20, 0x6B, 0x6D, 0xCE, 0x79, 0xE7, 0x3C, 0xDE, 0xFB, 0x94, 0x92, 0x18, 0xE3, 0x02, 0x00,
    0x81, 0xAD, 0x55, 0x02, 0xFF, 0x83, 0xBD, 0xD7, 0x08, 0x61, 0x6E, 0x00, 0x87, 0x39, 0xE7, 0xDE,
    0xFB, 0xFF, 0xDF, 0x84, 0x30, 0x1E, 0x00, 0x89, 0x10, 0xA2, 0x9C, 0xF3, 0xEF, 0x5D, 0xF7, 0xBE,
    0xF7, 0xBE, 0x02, 0xFF, 0x83, 0xEF, 0x7D, 0xEF, 0x7D, 0x04, 0xFF, 0x87, 0xF7, 0xBE, 0xF7, 0xBE,
    0xF7, 0xBE, 0xFF, 0xDF, 0x04, 0xFF, 0x85, 0xDE, 0xDB, 0x84, 0x10, 0x21, 0x24, 0x0F, 0x00, 0x90,
    0x20, 0x8C, 0x51, 0xF7, 0xBE, 0xEF, 0x7D, 0x63, 0x0C, 0x63, 0x2C, 0xF7, 0x9E, 0xE7, 0x1C, 0x42,
    0x08, 0x02, 0x00, 0x83, 0x42, 0x08, 0xDE, 0xFB, 0x02, 0xFF, 0x87, 0xCE, 0x59, 0x94, 0x92, 0x6B,
    0x6D, 0x31, 0x86, 0x03, 0x00, 0x84, 0x20, 0x10, 0xA2, 0x00, 0x20, 0x06, 0x00, 0x81, 0x9C, 0xF3,
    0x02, 0xFF, 0x83, 0xD6, 0xBA, 0x10, 0xA2, 0x6E, 0x00, 0x87, 0x5A, 0xCB, 0xEF, 0x5D, 0xEF, 0x5D,
    0x52, 0x8A, 0x22, 0x00, 0x87, 0x31, 0x86, 0x42, 0x28, 0x84, 0x10, 0xF7, 0x9E, 0x04, 0xFF, 0x8F,
    0xDE, 0xFB, 0xA5, 0x34, 0x6B, 0x6D, 0x5A, 0xCB, 0x63, 0x2C, 0x94, 0xB2, 0xC6, 0x38, 0xFF, 0xDF,
    0x04, 0xFF, 0x83, 0xCE, 0x59, 0x42, 0x28, 0x0C, 0x00, 0x83, 0x63, 0x0C, 0xE7, 0x3C, 0x02, 0xFF,
    0x91, 0xB5, 0x96, 0x18, 0xE3, 0x84, 0x30, 0xFF, 0xDF, 0xD6, 0x9A, 0x31, 0x86, 0x63, 0x0C, 0xCE,
    0x59, 0xFF, 0xDF, 0x08, 0xFF, 0x83, 0xD6, 0x9A, 0x4A, 0x69, 0x0C, 0x00, 0x87, 0x94, 0xB2, 0xFF,
    0xDF, 0xE7, 0x1C, 0x18, 0xC3, 0x6E, 0x00, 0x87, 0x4A, 0x49, 0xE7, 0x1C, 0xF7, 0xBE, 0x84, 0x30,
    0x24, 0x00, 0x83, 0x4A, 0x69, 0xD6, 0xBA, 0x04, 0xFF, 0x83, 0xCE, 0x79, 0x18, 0xE3, 0x0C, 0x00,
    0x85, 0x39, 0xE7, 0xBD, 0xD7, 0xF7, 0xBE, 0x02, 0xFF, 0x83, 0xE7, 0x3C, 0x5A, 0xCB, 0x08, 0x00,
    0x83, 0x6B, 0x6D, 0xEF, 0x5D, 0x02, 0xFF, 0x87, 0xDE, 0xFB, 0x52, 0xAA, 0x21, 0x04, 0xB5, 0xB6,
    0x02, 0xFF, 0x85, 0xB5, 0x96, 0x94, 0xB2, 0xF7, 0xBE, 0x05, 0xFF, 0x86, 0xDF, 0xD6, 0xBA, 0xD6,
    0x9A, 0xF7, 0xBE, 0x02, 0xFF, 0x81, 0xAD, 0x75, 0x0C, 0x00, 0x87, 0x94, 0x92, 0xFF, 0xDF, 0xE7,
    0x1C, 0x21, 0x24, 0x6E, 0x00, 0x83, 0x18, 0xE3, 0xAD, 0x75, 0x02, 0xFF, 0x83, 0xE7, 0x3C, 0x4A,
    0x69, 0x20, 0x00, 0x8F, 0x18, 0xC3, 0xB5, 0xB6, 0xFF, 0xDF, 0xEF, 0x7D, 0xF7, 0xBE, 0xF7, 0xBE,
    0x9C, 0xF3, 0x18, 0xE3, 0x0C, 0x00, 0x85, 0x18, 0xC3, 0x73, 0xAE, 0xEF, 0x5D, 0x02, 0xFF, 0x83,
    0xD6, 0x9A, 0x31, 0xA6, 0x02, 0x00, 0x85, 0x31, 0xA6, 0xA5, 0x14, 0xEF, 0x7D, 0x02, 0xFF, 0x89,
    0xDE, 0xDB, 0x63, 0x0C, 0x00, 0x20, 0x52, 0xAA, 0xE7, 0x3C, 0x02, 0xFF, 0x91, 0xAD, 0x75, 0xF7,
    0x9E, 0xFF, 0xDF, 0xE7, 0x1C, 0xF7, 0xBE, 0xEF, 0x5D, 0x63, 0x2C, 0x21, 0x24, 0xBD, 0xD7, 0x02,
    0xFF, 0x83, 0xC6, 0x38, 0x18, 0xC3, 0x0A, 0x00, 0x87, 0x94, 0x92, 0xFF, 0xDF, 0xE7, 0x1C, 0x29,
    0x45, 0x70, 0x00, 0x83, 0x4A, 0x49, 0xD6, 0xBA, 0x02, 0xFF, 0x83, 0x9C, 0xF3, 0x08, 0x61, 0x1E,
    0x00, 0x89, 0x4A, 0x49, 0xDE, 0xFB, 0xF7, 0x9E, 0x8C, 0x71, 0xB5, 0xB6, 0x02, 0xFF, 0x85, 0xF7,
    0xBE, 0x9C, 0xF3, 0x10, 0xA2, 0x0D, 0x00, 0x9A, 0x20, 0x7B, 0xEF, 0xF7, 0x9E, 0xFF, 0xDF, 0xA5,
    0x14, 0x94, 0x92, 0xDE, 0xFB, 0xFF, 0xDF, 0xFF, 0xDF, 0xD6, 0x9A, 0x63, 0x0C, 0x00, 0x20, 0x10,
    0xA2, 0xA5, 0x14, 0x02, 0xFF, 0x83, 0xDE, 0xFB, 0xD6, 0xBA, 0x02, 0xFF, 0x8D, 0xC6, 0x38, 0x5A,
    0xEB, 0xDE, 0xDB, 0xFF, 0xDF, 0xBD, 0xF7, 0x52, 0xAA, 0xD6, 0x9A, 0x02, 0xFF, 0x83, 0xBD, 0xD7,
    0x08, 0x41, 0x0A, 0x00, 0x87, 0x94, 0xB2, 0xFF, 0xDF, 0xE7, 0x1C, 0x21, 0x24, 0x70, 0x00, 0x83,
    0x08, 0x61, 0x94, 0xB2, 0x02, 0xFF, 0x83, 0xBD, 0xD7, 0x18, 0xE3, 0x1E, 0x00, 0x91, 0x6B, 0x6D,
    0xF7, 0x9E, 0xDE, 0xFB, 0x4A, 0x49, 0x42, 0x08, 0xAD, 0x75, 0xFF, 0xDF, 0xDE, 0xFB, 0x42, 0x08,
    0x09, 0x00, 0x88, 0x20, 0x31, 0xA6, 0x63, 0x2C, 0x73, 0x8E, 0xDE, 0xFB, 0x02, 0xFF, 0x83, 0xF7,
    0x9E, 0xF7, 0xBE, 0x02, 0xFF, 0x85, 0xEF, 0x5D, 0x9C, 0xF3, 0x42, 0x08, 0x04, 0x00, 0x97, 0x52,
    0x8A, 0xDE, 0xFB, 0xFF, 0xDF, 0xA5, 0x14, 0xE7, 0x1C, 0xF7, 0xBE, 0x7B, 0xCF, 0x08, 0x61, 0x84,
    0x30, 0xF7, 0x9E, 0xFF, 0xDF, 0xE7, 0x3C, 0x02, 0xFF, 0x83, 0xEF, 0x7D, 0x73, 0xAE, 0x0C, 0x00,
    0x81, 0xA5, 0x34, 0x02, 0xFF, 0x83, 0xD6, 0x9A, 0x10, 0xA2, 0x71, 0x00, 0x82, 0x20, 0x84, 0x10,
    0x02, 0xFF, 0x83, 0xC6, 0x18, 0x21, 0x04, 0x1E, 0x00, 0x91, 0x6B, 0x4D, 0xEF, 0x7D, 0xE7, 0x1C,
    0x63, 0x2C, 0x39, 0xE7, 0x8C, 0x51, 0xF7, 0xBE, 0xE7, 0x3C, 0x4A, 0x69, 0x04, 0x00, 0x8D, 0x08,
    0x41, 0x5A, 0xCB, 0xB5, 0x96, 0xD6, 0x9A, 0xEF, 0x5D, 0xF7, 0x9E, 0xFF, 0xDF, 0x04, 0xFF, 0x87,
    0xEF, 0x5D, 0xB5, 0x96, 0x5A, 0xCB, 0x08, 0x41, 0x05, 0x00, 0x8E, 0x20, 0x94, 0x92, 0xF7, 0xBE,
    0xDE, 0xFB, 0x52, 0x8A, 0xE7, 0x1C, 0xF7, 0x9E, 0x73, 0xAE, 0x02, 0x00, 0x8D, 0x21, 0x04, 0x94,
    0xB2, 0xE7, 0x3C, 0xF7, 0xBE, 0xE7, 0x3C, 0x9C, 0xD3, 0x21, 0x04, 0x0A, 0x00, 0x83, 0x18, 0xC3,
    0xDE, 0xDB, 0x02, 0xFF, 0x83, 0x9C, 0xF3, 0x08, 0x41, 0x70, 0x00, 0x83, 0x08, 0x41, 0x94, 0x92,
    0x02, 0xFF, 0x83, 0xBD, 0xD7, 0x18, 0xE3, 0x1E, 0x00, 0x8B, 0x39, 0xC7, 0xD6, 0x9A, 0xFF, 0xDF,
    0xDE, 0xFB, 0xD6, 0xBA, 0xF7, 0x9E, 0x02, 0xFF, 0x83, 0xC6, 0x38, 0x29, 0x45, 0x04, 0x00, 0x9B,
    0x5A, 0xEB, 0xDE, 0xDB, 0xFF, 0xDF, 0xFF, 0xDF, 0xF7, 0x9E, 0xF7, 0x9E, 0xE7, 0x1C, 0xFF, 0xDF,
    0xF7, 0x9E, 0x73, 0xAE, 0x73, 0xAE, 0x8C, 0x71, 0x73, 0xAE, 0x21, 0x24, 0x02, 0x00, 0x8B, 0x31,
    0x86, 0xC6, 0x38, 0xFF, 0xDF, 0xAD, 0x55, 0x10, 0xA2, 0xC6, 0x38, 0x02, 0xFF, 0x83, 0xB5, 0xB6,
    0x29, 0x65, 0x02, 0x00, 0x89, 0x08, 0x61, 0x4A, 0x69, 0x7B, 0xCF, 0x4A, 0x69, 0x08, 0x61, 0x0C,
    0x00, 0x87, 0x7B, 0xCF, 0xF7, 0xBE, 0xEF, 0x7D, 0x6B, 0x4D, 0x72, 0x00, 0x83, 0x10, 0xA2, 0xAD,
    0x75, 0x02, 0xFF, 0x83, 0xAD, 0x55, 0x10, 0x82, 0x20, 0x00, 0x8D, 0x73, 0xAE, 0xE7, 0x1C, 0xFF,
    0xDF, 0xFF, 0xDF, 0xF7, 0xBE, 0xC6, 0x18, 0x4A, 0x49, 0x04, 0x00, 0x83, 0x10, 0x82, 0xAD, 0x75,
    0x02, 0xFF, 0xA1, 0xE7, 0x3C, 0x94, 0xB2, 0x52, 0xAA, 0x39, 0xE7, 0x84, 0x30, 0xF7, 0xBE, 0xEF,
    0x7D, 0xBD, 0xD7, 0xF7, 0x9E, 0xFF, 0xDF, 0xF7, 0x9E, 0xA5, 0x14, 0x18, 0xE3, 0x6B, 0x4D, 0xEF,
    0x7D, 0xEF, 0x7D, 0x63, 0x0C, 0x02, 0x00, 0x89, 0x7B, 0xCF, 0xF7, 0x9E, 0xF7, 0x9E, 0x9C, 0xF3,
    0x29, 0x65, 0x14, 0x00, 0x83, 0x29, 0x65, 0xD6, 0xBA, 0x02, 0xFF, 0x83, 0xC6, 0x18, 0x21, 0x24,
    0x72, 0x00, 0x83, 0x21, 0x04, 0xBD, 0xD7, 0x02, 0xFF, 0x83, 0x9C, 0xD3, 0x08, 0x41, 0x21, 0x00,
    0x8A, 0x20, 0x39, 0xE7, 0x7B, 0xEF, 0x84, 0x10, 0x4A, 0x49, 0x10, 0xA2, 0x06, 0x00, 0x87, 0x18,
    0xE3, 0xD6, 0x9A, 0xFF, 0xDF, 0xA5, 0x14, 0x06, 0x00, 0x81, 0x94, 0xB2, 0x05, 0xFF, 0x84, 0xDF,
    0xFF, 0xDF, 0xDE, 0xDB, 0x02, 0xFF, 0x8B, 0xEF, 0x7D, 0x5A, 0xEB, 0xA5, 0x14, 0xFF, 0xDF, 0xCE,
    0x79, 0x21, 0x24, 0x02, 0x00, 0x8D, 0x18, 0xE3, 0xB5, 0x96, 0xFF, 0xDF, 0xF7, 0xBE, 0xC6, 0x18,
    0x63, 0x2C, 0x10, 0xA2, 0x0E, 0x00, 0x83, 0x39, 0xE7, 0xBD, 0xD7, 0x02, 0xFF, 0x83, 0xEF, 0x7D,
    0x63, 0x0C, 0x74, 0x00, 0x87, 0x39, 0xC7, 0xD6, 0x9A, 0xF7, 0xBE, 0x73, 0xAE, 0x34, 0x00, 0x83,
    0x08, 0x61, 0xA5, 0x34, 0x02, 0xFF, 0x83, 0xD6, 0xBA, 0x42, 0x08, 0x04, 0x00, 0x83, 0x8C, 0x71,
    0xFF, 0xDF, 0x04, 0xFF, 0x85, 0xC6, 0x18, 0x29, 0x65, 0xDE, 0xDB, 0x02, 0xFF, 0x83, 0x84, 0x30,
    0xBD, 0xF7, 0x02, 0xFF, 0x83, 0xAD, 0x75, 0x00, 0x20, 0x04, 0x00, 0x85, 0x21, 0x04, 0x9C, 0xF3,
    0xEF, 0x7D, 0x02, 0xFF, 0x93, 0xEF, 0x7D, 0xCE, 0x79, 0x9C, 0xF3, 0x73, 0xAE, 0x4A, 0x69, 0x31,
    0xA6, 0x42, 0x28, 0x73, 0x8E, 0x9C, 0xF3, 0xE7, 0x1C, 0x02, 0xFF, 0x85, 0xF7, 0x9E, 0x7B, 0xEF,
    0x08, 0x41, 0x74, 0x00, 0x87, 0x52, 0x8A, 0xE7, 0x3C, 0xEF, 0x7D, 0x52, 0x8A, 0x36, 0x00, 0x8F,
    0x5A, 0xEB, 0xE7, 0x1C, 0xFF, 0xDF, 0xD6, 0x9A, 0x63, 0x2C, 0x08, 0x61, 0x52, 0x8A, 0xEF, 0x7D,
    0x03, 0xFF, 0x86, 0xDF, 0x7B, 0xEF, 0x08, 0x41, 0xCE, 0x79, 0x02, 0xFF, 0x83, 0x8C, 0x71, 0xC6,
    0x18, 0x02, 0xFF, 0x81, 0xAD, 0x75, 0x08, 0x00, 0x87, 0x18, 0xC3, 0x6B, 0x6D, 0xC6, 0x18, 0xEF,
    0x7D, 0x05, 0xFF, 0x88, 0xDF, 0xEF, 0x5D, 0xDE, 0xFB, 0xE7, 0x3C, 0xF7, 0xBE, 0x04, 0xFF, 0x85,
    0xDE, 0xFB, 0x7B, 0xEF, 0x10, 0xA2, 0x76, 0x00, 0x87, 0x73, 0xAE, 0xF7, 0xBE, 0xDE, 0xFB, 0x29,
    0x45, 0x36, 0x00, 0x85, 0x10, 0x82, 0x7B, 0xCF, 0xDE, 0xFB, 0x02, 0xFF, 0x87, 0xE7, 0x3C, 0x8C,
    0x51, 0x21, 0x04, 0xC6, 0x18, 0x03, 0xFF, 0x92, 0xDF, 0xA5, 0x14, 0x73, 0x8E, 0xEF, 0x5D, 0xF7,
    0xBE, 0x73, 0x8E, 0xA5, 0x34, 0xFF, 0xDF, 0xD6, 0x9A, 0x39, 0xC7, 0x06, 0x00, 0x9D, 0x31, 0xA6,
    0x8C, 0x51, 0xA5, 0x34, 0x84, 0x10, 0x9C, 0xD3, 0xCE, 0x79, 0xE7, 0x1C, 0xEF, 0x5D, 0xEF, 0x7D,
    0xEF, 0x5D, 0xE7, 0x1C, 0xD6, 0x9A, 0x94, 0x92, 0x4A, 0x49, 0x08, 0x41, 0x76, 0x00, 0x83, 0x10,
    0x82, 0x9C, 0xF3, 0x02, 0xFF, 0x83, 0xC6, 0x38, 0x00, 0x20, 0x38, 0x00, 0x8F, 0x08, 0x61, 0x5A,
    0xEB, 0xCE, 0x59, 0xFF, 0xDF, 0xEF, 0x7D, 0x84, 0x10, 0x8C, 0x71, 0xFF, 0xDF, 0x02, 0xFF, 0x83,
    0xF7, 0xBE, 0xF7, 0x9E, 0x02, 0xFF, 0xAB, 0xD6, 0x9A, 0x42, 0x08, 0x63, 0x2C, 0xE7, 0x3C, 0xFF,
    0xDF, 0xB5, 0xB6, 0x52, 0xAA, 0x21, 0x24, 0x42, 0x28, 0xBD, 0xD7, 0xF7, 0x9E, 0xFF, 0xDF, 0xC6,
    0x38, 0x42, 0x08, 0x29, 0x45, 0x42, 0x08, 0x5A, 0xCB, 0x6B, 0x4D, 0x63, 0x0C, 0x42, 0x28, 0x29,
    0x65, 0x08, 0x41, 0x7A, 0x00, 0x87, 0x31, 0x86, 0xCE, 0x79, 0xFF, 0xDF, 0x94, 0xB2, 0x3E, 0x00,
    0x83, 0x39, 0xE7, 0xC6, 0x18, 0x02, 0xFF, 0x83, 0xDE, 0xFB, 0xA5, 0x34, 0x02, 0xFF, 0x9B, 0xEF,
    0x7D, 0xE7, 0x1C, 0xF7, 0x9E, 0xD6, 0xBA, 0x73, 0x8E, 0x08, 0x61, 0x18, 0xC3, 0x94, 0xB2, 0xEF,
    0x7D, 0xFF, 0xDF, 0xDE, 0xFB, 0xBD, 0xF7, 0xCE, 0x59, 0xFF, 0xDF, 0x05, 0xFF, 0x88, 0xDF, 0xBD,
    0xD7, 0x8C, 0x71, 0x4A, 0x69, 0x08, 0x41, 0x7F, 0x00, 0x05, 0x00, 0x87, 0x6B, 0x6D, 0xEF, 0x7D,
    0xEF, 0x7D, 0x5A, 0xEB, 0x40, 0x00, 0x87, 0x42, 0x28, 0xF7, 0xBE, 0xFF, 0xDF, 0xDE, 0xDB, 0x02,
    0xFF, 0x95, 0xBD, 0xD7, 0x63, 0x0C, 0xB5, 0xB6, 0xE7, 0x1C, 0xBD, 0xF7, 0x7B, 0xEF, 0x31, 0x86,
    0x21, 0x24, 0x8C, 0x51, 0xD6, 0xBA, 0xF7, 0x9E, 0x0F, 0xFF, 0x84, 0xDF, 0xDE, 0xFB, 0x5A, 0xEB,
    0x7F, 0x00, 0x03, 0x00, 0x83, 0x10, 0xA2, 0xAD, 0x55, 0x02, 0xFF, 0x83, 0xC6, 0x38, 0x10, 0x82,
    0x40, 0x00, 0x83, 0x29, 0x65, 0xF7, 0xBE, 0x05, 0xFF, 0x84, 0xDF, 0x9C, 0xD3, 0xC6, 0x18, 0x06,
    0xFF, 0x8D, 0xF7, 0xBE, 0xB5, 0xB6, 0x42, 0x08, 0x4A, 0x49, 0x6B, 0x4D, 0x8C, 0x71, 0xEF, 0x7D,
    0x02, 0xFF, 0x85, 0xDE, 0xFB, 0xBD, 0xD7, 0xD6, 0xBA, 0x02, 0xFF, 0x83, 0xF7, 0xBE, 0xEF, 0x7D,
    0x02, 0xFF, 0x83, 0xA5, 0x14, 0x08, 0x41, 0x7F, 0x00, 0x88, 0x00, 0x39, 0xC7, 0xD6, 0x9A, 0xFF,
    0xDF, 0x8C, 0x71, 0x42, 0x00, 0x83, 0x42, 0x08, 0xFF, 0xDF, 0x04, 0xFF, 0xA1, 0xE7, 0x1C, 0x84,
    0x30, 0xF7, 0xBE, 0xF7, 0xBE, 0x9C, 0xD3, 0xB5, 0xB6, 0xF7, 0x9E, 0xFF, 0xDF, 0xCE, 0x79, 0xDE,
    0xFB, 0xEF, 0x7D, 0xCE, 0x79, 0xFF, 0xDF, 0xEF, 0x5D, 0x63, 0x0C, 0x18, 0xC3, 0xAD, 0x55, 0x02,
    0xFF, 0x89, 0xE7, 0x3C, 0xEF, 0x5D, 0xFF, 0xDF, 0x9C, 0xD3, 0x00, 0x20, 0x7F, 0x00, 0x88, 0x00,
    0x63, 0x0C, 0xEF, 0x5D, 0xE7, 0x3C, 0x52, 0xAA, 0x42, 0x00, 0x83, 0x29, 0x45, 0xE7, 0x3C, 0x02,
    0xFF, 0x91, 0xEF, 0x7D, 0x84, 0x10, 0x8C, 0x51, 0xFF, 0xDF, 0xDE, 0xDB, 0x10, 0xA2, 0x08, 0x61,
    0xA5, 0x14, 0xFF, 0xDF, 0x0A, 0xFF, 0x87, 0xC6, 0x38, 0x42, 0x28, 0x42, 0x28, 0xD6, 0x9A, 0x06,
    0xFF, 0x83, 0xCE, 0x79, 0x42, 0x08, 0x7F, 0x00, 0x03, 0x00, 0x8B, 0x73, 0xAE, 0xF7, 0x9E, 0xDE,
    0xFB, 0x42, 0x08, 0x00, 0x20, 0x00, 0x20, 0x40, 0x00, 0x95, 0x6B, 0x4D, 0x9C, 0xD3, 0x6B, 0x6D,
    0x10, 0xA2, 0x6B, 0x6D, 0xF7, 0xBE, 0xF7, 0xBE, 0x84, 0x10, 0x29, 0x45, 0x73, 0xAE, 0xF7, 0x9E,
    0x02, 0xFF, 0x85, 0xE7, 0x1C, 0xBD, 0xD7, 0xFF, 0xDF, 0x02, 0xFF, 0x87, 0xF7, 0xBE, 0xEF, 0x5D,
    0xE7, 0x3C, 0xFF, 0xDF, 0x03, 0xFF, 0x84, 0xDF, 0xCE, 0x79, 0x4A, 0x69, 0x7F, 0x00, 0x05, 0x00,
    0x91, 0x6B, 0x4D, 0xEF, 0x7D, 0xF7, 0x9E, 0xB5, 0x96, 0x9C, 0xD3, 0x9C, 0xD3, 0x84, 0x10, 0x4A,
    0x69, 0x08, 0x61, 0x3D, 0x00, 0x80, 0x20, 0x04, 0x00, 0x8B, 0x31, 0x86, 0xBD, 0xD7, 0xFF, 0xDF,
    0xF7, 0xBE, 0xD6, 0xBA, 0xE7, 0x3C, 0x04, 0xFF, 0x83, 0xBD, 0xF7, 0xAD, 0x75, 0x02, 0xFF, 0x87,
    0xEF, 0x5D, 0xE7, 0x1C, 0xF7, 0x9E, 0xFF, 0xDF, 0x02, 0xFF, 0x85, 0xEF, 0x7D, 0xAD, 0x55, 0x4A,
    0x49, 0x7F, 0x00, 0x07, 0x00, 0x91, 0x31, 0xA6, 0xBD, 0xF7, 0xFF, 0xDF, 0xFF, 0xDF, 0xFF, 0xDF,
    0xFF, 0xDF, 0xF7, 0xBE, 0xDE, 0xFB, 0x73, 0xAE, 0x44, 0x00, 0x91, 0x42, 0x08, 0xAD, 0x55, 0xEF,
    0x5D, 0xF7, 0xBE, 0xF7, 0xBE, 0xEF, 0x5D, 0xFF, 0xDF, 0xF7, 0x9E, 0xF7, 0x9E, 0x02, 0xFF, 0x8D,
    0x8C, 0x71, 0x5A, 0xCB, 0x94, 0xB2, 0xEF, 0x7D, 0xFF, 0xDF, 0xAD, 0x75, 0x21, 0x04, 0x7F, 0x00,
    0x0B, 0x00, 0x8B, 0x42, 0x28, 0x9C, 0xD3, 0xBD, 0xD7, 0xC6, 0x18, 0xC6, 0x18, 0xDE, 0xDB, 0x02,
    0xFF, 0x83, 0xD6, 0x9A, 0x39, 0xE7, 0x25, 0x00, 0x88, 0x20, 0x39, 0xC7, 0x63, 0x2C, 0x52, 0xAA,
    0x10, 0x82, 0x16, 0x00, 0x8D, 0x18, 0xC3, 0x63, 0x2C, 0x8C, 0x71, 0x84, 0x30, 0x6B, 0x4D, 0xC6,
    0x18, 0xFF, 0xDF, 0x04, 0xFF, 0x8B, 0xAD, 0x55, 0xA5, 0x14, 0xE7, 0x1C, 0xFF, 0xDF, 0xD6, 0xBA,
    0x52, 0xAA, 0x7F, 0x00, 0x11, 0x00, 0x8D, 0x08, 0x61, 0x10, 0x82, 0x10, 0xA2, 0x5A, 0xEB, 0xEF,
    0x7D, 0xF7, 0x9E, 0x73, 0x8E, 0x22, 0x00, 0x8B, 0x18, 0xC3, 0x73, 0xAE, 0xD6, 0xBA, 0xEF, 0x7D,
    0xDE, 0xFB, 0x5A, 0xEB, 0x20, 0x00, 0x83, 0x4A, 0x49, 0xCE, 0x59, 0x09, 0xFF, 0x86, 0xDF, 0xD6,
    0xBA, 0x73, 0x8E, 0x00, 0x20, 0x7F, 0x00, 0x17, 0x00, 0x87, 0x18, 0xE3, 0xD6, 0x9A, 0xF7, 0xBE,
    0x8C, 0x51, 0x20, 0x00, 0x85, 0x18, 0xC3, 0x8C, 0x51, 0xF7, 0x9E, 0x04, 0xFF, 0x83, 0xF7, 0xBE,
    0x7B, 0xEF, 0x20, 0x00, 0x83, 0x39, 0xC7, 0xCE, 0x79, 0x02, 0xFF, 0x89, 0xD6, 0xBA, 0xD6, 0x9A,
    0xCE, 0x59, 0x9C, 0xF3, 0x4A, 0x49, 0x7F, 0x00, 0x1B, 0x00, 0x87, 0x10, 0x82, 0xBD, 0xF7, 0xFF,
    0xDF, 0xAD, 0x55, 0x1E, 0x00, 0x85, 0x08, 0x41, 0x84, 0x10, 0xF7, 0x9E, 0x02, 0xFF, 0x81, 0xF7,
    0x9E, 0x02, 0xFF, 0x83, 0xEF, 0x7D, 0x63, 0x2C, 0x20, 0x00, 0x87, 0x4A, 0x49, 0xDE, 0xFB, 0xFF,
    0xDF, 0x63, 0x0C, 0x7F, 0x00, 0x24, 0x00, 0x88, 0x20, 0x94, 0xB2, 0xFF, 0xDF, 0xEF, 0x5D, 0x63,
    0x2C, 0x1C, 0x00, 0x83, 0x6B, 0x6D, 0xEF, 0x7D, 0x02, 0xFF, 0x83, 0xC6, 0x18, 0xC6, 0x18, 0x02,
    0xFF, 0x83, 0xC6, 0x38, 0x31, 0x86, 0x20, 0x00, 0x87, 0x63, 0x0C, 0xEF, 0x5D, 0xE7, 0x3C, 0x42,
    0x08, 0x7F, 0x00, 0x25, 0x00, 0x83, 0x42, 0x08, 0xD6, 0x9A, 0x02, 0xFF, 0x83, 0xDE, 0xFB, 0x52,
    0x8A, 0x18, 0x00, 0x83, 0x31, 0x86, 0xC6, 0x18, 0x02, 0xFF, 0x8B, 0xCE, 0x79, 0x84, 0x30, 0xF7,
    0xBE, 0xF7, 0x9E, 0x7B, 0xEF, 0x00, 0x20, 0x20, 0x00, 0x87, 0x73, 0xAE, 0xEF, 0x7D, 0xDE, 0xDB,
    0x31, 0x86, 0x7F, 0x00, 0x27, 0x00, 0x87, 0x5A, 0xEB, 0xDE, 0xFB, 0xFF, 0xDF, 0xAD, 0x55, 0x18,
    0x00, 0x89, 0x7B, 0xEF, 0xF7, 0x9E, 0xEF, 0x7D, 0x8C, 0x51, 0xDE, 0xFB, 0x02, 0xFF, 0x83, 0xB5,
    0xB6, 0x29, 0x45, 0x22, 0x00, 0x87, 0x84, 0x10, 0xF7, 0xBE, 0xD6, 0xBA, 0x29, 0x45, 0x7F, 0x00,
    0x27, 0x00, 0x83, 0x08, 0x41, 0xA5, 0x14, 0x02, 0xFF, 0x81, 0xCE, 0x59, 0x16, 0x00, 0x83, 0x29,
    0x45, 0xC6, 0x18, 0x02, 0xFF, 0x83, 0xCE, 0x59, 0xC6, 0x18, 0x02, 0xFF, 0x83, 0xDE, 0xFB, 0x52,
    0xAA, 0x24, 0x00, 0x87, 0x7B, 0xEF, 0xF7, 0xBE, 0xD6, 0xBA, 0x29, 0x45, 0x7F, 0x00, 0x28, 0x00,
    0x82, 0x20, 0x94, 0xB2, 0x02, 0xFF, 0x81, 0xCE, 0x79, 0x16, 0x00, 0x8F, 0x6B, 0x4D, 0xEF, 0x7D,
    0xFF, 0xDF, 0xD6, 0xBA, 0xFF, 0xDF, 0xF7, 0x9E, 0x7B, 0xEF, 0x08, 0x41, 0x24, 0x00, 0x87, 0x6B,
    0x6D, 0xEF, 0x7D, 0xDE, 0xFB, 0x31, 0xA6, 0x7F, 0x00, 0x28, 0x00, 0x82, 0x20, 0x9C, 0xD3, 0x02,
    0xFF, 0x81, 0xCE, 0x59, 0x16, 0x00, 0x83, 0xA5, 0x14, 0xFF, 0xDF, 0x04, 0xFF, 0x85, 0xF7, 0xBE,
    0x9C, 0xF3, 0x08, 0x61, 0x26, 0x00, 0x87, 0x52, 0xAA, 0xE7, 0x3C, 0xEF, 0x7D, 0x52, 0x8A, 0x7F,
    0x00, 0x29, 0x00, 0x81, 0x8C, 0x71, 0x02, 0xFF, 0x83, 0xE7, 0x1C, 0x31, 0x86, 0x12, 0x00, 0x83,
    0x21, 0x24, 0xC6, 0x38, 0x04, 0xFF, 0x85, 0xF7, 0xBE, 0xA5, 0x34, 0x18, 0xC3, 0x28, 0x00, 0x87,
    0x42, 0x28, 0xDE, 0xDB, 0xFF, 0xDF, 0x73, 0xAE, 0x72, 0x00, 0x85, 0x08, 0x41, 0x42, 0x28, 0x39,
    0xE7, 0x30, 0x00, 0x89, 0x5A, 0xCB, 0xEF, 0x5D, 0xFF, 0xDF, 0xC6, 0x38, 0x31, 0xA6, 0x0C, 0x00,
    0x87, 0x18, 0xC3, 0x63, 0x0C, 0xB5, 0x96, 0xF7, 0x9E, 0x02, 0xFF, 0x85, 0xF7, 0x9E, 0x9C, 0xF3,
    0x18, 0xE3, 0x2A, 0x00, 0x83, 0x18, 0xE3, 0xB5, 0x96, 0x02, 0xFF, 0x83, 0xB5, 0xB6, 0x00, 0x20,
    0x59, 0x00, 0x80, 0x20, 0x14, 0x00, 0x89, 0x08, 0x61, 0xB5, 0x96, 0xEF, 0x7D, 0xE7, 0x1C, 0x6B,
    0x4D, 0x2E, 0x00, 0x85, 0x08, 0x41, 0x8C, 0x51, 0xF7, 0x9E, 0x02, 0xFF, 0x91, 0xE7, 0x3C, 0xBD,
    0xF7, 0x9C, 0xD3, 0x8C, 0x71, 0x8C, 0x71, 0x9C, 0xF3, 0xBD, 0xF7, 0xDE, 0xDB, 0xF7, 0xBE, 0x04,
    0xFF, 0x85, 0xEF, 0x5D, 0x73, 0xAE, 0x08, 0x41, 0x2E, 0x00, 0x87, 0x7B, 0xCF, 0xF7, 0xBE, 0xEF,
    0x5D, 0x42, 0x28, 0x56, 0x00, 0x87, 0x6B, 0x4D, 0xCE, 0x79, 0xAD, 0x55, 0x18, 0xC3, 0x10, 0x00,
    0x83, 0x94, 0x92, 0xFF, 0xDF, 0x04, 0xFF, 0x81, 0x9C, 0xD3, 0x30, 0x00, 0x87, 0x10, 0xA2, 0x7B,
    0xCF, 0xDE, 0xFB, 0xFF, 0xDF, 0x03, 0xFF, 0x86, 0xDF, 0xFF, 0xDF, 0xFF, 0xDF, 0xFF, 0xDF, 0x03,
    0xFF, 0x84, 0xDF, 0xEF, 0x5D, 0xE7, 0x1C, 0x02, 0xFF, 0x83, 0xD6, 0xBA, 0x39, 0xE7, 0x30, 0x00,
    0x83, 0x39, 0xE7, 0xD6, 0x9A, 0x02, 0xFF, 0x83, 0x9C, 0xF3, 0x10, 0xA2, 0x52, 0x00, 0x83, 0x31,
    0xA6, 0xC6, 0x38, 0x02, 0xFF, 0x8D, 0xDE, 0xDB, 0x31, 0x86, 0x00, 0x20, 0x63, 0x2C, 0xA5, 0x14,
    0x9C, 0xD3, 0x4A, 0x69, 0x04, 0x00, 0x83, 0x31, 0xA6, 0xE7, 0x1C, 0x05, 0xFF, 0x82, 0xDF, 0x8C,
    0x51, 0x32, 0x00, 0x9D, 0x08, 0x41, 0x42, 0x08, 0x7B, 0xCF, 0xA5, 0x14, 0xC6, 0x18, 0xD6, 0xBA,
    0xD6, 0x9A, 0xBD, 0xF7, 0xA5, 0x14, 0x84, 0x10, 0x5A, 0xCB, 0x8C, 0x71, 0xFF, 0xDF, 0xD6, 0x9A,
    0x31, 0x86, 0x30, 0x00, 0x89, 0x08, 0x61, 0x8C, 0x51, 0xFF, 0xDF, 0xE7, 0x3C, 0x5A, 0xEB, 0x51,
    0x00, 0x95, 0x20, 0x7B, 0xCF, 0xEF, 0x7D, 0xFF, 0xDF, 0xB5, 0x96, 0x10, 0xA2, 0x52, 0x8A, 0xDE,
    0xFB, 0xFF, 0xDF, 0xF7, 0xBE, 0xCE, 0x59, 0x42, 0x02, 0x08, 0x82, 0x41, 0x94, 0x92, 0x06, 0xFF,
    0x83, 0xEF, 0x5D, 0x5A, 0xEB, 0x37, 0x00, 0x8E, 0x20, 0x10, 0x82, 0x18, 0xE3, 0x21, 0x24, 0x21,
    0x24, 0x18, 0xE3, 0x10, 0x82, 0x00, 0x20, 0x02, 0x00, 0x87, 0x84, 0x30, 0xFF, 0xDF, 0xCE, 0x79,
    0x29, 0x65, 0x32, 0x00, 0x83, 0x39, 0xC7, 0xCE, 0x59, 0x02, 0xFF, 0x83, 0xCE, 0x59, 0x4A, 0x69,
    0x4E, 0x00, 0x83, 0x52, 0xAA, 0xD6, 0x9A, 0x02, 0xFF, 0x87, 0xD6, 0xBA, 0x4A, 0x69, 0x00, 0x20,
    0xAD, 0x75, 0x02, 0xFF, 0x8B, 0xE7, 0x1C, 0xEF, 0x5D, 0xF7, 0x9E, 0x84, 0x30, 0x31, 0xA6, 0xDE,
    0xFB, 0x05, 0xFF, 0x84, 0xDF, 0xB5, 0x96, 0x10, 0x82, 0x48, 0x00, 0x87, 0x84, 0x10, 0xFF, 0xDF,
    0xCE, 0x79, 0x29, 0x65, 0x33, 0x00, 0x8A, 0x20, 0x5A, 0xEB, 0xE7, 0x3C, 0xFF, 0xDF, 0xC6, 0x18,
    0x52, 0x8A, 0x4A, 0x00, 0x85, 0x39, 0xE7, 0xC6, 0x18, 0xFF, 0xDF, 0x02, 0xFF, 0x93, 0xA5, 0x34,
    0x00, 0x20, 0x31, 0xA6, 0xE7, 0x1C, 0xFF, 0xDF, 0x94, 0xB2, 0xCE, 0x59, 0xFF, 0xDF, 0x9C, 0xF3,
    0x7B, 0xCF, 0x06, 0xFF, 0x83, 0xD6, 0xBA, 0x4A, 0x49, 0x4A, 0x00, 0x87, 0x84, 0x10, 0xFF, 0xDF,
    0xCE, 0x79, 0x29, 0x65, 0x35, 0x00, 0x81, 0x20, 0x7B, 0x02, 0xEF, 0x88, 0x5D, 0xFF, 0xDF, 0xCE,
    0x59, 0x63, 0x0C, 0x18, 0xC3, 0x44, 0x00, 0x85, 0x29, 0x65, 0xB5, 0xB6, 0xFF, 0xDF, 0x02, 0xFF,
    0x95, 0xF7, 0x9E, 0x7B, 0xCF, 0x00, 0x20, 0x73, 0x8E, 0xFF, 0xDF, 0xE7, 0x1C, 0x84, 0x10, 0xEF,
    0x5D, 0xF7, 0x9E, 0x84, 0x10, 0xC6, 0x18, 0x04, 0xFF, 0x85, 0xEF, 0x5D, 0x6B, 0x6D, 0x00, 0x20,
    0x4A, 0x00, 0x87, 0x84, 0x10, 0xFF, 0xDF, 0xCE, 0x79, 0x29, 0x65, 0x36, 0x00, 0x85, 0x08, 0x61,
    0x84, 0x30, 0xE7, 0x3C, 0x02, 0xFF, 0x87, 0xE7, 0x1C, 0x9C, 0xF3, 0x52, 0x8A, 0x18, 0xE3, 0x3E,
    0x00, 0x85, 0x10, 0xA2, 0xAD, 0x75, 0xFF, 0xDF, 0x04, 0xFF, 0x87, 0xEF, 0x7D, 0x63, 0x2C, 0x10,
    0xA2, 0xAD, 0x75, 0x02, 0xFF, 0x83, 0xD6, 0xBA, 0xDE, 0xFB, 0x02, 0xFF, 0x85, 0xCE, 0x79, 0x63,
    0x0C, 0xE7, 0x3C, 0x03, 0xFF, 0x88, 0xDF, 0xA5, 0x14, 0x63, 0x2C, 0x7B, 0xCF, 0x31, 0xA6, 0x08,
    0x00, 0x85, 0x29, 0x65, 0x42, 0x08, 0x18, 0xC3, 0x3A, 0x00, 0x87, 0x8C, 0x51, 0xFF, 0xDF, 0xCE,
    0x79, 0x29, 0x45, 0x38, 0x00, 0x90, 0x08, 0x41, 0x63, 0x0C, 0xCE, 0x79, 0xFF, 0xDF, 0xFF, 0xDF,
    0xE7, 0x3C, 0xBD, 0xD7, 0x73, 0xAE, 0x42, 0x02, 0x08, 0x80, 0x61, 0x36, 0x00, 0x93, 0x18, 0xE3,
    0xA5, 0x14, 0xFF, 0xDF, 0xF7, 0xBE, 0xBD, 0xF7, 0xEF, 0x7D, 0xEF, 0x7D, 0x5A, 0xCB, 0x31, 0xA6,
    0xD6, 0xBA, 0x06, 0xFF, 0x87, 0xE7, 0x1C, 0x6B, 0x4D, 0x7B, 0xEF, 0xFF, 0xDF, 0x02, 0xFF, 0x85,
    0xCE, 0x59, 0xB5, 0xB6, 0xF7, 0xBE, 0x02, 0xFF, 0x83, 0xBD, 0xD7, 0x08, 0x41, 0x02, 0x00, 0x93,
    0x29, 0x45, 0xA5, 0x14, 0xDE, 0xFB, 0xEF, 0x5D, 0xCE, 0x59, 0x63, 0x2C, 0x00, 0x20, 0x31, 0xA6,
    0x73, 0xAE, 0x31, 0x86, 0x02, 0x00, 0x83, 0x08, 0x41, 0x00, 0x20, 0x2A, 0x00, 0x87, 0xAD, 0x75,
    0xFF, 0xDF, 0xB5, 0x96, 0x18, 0xC3, 0x3C, 0x00, 0x87, 0x31, 0x86, 0x8C, 0x71, 0xD6, 0x9A, 0xF7,
    0x9E, 0x04, 0xFF, 0x91, 0xEF, 0x5D, 0xCE, 0x79, 0xA5, 0x34, 0x7B, 0xEF, 0x5A, 0xEB, 0x42, 0x08,
    0x31, 0x86, 0x10, 0xA2, 0x00, 0x20, 0x26, 0x00, 0x95, 0x21, 0x04, 0x9C, 0xF3, 0xF7, 0xBE, 0xF7,
    0xBE, 0x9C, 0xD3, 0x6B, 0x6D, 0xEF, 0x5D, 0xE7, 0x1C, 0x52, 0x8A, 0x73, 0xAE, 0xEF, 0x7D, 0x04,
    0xFF, 0x87, 0xDE, 0xFB, 0x73, 0x8E, 0x18, 0xE3, 0xAD, 0x55, 0x02, 0xFF, 0x85, 0xF7, 0x9E, 0xD6,
    0xBA, 0xFF, 0xDF, 0x04, 0xFF, 0x8D, 0xE7, 0x3C, 0x21, 0x24, 0x21, 0x24, 0xBD, 0xD7, 0xFF, 0xDF,
    0xFF, 0xDF, 0xF7, 0x9E, 0x02, 0xFF, 0x91, 0xCE, 0x79, 0x39, 0xC7, 0xB5, 0xB6, 0xFF, 0xDF, 0xAD,
    0x75, 0x84, 0x30, 0xB5, 0x96, 0xA5, 0x14, 0x42, 0x28, 0x06, 0x00, 0x87, 0x10, 0xA2, 0x42, 0x08,
    0x42, 0x08, 0x18, 0xC3, 0x18, 0x00, 0x89, 0x21, 0x04, 0xD6, 0x9A, 0xFF, 0xDF, 0x94, 0x92, 0x00,
    0x20, 0x3E, 0x00, 0x8B, 0x08, 0x61, 0x31, 0xA6, 0x6B, 0x6D, 0xA5, 0x34, 0xDE, 0xFB, 0xEF, 0x7D,
    0x05, 0xFF, 0x90, 0xDF, 0xF7, 0x9E, 0xE7, 0x1C, 0xDE, 0xDB, 0xC6, 0x18, 0xB5, 0x96, 0xAD, 0x55,
    0x94, 0x92, 0x42, 0x28, 0x1E, 0x00, 0x95, 0x18, 0xE3, 0x94, 0xB2, 0xF7, 0x9E, 0xFF, 0xDF, 0xA5,
    0x34, 0x29, 0x45, 0x6B, 0x6D, 0xEF, 0x7D, 0xEF, 0x7D, 0xC6, 0x38, 0xEF, 0x7D, 0x02, 0xFF, 0x8B,
    0xF7, 0xBE, 0xBD, 0xF7, 0x63, 0x0C, 0x10, 0x82, 0x5A, 0xCB, 0xE7, 0x1C, 0x02, 0xFF, 0x87, 0xEF,
    0x5D, 0xF7, 0xBE, 0xF7, 0xBE, 0xD6, 0x9A, 0x02, 0xFF, 0x8D, 0xE7, 0x3C, 0x21, 0x24, 0x84, 0x10,
    0xF7, 0xBE, 0xF7, 0xBE, 0xA5, 0x14, 0xC6, 0x18, 0x02, 0xFF, 0x85, 0xD6, 0xBA, 0x6B, 0x4D, 0xEF,
    0x5D, 0x02, 0xFF, 0x83, 0xF7, 0x9E, 0xF7, 0xBE, 0x03, 0xFF, 0x92, 0xDF, 0xB5, 0x96, 0x18, 0xE3,
    0x18, 0xC3, 0x6B, 0x4D, 0xBD, 0xD7, 0xE7, 0x3C, 0xE7, 0x3C, 0xB5, 0x96, 0x4A, 0x69, 0x16, 0x00,
    0x87, 0x73, 0x8E, 0xF7, 0x9E, 0xEF, 0x5D, 0x5A, 0xEB, 0x46, 0x00, 0x93, 0x10, 0xA2, 0x39, 0xE7,
    0x6B, 0x6D, 0x94, 0x92, 0xB5, 0xB6, 0xCE, 0x79, 0xDE, 0xFB, 0xEF, 0x7D, 0xF7, 0x9E, 0xF7, 0xBE,
    0x05, 0xFF, 0x84, 0xDF, 0xAD, 0x75, 0x08, 0x61, 0x1A, 0x00, 0x91, 0x21, 0x04, 0x9C, 0xD3, 0xEF,
    0x7D, 0xFF, 0xDF, 0xAD, 0x75, 0x29, 0x45, 0x31, 0xA6, 0xA5, 0x14, 0xF7, 0xBE, 0x08, 0xFF, 0x83,
    0xB5, 0x96, 0x31, 0xA6, 0x02, 0x00, 0x83, 0x21, 0x24, 0xB5, 0xB6, 0x05, 0xFF, 0x80, 0xDF, 0x02,
    0xFF, 0x8B, 0xBD, 0xD7, 0xA5, 0x14, 0xFF, 0xDF, 0xDE, 0xFB, 0x29, 0x45, 0xC6, 0x18, 0x02, 0xFF,
    0x8D, 0xC6, 0x18, 0x9C, 0xF3, 0xEF, 0x7D, 0xF7, 0xBE, 0x9C, 0xD3, 0x9C, 0xD3, 0xFF, 0xDF, 0x04,
    0xFF, 0x8D, 0xEF, 0x7D, 0xCE, 0x59, 0xF7, 0xBE, 0xE7, 0x3C, 0x5A, 0xCB, 0x94, 0xB2, 0xEF, 0x5D,
    0x02, 0xFF, 0x89, 0xF7, 0xBE, 0xFF, 0xDF, 0xFF, 0xDF, 0xC6, 0x38, 0x52, 0xAA, 0x12, 0x00, 0x83,
    0x18, 0xC3, 0xC6, 0x18, 0x02, 0xFF, 0x83, 0xBD, 0xD7, 0x21, 0x24, 0x4D, 0x00, 0x96, 0x20, 0x21,
    0x04, 0x31, 0xA6, 0x4A, 0x69, 0x6B, 0x4D, 0x7B, 0xCF, 0x8C, 0x71, 0xAD, 0x55, 0xB5, 0xB6, 0xBD,
    0xD7, 0x7B, 0xEF, 0x08, 0x41, 0x18, 0x00, 0x91, 0x21, 0x04, 0x9C, 0xD3, 0xEF, 0x7D, 0xF7, 0xBE,
    0xB5, 0x96, 0x31, 0x86, 0x73, 0x8E, 0xCE, 0x79, 0xF7, 0xBE, 0x02, 0xFF, 0x85, 0xF7, 0xBE, 0xD6,
    0x9A, 0xF7, 0x9E, 0x02, 0xFF, 0x81, 0x73, 0x8E, 0x04, 0x00, 0x83, 0x73, 0xAE, 0xEF, 0x7D, 0x06,
    0xFF, 0x85, 0xDE, 0xDB, 0x4A, 0x69, 0xB5, 0xB6, 0x02, 0xFF, 0x85, 0xBD, 0xD7, 0x42, 0x08, 0xDE,
    0xFB, 0x02, 0xFF, 0x8B, 0xCE, 0x79, 0xF7, 0x9E, 0xFF, 0xDF, 0xBD, 0xD7, 0x4A, 0x49, 0xC6, 0x38,
    0x04, 0xFF, 0x8D, 0xF7, 0xBE, 0x9C, 0xF3, 0x6B, 0x4D, 0xEF, 0x7D, 0xF7, 0xBE, 0xB5, 0x96, 0xF7,
    0x9E, 0x02, 0xFF, 0x8B, 0xE7, 0x3C, 0x94, 0xB2, 0xAD, 0x75, 0xF7, 0xBE, 0xFF, 0xDF, 0xCE, 0x59,
    0x10, 0x00, 0x8B, 0x08, 0x41, 0x7B, 0xEF, 0xF7, 0x9E, 0xEF, 0x7D, 0x73, 0x8E, 0x00, 0x20, 0x59,
    0x00, 0x88, 0x20, 0x08, 0x41, 0x10, 0xA2, 0x18, 0xE3, 0x08, 0x41, 0x18, 0x00, 0x8F, 0x21, 0x24,
    0xA5, 0x14, 0xF7, 0x9E, 0xF7, 0xBE, 0xB5, 0x96, 0x39, 0xE7, 0x94, 0xB2, 0xEF, 0x7D, 0x03, 0xFF,
    0x80, 0xDF, 0x02, 0xFF, 0x89, 0xDE, 0xDB, 0x73, 0x8E, 0xEF, 0x5D, 0xF7, 0x9E, 0x52, 0x8A, 0x02,
    0x00, 0x83, 0x31, 0x86, 0xC6, 0x38, 0x07, 0xFF, 0x86, 0xDF, 0x84, 0x30, 0x10, 0x82, 0xCE, 0x59,
    0x02, 0xFF, 0x85, 0xA5, 0x14, 0x52, 0x8A, 0xEF, 0x5D, 0x03, 0xFF, 0x8A, 0xDF, 0xFF, 0xDF, 0xBD,
    0xF7, 0x42, 0x08, 0x84, 0x10, 0xEF, 0x7D, 0x04, 0xFF, 0x87, 0xBD, 0xF7, 0x29, 0x65, 0x8C, 0x51,
    0xF7, 0xBE, 0x03, 0xFF, 0x80, 0xDF, 0x03, 0xFF, 0x88, 0xDF, 0x8C, 0x71, 0x08, 0x61, 0x52, 0xAA,
    0xEF, 0x5D, 0x02, 0xFF, 0x81, 0xD6, 0x9A, 0x0E, 0x00, 0x85, 0x08, 0x41, 0x63, 0x0C, 0xDE, 0xFB,
    0x02, 0xFF, 0x83, 0xB5, 0xB6, 0x21, 0x24, 0x7A, 0x00, 0xA7, 0x21, 0x04, 0xAD, 0x55, 0xFF, 0xDF,
    0xFF, 0xDF, 0xAD, 0x75, 0x29, 0x65, 0x84, 0x30, 0xF7, 0xBE, 0xFF, 0xDF, 0xCE, 0x59, 0xAD, 0x75,
    0xF7, 0xBE, 0xD6, 0xBA, 0x8C, 0x51, 0xFF, 0xDF, 0xDE, 0xFB, 0x21, 0x24, 0x08, 0x41, 0x8C, 0x51,
    0xF7, 0xBE, 0x06, 0xFF, 0x8F, 0xDE, 0xDB, 0x21, 0x24, 0x21, 0x04, 0xDE, 0xDB, 0xFF, 0xDF, 0x8C,
    0x51, 0x52, 0x8A, 0xE7, 0x3C, 0x03, 0xFF, 0x88, 0xDF, 0xB5, 0xB6, 0x39, 0xC7, 0x73, 0xAE, 0xE7,
    0x3C, 0x04, 0xFF, 0x87, 0xEF, 0x5D, 0x4A, 0x69, 0x08, 0x41, 0xB5, 0xB6, 0x08, 0xFF, 0x8D, 0xEF,
    0x7D, 0x4A, 0x69, 0x00, 0x20, 0x94, 0x92, 0xFF, 0xDF, 0xF7, 0xBE, 0x8C, 0x71, 0x0C, 0x00, 0x85,
    0x10, 0xA2, 0x6B, 0x4D, 0xDE, 0xDB, 0x02, 0xFF, 0x83, 0xD6, 0x9A, 0x42, 0x28, 0x7A, 0x00, 0x83,
    0x18, 0xC3, 0xB5, 0x96, 0x03, 0xFF, 0x88, 0xDF, 0xAD, 0x55, 0x29, 0x45, 0x18, 0xE3, 0xBD, 0xD7,
    0x02, 0xFF, 0x8B, 0xC6, 0x38, 0x29, 0x65, 0x73, 0xAE, 0xEF, 0x7D, 0xDE, 0xDB, 0x9C, 0xD3, 0x02,
    0xFF, 0x87, 0xD6, 0x9A, 0x10, 0x82, 0x4A, 0x69, 0xE7, 0x1C, 0x07, 0xFF, 0x82, 0xDF, 0xA5, 0x34,
    0x02, 0x00, 0x89, 0x39, 0xE7, 0xEF, 0x7D, 0xF7, 0x9E, 0x7B, 0xEF, 0xC6, 0x18, 0x04, 0xFF, 0x87,
    0xDE, 0xDB, 0x4A, 0x49, 0x94, 0x92, 0xEF, 0x5D, 0x06, 0xFF, 0x87, 0xAD, 0x55, 0x08, 0x41, 0x31,
    0x86, 0xD6, 0x9A, 0x04, 0xFF, 0x8B, 0xF7, 0x9E, 0xFF, 0xDF, 0xEF, 0x7D, 0x5A, 0xEB, 0x63, 0x0C,
    0xD6, 0xBA, 0x02, 0xFF, 0x83, 0xD6, 0x9A, 0x29, 0x65, 0x0A, 0x00, 0x85, 0x31, 0x86, 0x94, 0xB2,
    0xEF, 0x5D, 0x02, 0xFF, 0x83, 0xDE, 0xDB, 0x4A, 0x69, 0x6E, 0x00, 0x89, 0x18, 0xE3, 0x94, 0xB2,
    0xBD, 0xF7, 0x9C, 0xF3, 0x31, 0x86, 0x02, 0x00, 0x83, 0x31, 0xA6, 0xBD, 0xF7, 0x03, 0xFF, 0x84,
    0xDF, 0x9C, 0xF3, 0x18, 0xC3, 0x02, 0x00, 0x91, 0x08, 0x61, 0x9C, 0xF3, 0xFF, 0xDF, 0xEF, 0x7D,
    0x73, 0x8E, 0x73, 0x8E, 0xEF, 0x7D, 0xDE, 0xFB, 0x9C, 0xF3, 0x02, 0xFF, 0x85, 0xD6, 0x9A, 0x29,
    0x45, 0xBD, 0xF7, 0x02, 0xFF, 0x83, 0xEF, 0x5D, 0xF7, 0x9E, 0x02, 0xFF, 0x83, 0xF7, 0x9E, 0x63,
    0x2C, 0x02, 0x00, 0x87, 0x42, 0x28, 0xF7, 0x9E, 0xFF, 0xDF, 0xE7, 0x1C, 0x03, 0xFF, 0x82, 0xDF,
    0xFF, 0xDF, 0x02, 0xFF, 0x81, 0xF7, 0x9E, 0x03, 0xFF, 0x82, 0xDF, 0xF7, 0xBE, 0x02, 0xFF, 0x83,
    0xEF, 0x5D, 0x4A, 0x69, 0x02, 0x00, 0x83, 0x42, 0x08, 0xE7, 0x1C, 0x02, 0xFF, 0x85, 0xEF, 0x7D,
    0x94, 0x92, 0xD6, 0x9A, 0x02, 0xFF, 0x83, 0xF7, 0x9E, 0xF7, 0xBE, 0x04, 0xFF, 0x97, 0xE7, 0x1C,
    0x8C, 0x71, 0x42, 0x28, 0x39, 0xE7, 0x4A, 0x49, 0x73, 0xAE, 0xB5, 0xB6, 0xE7, 0x1C, 0xFF, 0xDF,
    0xFF, 0xDF, 0xCE, 0x59, 0x42, 0x28, 0x70, 0x00, 0x83, 0x8C, 0x71, 0xFF, 0xDF, 0x02, 0xFF, 0x87,
    0xF7, 0x9E, 0x7B, 0xEF, 0x73, 0x8E, 0xD6, 0x9A, 0x02, 0xFF, 0x85, 0xEF, 0x7D, 0x94, 0xB2, 0x21,
    0x04, 0x06, 0x00, 0x83, 0x39, 0xE7, 0xCE, 0x59, 0x02, 0xFF, 0x82, 0xEF, 0x7D, 0xBD, 0x02, 0xF7,
    0x92, 0x9E, 0xE7, 0x3C, 0x8C, 0x71, 0xF7, 0xBE, 0xEF, 0x5D, 0xB5, 0xB6, 0xFF, 0xDF, 0xEF, 0x7D,
    0x9C, 0xF3, 0xE7, 0x3C, 0x02, 0xFF, 0x83, 0xD6, 0x9A, 0x10, 0x82, 0x02, 0x00, 0x83, 0x39, 0xE7,
    0xEF, 0x7D, 0x04, 0xFF, 0x95, 0xF7, 0x9E, 0x94, 0x92, 0xA5, 0x14, 0xE7, 0x1C, 0xF7, 0x9E, 0xDE,
    0xDB, 0xA5, 0x14, 0x7B, 0xCF, 0xBD, 0xF7, 0x8C, 0x51, 0x08, 0x61, 0x02, 0x00, 0x95, 0x21, 0x24,
    0xB5, 0xB6, 0xDE, 0xFB, 0x94, 0x92, 0x18, 0xE3, 0x73, 0xAE, 0xDE, 0xDB, 0xF7, 0x9E, 0xEF, 0x5D,
    0xCE, 0x59, 0xE7, 0x1C, 0x03, 0xFF, 0x88, 0xDF, 0xFF, 0xDF, 0xFF, 0xDF, 0xFF, 0xDF, 0xFF, 0xDF,
    0x03, 0xFF, 0x86, 0xDF, 0xDE, 0xFB, 0x9C, 0xF3, 0x31, 0x86, 0x72, 0x00, 0x83, 0x94, 0x92, 0xFF,
    0xDF, 0x04, 0xFF, 0x83, 0xE7, 0x3C, 0xF7, 0x9E, 0x02, 0xFF, 0x85, 0xE7, 0x3C, 0x7B, 0xCF, 0x10,
    0xA2, 0x0A, 0x00, 0x85, 0x42, 0x28, 0xCE, 0x59, 0xFF, 0xDF, 0x04, 0xFF, 0x85, 0xE7, 0x3C, 0x63,
    0x0C, 0xD6, 0x9A, 0x03, 0xFF, 0x8C, 0xDF, 0xF7, 0x9E, 0xA5, 0x14, 0x4A, 0x69, 0xDE, 0xFB, 0xF7,
    0xBE, 0x94, 0x92, 0x04, 0x00, 0x82, 0x10, 0xA2, 0xBD, 0x02, 0xF7, 0x96, 0xBE, 0xE7, 0x1C, 0x8C,
    0x51, 0x10, 0x82, 0x10, 0xA2, 0x4A, 0x69, 0x5A, 0xEB, 0x42, 0x28, 0x10, 0xA2, 0x08, 0x41, 0x21,
    0x24, 0x10, 0x82, 0x06, 0x00, 0x85, 0x31, 0x86, 0x4A, 0x49, 0x18, 0xC3, 0x02, 0x00, 0x9F, 0x08,
    0x41, 0x42, 0x08, 0x63, 0x0C, 0x52, 0xAA, 0x31, 0x86, 0x5A, 0xCB, 0xB5, 0x96, 0xD6, 0xBA, 0xF7,
    0x9E, 0xF7, 0xBE, 0xEF, 0x7D, 0xD6, 0xBA, 0xC6, 0x38, 0x94, 0x92, 0x4A, 0x69, 0x10, 0xA2, 0x74,
    0x00, 0x8F, 0x39, 0xE7, 0xC6, 0x38, 0xF7, 0x9E, 0xFF, 0xDF, 0xFF, 0xDF, 0xEF, 0x7D, 0xC6, 0x38,
    0x6B, 0x4D, 0x10, 0x00, 0x9D, 0x39, 0xE7, 0xAD, 0x75, 0xE7, 0x1C, 0xEF, 0x7D, 0xB5, 0xB6, 0x29,
    0x65, 0x73, 0xAE, 0xDE, 0xDB, 0xDE, 0xFB, 0x9C, 0xF3, 0x29, 0x65, 0x10, 0xA2, 0x8C, 0x71, 0xAD,
    0x55, 0x39, 0xE7, 0x06, 0x00, 0x87, 0x42, 0x08, 0x73, 0x8E, 0x52, 0xAA, 0x00, 0x20, 0x2C, 0x00,
    0x8D, 0x08, 0x61, 0x42, 0x08, 0x63, 0x2C, 0x6B, 0x4D, 0x63, 0x0C, 0x39, 0xE7, 0x10, 0xA2, 0x7C,
    0x00, 0x8B, 0x31, 0xA6, 0x7B, 0xCF, 0x8C, 0x71, 0x8C, 0x51, 0x6B, 0x6D, 0x29, 0x65, 0x14, 0x00,
    0x87, 0x10, 0xA2, 0x52, 0xAA, 0x6B, 0x6D, 0x39, 0xC7, 0x02, 0x00, 0x87, 0x08, 0x41, 0x39, 0xE7,
    0x42, 0x28, 0x10, 0x82, 0x07, 0x00, 0x80, 0x20, 0x7F, 0x00, 0x7F, 0x00, 0x7F, 0x00, 0x7F, 0x00,
    0x7F, 0x00, 0x7F, 0x00, 0x7F, 0x00, 0x7F, 0x00, 0x7F, 0x00, 0x7F, 0x00, 0x7F, 0x00, 0x7F, 0x00,
    0x7F, 0x00, 0x7F, 0x00, 0x7F, 0x00, 0x7F, 0x00, 0x7F, 0x00, 0x7F, 0x00, 0x7F, 0x00, 0x7F, 0x00,
    0x7F, 0x00, 0x7F, 0x00, 0x7F, 0x00, 0x5B, 0x00, 0x02, 0xFD, 0x06, 0x00, 0x00, 0x08, 0x00, 0x01,
    0xFF, 0x64, 0x00, 0x05, 0xFA, 0x48, 0x24, 0x00, 0x7F, 0x00, 0x7F, 0x00, 0x7F, 0x00, 0x7F, 0x00,
    0x7F, 0x00, 0x7F, 0x00, 0x7F, 0x00, 0x7F, 0x00, 0x7F, 0x00, 0x7F, 0x00, 0x7F, 0x00, 0x7F, 0x00,
    0x7F, 0x00, 0x7F, 0x00, 0x7F, 0x00, 0x7F, 0x00, 0x7F, 0x00, 0x7F, 0x00, 0x7F, 0x00, 0x7F, 0x00,
    0x7F, 0x00, 0x7F, 0x00, 0x7F, 0x00, 0x7F, 0x00, 0x7F, 0x00, 0x7F, 0x00, 0x7F, 0x00, 0x7F, 0x00,
    0x7F, 0x00, 0x7F, 0x00, 0x7F, 0x00, 0x7F, 0x00, 0x7F, 0x00, 0x7F, 0x00, 0x7F, 0x00, 0x12, 0x00,
    0x96, 0x20, 0x18, 0xE3, 0x4A, 0x49, 0x73, 0x8E, 0x84, 0x10, 0x8C, 0x71, 0x94, 0xB2, 0x94, 0x92,
    0x84, 0x30, 0x73, 0xAE, 0x42, 0x28, 0x10, 0x82, 0x7F, 0x00, 0x64, 0x00, 0xA0, 0x20, 0x39, 0xE7,
    0x73, 0xAE, 0xA5, 0x14, 0xCE, 0x79, 0xE7, 0x1C, 0xF7, 0xBE, 0xFF, 0xDF, 0xFF, 0xDF, 0xFF, 0xDF,
    0xFF, 0xDF, 0xFF, 0xDF, 0xF7, 0xBE, 0xDE, 0xFB, 0xC6, 0x18, 0x7B, 0xEF, 0x29, 0x65, 0x10, 0x00,
    0x89, 0x10, 0x82, 0x21, 0x04, 0x21, 0x24, 0x21, 0x04, 0x08, 0x61, 0x7F, 0x00, 0x41, 0x00, 0xA7,
    0x08, 0x41, 0x4A, 0x49, 0x9C, 0xD3, 0xD6, 0x9A, 0xEF, 0x7D, 0xFF, 0xDF, 0xFF, 0xDF, 0xEF, 0x7D,
    0xE7, 0x3C, 0xDE, 0xFB, 0xCE, 0x59, 0xBD, 0xF7, 0xC6, 0x18, 0xDE, 0xFB, 0xE7, 0x3C, 0xF7, 0x9E,
    0xFF, 0xDF, 0xEF, 0x7D, 0xBD, 0xD7, 0x42, 0x08, 0x08, 0x00, 0x99, 0x39, 0xC7, 0x7B, 0xCF, 0xAD,
    0x75, 0xBD, 0xF7, 0xC6, 0x38, 0xCE, 0x59, 0xC6, 0x38, 0xBD, 0xD7, 0xAD, 0x75, 0x84, 0x30, 0x5A,
    0xEB, 0x31, 0xA6, 0x08, 0x61, 0x7F, 0x00, 0x35, 0x00, 0xAB, 0x29, 0x65, 0x84, 0x30, 0xD6, 0x9A,
    0xF7, 0xBE, 0xFF, 0xDF, 0xE7, 0x1C, 0xC6, 0x18, 0x94, 0xB2, 0x6B, 0x6D, 0x42, 0x08, 0x31, 0x86,
    0x21, 0x24, 0x18, 0xE3, 0x21, 0x04, 0x29, 0x65, 0x42, 0x08, 0x7B, 0xEF, 0xB5, 0xB6, 0xEF, 0x7D,
    0xFF, 0xDF, 0xB5, 0x96, 0x18, 0xC3, 0x02, 0x00, 0x87, 0x08, 0x41, 0x6B, 0x6D, 0xCE, 0x59, 0xF7,
    0x9E, 0x03, 0xFF, 0x86, 0xDF, 0xF7, 0xBE, 0xF7, 0xBE, 0xF7, 0xBE, 0x04, 0xFF, 0x8D, 0xF7, 0xBE,
    0xEF, 0x5D, 0xCE, 0x79, 0xAD, 0x55, 0x73, 0xAE, 0x42, 0x28, 0x18, 0xE3, 0x7F, 0x00, 0x2D, 0x00,
    0x91, 0x4A, 0x49, 0xB5, 0xB6, 0xEF, 0x7D, 0xFF, 0xDF, 0xDE, 0xFB, 0xA5, 0x14, 0x52, 0x8A, 0x21,
    0x04, 0x00, 0x20, 0x12, 0x00, 0x89, 0x21, 0x04, 0x9C, 0xD3, 0xF7, 0xBE, 0xEF, 0x7D, 0x5A, 0xCB,
    0x02, 0x00, 0x9B, 0x6B, 0x6D, 0xE7, 0x1C, 0xFF, 0xDF, 0xEF, 0x5D, 0xBD, 0xF7, 0xA5, 0x14, 0x8C,
    0x71, 0x84, 0x30, 0x8C, 0x71, 0xAD, 0x55, 0xBD, 0xD7, 0xDE, 0xDB, 0xF7, 0x9E, 0xFF, 0xDF, 0x02,
    0xFF, 0x8B, 0xEF, 0x7D, 0xD6, 0xBA, 0xB5, 0x96, 0x73, 0xAE, 0x31, 0xA6, 0x08, 0x41, 0x7F, 0x00,
    0x25, 0x00, 0x83, 0x4A, 0x49, 0xD6, 0x9A, 0x02, 0xFF, 0x87, 0xEF, 0x7D, 0xAD, 0x75, 0x4A, 0x69,
    0x08, 0x41, 0x1A, 0x00, 0x83, 0x31, 0x86, 0xD6, 0x9A, 0x02, 0xFF, 0x85, 0x9C, 0xF3, 0x29, 0x65,
    0xD6, 0x9A, 0x02, 0xFF, 0x85, 0xCE, 0x79, 0x63, 0x2C, 0x18, 0xC3, 0x03, 0x00, 0x82, 0x20, 0x00,
    0x20, 0x04, 0x00, 0x8D, 0x08, 0x61, 0x31, 0x86, 0x5A, 0xCB, 0x94, 0xB2, 0xBD, 0xF7, 0xE7, 0x1C,
    0xFF, 0xDF, 0x02, 0xFF, 0x89, 0xF7, 0x9E, 0xCE, 0x79, 0x8C, 0x51, 0x42, 0x08, 0x10, 0xA2, 0x7F,
    0x00, 0x1F, 0x00, 0x83, 0x39, 0xE7, 0xCE, 0x79, 0x02, 0xFF, 0x85, 0xE7, 0x1C, 0x7B, 0xCF, 0x18,
    0xC3, 0x10, 0x00, 0x85, 0x08, 0x41, 0x08, 0x41, 0x08, 0x41, 0x08, 0x00, 0x83, 0x10, 0x82, 0xCE,
    0x59, 0x02, 0xFF, 0x89, 0xAD, 0x75, 0x84, 0x30, 0xFF, 0xDF, 0xE7, 0x1C, 0x5A, 0xEB, 0x02, 0x00,
    0x8D, 0x29, 0x65, 0x63, 0x0C, 0x7B, 0xEF, 0x7B, 0xCF, 0x63, 0x0C, 0x39, 0xC7, 0x00, 0x20, 0x06,
    0x00, 0x89, 0x10, 0xA2, 0x42, 0x08, 0x7B, 0xEF, 0xC6, 0x18, 0xEF, 0x7D, 0x03, 0xFF, 0x86, 0xDF,
    0xDE, 0xFB, 0xA5, 0x14, 0x4A, 0x49, 0x7F, 0x00, 0x1B, 0x00, 0x8B, 0x29, 0x65, 0xB5, 0xB6, 0xFF,
    0xDF, 0xE7, 0x3C, 0x6B, 0x4D, 0x08, 0x41, 0x08, 0x00, 0xA1, 0x08, 0x61, 0x39, 0xC7, 0x6B, 0x6D,
    0xA5, 0x14, 0xC6, 0x38, 0xCE, 0x59, 0xCE, 0x79, 0xCE, 0x59, 0xC6, 0x38, 0x9C, 0xD3, 0x6B, 0x4D,
    0x42, 0x08, 0x63, 0x0C, 0xE7, 0x3C, 0xFF, 0xDF, 0x8C, 0x51, 0xCE, 0x59, 0x02, 0xFF, 0x89, 0xAD,
    0x55, 0x18, 0xE3, 0x73, 0xAE, 0xD6, 0xBA, 0xFF, 0xDF, 0x05, 0xFF, 0x86, 0xDF, 0xE7, 0x3C, 0xA5,
    0x14, 0x31, 0x86, 0x0A, 0x00, 0x89, 0x08, 0x41, 0x52, 0x8A, 0xA5, 0x34, 0xDE, 0xFB, 0xFF, 0xDF,
    0x02, 0xFF, 0x87, 0xEF, 0x5D, 0xA5, 0x14, 0x42, 0x28, 0x08, 0x61, 0x7F, 0x00, 0x13, 0x00, 0x8B,
    0x08, 0x61, 0x8C, 0x71, 0xF7, 0xBE, 0xEF, 0x7D, 0x73, 0xAE, 0x08, 0x61, 0x06, 0x00, 0x89, 0x10,
    0xA2, 0x63, 0x0C, 0xAD, 0x75, 0xDE, 0xFB, 0xFF, 0xDF, 0x0F, 0xFF, 0x84, 0xDF, 0xE7, 0x1C, 0xDE,
    0xFB, 0x02, 0xFF, 0x8D, 0xE7, 0x3C, 0x73, 0x8E, 0xEF, 0x7D, 0xF7, 0xBE, 0x63, 0x0C, 0x7B, 0xEF,
    0xE7, 0x3C, 0x02, 0xFF, 0x8F, 0xE7, 0x3C, 0xCE, 0x59, 0xCE, 0x79, 0xE7, 0x1C, 0xFF, 0xDF, 0xFF,
    0xDF, 0xAD, 0x55, 0x18, 0xC3, 0x06, 0x00, 0x8F, 0x10, 0x82, 0x21, 0x04, 0x21, 0x04, 0x18, 0xE3,
    0x42, 0x28, 0x8C, 0x51, 0xCE, 0x79, 0xF7, 0xBE, 0x02, 0xFF, 0x87, 0xE7, 0x1C, 0xA5, 0x14, 0x4A,
    0x49, 0x08, 0x41, 0x7F, 0x00, 0x0F, 0x00, 0x89, 0x4A, 0x49, 0xD6, 0xBA, 0xFF, 0xDF, 0xAD, 0x55,
    0x10, 0x82, 0x04, 0x00, 0x9B, 0x10, 0xA2, 0x52, 0x8A, 0xAD, 0x75, 0xEF, 0x5D, 0xFF, 0xDF, 0xF7,
    0xBE, 0xE7, 0x1C, 0xBD, 0xF7, 0xA5, 0x14, 0x9C, 0xD3, 0x9C, 0xD3, 0x9C, 0xD3, 0xA5, 0x14, 0xDE,
    0xDB, 0x08, 0xFF, 0x83, 0xF7, 0x9E, 0xDE, 0xFB, 0x02, 0xFF, 0x85, 0xD6, 0x9A, 0x4A, 0x49, 0xD6,
    0x9A, 0x02, 0xFF, 0xB3, 0xCE, 0x59, 0x5A, 0xCB, 0x31, 0x86, 0x31, 0x86, 0x42, 0x28, 0x9C, 0xF3,
    0xFF, 0xDF, 0xE7, 0x3C, 0x63, 0x0C, 0x42, 0x28, 0x73, 0x8E, 0xA5, 0x34, 0xBD, 0xD7, 0xCE, 0x59,
    0xCE, 0x59, 0xB5, 0xB6, 0x94, 0xB2, 0x4A, 0x69, 0x39, 0xE7, 0x84, 0x30, 0xD6, 0xBA, 0xF7, 0xBE,
    0xFF, 0xDF, 0xDE, 0xFB, 0x8C, 0x71, 0x29, 0x65, 0x7F, 0x00, 0x0D, 0x00, 0x9F, 0x7B, 0xEF, 0xF7,
    0x9E, 0xE7, 0x3C, 0x4A, 0x49, 0x18, 0xC3, 0x39, 0xC7, 0x73, 0x8E, 0xAD, 0x55, 0xE7, 0x1C, 0xFF,
    0xDF, 0xF7, 0x9E, 0xC6, 0x38, 0x84, 0x30, 0x4A, 0x69, 0x29, 0x45, 0x00, 0x20, 0x04, 0x00, 0x85,
    0x39, 0xC7, 0x94, 0x92, 0xDE, 0xFB, 0x03, 0xFF, 0x86, 0xDF, 0xDE, 0xDB, 0xD6, 0x9A, 0xF7, 0x9E,
    0x04, 0xFF, 0x9D, 0xDE, 0xFB, 0xAD, 0x55, 0xF7, 0xBE, 0xE7, 0x1C, 0x63, 0x0C, 0x00, 0x20, 0x08,
    0x41, 0x18, 0xC3, 0x29, 0x65, 0x73, 0xAE, 0xF7, 0xBE, 0xFF, 0xDF, 0xD6, 0x9A, 0xE7, 0x3C, 0xF7,
    0x9E, 0x04, 0xFF, 0x83, 0xF7, 0xBE, 0xF7, 0xBE, 0x03, 0xFF, 0x96, 0xDF, 0xE7, 0x1C, 0x9C, 0xF3,
    0x29, 0x45, 0x42, 0x28, 0x94, 0xB2, 0xDE, 0xDB, 0xFF, 0xDF, 0xF7, 0x9E, 0xC6, 0x38, 0x6B, 0x6D,
    0x10, 0xA2, 0x7F, 0x00, 0x09, 0x00, 0x97, 0x94, 0x92, 0xFF, 0xDF, 0xE7, 0x1C, 0x9C, 0xF3, 0xB5,
    0xB6, 0xDE, 0xFB, 0xEF, 0x7D, 0xFF, 0xDF, 0xF7, 0xBE, 0xD6, 0xBA, 0x8C, 0x71, 0x31, 0xA6, 0x0A,
    0x00, 0x93, 0x4A, 0x69, 0xCE, 0x79, 0xFF, 0xDF, 0xFF, 0xDF, 0xE7, 0x3C, 0xAD, 0x75, 0x52, 0x8A,
    0x42, 0x08, 0x9C, 0xF3, 0xFF, 0xDF, 0x05, 0xFF, 0x80, 0xDF, 0x02, 0xFF, 0x8D, 0xDE, 0xFB, 0x9C,
    0xD3, 0x94, 0x92, 0x9C, 0xF3, 0xBD, 0xF7, 0xDE, 0xDB, 0xEF, 0x5D, 0x05, 0xFF, 0xA0, 0xDF, 0xF7,
    0x9E, 0xE7, 0x3C, 0xC6, 0x38, 0xB5, 0x96, 0x8C, 0x71, 0x8C, 0x71, 0xB5, 0xB6, 0xDE, 0xFB, 0xFF,
    0xDF, 0xFF, 0xDF, 0xAD, 0x75, 0x08, 0x61, 0x08, 0x41, 0x52, 0x8A, 0xAD, 0x75, 0xEF, 0x5D, 0x02,
    0xFF, 0x87, 0xEF, 0x5D, 0xA5, 0x14, 0x31, 0xA6, 0x00, 0x20, 0x7F, 0x00, 0x05, 0x00, 0x83, 0x63,
    0x0C, 0xE7, 0x1C, 0x07, 0xFF, 0x88, 0xDF, 0xE7, 0x3C, 0xC6, 0x38, 0x8C, 0x51, 0x42, 0x28, 0x0C,
    0x00, 0x83, 0x18, 0xC3, 0xC6, 0x18, 0x02, 0xFF, 0x87, 0xEF, 0x7D, 0xAD, 0x55, 0x63, 0x0C, 0x08,
    0x61, 0x04, 0x00, 0x87, 0x8C, 0x71, 0xFF, 0xDF, 0xEF, 0x5D, 0xF7, 0x9E, 0x0D, 0xFF, 0x82, 0xDF,
    0xFF, 0xDF, 0x03, 0xFF, 0x8E, 0xDF, 0xD6, 0x9A, 0xA5, 0x14, 0x7B, 0xCF, 0x5A, 0xCB, 0x18, 0xC3,
    0x00, 0x20, 0x00, 0x20, 0x03, 0x00, 0x8A, 0x20, 0x4A, 0x69, 0xB5, 0x96, 0xF7, 0xBE, 0xF7, 0x9E,
    0x4A, 0x69, 0x04, 0x00, 0x8F, 0x18, 0xC3, 0x73, 0x8E, 0xC6, 0x38, 0xF7, 0xBE, 0xFF, 0xDF, 0xCE,
    0x59, 0x63, 0x2C, 0x10, 0xA2, 0x7F, 0x00, 0x03, 0x00, 0x8F, 0x10, 0x82, 0x6B, 0x4D, 0xAD, 0x75,
    0xC6, 0x38, 0xAD, 0x55, 0x8C, 0x51, 0x52, 0xAA, 0x18, 0xE3, 0x10, 0x00, 0x89, 0x31, 0xA6, 0xDE,
    0xDB, 0xFF, 0xDF, 0xA5, 0x34, 0x08, 0x41, 0x06, 0x00, 0x83, 0x18, 0xE3, 0xBD, 0xD7, 0x02, 0xFF,
    0xAF, 0xE7, 0x1C, 0xEF, 0x7D, 0xFF, 0xDF, 0xC6, 0x38, 0xBD, 0xF7, 0xD6, 0xBA, 0xD6, 0xBA, 0xC6,
    0x38, 0xA5, 0x14, 0xA5, 0x34, 0xF7, 0xBE, 0xF7, 0xBE, 0x9C, 0xF3, 0x7B, 0xCF, 0x84, 0x10, 0x8C,
    0x51, 0x8C, 0x51, 0x84, 0x30, 0x84, 0x10, 0x73, 0xAE, 0x6B, 0x4D, 0x5A, 0xEB, 0x6B, 0x4D, 0xDE,
    0xFB, 0x02, 0xFF, 0x83, 0x94, 0x92, 0x10, 0x82, 0x06, 0x00, 0x85, 0x31, 0x86, 0x94, 0xB2, 0xEF,
    0x5D, 0x02, 0xFF, 0x85, 0xEF, 0x5D, 0x94, 0x92, 0x21, 0x24, 0x7F, 0x00, 0x21, 0x00, 0x83, 0x10,
    0xA2, 0xBD, 0xF7, 0x02, 0xFF, 0x8D, 0xE7, 0x3C, 0x63, 0x2C, 0x29, 0x65, 0x29, 0x45, 0x42, 0x28,
    0x7B, 0xCF, 0xE7, 0x1C, 0x06, 0xFF, 0x83, 0xD6, 0x9A, 0x4A, 0x49, 0x0A, 0x00, 0x83, 0x52, 0xAA,
    0xEF, 0x7D, 0x1C, 0xFF, 0x99, 0xE7, 0x1C, 0xAD, 0x75, 0x73, 0xAE, 0x4A, 0x49, 0x21, 0x04, 0x08,
    0x41, 0x08, 0x41, 0x63, 0x2C, 0xD6, 0x9A, 0xFF, 0xDF, 0xF7, 0xBE, 0xAD, 0x75, 0x31, 0xA6, 0x7F,
    0x00, 0x21, 0x00, 0x83, 0x4A, 0x69, 0xDE, 0xFB, 0x04, 0xFF, 0x85, 0xEF, 0x5D, 0xEF, 0x5D, 0xF7,
    0xBE, 0x06, 0xFF, 0x85, 0xEF, 0x7D, 0xAD, 0x75, 0x42, 0x08, 0x0C, 0x00, 0x9B, 0x10, 0xA2, 0x94,
    0xB2, 0xD6, 0x9A, 0xDE, 0xDB, 0xD6, 0x9A, 0xCE, 0x79, 0xC6, 0x38, 0xC6, 0x38, 0xC6, 0x38, 0xCE,
    0x59, 0xD6, 0xBA, 0xE7, 0x3C, 0xEF, 0x7D, 0xF7, 0xBE, 0x0A, 0xFF, 0x8F, 0xF7, 0xBE, 0xE7, 0x1C,
    0xBD, 0xF7, 0x8C, 0x51, 0x29, 0x65, 0x29, 0x65, 0xAD, 0x55, 0xF7, 0xBE, 0x02, 0xFF, 0x83, 0xCE,
    0x79, 0x5A, 0xCB, 0x7F, 0x00, 0x21, 0x00, 0x8D, 0x52, 0x8A, 0xC6, 0x18, 0xE7, 0x1C, 0xF7, 0x9E,
    0xF7, 0x9E, 0xEF, 0x7D, 0xFF, 0xDF, 0x02, 0xFF, 0x85, 0xCE, 0x59, 0x4A, 0x49, 0x10, 0xA2, 0x10,
    0x00, 0x99, 0x08, 0x61, 0x29, 0x45, 0x29, 0x65, 0x29, 0x45, 0x21, 0x24, 0x21, 0x04, 0x21, 0x04,
    0x21, 0x04, 0x21, 0x24, 0x29, 0x65, 0x39, 0xC7, 0x52, 0xAA, 0xCE, 0x59, 0x02, 0xFF, 0x8B, 0xE7,
    0x3C, 0xAD, 0x75, 0xBD, 0xD7, 0xD6, 0xBA, 0xEF, 0x5D, 0xFF, 0xDF, 0x03, 0xFF, 0x8A, 0xDF, 0xEF,
    0x7D, 0xAD, 0x75, 0x5A, 0xEB, 0x94, 0x92, 0xEF, 0x5D, 0x02, 0xFF, 0x83, 0xE7, 0x1C, 0x6B, 0x6D,
    0x7F, 0x00, 0x07, 0x00, 0x89, 0x08, 0x61, 0x5A, 0xEB, 0x84, 0x30, 0x52, 0xAA, 0x08, 0x61, 0x10,
    0x00, 0x8F, 0x21, 0x24, 0x4A, 0x49, 0x63, 0x0C, 0x63, 0x2C, 0x84, 0x30, 0xEF, 0x7D, 0xF7, 0xBE,
    0x73, 0x8E, 0x28, 0x00, 0xA3, 0x63, 0x2C, 0xCE, 0x79, 0xFF, 0xDF, 0xF7, 0x9E, 0x7B, 0xEF, 0x00,
    0x20, 0x10, 0xA2, 0x39, 0xC7, 0x52, 0xAA, 0x84, 0x10, 0xB5, 0xB6, 0xE7, 0x1C, 0xFF, 0xDF, 0xFF,
    0xDF, 0xEF, 0x7D, 0xAD, 0x75, 0x84, 0x10, 0xD6, 0xBA, 0x02, 0xFF, 0x83, 0xEF, 0x5D, 0x84, 0x10,
    0x7F, 0x00, 0x03, 0x00, 0x8D, 0x29, 0x65, 0xB5, 0x96, 0xEF, 0x7D, 0xFF, 0xDF, 0xEF, 0x7D, 0xBD,
    0xF7, 0x5A, 0xCB, 0x15, 0x00, 0x88, 0x20, 0xA5, 0x34, 0xFF, 0xDF, 0xD6, 0x9A, 0x21, 0x24, 0x24,
    0x00, 0x85, 0x29, 0x45, 0x9C, 0xF3, 0xEF, 0x5D, 0x02, 0xFF, 0x85, 0xEF, 0x7D, 0x94, 0x92, 0x08,
    0x41, 0x0A, 0x00, 0x91, 0x10, 0x82, 0x4A, 0x69, 0x8C, 0x71, 0xDE, 0xDB, 0xFF, 0xDF, 0xFF, 0xDF,
    0xCE, 0x59, 0x7B, 0xCF, 0xD6, 0x9A, 0x02, 0xFF, 0x85, 0xEF, 0x7D, 0x7B, 0xEF, 0x10, 0x82, 0x7E,
    0x00, 0x89, 0x7B, 0xEF, 0xF7, 0xBE, 0xFF, 0xDF, 0xEF, 0x5D, 0xF7, 0xBE, 0x02, 0xFF, 0x83, 0xDE,
    0xFB, 0x52, 0xAA, 0x07, 0x00, 0x86, 0x20, 0x31, 0x86, 0x39, 0xC7, 0x10, 0x82, 0x04, 0x00, 0x89,
    0x42, 0x08, 0xDE, 0xDB, 0xFF, 0xDF, 0x9C, 0xF3, 0x00, 0x20, 0x22, 0x00, 0x8D, 0x63, 0x2C, 0xCE,
    0x79, 0xFF, 0xDF, 0xFF, 0xDF, 0xDE, 0xFB, 0x7B, 0xCF, 0x08, 0x41, 0x12, 0x00, 0x8D, 0x39, 0xC7,
    0x9C, 0xF3, 0xEF, 0x7D, 0xFF, 0xDF, 0xD6, 0x9A, 0x73, 0xAE, 0xCE, 0x79, 0x02, 0xFF, 0x85, 0xEF,
    0x7D, 0x84, 0x30, 0x10, 0xA2, 0x7B, 0x00, 0x8C, 0x20, 0xA5, 0x34, 0xFF, 0xDF, 0xBD, 0xF7, 0x4A,
    0x49, 0x8C, 0x51, 0xE7, 0x1C, 0x02, 0xFF, 0x9B, 0xB5, 0x96, 0x18, 0xC3, 0x08, 0x61, 0x5A, 0xCB,
    0xBD, 0xD7, 0xDE, 0xDB, 0xDE, 0xFB, 0xD6, 0x9A, 0x6B, 0x4D, 0x10, 0xA2, 0x94, 0xB2, 0xFF, 0xDF,
    0xEF, 0x5D, 0x52, 0xAA, 0x20, 0x00, 0x85, 0x29, 0x45, 0x9C, 0xD3, 0xEF, 0x7D, 0x02, 0xFF, 0x85,
    0xF7, 0xBE, 0xB5, 0x96, 0x42, 0x08, 0x18, 0x00, 0x85, 0x08, 0x41, 0x7B, 0xCF, 0xE7, 0x3C, 0x02,
    0xFF, 0x85, 0xCE, 0x59, 0x52, 0xAA, 0xCE, 0x59, 0x02, 0xFF, 0x85, 0xEF, 0x5D, 0x7B, 0xCF, 0x08,
    0x61, 0x79, 0x00, 0x8C, 0x20, 0xA5, 0x34, 0xFF, 0xDF, 0xBD, 0xF7, 0x29, 0x65, 0x10, 0xA2, 0x9C,
    0xF3, 0x02, 0xFF, 0x87, 0xDE, 0xDB, 0x31, 0xA6, 0x8C, 0x71, 0xEF, 0x5D, 0x05, 0xFF, 0x80, 0xDF,
    0x02, 0xFF, 0x85, 0xF7, 0x9E, 0xA5, 0x14, 0xE7, 0x3C, 0x02, 0xFF, 0x83, 0xAD, 0x75, 0x08, 0x41,
    0x1D, 0x00, 0x8E, 0x20, 0x4A, 0x69, 0xBD, 0xF7, 0xFF, 0xDF, 0xFF, 0xDF, 0xDE, 0xDB, 0x7B, 0xCF,
    0x08, 0x61, 0x1D, 0x00, 0x8C, 0x20, 0x7B, 0xCF, 0xEF, 0x7D, 0xFF, 0xDF, 0xB5, 0x96, 0x39, 0xE7,
    0xD6, 0xBA, 0x02, 0xFF, 0x85, 0xE7, 0x3C, 0x73, 0x8E, 0x00, 0x20, 0x78, 0x00, 0x8B, 0x73, 0xAE,
    0xF7, 0x9E, 0xF7, 0xBE, 0xA5, 0x14, 0x73, 0xAE, 0xEF, 0x7D, 0x02, 0xFF, 0x85, 0xB5, 0xB6, 0x94,
    0x92, 0xF7, 0x9E, 0x02, 0xFF, 0x87, 0xDE, 0xFB, 0x94, 0xB2, 0x84, 0x10, 0xDE, 0xFB, 0x06, 0xFF,
    0x83, 0xE7, 0x3C, 0x4A, 0x49, 0x1E, 0x00, 0x83, 0x63, 0x2C, 0xDE, 0xDB, 0x03, 0xFF, 0x84, 0xDF,
    0xAD, 0x55, 0x29, 0x65, 0x22, 0x00, 0x8D, 0x08, 0x61, 0x8C, 0x71, 0xF7, 0xBE, 0xF7, 0x9E, 0x73,
    0xAE, 0x39, 0xC7, 0xDE, 0xFB, 0x02, 0xFF, 0x83, 0xDE, 0xFB, 0x52, 0xAA, 0x78, 0x00, 0x89, 0x18,
    0xC3, 0xAD, 0x75, 0xFF, 0xDF, 0xFF, 0xDF, 0xFF, 0xDF, 0x02, 0xFF, 0x85, 0xEF, 0x5D, 0xA5, 0x14,
    0xF7, 0xBE, 0x02, 0xFF, 0x83, 0xE7, 0x1C, 0x63, 0x0C, 0x04, 0x00, 0x83, 0x18, 0xC3, 0xDE, 0xFB,
    0x03, 0xFF, 0x84, 0xDF, 0x94, 0x92, 0x00, 0x20, 0x1A, 0x00, 0x82, 0x08, 0x41, 0x7B, 0x02, 0xEF,
    0x80, 0x5D, 0x02, 0xFF, 0x85, 0xE7, 0x1C, 0x7B, 0xCF, 0x00, 0x20, 0x26, 0x00, 0x83, 0x29, 0x45,
    0xBD, 0xF7, 0x02, 0xFF, 0x87, 0xCE, 0x79, 0x10, 0xA2, 0x52, 0x8A, 0xE7, 0x1C, 0x02, 0xFF, 0x83,
    0xCE, 0x79, 0x42, 0x08, 0x78, 0x00, 0x85, 0x29, 0x65, 0xA5, 0x14, 0xF7, 0xBE, 0x05, 0xFF, 0x82,
    0xDF, 0xF7, 0xBE, 0x05, 0xFF, 0x84, 0xDF, 0xDE, 0xDB, 0x5A, 0xEB, 0x02, 0x00, 0x83, 0x10, 0x82,
    0xDE, 0xDB, 0x02, 0xFF, 0x83, 0xE7, 0x1C, 0x4A, 0x69, 0x1B, 0x00, 0x81, 0x20, 0x7B, 0x02, 0xEF,
    0x80, 0x5D, 0x02, 0xFF, 0x85, 0xCE, 0x79, 0x52, 0x8A, 0x00, 0x20, 0x2A, 0x00, 0x90, 0x63, 0x2C,
    0xEF, 0x7D, 0xF7, 0xBE, 0x73, 0xAE, 0x00, 0x20, 0x73, 0x8E, 0xEF, 0x7D, 0xFF, 0xDF, 0xC6, 0x02,
    0x18, 0x80, 0xE3, 0x76, 0x00, 0x8B, 0x08, 0x61, 0x94, 0xB2, 0xF7, 0xBE, 0xF7, 0x9E, 0xD6, 0xBA,
    0xF7, 0xBE, 0x02, 0xFF, 0x85, 0xF7, 0x9E, 0xCE, 0x59, 0xE7, 0x3C, 0x02, 0xFF, 0x87, 0xDE, 0xDB,
    0x63, 0x0C, 0xA5, 0x14, 0xFF, 0xDF, 0x02, 0xFF, 0x83, 0xF7, 0x9E, 0x6B, 0x4D, 0x1A, 0x00, 0x89,
    0x52, 0xAA, 0xE7, 0x1C, 0xFF, 0xDF, 0xCE, 0x59, 0x4A, 0x69, 0x0A, 0x00, 0x89, 0x10, 0x82, 0x39,
    0xC7, 0x42, 0x28, 0x31, 0xA6, 0x00, 0x20, 0x1A, 0x00, 0x83, 0x21, 0x04, 0xBD, 0xD7, 0x02, 0xFF,
    0x8D, 0xC6, 0x38, 0x21, 0x24, 0x08, 0x61, 0x94, 0x92, 0xF7, 0xBE, 0xF7, 0xBE, 0x9C, 0xF3, 0x76,
    0x00, 0x8B, 0x52, 0xAA, 0xDE, 0xFB, 0xFF, 0xDF, 0xAD, 0x55, 0x42, 0x28, 0xD6, 0xBA, 0x02, 0xFF,
    0x87, 0xAD, 0x75, 0x29, 0x65, 0x73, 0x8E, 0xE7, 0x1C, 0x02, 0xFF, 0x83, 0xE7, 0x1C, 0xEF, 0x7D,
    0x03, 0xFF, 0x80, 0xDF, 0x02, 0xFF, 0x83, 0xAD, 0x55, 0x10, 0x82, 0x16, 0x00, 0x89, 0x08, 0x61,
    0xAD, 0x75, 0xFF, 0xDF, 0xD6, 0x9A, 0x52, 0xAA, 0x08, 0x00, 0x8F, 0x39, 0xE7, 0x84, 0x30, 0xBD,
    0xD7, 0xD6, 0xBA, 0xDE, 0xFB, 0xD6, 0x9A, 0x9C, 0xF3, 0x21, 0x24, 0x1A, 0x00, 0x87, 0x63, 0x0C,
    0xF7, 0xBE, 0xEF, 0x7D, 0x63, 0x2C, 0x02, 0x00, 0x83, 0x21, 0x04, 0xB5, 0x96, 0x02, 0xFF, 0x83,
    0xEF, 0x7D, 0x6B, 0x6D, 0x72, 0x00, 0x91, 0x18, 0xC3, 0xB5, 0x96, 0xFF, 0xDF, 0xD6, 0x9A, 0x42,
    0x28, 0x4A, 0x49, 0xEF, 0x5D, 0xF7, 0x9E, 0x6B, 0x4D, 0x02, 0x00, 0x85, 0x08, 0x41, 0x7B, 0xCF,
    0xDE, 0xFB, 0x07, 0xFF, 0x80, 0xDF, 0x02, 0xFF, 0x87, 0xE7, 0x3C, 0x63, 0x2C, 0x21, 0x24, 0x00,
    0x20, 0x12, 0x00, 0x89, 0x21, 0x24, 0xD6, 0xBA, 0xFF, 0xDF, 0x94, 0x92, 0x00, 0x20, 0x02, 0x00,
    0x97, 0x18, 0xC3, 0x4A, 0x49, 0x8C, 0x71, 0xD6, 0x9A, 0xF7, 0x9E, 0xFF, 0xDF, 0xF7, 0xBE, 0xF7,
    0x9E, 0xFF, 0xDF, 0xFF, 0xDF, 0x9C, 0xF3, 0x10, 0xA2, 0x18, 0x00, 0x83, 0x29, 0x45, 0xCE, 0x79,
    0x02, 0xFF, 0x83, 0xA5, 0x14, 0x08, 0x61, 0x02, 0x00, 0x83, 0x42, 0x28, 0xD6, 0x9A, 0x02, 0xFF,
    0x83, 0xDE, 0xFB, 0x31, 0xA6, 0x70, 0x00, 0x91, 0x63, 0x0C, 0xEF, 0x5D, 0xF7, 0x9E, 0x84, 0x30,
    0x00, 0x20, 0x5A, 0xEB, 0xFF, 0xDF, 0xEF, 0x5D, 0x42, 0x08, 0x04, 0x00, 0x85, 0x08, 0x41, 0x73,
    0xAE, 0xFF, 0xDF, 0x02, 0xFF, 0x81, 0xF7, 0xBE, 0x06, 0xFF, 0x8B, 0xDE, 0xFB, 0xBD, 0xD7, 0x94,
    0x92, 0x5A, 0xEB, 0x29, 0x65, 0x00, 0x20, 0x0C, 0x00, 0xA3, 0x18, 0xC3, 0xCE, 0x59, 0xFF, 0xDF,
    0xCE, 0x59, 0x8C, 0x51, 0x8C, 0x51, 0xAD, 0x55, 0xDE, 0xDB, 0xF7, 0xBE, 0xFF, 0xDF, 0xEF, 0x5D,
    0xBD, 0xD7, 0x84, 0x30, 0x6B, 0x6D, 0xA5, 0x34, 0xFF, 0xDF, 0xEF, 0x7D, 0x4A, 0x49, 0x18, 0x00,
    0x83, 0x08, 0x61, 0x94, 0xB2, 0x02, 0xFF, 0x83, 0xCE, 0x59, 0x29, 0x65, 0x04, 0x00, 0x83, 0x63,
    0x0C, 0xEF, 0x5D, 0x02, 0xFF, 0x83, 0xAD, 0x55, 0x18, 0xC3, 0x6C, 0x00, 0x89, 0x10, 0x82, 0xAD,
    0x75, 0xFF, 0xDF, 0xC6, 0x38, 0x31, 0xA6, 0x02, 0x00, 0x87, 0x52, 0xAA, 0xF7, 0xBE, 0xEF, 0x7D,
    0x52, 0x8A, 0x05, 0x00, 0x82, 0x20, 0xA5, 0x14, 0x02, 0xFF, 0x89, 0xEF, 0x5D, 0x7B, 0xEF, 0xB5,
    0xB6, 0xDE, 0xFB, 0xFF, 0xDF, 0x05, 0xFF, 0x8A, 0xDF, 0xEF, 0x5D, 0xC6, 0x38, 0x84, 0x30, 0x42,
    0x08, 0x10, 0xA2, 0x0A, 0x00, 0x83, 0x7B, 0xCF, 0xEF, 0x5D, 0x03, 0xFF, 0x8E, 0xDF, 0xFF, 0xDF,
    0xFF, 0xDF, 0xFF, 0xDF, 0xE7, 0x3C, 0xAD, 0x55, 0x4A, 0x69, 0x10, 0xA2, 0x04, 0x00, 0x83, 0x4A,
    0x49, 0xF7, 0x9E, 0x02, 0xFF, 0x81, 0x5A, 0xCB, 0x1A, 0x00, 0x87, 0x52, 0xAA, 0xF7, 0xBE, 0xE7,
    0x3C, 0x52, 0x8A, 0x04, 0x00, 0x83, 0x08, 0x41, 0x94, 0x92, 0x02, 0xFF, 0x83, 0xF7, 0xBE, 0x63,
    0x2C, 0x6C, 0x00, 0x89, 0x52, 0xAA, 0xEF, 0x5D, 0xF7, 0x9E, 0x84, 0x10, 0x00, 0x20, 0x02, 0x00,
    0x89, 0x31, 0x86, 0xDE, 0xDB, 0xFF, 0xDF, 0x9C, 0xF3, 0x10, 0xA2, 0x02, 0x00, 0x83, 0x29, 0x65,
    0xD6, 0xBA, 0x02, 0xFF, 0x91, 0xAD, 0x75, 0x10, 0xA2, 0x08, 0x61, 0x52, 0xAA, 0xE7, 0x3C, 0xFF,
    0xDF, 0xCE, 0x79, 0xD6, 0x9A, 0xF7, 0xBE, 0x03, 0xFF, 0x88, 0xDF, 0xDE, 0xDB, 0x9C, 0xF3, 0x52,
    0x8A, 0x00, 0x20, 0x06, 0x00, 0x91, 0x08, 0x41, 0x6B, 0x4D, 0xBD, 0xF7, 0xD6, 0xBA, 0xD6, 0x9A,
    0xBD, 0xF7, 0x84, 0x30, 0x39, 0xE7, 0x08, 0x41, 0x06, 0x00, 0x89, 0x10, 0xA2, 0x9C, 0xF3, 0xFF,
    0xDF, 0xEF, 0x5D, 0x42, 0x08, 0x1A, 0x00, 0x87, 0x21, 0x24, 0xEF, 0x5D, 0xF7, 0xBE, 0x73, 0x8E,
    0x06, 0x00, 0x83, 0x29, 0x45, 0xCE, 0x79, 0x02, 0xFF, 0x83, 0xCE, 0x79, 0x31, 0x86, 0x6A, 0x00,
    0x87, 0x84, 0x10, 0xFF, 0xDF, 0xDE, 0xDB, 0x39, 0xE7, 0x04, 0x00, 0x83, 0x08, 0x41, 0x8C, 0x71,
    0x02, 0xFF, 0x89, 0xF7, 0x9E, 0xAD, 0x75, 0x8C, 0x71, 0xC6, 0x38, 0xFF, 0xDF, 0x02, 0xFF, 0x97,
    0xE7, 0x3C, 0xD6, 0xBA, 0xD6, 0x9A, 0xD6, 0x9A, 0xF7, 0xBE, 0xFF, 0xDF, 0x9C, 0xF3, 0x29, 0x65,
    0x4A, 0x69, 0xA5, 0x34, 0xE7, 0x1C, 0xFF, 0xDF, 0x02, 0xFF, 0x87, 0xEF, 0x5D, 0xAD, 0x75, 0x42,
    0x28, 0x00, 0x20, 0x06, 0x00, 0x87, 0x08, 0x61, 0x18, 0xE3, 0x18, 0xC3, 0x08, 0x61, 0x0A, 0x00,
    0x8B, 0x10, 0xA2, 0x8C, 0x71, 0xF7, 0x9E, 0xFF, 0xDF, 0x8C, 0x71, 0x08, 0x61, 0x1A, 0x00, 0x83,
    0x08, 0x61, 0xCE, 0x59, 0x02, 0xFF, 0x81, 0xAD, 0x55, 0x08, 0x00, 0x89, 0x4A, 0x69, 0xEF, 0x7D,
    0xFF, 0xDF, 0x84, 0x30, 0x00, 0x20, 0x68, 0x00, 0x87, 0x6B, 0x4D, 0xF7, 0xBE, 0xEF, 0x7D, 0x73,
    0x8E, 0x06, 0x00, 0x85, 0x29, 0x45, 0xBD, 0xF7, 0xFF, 0xDF, 0x03, 0xFF, 0x80, 0xDF, 0x06, 0xFF,
    0x83, 0xF7, 0xBE, 0xFF, 0xDF, 0x08, 0xFF, 0x99, 0xEF, 0x7D, 0xCE, 0x79, 0x9C, 0xD3, 0x4A, 0x69,
    0x42, 0x28, 0x8C, 0x71, 0xCE, 0x79, 0xF7, 0xBE, 0xFF, 0xDF, 0xE7, 0x1C, 0xA5, 0x14, 0x52, 0xAA,
    0x18, 0xC3, 0x12, 0x00, 0x85, 0x21, 0x04, 0x9C, 0xD3, 0xEF, 0x7D, 0x02, 0xFF, 0x83, 0xBD, 0xD7,
    0x21, 0x04, 0x1E, 0x00, 0x81, 0xB5, 0xB6, 0x02, 0xFF, 0x83, 0xC6, 0x18, 0x08, 0x61, 0x07, 0x00,
    0x82, 0x20, 0xB5, 0x96, 0x02, 0xFF, 0x83, 0xCE, 0x79, 0x31, 0x86, 0x68, 0x00, 0x89, 0x21, 0x24,
    0xC6, 0x18, 0xFF, 0xDF, 0xB5, 0xB6, 0x18, 0xE3, 0x06, 0x00, 0x97, 0x31, 0xA6, 0x84, 0x30, 0xBD,
    0xD7, 0xC6, 0x38, 0xC6, 0x38, 0xFF, 0xDF, 0xE7, 0x3C, 0x7B, 0xEF, 0x84, 0x10, 0x8C, 0x71, 0xA5,
    0x14, 0xEF, 0x7D, 0x02, 0xFF, 0x9F, 0xF7, 0xBE, 0xFF, 0xDF, 0xFF, 0xDF, 0xDE, 0xFB, 0x7B, 0xCF,
    0x18, 0xC3, 0x39, 0xE7, 0x8C, 0x51, 0xD6, 0xBA, 0xF7, 0xBE, 0xFF, 0xDF, 0xE7, 0x3C, 0xBD, 0xF7,
    0x7B, 0xEF, 0x39, 0xE7, 0x10, 0x82, 0x0A, 0x00, 0x8B, 0x29, 0x45, 0xA5, 0x34, 0xF7, 0x9E, 0xFF,
    0xDF, 0xBD, 0xD7, 0x31, 0xA6, 0x20, 0x00, 0x81, 0x94, 0x92, 0x02, 0xFF, 0x83, 0xCE, 0x79, 0x29,
    0x65, 0x08, 0x00, 0x87, 0x5A, 0xCB, 0xEF, 0x7D, 0xF7, 0xBE, 0x73, 0xAE, 0x68, 0x00, 0x89, 0x18,
    0xC3, 0xBD, 0xF7, 0xFF, 0xDF, 0xB5, 0x96, 0x18, 0xE3, 0x09, 0x00, 0x8C, 0x20, 0x21, 0x04, 0x29,
    0x65, 0x73, 0x8E, 0xF7, 0x9E, 0xEF, 0x5D, 0x31, 0x86, 0x04, 0x00, 0x8B, 0x42, 0x28, 0xE7, 0x1C,
    0xF7, 0xBE, 0xA5, 0x34, 0x9C, 0xF3, 0xDE, 0xFB, 0x02, 0xFF, 0x83, 0xD6, 0xBA, 0x39, 0xE7, 0x02,
    0x00, 0x89, 0x08, 0x61, 0x4A, 0x49, 0x94, 0x92, 0xCE, 0x79, 0xF7, 0x9E, 0x02, 0xFF, 0xA3, 0xF7,
    0x9E, 0xD6, 0xBA, 0xAD, 0x75, 0x84, 0x10, 0x5A, 0xCB, 0x31, 0xA6, 0x18, 0xC3, 0x21, 0x24, 0xAD,
    0x55, 0xF7, 0xBE, 0xF7, 0x9E, 0xAD, 0x75, 0x31, 0xA6, 0x18, 0xE3, 0x42, 0x08, 0x4A, 0x69, 0x31,
    0x86, 0x08, 0x41, 0x18, 0x00, 0x87, 0x5A, 0xEB, 0xFF, 0xDF, 0xE7, 0x1C, 0x52, 0x8A, 0x08, 0x00,
    0x83, 0x08, 0x41, 0xCE, 0x59, 0x02, 0xFF, 0x83, 0xB5, 0xB6, 0x08, 0x61, 0x66, 0x00, 0x8F, 0x31,
    0xA6, 0xDE, 0xFB, 0xF7, 0xBE, 0x84, 0x30, 0x00, 0x20, 0x10, 0xA2, 0x18, 0xE3, 0x08, 0x41, 0x08,
    0x00, 0x89, 0x52, 0x8A, 0xE7, 0x3C, 0xFF, 0xDF, 0x8C, 0x51, 0x08, 0x61, 0x02, 0x00, 0x8B, 0x7B,
    0xCF, 0xF7, 0x9E, 0xEF, 0x5D, 0x63, 0x2C, 0x7B, 0xEF, 0xD6, 0x9A, 0x02, 0xFF, 0x83, 0xDE, 0xFB,
    0x42, 0x28, 0x06, 0x00, 0xAD, 0x08, 0x41, 0x39, 0xC7, 0x7B, 0xCF, 0xBD, 0xD7, 0xE7, 0x3C, 0xF7,
    0xBE, 0xFF, 0xDF, 0xF7, 0x9E, 0xE7, 0x3C, 0xD6, 0x9A, 0xB5, 0x96, 0xAD, 0x75, 0xF7, 0xBE, 0xF7,
    0xBE, 0xA5, 0x14, 0x31, 0x86, 0x6B, 0x6D, 0xB5, 0xB6, 0xD6, 0xBA, 0xDE, 0xFB, 0xCE, 0x59, 0x7B,
    0xEF, 0x18, 0xC3, 0x16, 0x00, 0x87, 0x42, 0x08, 0xFF, 0xDF, 0xF7, 0x9E, 0x6B, 0x4D, 0x0A, 0x00,
    0x87, 0x94, 0x92, 0xFF, 0xDF, 0xE7, 0x1C, 0x31, 0x86, 0x66, 0x00, 0x91, 0x29, 0x45, 0xD6, 0x9A,
    0xFF, 0xDF, 0xB5, 0xB6, 0x6B, 0x4D, 0xA5, 0x14, 0xBD, 0xD7, 0x8C, 0x51, 0x31, 0x86, 0x06, 0x00,
    0x83, 0x18, 0xC3, 0xB5, 0xB6, 0x02, 0xFF, 0x8F, 0xEF, 0x7D, 0x9C, 0xD3, 0x73, 0x8E, 0xB5, 0x96,
    0xFF, 0xDF, 0xF7, 0xBE, 0xDE, 0xFB, 0xF7, 0x9E, 0x02, 0xFF, 0x85, 0xEF, 0x7D, 0x94, 0xB2, 0x18,
    0xC3, 0x0C, 0x00, 0x8D, 0x18, 0xC3, 0x52, 0x8A, 0x8C, 0x71, 0xBD, 0xD7, 0xD6, 0xBA, 0xEF, 0x5D,
    0xFF, 0xDF, 0x06, 0xFF, 0x87, 0xE7, 0x1C, 0x73, 0x8E, 0x9C, 0xF3, 0xEF, 0x7D, 0x02, 0xFF, 0x8B,
    0xF7, 0xBE, 0xEF, 0x7D, 0xFF, 0xDF, 0xEF, 0x5D, 0x7B, 0xCF, 0x00, 0x20, 0x14, 0x00, 0x87, 0x39,
    0xC7, 0xFF, 0xDF, 0xF7, 0xBE, 0x6B, 0x4D, 0x0A, 0x00, 0x87, 0x5A, 0xCB, 0xEF, 0x5D, 0xEF, 0x7D,
    0x63, 0x2C, 0x67, 0x00, 0x8A, 0x20, 0x8C, 0x51, 0xEF, 0x7D, 0xFF, 0xDF, 0xEF, 0x7D, 0xFF, 0xDF,
    0x03, 0xFF, 0x84, 0xDF, 0xB5, 0xB6, 0x29, 0x65, 0x06, 0x00, 0x85, 0x42, 0x28, 0xCE, 0x59, 0xFF,
    0xDF, 0x02, 0xFF, 0x83, 0xF7, 0xBE, 0xFF, 0xDF, 0x06, 0xFF, 0x87, 0xEF, 0x7D, 0xC6, 0x18, 0x6B,
    0x6D, 0x18, 0xC3, 0x14, 0x00, 0x89, 0x10, 0x82, 0x39, 0xC7, 0x5A, 0xEB, 0x8C, 0x51, 0xDE, 0xFB,
    0x06, 0xFF, 0x93, 0xEF, 0x7D, 0xFF, 0xDF, 0xFF, 0xDF, 0xCE, 0x59, 0x7B, 0xEF, 0x6B, 0x4D, 0xC6,
    0x38, 0xFF, 0xDF, 0xCE, 0x79, 0x31, 0xA6, 0x14, 0x00, 0x8D, 0x31, 0xA6, 0xFF, 0xDF, 0xF7, 0xBE,
    0x84, 0x30, 0x5A, 0xCB, 0x39, 0xE7, 0x08, 0x61, 0x04, 0x00, 0x87, 0x29, 0x65, 0xE7, 0x1C, 0xFF,
    0xDF, 0x84, 0x10, 0x68, 0x00, 0x91, 0x10, 0xA2, 0x8C, 0x51, 0xDE, 0xDB, 0xEF, 0x7D, 0xE7, 0x1C,
    0xC6, 0x18, 0xF7, 0xBE, 0xFF, 0xDF, 0x8C, 0x51, 0x08, 0x00, 0x8B, 0x29, 0x65, 0x94, 0xB2, 0xCE,
    0x79, 0xDE, 0xDB, 0xDE, 0xFB, 0xEF, 0x7D, 0x03, 0xFF, 0x84, 0xDF, 0x9C, 0xF3, 0x08, 0x61, 0x1E,
    0x00, 0x83, 0x08, 0x61, 0xD6, 0xBA, 0x02, 0xFF, 0x8B, 0xBD, 0xD7, 0xD6, 0x9A, 0xEF, 0x5D, 0xDE,
    0xDB, 0x9C, 0xD3, 0x21, 0x24, 0x04, 0x00, 0x87, 0x63, 0x0C, 0xE7, 0x3C, 0xF7, 0xBE, 0x84, 0x10,
    0x14, 0x00, 0x83, 0x4A, 0x49, 0xFF, 0xDF, 0x03, 0xFF, 0x88, 0xDF, 0xFF, 0xDF, 0xE7, 0x1C, 0x94,
    0xB2, 0x10, 0xA2, 0x02, 0x00, 0x87, 0x21, 0x24, 0xE7, 0x1C, 0xFF, 0xDF, 0x84, 0x30, 0x6C, 0x00,
    0x8D, 0x29, 0x65, 0x52, 0xAA, 0x42, 0x08, 0x7B, 0xCF, 0xF7, 0x9E, 0xFF, 0xDF, 0x94, 0x92, 0x0D,
    0x00, 0x8E, 0x20, 0x18, 0xE3, 0x21, 0x24, 0x5A, 0xCB, 0xBD, 0xD7, 0xFF, 0xDF, 0xE7, 0x3C, 0x42,
    0x28, 0x1E, 0x00, 0x83, 0x08, 0x61, 0xD6, 0xBA, 0x02, 0xFF, 0x87, 0x94, 0x92, 0x18, 0xE3, 0x42,
    0x28, 0x29, 0x45, 0x08, 0x00, 0x83, 0x08, 0x41, 0xBD, 0xF7, 0x02, 0xFF, 0x83, 0xB5, 0x96, 0x08,
    0x41, 0x10, 0x00, 0x83, 0x39, 0xE7, 0xC6, 0x18, 0x04, 0xFF, 0x85, 0xEF, 0x7D, 0xEF, 0x5D, 0xFF,
    0xDF, 0x02, 0xFF, 0x81, 0xA5, 0x14, 0x02, 0x00, 0x87, 0x39, 0xC7, 0xE7, 0x3C, 0xF7, 0xBE, 0x73,
    0xAE, 0x70, 0x00, 0x83, 0x31, 0xA6, 0xCE, 0x79, 0x02, 0xFF, 0x83, 0xC6, 0x38, 0x39, 0xC7, 0x14,
    0x00, 0x83, 0x4A, 0x69, 0xD6, 0xBA, 0x02, 0xFF, 0x83, 0xB5, 0x96, 0x08, 0x61, 0x1E, 0x00, 0x81,
    0xB5, 0xB6, 0x02, 0xFF, 0x83, 0xDE, 0xFB, 0x42, 0x08, 0x0A, 0x00, 0x8D, 0x08, 0x41, 0x29, 0x45,
    0xA5, 0x14, 0xFF, 0xDF, 0xD6, 0xBA, 0x4A, 0x69, 0x08, 0x41, 0x0C, 0x00, 0x83, 0x42, 0x28, 0xCE,
    0x79, 0x05, 0xFF, 0x86, 0xDF, 0x84, 0x30, 0x4A, 0x49, 0xAD, 0x75, 0x02, 0xFF, 0x8B, 0xEF, 0x7D,
    0x18, 0xE3, 0x73, 0x8E, 0xF7, 0x9E, 0xEF, 0x5D, 0x4A, 0x69, 0x70, 0x00, 0x87, 0x52, 0x8A, 0xE7,
    0x3C, 0xEF, 0x7D, 0x5A, 0xEB, 0x17, 0x00, 0x88, 0x20, 0x84, 0x30, 0xF7, 0x9E, 0xEF, 0x7D, 0x5A,
    0xCB, 0x1E, 0x00, 0x83, 0x52, 0xAA, 0xEF, 0x5D, 0x02, 0xFF, 0x91, 0xBD, 0xF7, 0x42, 0x28, 0x08,
    0x61, 0x08, 0x61, 0x21, 0x04, 0x6B, 0x6D, 0xA5, 0x34, 0xDE, 0xDB, 0xF7, 0xBE, 0x03, 0xFF, 0x86,
    0xDF, 0xE7, 0x3C, 0x8C, 0x71, 0x08, 0x61, 0x08, 0x00, 0x83, 0x39, 0xE7, 0xC6, 0x18, 0x02, 0xFF,
    0x87, 0xE7, 0x3C, 0xE7, 0x3C, 0xFF, 0xDF, 0x9C, 0xD3, 0x02, 0x00, 0x8F, 0x63, 0x0C, 0xF7, 0xBE,
    0xF7, 0xBE, 0x39, 0xE7, 0x94, 0xB2, 0xFF, 0xDF, 0xE7, 0x1C, 0x21, 0x24, 0x70, 0x00, 0x87, 0x5A,
    0xEB, 0xEF, 0x5D, 0xE7, 0x1C, 0x39, 0xC7, 0x18, 0x00, 0x83, 0x31, 0xA6, 0xCE, 0x59, 0x02, 0xFF,
    0x83, 0xCE, 0x79, 0x31, 0xA6, 0x1D, 0x00, 0x96, 0x20, 0x94, 0x92, 0xF7, 0x9E, 0xFF, 0xDF, 0xE7,
    0x1C, 0xBD, 0xD7, 0xBD, 0xF7, 0xE7, 0x1C, 0xF7, 0x9E, 0xFF, 0xDF, 0xFF, 0xDF, 0xF7, 0xBE, 0x03,
    0xFF, 0x80, 0xDF, 0x02, 0xFF, 0x85, 0xF7, 0x9E, 0x73, 0x8E, 0x00, 0x20, 0x04, 0x00, 0x8B, 0x10,
    0xA2, 0x9C, 0xF3, 0xFF, 0xDF, 0xEF, 0x7D, 0x73, 0xAE, 0xAD, 0x75, 0x02, 0xFF, 0x85, 0xDE, 0xFB,
    0x94, 0xB2, 0xBD, 0xD7, 0x02, 0xFF, 0x85, 0xEF, 0x7D, 0x21, 0x24, 0xA5, 0x14, 0x02, 0xFF, 0x83,
    0xCE, 0x59, 0x10, 0xA2, 0x70, 0x00, 0x87, 0x7B, 0xCF, 0xFF, 0xDF, 0xDE, 0xDB, 0x18, 0xE3, 0x1A,
    0x00, 0x8F, 0x63, 0x2C, 0xE7, 0x3C, 0xFF, 0xDF, 0xAD, 0x55, 0x63, 0x2C, 0x63, 0x2C, 0x42, 0x28,
    0x00, 0x20, 0x03, 0x00, 0x8C, 0x20, 0x21, 0x04, 0x42, 0x28, 0x52, 0xAA, 0x4A, 0x49, 0x29, 0x45,
    0x08, 0x41, 0x06, 0x00, 0x87, 0x18, 0xC3, 0x94, 0xB2, 0xE7, 0x1C, 0xFF, 0xDF, 0x05, 0xFF, 0x8E,
    0xDF, 0xEF, 0x5D, 0xCE, 0x79, 0x9C, 0xD3, 0xBD, 0xF7, 0xFF, 0xDF, 0xD6, 0xBA, 0xC6, 0x38, 0x02,
    0xFF, 0x83, 0xBD, 0xF7, 0x21, 0x24, 0x04, 0x00, 0x8D, 0x5A, 0xCB, 0xE7, 0x1C, 0xFF, 0xDF, 0xA5,
    0x14, 0x00, 0x20, 0x5A, 0xCB, 0xE7, 0x1C, 0x06, 0xFF, 0x83, 0xF7, 0xBE, 0xA5, 0x34, 0x02, 0x00,
    0x81, 0xAD, 0x55, 0x02, 0xFF, 0x83, 0xB5, 0x96, 0x08, 0x61, 0x6E, 0x00, 0x83, 0x10, 0xA2, 0xAD,
    0x55, 0x02, 0xFF, 0x81, 0xC6, 0x38, 0x1C, 0x00, 0xA3, 0x10, 0x82, 0x94, 0x92, 0xF7, 0xBE, 0xFF,
    0xDF, 0xEF, 0x7D, 0xEF, 0x7D, 0xDE, 0xDB, 0x6B, 0x6D, 0x5A, 0xCB, 0xA5, 0x34, 0xD6, 0x9A, 0xDE,
    0xFB, 0xEF, 0x5D, 0xE7, 0x1C, 0xD6, 0xBA, 0xC6, 0x18, 0x7B, 0xCF, 0x39, 0xC7, 0x05, 0x00, 0x92,
    0x20, 0x5A, 0xCB, 0x94, 0x92, 0xAD, 0x75, 0xAD, 0x55, 0x94, 0xB2, 0x63, 0x0C, 0x21, 0x24, 0x31,
    0x86, 0xCE, 0x79, 0x02, 0xFF, 0x89, 0xA5, 0x34, 0x73, 0x8E, 0xF7, 0x9E, 0xDE, 0xFB, 0x39, 0xE7,
    0x02, 0x00, 0x83, 0x10, 0x82, 0xA5, 0x14, 0x02, 0xFF, 0x83, 0xDE, 0xDB, 0x31, 0xA6, 0x04, 0x00,
    0x8B, 0x6B, 0x6D, 0xCE, 0x79, 0xE7, 0x3C, 0xDE, 0xDB, 0x94, 0x92, 0x18, 0xC3, 0x02, 0x00, 0x81,
    0xA5, 0x34, 0x02, 0xFF, 0x83, 0xBD, 0xD7, 0x08, 0x61, 0x6E, 0x00, 0x87, 0x39, 0xC7, 0xDE, 0xFB,
    0xFF, 0xDF, 0x84, 0x30, 0x1E, 0x00, 0x89, 0x10, 0xA2, 0x9C, 0xF3, 0xEF, 0x5D, 0xF7, 0x9E, 0xF7,
    0xBE, 0x02, 0xFF, 0x83, 0xEF, 0x7D, 0xEF, 0x7D, 0x04, 0xFF, 0x87, 0xF7, 0xBE, 0xF7, 0xBE, 0xF7,
    0xBE, 0xFF, 0xDF, 0x04, 0xFF, 0x85, 0xDE, 0xDB, 0x84, 0x10, 0x21, 0x24, 0x0F, 0x00, 0x90, 0x20,
    0x8C, 0x51, 0xF7, 0xBE, 0xEF, 0x7D, 0x63, 0x0C, 0x63, 0x2C, 0xEF, 0x7D, 0xE7, 0x1C, 0x42, 0x08,
    0x02, 0x00, 0x83, 0x42, 0x08, 0xDE, 0xFB, 0x02, 0xFF, 0x87, 0xCE, 0x59, 0x8C, 0x71, 0x6B, 0x6D,
    0x31, 0x86, 0x03, 0x00, 0x84, 0x20, 0x10, 0xA2, 0x00, 0x20, 0x06, 0x00, 0x81, 0x9C, 0xF3, 0x02,
    0xFF, 0x83, 0xD6, 0x9A, 0x10, 0xA2, 0x6E, 0x00, 0x87, 0x5A, 0xCB, 0xEF, 0x5D, 0xEF, 0x5D, 0x52,
    0x8A, 0x22, 0x00, 0x87, 0x31, 0x86, 0x42, 0x08, 0x84, 0x10, 0xF7, 0x9E, 0x04, 0xFF, 0x8F, 0xDE,
    0xFB, 0xA5, 0x34, 0x6B, 0x6D, 0x52, 0xAA, 0x63, 0x2C, 0x94, 0xB2, 0xC6, 0x38, 0xFF, 0xDF, 0x04,
    0xFF, 0x83, 0xCE, 0x59, 0x42, 0x28, 0x0C, 0x00, 0x83, 0x63, 0x0C, 0xE7, 0x3C, 0x02, 0xFF, 0x91,
    0xB5, 0xB6, 0x18, 0xE3, 0x84, 0x30, 0xFF, 0xDF, 0xCE, 0x79, 0x31, 0x86, 0x63, 0x0C, 0xCE, 0x59,
    0xFF, 0xDF, 0x08, 0xFF, 0x83, 0xD6, 0x9A, 0x4A, 0x49, 0x0C, 0x00, 0x87, 0x94, 0xB2, 0xFF, 0xDF,
    0xE7, 0x1C, 0x18, 0xC3, 0x6E, 0x00, 0x87, 0x4A, 0x49, 0xE7, 0x1C, 0xF7, 0xBE, 0x84, 0x30, 0x24,
    0x00, 0x83, 0x4A, 0x69, 0xDE, 0xDB, 0x04, 0xFF, 0x83, 0xCE, 0x79, 0x21, 0x04, 0x0C, 0x00, 0x85,
    0x39, 0xE7, 0xB5, 0xB6, 0xF7, 0xBE, 0x02, 0xFF, 0x83, 0xE7, 0x3C, 0x5A, 0xCB, 0x08, 0x00, 0x83,
    0x73, 0x8E, 0xEF, 0x5D, 0x02, 0xFF, 0x87, 0xDE, 0xFB, 0x52, 0x8A, 0x21, 0x04, 0xB5, 0xB6, 0x02,
    0xFF, 0x85, 0xB5, 0x96, 0x94, 0xB2, 0xF7, 0xBE, 0x05, 0xFF, 0x86, 0xDF, 0xD6, 0x9A, 0xD6, 0x9A,
    0xF7, 0x9E, 0x02, 0xFF, 0x83, 0xAD, 0x75, 0x00, 0x20, 0x0A, 0x00, 0x87, 0x94, 0x92, 0xFF, 0xDF,
    0xE7, 0x1C, 0x21, 0x24, 0x6E, 0x00, 0x83, 0x18, 0xC3, 0xAD, 0x55, 0x02, 0xFF, 0x83, 0xE7, 0x3C,
    0x4A, 0x69, 0x20, 0x00, 0x8F, 0x18, 0xC3, 0xB5, 0xB6, 0xFF, 0xDF, 0xEF, 0x7D, 0xF7, 0xBE, 0xF7,
    0x9E, 0x9C, 0xF3, 0x18, 0xE3, 0x0C, 0x00, 0x85, 0x10, 0xA2, 0x73, 0xAE, 0xEF, 0x5D, 0x02, 0xFF,
    0x83, 0xD6, 0x9A, 0x31, 0xA6, 0x02, 0x00, 0x85, 0x31, 0x86, 0xA5, 0x14, 0xEF, 0x7D, 0x02, 0xFF,
    0x89, 0xDE, 0xDB, 0x63, 0x0C, 0x00, 0x20, 0x52, 0xAA, 0xE7, 0x3C, 0x02, 0xFF, 0x91, 0xAD, 0x75,
    0xEF, 0x7D, 0xFF, 0xDF, 0xE7, 0x1C, 0xF7, 0xBE, 0xEF, 0x5D, 0x63, 0x0C, 0x21, 0x24, 0xBD, 0xD7,
    0x02, 0xFF, 0x83, 0xC6, 0x38, 0x18, 0xC3, 0x0A, 0x00, 0x87, 0x94, 0x92, 0xFF, 0xDF, 0xE7, 0x1C,
    0x29, 0x45, 0x70, 0x00, 0x83, 0x4A, 0x49, 0xD6, 0xBA, 0x02, 0xFF, 0x83, 0x9C, 0xF3, 0x08, 0x61,
    0x1E, 0x00, 0x89, 0x4A, 0x49, 0xE7, 0x1C, 0xF7, 0x9E, 0x8C, 0x71, 0xB5, 0xB6, 0x02, 0xFF, 0x85,
    0xF7, 0xBE, 0x9C, 0xF3, 0x18, 0xC3, 0x0D, 0x00, 0x9A, 0x20, 0x7B, 0xEF, 0xF7, 0x9E, 0xFF, 0xDF,
    0x9C, 0xF3, 0x94, 0x92, 0xDE, 0xFB, 0xFF, 0xDF, 0xFF, 0xDF, 0xD6, 0x9A, 0x63, 0x0C, 0x00, 0x20,
    0x10, 0xA2, 0xA5, 0x14, 0x02, 0xFF, 0x83, 0xDE, 0xFB, 0xD6, 0x9A, 0x02, 0xFF, 0x85, 0xC6, 0x38,
    0x5A, 0xEB, 0xDE, 0xDB, 0x02, 0xFF, 0x85, 0xBD, 0xF7, 0x52, 0xAA, 0xD6, 0x9A, 0x02, 0xFF, 0x83,
    0xBD, 0xD7, 0x08, 0x41, 0x0A, 0x00, 0x87, 0x94, 0xB2, 0xFF, 0xDF, 0xE7, 0x1C, 0x21, 0x24, 0x70,
    0x00, 0x83, 0x08, 0x61, 0x94, 0xB2, 0x02, 0xFF, 0x83, 0xBD, 0xD7, 0x18, 0xE3, 0x1E, 0x00, 0x91,
    0x6B, 0x6D, 0xEF, 0x7D, 0xDE, 0xFB, 0x4A, 0x49, 0x42, 0x08, 0xAD, 0x75, 0xFF, 0xDF, 0xDE, 0xFB,
    0x42, 0x08, 0x09, 0x00, 0x88, 0x20, 0x31, 0x86, 0x63, 0x2C, 0x73, 0x8E, 0xDE, 0xDB, 0x02, 0xFF,
    0x83, 0xF7, 0x9E, 0xF7, 0xBE, 0x02, 0xFF, 0x85, 0xEF, 0x5D, 0x9C, 0xF3, 0x39, 0xE7, 0x04, 0x00,
    0x97, 0x52, 0x8A, 0xDE, 0xFB, 0xFF, 0xDF, 0x9C, 0xF3, 0xE7, 0x1C, 0xF7, 0xBE, 0x7B, 0xCF, 0x08,
    0x61, 0x84, 0x30, 0xEF, 0x7D, 0xFF, 0xDF, 0xE7, 0x3C, 0x02, 0xFF, 0x83, 0xEF, 0x7D, 0x73, 0xAE,
    0x0C, 0x00, 0x81, 0xA5, 0x34, 0x02, 0xFF, 0x83, 0xD6, 0x9A, 0x10, 0xA2, 0x71, 0x00, 0x82, 0x20,
    0x84, 0x10, 0x02, 0xFF, 0x83, 0xC6, 0x18, 0x21, 0x04, 0x1E, 0x00, 0x91, 0x6B, 0x4D, 0xEF, 0x7D,
    0xE7, 0x1C, 0x63, 0x2C, 0x39, 0xE7, 0x8C, 0x51, 0xF7, 0xBE, 0xE7, 0x3C, 0x4A, 0x49, 0x04, 0x00,
    0x8D, 0x08, 0x41, 0x5A, 0xCB, 0xB5, 0x96, 0xD6, 0x9A, 0xEF, 0x5D, 0xF7, 0x9E, 0xFF, 0xDF, 0x04,
    0xFF, 0x87, 0xEF, 0x5D, 0xB5, 0x96, 0x5A, 0xCB, 0x08, 0x41, 0x05, 0x00, 0x8E, 0x20, 0x94, 0x92,
    0xF7, 0xBE, 0xDE, 0xFB, 0x52, 0x8A, 0xE7, 0x1C, 0xF7, 0x9E, 0x73, 0xAE, 0x02, 0x00, 0x8D, 0x21,
    0x04, 0x94, 0xB2, 0xE7, 0x3C, 0xF7, 0xBE, 0xE7, 0x3C, 0x9C, 0xD3, 0x18, 0xE3, 0x0A, 0x00, 0x83,
    0x18, 0xC3, 0xDE, 0xDB, 0x02, 0xFF, 0x83, 0x9C, 0xF3, 0x00, 0x20, 0x70, 0x00, 0x83, 0x08, 0x41,
    0x94, 0x92, 0x02, 0xFF, 0x83, 0xBD, 0xD7, 0x18, 0xE3, 0x1E, 0x00, 0x8B, 0x39, 0xE7, 0xD6, 0x9A,
    0xFF, 0xDF, 0xDE, 0xFB, 0xD6, 0x9A, 0xF7, 0x9E, 0x02, 0xFF, 0x83, 0xC6, 0x18, 0x29, 0x65, 0x04,
    0x00, 0x9B, 0x5A, 0xEB, 0xDE, 0xDB, 0xFF, 0xDF, 0xFF, 0xDF, 0xF7, 0x9E, 0xF7, 0x9E, 0xDE, 0xFB,
    0xFF, 0xDF, 0xF7, 0x9E, 0x73, 0xAE, 0x73, 0xAE, 0x94, 0x92, 0x73, 0xAE, 0x21, 0x24, 0x02, 0x00,
    0x8B, 0x31, 0x86, 0xC6, 0x38, 0xFF, 0xDF, 0xAD, 0x55, 0x18, 0xC3, 0xCE, 0x59, 0x02, 0xFF, 0x83,
    0xB5, 0x96, 0x29, 0x45, 0x02, 0x00, 0x89, 0x08, 0x61, 0x4A, 0x69, 0x7B, 0xCF, 0x4A, 0x69, 0x08,
    0x61, 0x0C, 0x00, 0x87, 0x73, 0xAE, 0xF7, 0xBE, 0xEF, 0x7D, 0x6B, 0x4D, 0x72, 0x00, 0x83, 0x10,
    0xA2, 0xAD, 0x75, 0x02, 0xFF, 0x83, 0xAD, 0x55, 0x10, 0x82, 0x20, 0x00, 0x8D, 0x73, 0xAE, 0xE7,
    0x1C, 0xFF, 0xDF, 0xFF, 0xDF, 0xF7, 0xBE, 0xC6, 0x18, 0x4A, 0x49, 0x04, 0x00, 0x83, 0x10, 0x82,
    0xAD, 0x75, 0x02, 0xFF, 0xA1, 0xE7, 0x3C, 0x94, 0xB2, 0x5A, 0xCB, 0x42, 0x08, 0x84, 0x10, 0xF7,
    0xBE, 0xEF, 0x7D, 0xB5, 0xB6, 0xF7, 0x9E, 0xFF, 0xDF, 0xF7, 0x9E, 0xA5, 0x14, 0x18, 0xE3, 0x6B,
    0x4D, 0xEF, 0x7D, 0xEF, 0x7D, 0x63, 0x0C, 0x02, 0x00, 0x89, 0x7B, 0xCF, 0xF7, 0x9E, 0xF7, 0x9E,
    0x9C, 0xF3, 0x29, 0x65, 0x14, 0x00, 0x83, 0x29, 0x65, 0xD6, 0xBA, 0x02, 0xFF, 0x83, 0xC6, 0x18,
    0x21, 0x24, 0x72, 0x00, 0x83, 0x18, 0xE3, 0xBD, 0xD7, 0x02, 0xFF, 0x83, 0x9C, 0xD3, 0x08, 0x41,
    0x21, 0x00, 0x8A, 0x20, 0x39, 0xC7, 0x7B, 0xCF, 0x84, 0x10, 0x4A, 0x49, 0x10, 0xA2, 0x06, 0x00,
    0x87, 0x18, 0xC3, 0xCE, 0x79, 0xFF, 0xDF, 0x9C, 0xF3, 0x06, 0x00, 0x81, 0x94, 0xB2, 0x03, 0xFF,
    0x94, 0xDF, 0xFF, 0xDF, 0xFF, 0xDF, 0xDE, 0xDB, 0xFF, 0xDF, 0xEF, 0x7D, 0x5A, 0xCB, 0xA5, 0x14,
    0xFF, 0xDF, 0xCE, 0x79, 0x21, 0x24, 0x02, 0x00, 0x8D, 0x18, 0xC3, 0xB5, 0x96, 0xFF, 0xDF, 0xF7,
    0xBE, 0xC6, 0x18, 0x63, 0x2C, 0x10, 0xA2, 0x0E, 0x00, 0x83, 0x39, 0xE7, 0xBD, 0xD7, 0x02, 0xFF,
    0x83, 0xEF, 0x7D, 0x63, 0x0C, 0x74, 0x00, 0x87, 0x39, 0xC7, 0xD6, 0x9A, 0xF7, 0xBE, 0x73, 0x8E,
    0x34, 0x00, 0x83, 0x08, 0x61, 0xA5, 0x34, 0x02, 0xFF, 0x83, 0xD6, 0xBA, 0x42, 0x08, 0x04, 0x00,
    0x83, 0x8C, 0x71, 0xFF, 0xDF, 0x04, 0xFF, 0x85, 0xBD, 0xF7, 0x29, 0x65, 0xDE, 0xDB, 0x02, 0xFF,
    0x83, 0x84, 0x30, 0xBD, 0xF7, 0x02, 0xFF, 0x81, 0xAD, 0x75, 0x06, 0x00, 0x85, 0x21, 0x04, 0x9C,
    0xF3, 0xEF, 0x7D, 0x02, 0xFF, 0x93, 0xEF, 0x7D, 0xCE, 0x79, 0x9C, 0xD3, 0x73, 0xAE, 0x4A, 0x69,
    0x31, 0xA6, 0x42, 0x08, 0x73, 0x8E, 0x9C, 0xF3, 0xE7, 0x1C, 0x02, 0xFF, 0x85, 0xF7, 0x9E, 0x7B,
    0xCF, 0x08, 0x41, 0x74, 0x00, 0x87, 0x52, 0x8A, 0xE7, 0x3C, 0xEF, 0x7D, 0x52, 0x8A, 0x36, 0x00,
    0x8F, 0x5A, 0xCB, 0xE7, 0x1C, 0xFF, 0xDF, 0xD6, 0x9A, 0x63, 0x2C, 0x08, 0x41, 0x52, 0x8A, 0xEF,
    0x7D, 0x02, 0xFF, 0x87, 0xF7, 0xBE, 0x7B, 0xEF, 0x08, 0x41, 0xCE, 0x79, 0x02, 0xFF, 0x83, 0x8C,
    0x71, 0xC6, 0x18, 0x02, 0xFF, 0x81, 0xAD, 0x75, 0x08, 0x00, 0x87, 0x18, 0xC3, 0x6B, 0x6D, 0xC6,
    0x18, 0xEF, 0x7D, 0x03, 0xFF, 0x8C, 0xDF, 0xFF, 0xDF, 0xE7, 0x3C, 0xDE, 0xFB, 0xE7, 0x1C, 0xF7,
    0xBE, 0xFF, 0xDF, 0x02, 0xFF, 0x85, 0xDE, 0xFB, 0x7B, 0xEF, 0x10, 0x82, 0x76, 0x00, 0x87, 0x73,
    0xAE, 0xF7, 0xBE, 0xDE, 0xFB, 0x29, 0x45, 0x36, 0x00, 0x85, 0x10, 0x82, 0x73, 0xAE, 0xDE, 0xFB,
    0x02, 0xFF, 0x87, 0xE7, 0x3C, 0x8C, 0x51, 0x21, 0x04, 0xC6, 0x18, 0x03, 0xFF, 0x92, 0xDF, 0xA5,
    0x14, 0x73, 0x8E, 0xEF, 0x5D, 0xF7, 0xBE, 0x73, 0x8E, 0xA5, 0x34, 0xFF, 0xDF, 0xD6, 0x9A, 0x39,
    0xC7, 0x06, 0x00, 0x9D, 0x31, 0x86, 0x8C, 0x51, 0xA5, 0x14, 0x84, 0x10, 0x9C, 0xD3, 0xCE, 0x79,
    0xE7, 0x1C, 0xEF, 0x5D, 0xEF, 0x7D, 0xEF, 0x5D, 0xE7, 0x1C, 0xCE, 0x79, 0x94, 0x92, 0x4A, 0x69,
    0x08, 0x41, 0x76, 0x00, 0x83, 0x10, 0x82, 0x9C, 0xF3, 0x02, 0xFF, 0x83, 0xC6, 0x38, 0x00, 0x20,
    0x38, 0x00, 0x8F, 0x08, 0x61, 0x5A, 0xEB, 0xCE, 0x59, 0xFF, 0xDF, 0xEF, 0x5D, 0x84, 0x10, 0x8C,
    0x71, 0xFF, 0xDF, 0x03, 0xFF, 0x82, 0xDF, 0xF7, 0x9E, 0x02, 0xFF, 0xAB, 0xD6, 0x9A, 0x42, 0x08,
    0x63, 0x2C, 0xE7, 0x3C, 0xFF, 0xDF, 0xB5, 0xB6, 0x52, 0xAA, 0x21, 0x24, 0x42, 0x08, 0xBD, 0xD7,
    0xF7, 0x9E, 0xFF, 0xDF, 0xCE, 0x59, 0x42, 0x08, 0x29, 0x45, 0x42, 0x08, 0x5A, 0xCB, 0x6B, 0x4D,
    0x5A, 0xEB, 0x4A, 0x49, 0x29, 0x65, 0x08, 0x41, 0x7A, 0x00, 0x87, 0x31, 0x86, 0xCE, 0x79, 0xFF,
    0xDF, 0x94, 0xB2, 0x3E, 0x00, 0x83, 0x39, 0xC7, 0xBD, 0xF7, 0x02, 0xFF, 0x83, 0xDE, 0xFB, 0xA5,
    0x34, 0x02, 0xFF, 0x9B, 0xEF, 0x7D, 0xE7, 0x1C, 0xF7, 0x9E, 0xD6, 0xBA, 0x73, 0x8E, 0x08, 0x61,
    0x18, 0xC3, 0x94, 0xB2, 0xEF, 0x7D, 0xFF, 0xDF, 0xE7, 0x1C, 0xBD, 0xF7, 0xCE, 0x59, 0xFF, 0xDF,
    0x05, 0xFF, 0x88, 0xDF, 0xBD, 0xD7, 0x8C, 0x71, 0x4A, 0x69, 0x08, 0x41, 0x7F, 0x00, 0x05, 0x00,
    0x87, 0x6B, 0x6D, 0xEF, 0x7D, 0xEF, 0x7D, 0x5A, 0xEB, 0x40, 0x00, 0x87, 0x4A, 0x49, 0xF7, 0xBE,
    0xFF, 0xDF, 0xDE, 0xDB, 0x02, 0xFF, 0x95, 0xBD, 0xD7, 0x63, 0x0C, 0xB5, 0xB6, 0xE7, 0x1C, 0xBD,
    0xF7, 0x7B, 0xEF, 0x31, 0x86, 0x21, 0x04, 0x8C, 0x51, 0xD6, 0xBA, 0xF7, 0xBE, 0x0F, 0xFF, 0x84,
    0xDF, 0xDE, 0xFB, 0x5A, 0xEB, 0x7F, 0x00, 0x03, 0x00, 0x83, 0x10, 0xA2, 0xAD, 0x55, 0x02, 0xFF,
    0x83, 0xC6, 0x38, 0x10, 0x82, 0x40, 0x00, 0x83, 0x29, 0x65, 0xF7, 0xBE, 0x05, 0xFF, 0x84, 0xDF,
    0x9C, 0xD3, 0xC6, 0x18, 0x06, 0xFF, 0x8D, 0xF7, 0xBE, 0xB5, 0xB6, 0x42, 0x08, 0x4A, 0x49, 0x6B,
    0x4D, 0x8C, 0x71, 0xEF, 0x7D, 0x02, 0xFF, 0x85, 0xDE, 0xDB, 0xB5, 0xB6, 0xD6, 0xBA, 0x02, 0xFF,
    0x83, 0xF7, 0x9E, 0xEF, 0x7D, 0x02, 0xFF, 0x83, 0xA5, 0x34, 0x08, 0x41, 0x7F, 0x00, 0x88, 0x00,
    0x39, 0xC7, 0xD6, 0x9A, 0xF7, 0xBE, 0x8C, 0x51, 0x42, 0x00, 0x83, 0x42, 0x08, 0xFF, 0xDF, 0x04,
    0xFF, 0xA1, 0xE7, 0x1C, 0x84, 0x30, 0xF7, 0xBE, 0xF7, 0xBE, 0x9C, 0xD3, 0xB5, 0xB6, 0xF7, 0x9E,
    0xFF, 0xDF, 0xCE, 0x79, 0xDE, 0xFB, 0xEF, 0x7D, 0xCE, 0x59, 0xFF, 0xDF, 0xE7, 0x3C, 0x63, 0x0C,
    0x18, 0xC3, 0xAD, 0x55, 0x02, 0xFF, 0x89, 0xE7, 0x3C, 0xEF, 0x5D, 0xFF, 0xDF, 0x94, 0xB2, 0x00,
    0x20, 0x7F, 0x00, 0x88, 0x00, 0x63, 0x0C, 0xEF, 0x5D, 0xE7, 0x3C, 0x52, 0xAA, 0x42, 0x00, 0x83,
    0x29, 0x45, 0xE7, 0x3C, 0x02, 0xFF, 0x91, 0xEF, 0x7D, 0x84, 0x10, 0x8C, 0x51, 0xFF, 0xDF, 0xDE,
    0xDB, 0x10, 0xA2, 0x08, 0x61, 0xA5, 0x14, 0xF7, 0xBE, 0x0A, 0xFF, 0x87, 0xC6, 0x38, 0x42, 0x28,
    0x42, 0x28, 0xD6, 0x9A, 0x06, 0xFF, 0x83, 0xCE, 0x79, 0x42, 0x08, 0x7F, 0x00, 0x03, 0x00, 0x8B,
    0x73, 0x8E, 0xF7, 0x9E, 0xDE, 0xFB, 0x42, 0x08, 0x00, 0x20, 0x00, 0x20, 0x40, 0x00, 0x95, 0x63,
    0x2C, 0x9C, 0xD3, 0x6B, 0x6D, 0x10, 0xA2, 0x73, 0x8E, 0xF7, 0xBE, 0xF7, 0xBE, 0x84, 0x10, 0x29,
    0x45, 0x73, 0xAE, 0xEF, 0x7D, 0x02, 0xFF, 0x85, 0xE7, 0x1C, 0xB5, 0xB6, 0xFF, 0xDF, 0x02, 0xFF,
    0x87, 0xF7, 0xBE, 0xE7, 0x3C, 0xE7, 0x3C, 0xFF, 0xDF, 0x03, 0xFF, 0x84, 0xDF, 0xCE, 0x79, 0x4A,
    0x69, 0x7F, 0x00, 0x05, 0x00, 0x91, 0x6B, 0x4D, 0xEF, 0x7D, 0xF7, 0x9E, 0xB5, 0x96, 0x9C, 0xD3,
    0x9C, 0xD3, 0x84, 0x10, 0x4A, 0x69, 0x08, 0x41, 0x3D, 0x00, 0x80, 0x20, 0x04, 0x00, 0x8B, 0x31,
    0x86, 0xBD, 0xD7, 0xFF, 0xDF, 0xF7, 0xBE, 0xD6, 0x9A, 0xE7, 0x3C, 0x04, 0xFF, 0x83, 0xBD, 0xF7,
    0xAD, 0x75, 0x02, 0xFF, 0x87, 0xEF, 0x5D, 0xE7, 0x1C, 0xF7, 0x9E, 0xFF, 0xDF, 0x02, 0xFF, 0x85,
    0xEF, 0x7D, 0xAD, 0x55, 0x4A, 0x49, 0x7F, 0x00, 0x07, 0x00, 0x91, 0x31, 0xA6, 0xBD, 0xF7, 0xFF,
    0xDF, 0xFF, 0xDF, 0xFF, 0xDF, 0xFF, 0xDF, 0xF7, 0xBE, 0xDE, 0xFB, 0x73, 0xAE, 0x44, 0x00, 0x91,
    0x42, 0x08, 0xAD, 0x55, 0xEF, 0x5D, 0xF7, 0xBE, 0xF7, 0xBE, 0xEF, 0x5D, 0xFF, 0xDF, 0xF7, 0x9E,
    0xF7, 0x9E, 0x02, 0xFF, 0x8D, 0x8C, 0x71, 0x52, 0xAA, 0x94, 0xB2, 0xEF, 0x7D, 0xFF, 0xDF, 0xAD,
    0x75, 0x21, 0x04, 0x7F, 0x00, 0x0B, 0x00, 0x8B, 0x42, 0x28, 0x9C, 0xD3, 0xBD, 0xD7, 0xBD, 0xF7,
    0xC6, 0x18, 0xDE, 0xDB, 0x02, 0xFF, 0x83, 0xD6, 0x9A, 0x39, 0xE7, 0x25, 0x00, 0x88, 0x20, 0x39,
    0xC7, 0x63, 0x2C, 0x52, 0xAA, 0x10, 0xA2, 0x16, 0x00, 0x8D, 0x10, 0xA2, 0x63, 0x2C, 0x8C, 0x71,
    0x84, 0x10, 0x6B, 0x4D, 0xBD, 0xF7, 0xFF, 0xDF, 0x04, 0xFF, 0x8B, 0xAD, 0x55, 0xA5, 0x14, 0xE7,
    0x1C, 0xFF, 0xDF, 0xD6, 0xBA, 0x52, 0xAA, 0x7F, 0x00, 0x11, 0x00, 0x8D, 0x08, 0x61, 0x10, 0x82,
    0x10, 0xA2, 0x5A, 0xEB, 0xEF, 0x7D, 0xF7, 0x9E, 0x73, 0x8E, 0x22, 0x00, 0x8B, 0x18, 0xC3, 0x73,
    0xAE, 0xD6, 0xBA, 0xEF, 0x7D, 0xDE, 0xFB, 0x63, 0x0C, 0x20, 0x00, 0x83, 0x4A, 0x49, 0xCE, 0x59,
    0x09, 0xFF, 0x86, 0xDF, 0xD6, 0xBA, 0x6B, 0x6D, 0x00, 0x20, 0x7F, 0x00, 0x17, 0x00, 0x87, 0x18,
    0xE3, 0xCE, 0x79, 0xF7, 0xBE, 0x8C, 0x51, 0x20, 0x00, 0x85, 0x18, 0xC3, 0x8C, 0x51, 0xF7, 0x9E,
    0x04, 0xFF, 0x83, 0xF7, 0xBE, 0x7B, 0xEF, 0x20, 0x00, 0x83, 0x39, 0xC7, 0xCE, 0x79, 0x02, 0xFF,
    0x89, 0xD6, 0x9A, 0xD6, 0x9A, 0xCE, 0x59, 0x9C, 0xF3, 0x4A, 0x49, 0x7F, 0x00, 0x1B, 0x00, 0x83,
    0x10, 0x82, 0xC6, 0x18, 0x02, 0xFF, 0x81, 0xAD, 0x55, 0x1E, 0x00, 0x85, 0x08, 0x41, 0x84, 0x10,
    0xF7, 0x9E, 0x02, 0xFF, 0x81, 0xF7, 0x9E, 0x02, 0xFF, 0x83, 0xEF, 0x7D, 0x63, 0x2C, 0x20, 0x00,
    0x87, 0x4A, 0x49, 0xDE, 0xFB, 0xFF, 0xDF, 0x63, 0x0C, 0x7F, 0x00, 0x24, 0x00, 0x88, 0x20, 0x94,
    0xB2, 0xFF, 0xDF, 0xEF, 0x5D, 0x63, 0x2C, 0x1C, 0x00, 0x83, 0x6B, 0x6D, 0xEF, 0x7D, 0x02, 0xFF,
    0x83, 0xBD, 0xF7, 0xBD, 0xF7, 0x02, 0xFF, 0x83, 0xC6, 0x18, 0x31, 0x86, 0x20, 0x00, 0x87, 0x63,
    0x0C, 0xEF, 0x5D, 0xE7, 0x3C, 0x42, 0x08, 0x7F, 0x00, 0x25, 0x00, 0x89, 0x42, 0x08, 0xD6, 0x9A,
    0xFF, 0xDF, 0xDE, 0xDB, 0x52, 0x8A, 0x18, 0x00, 0x83, 0x31, 0x86, 0xC6, 0x18, 0x02, 0xFF, 0x8B,
    0xCE, 0x79, 0x84, 0x30, 0xF7, 0xBE, 0xF7, 0x9E, 0x7B, 0xEF, 0x00, 0x20, 0x20, 0x00, 0x87, 0x73,
    0xAE, 0xEF, 0x7D, 0xDE, 0xDB, 0x31, 0x86, 0x7F, 0x00, 0x27, 0x00, 0x87, 0x5A, 0xEB, 0xDE, 0xFB,
    0xFF, 0xDF, 0xAD, 0x55, 0x18, 0x00, 0x89, 0x7B, 0xEF, 0xF7, 0x9E, 0xEF, 0x7D, 0x8C, 0x51, 0xDE,
    0xFB, 0x02, 0xFF, 0x83, 0xB5, 0xB6, 0x29, 0x45, 0x22, 0x00, 0x87, 0x84, 0x10, 0xF7, 0xBE, 0xD6,
    0xBA, 0x29, 0x45, 0x7F, 0x00, 0x27, 0x00, 0x83, 0x08, 0x41, 0xA5, 0x14, 0x02, 0xFF, 0x81, 0xCE,
    0x59, 0x16, 0x00, 0x83, 0x29, 0x45, 0xC6, 0x18, 0x02, 0xFF, 0x83, 0xCE, 0x59, 0xC6, 0x18, 0x02,
    0xFF, 0x83, 0xDE, 0xFB, 0x52, 0x8A, 0x24, 0x00, 0x87, 0x7B, 0xEF, 0xF7, 0x9E, 0xD6, 0xBA, 0x29,
    0x45, 0x7F, 0x00, 0x28, 0x00, 0x82, 0x20, 0x94, 0xB2, 0x02, 0xFF, 0x81, 0xCE, 0x79, 0x16, 0x00,
    0x8F, 0x63, 0x2C, 0xEF, 0x7D, 0xFF, 0xDF, 0xD6, 0x9A, 0xFF, 0xDF, 0xF7, 0x9E, 0x7B, 0xEF, 0x08,
    0x41, 0x24, 0x00, 0x87, 0x6B, 0x6D, 0xEF, 0x7D, 0xDE, 0xFB, 0x31, 0xA6, 0x7F, 0x00, 0x28, 0x00,
    0x82, 0x20, 0x94, 0xB2, 0x02, 0xFF, 0x81, 0xCE, 0x59, 0x16, 0x00, 0x83, 0xA5, 0x14, 0xFF, 0xDF,
    0x04, 0xFF, 0x85, 0xF7, 0xBE, 0x9C, 0xF3, 0x08, 0x41, 0x26, 0x00, 0x87, 0x52, 0xAA, 0xE7, 0x1C,
    0xEF, 0x7D, 0x52, 0x8A, 0x7F, 0x00, 0x29, 0x00, 0x81, 0x8C, 0x71, 0x02, 0xFF, 0x83, 0xDE, 0xFB,
    0x29, 0x65, 0x12, 0x00, 0x83, 0x21, 0x24, 0xC6, 0x18, 0x04, 0xFF, 0x85, 0xF7, 0xBE, 0xAD, 0x55,
    0x18, 0xC3, 0x28, 0x00, 0x87, 0x42, 0x08, 0xDE, 0xDB, 0xFF, 0xDF, 0x73, 0xAE, 0x72, 0x00, 0x85,
    0x08, 0x41, 0x42, 0x08, 0x39, 0xE7, 0x30, 0x00, 0x83, 0x5A, 0xCB, 0xEF, 0x5D, 0x02, 0xFF, 0x83,
    0xC6, 0x18, 0x39, 0xC7, 0x0C, 0x00, 0x87, 0x18, 0xC3, 0x5A, 0xEB, 0xB5, 0x96, 0xF7, 0x9E, 0x02,
    0xFF, 0x85, 0xF7, 0x9E, 0x9C, 0xF3, 0x18, 0xE3, 0x2A, 0x00, 0x83, 0x18, 0xC3, 0xB5, 0x96, 0x02,
    0xFF, 0x81, 0xB5, 0xB6, 0x5B, 0x00, 0x80, 0x20, 0x14, 0x00, 0x89, 0x10, 0x82, 0xB5, 0x96, 0xEF,
    0x7D, 0xE7, 0x1C, 0x6B, 0x4D, 0x2E, 0x00, 0x85, 0x08, 0x41, 0x84, 0x30, 0xF7, 0x9E, 0x02, 0xFF,
    0x91, 0xE7, 0x3C, 0xBD, 0xF7, 0x9C, 0xD3, 0x8C, 0x71, 0x8C, 0x71, 0x9C, 0xF3, 0xBD, 0xF7, 0xDE,
    0xDB, 0xF7, 0x9E, 0x04, 0xFF, 0x85, 0xEF, 0x5D, 0x73, 0xAE, 0x08, 0x41, 0x2E, 0x00, 0x87, 0x7B,
    0xCF, 0xF7, 0x9E, 0xEF, 0x5D, 0x42, 0x08, 0x56, 0x00, 0x87, 0x6B, 0x4D, 0xCE, 0x59, 0xAD, 0x55,
    0x18, 0xC3, 0x10, 0x00, 0x83, 0x94, 0x92, 0xFF, 0xDF, 0x04, 0xFF, 0x81, 0x9C, 0xD3, 0x30, 0x00,
    0x87, 0x10, 0x82, 0x7B, 0xCF, 0xDE, 0xFB, 0xFF, 0xDF, 0x03, 0xFF, 0x86, 0xDF, 0xFF, 0xDF, 0xFF,
    0xDF, 0xFF, 0xDF, 0x03, 0xFF, 0x84, 0xDF, 0xEF, 0x5D, 0xE7, 0x1C, 0x02, 0xFF, 0x83, 0xD6, 0xBA,
    0x39, 0xE7, 0x30, 0x00, 0x83, 0x39, 0xC7, 0xD6, 0x9A, 0x02, 0xFF, 0x83, 0x9C, 0xF3, 0x10, 0xA2,
    0x52, 0x00, 0x83, 0x31, 0xA6, 0xC6, 0x38, 0x02, 0xFF, 0x8D, 0xDE, 0xDB, 0x31, 0x86, 0x00, 0x20,
    0x63, 0x2C, 0xA5, 0x14, 0x9C, 0xD3, 0x4A, 0x69, 0x04, 0x00, 0x83, 0x31, 0xA6, 0xE7, 0x1C, 0x05,
    0xFF, 0x82, 0xDF, 0x8C, 0x51, 0x32, 0x00, 0x9D, 0x08, 0x41, 0x42, 0x08, 0x7B, 0xCF, 0xA5, 0x14,
    0xC6, 0x18, 0xD6, 0xBA, 0xD6, 0x9A, 0xBD, 0xF7, 0xA5, 0x14, 0x84, 0x10, 0x5A, 0xCB, 0x8C, 0x71,
    0xFF, 0xDF, 0xD6, 0x9A, 0x31, 0x86, 0x30, 0x00, 0x89, 0x08, 0x61, 0x8C, 0x51, 0xFF, 0xDF, 0xE7,
    0x3C, 0x5A, 0xEB, 0x51, 0x00, 0x95, 0x20, 0x7B, 0xCF, 0xEF, 0x7D, 0xFF, 0xDF, 0xB5, 0x96, 0x10,
    0xA2, 0x52, 0x8A, 0xDE, 0xFB, 0xFF, 0xDF, 0xF7, 0xBE, 0xCE, 0x59, 0x42, 0x02, 0x08, 0x82, 0x41,
    0x94, 0x92, 0x06, 0xFF, 0x83, 0xEF, 0x5D, 0x5A, 0xCB, 0x37, 0x00, 0x8E, 0x20, 0x10, 0x82, 0x18,
    0xE3, 0x21, 0x24, 0x21, 0x24, 0x18, 0xC3, 0x10, 0x82, 0x00, 0x20, 0x02, 0x00, 0x87, 0x84, 0x30,
    0xFF, 0xDF, 0xCE, 0x79, 0x29, 0x65, 0x32, 0x00, 0x83, 0x39, 0xC7, 0xCE, 0x59, 0x02, 0xFF, 0x83,
    0xCE, 0x59, 0x4A, 0x49, 0x4E, 0x00, 0x83, 0x52, 0xAA, 0xD6, 0x9A, 0x02, 0xFF, 0x87, 0xD6, 0xBA,
    0x4A, 0x69, 0x00, 0x20, 0xAD, 0x75, 0x02, 0xFF, 0x8B, 0xE7, 0x1C, 0xEF, 0x5D, 0xF7, 0x9E, 0x84,
    0x30, 0x31, 0xA6, 0xDE, 0xFB, 0x05, 0xFF, 0x84, 0xDF, 0xB5, 0x96, 0x10, 0x82, 0x48, 0x00, 0x87,
    0x84, 0x10, 0xFF, 0xDF, 0xCE, 0x79, 0x29, 0x65, 0x33, 0x00, 0x8A, 0x20, 0x5A, 0xEB, 0xE7, 0x3C,
    0xFF, 0xDF, 0xC6, 0x18, 0x4A, 0x69, 0x4A, 0x00, 0x85, 0x39, 0xE7, 0xC6, 0x18, 0xFF, 0xDF, 0x02,
    0xFF, 0x93, 0xA5, 0x34, 0x00, 0x20, 0x31, 0xA6, 0xE7, 0x1C, 0xFF, 0xDF, 0x94, 0xB2, 0xCE, 0x59,
    0xFF, 0xDF, 0x9C, 0xF3, 0x7B, 0xEF, 0x06, 0xFF, 0x83, 0xD6, 0xBA, 0x42, 0x28, 0x4A, 0x00, 0x87,
    0x84, 0x10, 0xFF, 0xDF, 0xCE, 0x79, 0x31, 0x86, 0x35, 0x00, 0x81, 0x20, 0x7B, 0x02, 0xEF, 0x88,
    0x5D, 0xFF, 0xDF, 0xCE, 0x59, 0x63, 0x2C, 0x10, 0xA2, 0x44, 0x00, 0x85, 0x29, 0x65, 0xB5, 0xB6,
    0xFF, 0xDF, 0x02, 0xFF, 0x95, 0xF7, 0x9E, 0x7B, 0xCF, 0x00, 0x20, 0x73, 0x8E, 0xFF, 0xDF, 0xE7,
    0x1C, 0x84, 0x10, 0xEF, 0x5D, 0xF7, 0x9E, 0x84, 0x10, 0xC6, 0x18, 0x04, 0xFF, 0x85, 0xEF, 0x5D,
    0x6B, 0x6D, 0x00, 0x20, 0x4A, 0x00, 0x87, 0x84, 0x10, 0xFF, 0xDF, 0xCE, 0x79, 0x29, 0x65, 0x36,
    0x00, 0x85, 0x08, 0x61, 0x84, 0x30, 0xE7, 0x3C, 0x02, 0xFF, 0x87, 0xE7, 0x1C, 0x9C, 0xF3, 0x52,
    0x8A, 0x18, 0xE3, 0x3E, 0x00, 0x85, 0x10, 0x82, 0xAD, 0x55, 0xFF, 0xDF, 0x04, 0xFF, 0x87, 0xEF,
    0x7D, 0x63, 0x2C, 0x10, 0xA2, 0xAD, 0x75, 0x02, 0xFF, 0x83, 0xD6, 0xBA, 0xDE, 0xFB, 0x02, 0xFF,
    0x85, 0xCE, 0x79, 0x5A, 0xEB, 0xE7, 0x3C, 0x03, 0xFF, 0x88, 0xDF, 0x9C, 0xF3, 0x63, 0x2C, 0x73,
    0xAE, 0x31, 0x86, 0x08, 0x00, 0x85, 0x29, 0x65, 0x42, 0x08, 0x18, 0xC3, 0x3A, 0x00, 0x87, 0x8C,
    0x51, 0xFF, 0xDF, 0xCE, 0x59, 0x29, 0x45, 0x38, 0x00, 0x90, 0x08, 0x41, 0x63, 0x0C, 0xCE, 0x79,
    0xFF, 0xDF, 0xFF, 0xDF, 0xE7, 0x3C, 0xBD, 0xD7, 0x73, 0xAE, 0x42, 0x02, 0x08, 0x80, 0x61, 0x36,
    0x00, 0x93, 0x21, 0x04, 0xA5, 0x14, 0xFF, 0xDF, 0xF7, 0xBE, 0xBD, 0xD7, 0xEF, 0x7D, 0xEF, 0x7D,
    0x5A, 0xCB, 0x31, 0xA6, 0xD6, 0xBA, 0x06, 0xFF, 0x87, 0xE7, 0x1C, 0x6B, 0x4D, 0x7B, 0xCF, 0xF7,
    0xBE, 0x02, 0xFF, 0x8B, 0xCE, 0x59, 0xB5, 0xB6, 0xF7, 0xBE, 0xFF, 0xDF, 0xBD, 0xD7, 0x08, 0x61,
    0x02, 0x00, 0x93, 0x29, 0x45, 0xA5, 0x14, 0xDE, 0xFB, 0xEF, 0x5D, 0xCE, 0x59, 0x63, 0x2C, 0x00,
    0x20, 0x31, 0xA6, 0x73, 0xAE, 0x31, 0x86, 0x02, 0x00, 0x83, 0x08, 0x41, 0x00, 0x20, 0x2A, 0x00,
    0x87, 0xAD, 0x75, 0xFF, 0xDF, 0xB5, 0x96, 0x18, 0xC3, 0x3C, 0x00, 0x87, 0x29, 0x65, 0x8C, 0x71,
    0xD6, 0x9A, 0xF7, 0x9E, 0x04, 0xFF, 0x91, 0xEF, 0x5D, 0xCE, 0x79, 0xA5, 0x14, 0x7B, 0xEF, 0x5A,
    0xEB, 0x42, 0x08, 0x29, 0x65, 0x10, 0xA2, 0x00, 0x20, 0x26, 0x00, 0x95, 0x21, 0x04, 0x9C, 0xF3,
    0xF7, 0xBE, 0xF7, 0xBE, 0x9C, 0xD3, 0x6B, 0x6D, 0xEF, 0x5D, 0xE7, 0x1C, 0x52, 0x8A, 0x73, 0xAE,
    0xEF, 0x7D, 0x04, 0xFF, 0x87, 0xDE, 0xFB, 0x73, 0x8E, 0x18, 0xE3, 0xAD, 0x55, 0x02, 0xFF, 0x85,
    0xF7, 0x9E, 0xD6, 0x9A, 0xFF, 0xDF, 0x04, 0xFF, 0x8D, 0xE7, 0x3C, 0x21, 0x24, 0x21, 0x24, 0xBD,
    0xD7, 0xFF, 0xDF, 0xFF, 0xDF, 0xF7, 0x9E, 0x02, 0xFF, 0x91, 0xCE, 0x79, 0x31, 0xA6, 0xB5, 0xB6,
    0xFF, 0xDF, 0xAD, 0x55, 0x84, 0x30, 0xB5, 0x96, 0xA5, 0x14, 0x42, 0x28, 0x06, 0x00, 0x87, 0x10,
    0xA2, 0x42, 0x08, 0x42, 0x08, 0x18, 0xC3, 0x18, 0x00, 0x89, 0x21, 0x04, 0xD6, 0xBA, 0xFF, 0xDF,
    0x94, 0x92, 0x00, 0x20, 0x3E, 0x00, 0x8B, 0x08, 0x61, 0x31, 0xA6, 0x6B, 0x6D, 0xA5, 0x34, 0xDE,
    0xFB, 0xEF, 0x7D, 0x03, 0xFF, 0x98, 0xDF, 0xFF, 0xDF, 0xEF, 0x7D, 0xE7, 0x1C, 0xDE, 0xDB, 0xC6,
    0x18, 0xB5, 0x96, 0xAD, 0x55, 0x94, 0x92, 0x73, 0xAE, 0x5A, 0xEB, 0x52, 0x8A, 0x4A, 0x69, 0x18,
    0x00, 0x95, 0x21, 0x04, 0x94, 0xB2, 0xF7, 0x9E, 0xFF, 0xDF, 0xA5, 0x34, 0x21, 0x24, 0x6B, 0x6D,
    0xEF, 0x7D, 0xEF, 0x7D, 0xC6, 0x38, 0xEF, 0x7D, 0x02, 0xFF, 0x8B, 0xF7, 0xBE, 0xBD, 0xF7, 0x63,
    0x0C, 0x08, 0x61, 0x52, 0xAA, 0xE7, 0x1C, 0x02, 0xFF, 0x87, 0xE7, 0x3C, 0xF7, 0xBE, 0xF7, 0xBE,
    0xD6, 0x9A, 0x02, 0xFF, 0x8D, 0xE7, 0x3C, 0x21, 0x24, 0x84, 0x10, 0xF7, 0xBE, 0xF7, 0xBE, 0x9C,
    0xF3, 0xC6, 0x18, 0x02, 0xFF, 0x85, 0xD6, 0x9A, 0x6B, 0x4D, 0xEF, 0x5D, 0x02, 0xFF, 0x83, 0xF7,
    0x9E, 0xF7, 0xBE, 0x03, 0xFF, 0x92, 0xDF, 0xB5, 0x96, 0x18, 0xE3, 0x18, 0xC3, 0x6B, 0x4D, 0xBD,
    0xD7, 0xE7, 0x3C, 0xE7, 0x3C, 0xB5, 0x96, 0x4A, 0x69, 0x16, 0x00, 0x87, 0x73, 0x8E, 0xF7, 0x9E,
    0xEF, 0x5D, 0x5A, 0xEB, 0x46, 0x00, 0x93, 0x18, 0xC3, 0x39, 0xE7, 0x6B, 0x6D, 0x94, 0x92, 0xB5,
    0x96, 0xCE, 0x79, 0xDE, 0xFB, 0xEF, 0x7D, 0xF7, 0x9E, 0xF7, 0xBE, 0x05, 0xFF, 0x88, 0xDF, 0xF7,
    0xBE, 0xF7, 0xBE, 0xF7, 0x9E, 0xF7, 0x9E, 0x16, 0x00, 0x91, 0x21, 0x04, 0x9C, 0xD3, 0xEF, 0x7D,
    0xF7, 0xBE, 0xAD, 0x55, 0x29, 0x45, 0x31, 0xA6, 0xA5, 0x14, 0xF7, 0xBE, 0x08, 0xFF, 0x83, 0xB5,
    0x96, 0x31, 0xA6, 0x02, 0x00, 0x83, 0x21, 0x04, 0xB5, 0xB6, 0x05, 0xFF, 0x80, 0xDF, 0x02, 0xFF,
    0x8B, 0xBD, 0xD7, 0xA5, 0x14, 0xFF, 0xDF, 0xDE, 0xFB, 0x21, 0x24, 0xC6, 0x18, 0x02, 0xFF, 0x8D,
    0xC6, 0x18, 0x9C, 0xF3, 0xEF, 0x7D, 0xF7, 0xBE, 0x9C, 0xD3, 0x9C, 0xD3, 0xFF, 0xDF, 0x04, 0xFF,
    0x8D, 0xEF, 0x7D, 0xCE, 0x59, 0xF7, 0xBE, 0xE7, 0x3C, 0x5A, 0xCB, 0x94, 0xB2, 0xEF, 0x5D, 0x02,
    0xFF, 0x89, 0xF7, 0xBE, 0xFF, 0xDF, 0xFF, 0xDF, 0xC6, 0x38, 0x52, 0xAA, 0x12, 0x00, 0x83, 0x18,
    0xC3, 0xC6, 0x18, 0x02, 0xFF, 0x83, 0xBD, 0xD7, 0x21, 0x24, 0x4D, 0x00, 0x9A, 0x20, 0x21, 0x04,
    0x31, 0xA6, 0x4A, 0x69, 0x6B, 0x4D, 0x73, 0xAE, 0x8C, 0x71, 0xAD, 0x55, 0xB5, 0xB6, 0xC6, 0x18,
    0xCE, 0x79, 0xE7, 0x1C, 0xEF, 0x5D, 0xEF, 0x7D, 0x14, 0x00, 0x91, 0x21, 0x04, 0x9C, 0xD3, 0xEF,
    0x7D, 0xF7, 0xBE, 0xB5, 0x96, 0x31, 0x86, 0x6B, 0x6D, 0xCE, 0x79, 0xF7, 0xBE, 0x02, 0xFF, 0x85,
    0xF7, 0xBE, 0xD6, 0x9A, 0xF7, 0x9E, 0x02, 0xFF, 0x81, 0x73, 0x8E, 0x04, 0x00, 0x83, 0x73, 0xAE,
    0xEF, 0x7D, 0x06, 0xFF, 0x85, 0xDE, 0xDB, 0x4A, 0x69, 0xB5, 0xB6, 0x02, 0xFF, 0x85, 0xBD, 0xD7,
    0x42, 0x08, 0xDE, 0xFB, 0x02, 0xFF, 0x8B, 0xCE, 0x79, 0xF7, 0x9E, 0xFF, 0xDF, 0xBD, 0xF7, 0x4A,
    0x49, 0xC6, 0x38, 0x04, 0xFF, 0x8D, 0xF7, 0xBE, 0x9C, 0xF3, 0x6B, 0x4D, 0xEF, 0x7D, 0xF7, 0xBE,
    0xB5, 0x96, 0xF7, 0x9E, 0x02, 0xFF, 0x8B, 0xE7, 0x3C, 0x94, 0xB2, 0xAD, 0x75, 0xF7, 0xBE, 0xFF,
    0xDF, 0xCE, 0x59, 0x10, 0x00, 0x8B, 0x08, 0x41, 0x7B, 0xEF, 0xF7, 0x9E, 0xEF, 0x7D, 0x6B, 0x6D,
    0x00, 0x20, 0x59, 0x00, 0x8E, 0x20, 0x08, 0x41, 0x10, 0xA2, 0x21, 0x24, 0x31, 0xA6, 0x4A, 0x69,
    0x52, 0xAA, 0x5A, 0xEB, 0x12, 0x00, 0x8F, 0x21, 0x24, 0xA5, 0x14, 0xF7, 0x9E, 0xF7, 0xBE, 0xB5,
    0x96, 0x42, 0x08, 0x9C, 0xD3, 0xEF, 0x7D, 0x03, 0xFF, 0x80, 0xDF, 0x02, 0xFF, 0x89, 0xDE, 0xDB,
    0x73, 0x8E, 0xEF, 0x5D, 0xF7, 0x9E, 0x52, 0x8A, 0x02, 0x00, 0x83, 0x29, 0x65, 0xC6, 0x18, 0x07,
    0xFF, 0x86, 0xDF, 0x84, 0x30, 0x10, 0x82, 0xCE, 0x59, 0x02, 0xFF, 0x85, 0xA5, 0x14, 0x52, 0x8A,
    0xEF, 0x5D, 0x03, 0xFF, 0x8A, 0xDF, 0xFF, 0xDF, 0xBD, 0xF7, 0x42, 0x28, 0x84, 0x10, 0xEF, 0x7D,
    0x04, 0xFF, 0x87, 0xBD, 0xF7, 0x29, 0x65, 0x8C, 0x51, 0xF7, 0xBE, 0x02, 0xFF, 0x81, 0xF7, 0xBE,
    0x03, 0xFF, 0x88, 0xDF, 0x8C, 0x71, 0x08, 0x61, 0x52, 0xAA, 0xEF, 0x5D, 0x02, 0xFF, 0x81, 0xD6,
    0x9A, 0x0E, 0x00, 0x85, 0x08, 0x41, 0x63, 0x0C, 0xDE, 0xFB, 0x02, 0xFF, 0x83, 0xB5, 0x96, 0x21,
    0x24, 0x7A, 0x00, 0xA7, 0x21, 0x04, 0xAD, 0x55, 0xFF, 0xDF, 0xFF, 0xDF, 0xAD, 0x75, 0x29, 0x65,
    0x8C, 0x51, 0xF7, 0xBE, 0xFF, 0xDF, 0xCE, 0x59, 0xAD, 0x75, 0xF7, 0xBE, 0xD6, 0xBA, 0x8C, 0x51,
    0xFF, 0xDF, 0xDE, 0xFB, 0x21, 0x24, 0x08, 0x41, 0x8C, 0x51, 0xF7, 0xBE, 0x06, 0xFF, 0x8F, 0xDE,
    0xDB, 0x21, 0x24, 0x21, 0x04, 0xDE, 0xDB, 0xFF, 0xDF, 0x8C, 0x51, 0x52, 0x8A, 0xE7, 0x3C, 0x03,
    0xFF, 0x88, 0xDF, 0xB5, 0x96, 0x39, 0xC7, 0x73, 0xAE, 0xE7, 0x3C, 0x04, 0xFF, 0x87, 0xEF, 0x5D,
    0x4A, 0x69, 0x08, 0x41, 0xB5, 0xB6, 0x08, 0xFF, 0x8D, 0xEF, 0x7D, 0x4A, 0x69, 0x00, 0x20, 0x94,
    0x92, 0xFF, 0xDF, 0xF7, 0xBE, 0x8C, 0x71, 0x0C, 0x00, 0x85, 0x10, 0x82, 0x6B, 0x4D, 0xDE, 0xDB,
    0x02, 0xFF, 0x83, 0xD6, 0x9A, 0x42, 0x28, 0x7A, 0x00, 0x83, 0x18, 0xC3, 0xB5, 0x96, 0x03, 0xFF,
    0x88, 0xDF, 0xAD, 0x55, 0x29, 0x45, 0x18, 0xE3, 0xBD, 0xF7, 0x02, 0xFF, 0x8B, 0xC6, 0x38, 0x29,
    0x65, 0x73, 0xAE, 0xEF, 0x7D, 0xDE, 0xDB, 0x9C, 0xD3, 0x02, 0xFF, 0x87, 0xD6, 0x9A, 0x10, 0x82,
    0x4A, 0x69, 0xE7, 0x1C, 0x07, 0xFF, 0x82, 0xDF, 0xA5, 0x34, 0x02, 0x00, 0x89, 0x39, 0xC7, 0xEF,
    0x7D, 0xF7, 0x9E, 0x7B, 0xEF, 0xC6, 0x18, 0x04, 0xFF, 0x87, 0xDE, 0xDB, 0x4A, 0x69, 0x94, 0x92,
    0xE7, 0x3C, 0x06, 0xFF, 0x87, 0xA5, 0x34, 0x08, 0x41, 0x31, 0x86, 0xD6, 0x9A, 0x04, 0xFF, 0x8B,
    0xF7, 0x9E, 0xFF, 0xDF, 0xEF, 0x7D, 0x5A, 0xCB, 0x5A, 0xEB, 0xD6, 0xBA, 0x02, 0xFF, 0x83, 0xD6,
    0x9A, 0x29, 0x65, 0x0A, 0x00, 0x85, 0x31, 0x86, 0x94, 0x92, 0xEF, 0x5D, 0x02, 0xFF, 0x83, 0xDE,
    0xDB, 0x4A, 0x69, 0x6E, 0x00, 0x89, 0x18, 0xE3, 0x94, 0xB2, 0xBD, 0xD7, 0x9C, 0xF3, 0x31, 0x86,
    0x02, 0x00, 0x83, 0x31, 0x86, 0xBD, 0xF7, 0x03, 0xFF, 0x84, 0xDF, 0x9C, 0xF3, 0x18, 0xC3, 0x02,
    0x00, 0x91, 0x08, 0x61, 0x9C, 0xF3, 0xFF, 0xDF, 0xEF, 0x7D, 0x73, 0x8E, 0x73, 0x8E, 0xEF, 0x7D,
    0xDE, 0xFB, 0x9C, 0xF3, 0x02, 0xFF, 0x8B, 0xD6, 0x9A, 0x29, 0x45, 0xBD, 0xF7, 0xFF, 0xDF, 0xEF,
    0x5D, 0xF7, 0x9E, 0x02, 0xFF, 0x83, 0xEF, 0x7D, 0x63, 0x2C, 0x02, 0x00, 0x87, 0x42, 0x28, 0xF7,
    0x9E, 0xFF, 0xDF, 0xE7, 0x3C, 0x03, 0xFF, 0x8C, 0xDF, 0xFF, 0xDF, 0xFF, 0xDF, 0xF7, 0x9E, 0xFF,
    0xDF, 0xFF, 0xDF, 0xF7, 0xBE, 0x02, 0xFF, 0x83, 0xEF, 0x5D, 0x4A, 0x49, 0x02, 0x00, 0x83, 0x42,
    0x08, 0xE7, 0x1C, 0x02, 0xFF, 0x85, 0xEF, 0x7D, 0x94, 0x92, 0xD6, 0x9A, 0x02, 0xFF, 0x83, 0xF7,
    0x9E, 0xF7, 0xBE, 0x04, 0xFF, 0x97, 0xE7, 0x1C, 0x8C, 0x71, 0x42, 0x28, 0x39, 0xC7, 0x4A, 0x49,
    0x73, 0xAE, 0xB5, 0xB6, 0xE7, 0x1C, 0xFF, 0xDF, 0xFF, 0xDF, 0xCE, 0x59, 0x42, 0x28, 0x70, 0x00,
    0x83, 0x8C, 0x71, 0xFF, 0xDF, 0x02, 0xFF, 0x87, 0xF7, 0x9E, 0x7B, 0xEF, 0x6B, 0x6D, 0xD6, 0x9A,
    0x02, 0xFF, 0x85, 0xEF, 0x7D, 0x94, 0x92, 0x21, 0x04, 0x06, 0x00, 0x83, 0x39, 0xE7, 0xCE, 0x59,
    0x02, 0xFF, 0x82, 0xEF, 0x7D, 0xBD, 0x02, 0xF7, 0x92, 0x9E, 0xE7, 0x1C, 0x8C, 0x71, 0xF7, 0xBE,
    0xEF, 0x5D, 0xB5, 0xB6, 0xFF, 0xDF, 0xEF, 0x7D, 0x9C, 0xF3, 0xE7, 0x3C, 0x02, 0xFF, 0x83, 0xD6,
    0x9A, 0x10, 0x82, 0x02, 0x00, 0x83, 0x39, 0xE7, 0xEF, 0x7D, 0x04, 0xFF, 0x95, 0xF7, 0x9E, 0x94,
    0x92, 0xA5, 0x14, 0xE7, 0x1C, 0xF7, 0x9E, 0xDE, 0xDB, 0xA5, 0x14, 0x73, 0xAE, 0xBD, 0xF7, 0x8C,
    0x51, 0x08, 0x41, 0x02, 0x00, 0x95, 0x21, 0x24, 0xB5, 0x96, 0xDE, 0xFB, 0x94, 0x92, 0x18, 0xE3,
    0x7B, 0xCF, 0xDE, 0xDB, 0xF7, 0x9E, 0xEF, 0x5D, 0xCE, 0x59, 0xE7, 0x1C, 0x03, 0xFF, 0x88, 0xDF,
    0xFF, 0xDF, 0xFF, 0xDF, 0xFF, 0xDF, 0xFF, 0xDF, 0x03, 0xFF, 0x86, 0xDF, 0xDE, 0xFB, 0x9C, 0xF3,
    0x31, 0x86, 0x72, 0x00, 0x83, 0x94, 0x92, 0xFF, 0xDF, 0x04, 0xFF, 0x83, 0xE7, 0x3C, 0xF7, 0x9E,
    0x02, 0xFF, 0x85, 0xE7, 0x3C, 0x7B, 0xEF, 0x10, 0xA2, 0x0A, 0x00, 0x85, 0x42, 0x28, 0xCE, 0x59,
    0xFF, 0xDF, 0x04, 0xFF, 0x85, 0xE7, 0x3C, 0x63, 0x0C, 0xD6, 0x9A, 0x03, 0xFF, 0x8C, 0xDF, 0xF7,
    0xBE, 0xA5, 0x14, 0x4A, 0x49, 0xDE, 0xFB, 0xF7, 0xBE, 0x94, 0x92, 0x04, 0x00, 0x82, 0x10, 0xA2,
    0xBD, 0x02, 0xF7, 0x96, 0xBE, 0xE7, 0x1C, 0x8C, 0x51, 0x10, 0xA2, 0x10, 0xA2, 0x4A, 0x69, 0x5A,
    0xEB, 0x42, 0x08, 0x10, 0xA2, 0x08, 0x41, 0x21, 0x24, 0x10, 0x82, 0x06, 0x00, 0x85, 0x31, 0x86,
    0x4A, 0x49, 0x18, 0xC3, 0x02, 0x00, 0x9F, 0x08, 0x41, 0x42, 0x08, 0x63, 0x0C, 0x52, 0xAA, 0x31,
    0x86, 0x5A, 0xCB, 0xB5, 0xB6, 0xD6, 0xBA, 0xF7, 0x9E, 0xF7, 0xBE, 0xEF, 0x7D, 0xD6, 0xBA, 0xC6,
    0x38, 0x94, 0x92, 0x4A, 0x69, 0x10, 0x82, 0x74, 0x00, 0x8F, 0x39, 0xE7, 0xC6, 0x38, 0xF7, 0x9E,
    0xFF, 0xDF, 0xFF, 0xDF, 0xEF, 0x7D, 0xC6, 0x38, 0x6B, 0x6D, 0x10, 0x00, 0x9D, 0x39, 0xE7, 0xAD,
    0x75, 0xE7, 0x1C, 0xEF, 0x7D, 0xB5, 0xB6, 0x29, 0x65, 0x73, 0xAE, 0xDE, 0xDB, 0xDE, 0xFB, 0x9C,
    0xF3, 0x29, 0x65, 0x10, 0xA2, 0x8C, 0x71, 0xAD, 0x55, 0x39, 0xE7, 0x06, 0x00, 0x87, 0x42, 0x08,
    0x73, 0x8E, 0x52, 0x8A, 0x00, 0x20, 0x2C, 0x00, 0x8D, 0x08, 0x61, 0x42, 0x08, 0x63, 0x2C, 0x6B,
    0x4D, 0x63, 0x2C, 0x39, 0xE7, 0x10, 0xA2, 0x7C, 0x00, 0x8B, 0x31, 0xA6, 0x7B, 0xCF, 0x8C, 0x71,
    0x8C, 0x71, 0x6B, 0x4D, 0x29, 0x65, 0x14, 0x00, 0x87, 0x10, 0xA2, 0x52, 0xAA, 0x6B, 0x6D, 0x39,
    0xC7, 0x02, 0x00, 0x87, 0x08, 0x41, 0x39, 0xE7, 0x42, 0x28, 0x10, 0x82, 0x07, 0x00, 0x80, 0x20,
    0x7F, 0x00, 0x7F, 0x00, 0x7F, 0x00, 0x7F, 0x00, 0x7F, 0x00, 0x7F, 0x00, 0x7F, 0x00, 0x7F, 0x00,
    0x7F, 0x00, 0x7F, 0x00, 0x7F, 0x00, 0x7F, 0x00, 0x7F, 0x00, 0x7F, 0x00, 0x7F, 0x00, 0x7F, 0x00,
    0x7F, 0x00, 0x7F, 0x00, 0x7F, 0x00, 0x7F, 0x00, 0x7F, 0x00, 0x7F, 0x00, 0x7F, 0x00, 0x5B, 0x00,
};
// clang-format on
